,Category,Target,EMD,WM,Method_Histogram,Reference_Histogram
0,P2Rank-Vina,2BM2_PM2,0.30000000000000004,0.88,"{'UNL:ARG:Hydrophobic': 1, 'UNL:ARG:VdWContact': 1, 'UNL:GLN:Hydrophobic': 1, 'UNL:HIS:VdWContact': 1, 'UNL:PHE:Hydrophobic': 1, 'UNL:PHE:VdWContact': 1, 'UNL:TYR:HBAcceptor': 1, 'UNL:TYR:VdWContact': 3}","{'UNL:ASP:VdWContact': 1, 'UNL:GLN:Hydrophobic': 2, 'UNL:GLN:VdWContact': 1, 'UNL:GLU:Hydrophobic': 1, 'UNL:GLU:VdWContact': 1, 'UNL:GLY:HBAcceptor': 1, 'UNL:GLY:VdWContact': 1, 'UNL:PRO:Hydrophobic': 1, 'UNL:SER:VdWContact': 1, 'UNL:THR:Hydrophobic': 1, 'UNL:TRP:Hydrophobic': 1, 'UNL:TYR:Hydrophobic': 1, 'UNL:VAL:Hydrophobic': 1}"
1,P2Rank-Vina,1XOQ_ROF,,0.0,,
2,P2Rank-Vina,1M2Z_DEX,,0.0,,
3,P2Rank-Vina,1P62_GEO,0.6428571428571429,0.7428571428571429,"{'UNL:ARG:VdWContact': 1, 'UNL:ASN:VdWContact': 1, 'UNL:GLU:VdWContact': 2, 'UNL:VAL:VdWContact': 1}","{'UNL:ARG:HBAcceptor': 1, 'UNL:ARG:VdWContact': 1, 'UNL:ASP:HBDonor': 1, 'UNL:ASP:VdWContact': 1, 'UNL:GLN:HBAcceptor': 1, 'UNL:GLN:HBDonor': 1, 'UNL:GLN:VdWContact': 1, 'UNL:GLU:VdWContact': 2, 'UNL:MET:VdWContact': 1, 'UNL:PHE:Hydrophobic': 2, 'UNL:TRP:Hydrophobic': 1, 'UNL:TYR:VdWContact': 1}"
4,P2Rank-Vina,1KE5_LS1,1.0,0.6,"{'UNL:ILE:Hydrophobic': 1, 'UNL:ILE:VdWContact': 1, 'UNL:LEU:Hydrophobic': 1, 'UNL:LEU:VdWContact': 1, 'UNL:LYS:VdWContact': 1, 'UNL:PHE:VdWContact': 1}","{'UNL:ALA:Hydrophobic': 2, 'UNL:ASP:HBAcceptor': 1, 'UNL:ASP:Hydrophobic': 1, 'UNL:ASP:VdWContact': 2, 'UNL:GLU:HBDonor': 1, 'UNL:GLU:VdWContact': 1, 'UNL:HIS:VdWContact': 1, 'UNL:ILE:Hydrophobic': 1, 'UNL:ILE:VdWContact': 1, 'UNL:LEU:HBAcceptor': 1, 'UNL:LEU:HBDonor': 1, 'UNL:LEU:Hydrophobic': 1, 'UNL:LEU:VdWContact': 2, 'UNL:LYS:VdWContact': 1, 'UNL:PHE:Hydrophobic': 2, 'UNL:PHE:VdWContact': 2, 'UNL:VAL:Hydrophobic': 2}"
5,P2Rank-Vina,1TT1_KAI,0.5714285714285715,0.7714285714285714,"{'UNL:ASP:VdWContact': 1, 'UNL:HIS:Hydrophobic': 1, 'UNL:HIS:VdWContact': 1, 'UNL:LYS:Hydrophobic': 1, 'UNL:LYS:VdWContact': 1, 'UNL:MET:VdWContact': 1}","{'UNL:ALA:HBAcceptor': 2, 'UNL:ALA:VdWContact': 2, 'UNL:ARG:HBAcceptor': 1, 'UNL:ARG:HBDonor': 1, 'UNL:ARG:VdWContact': 1, 'UNL:GLU:Hydrophobic': 2, 'UNL:GLU:VdWContact': 1, 'UNL:PRO:HBDonor': 1, 'UNL:PRO:VdWContact': 1, 'UNL:THR:HBAcceptor': 1, 'UNL:THR:VdWContact': 1, 'UNL:TYR:Hydrophobic': 1, 'UNL:TYR:VdWContact': 1, 'UNL:VAL:Hydrophobic': 1, 'UNL:VAL:VdWContact': 1}"
6,P2Rank-Vina,1VCJ_IBA,1.0666666666666667,0.5733333333333334,"{'UNL:ARG:HBAcceptor': 2, 'UNL:ARG:VdWContact': 3, 'UNL:ASP:VdWContact': 1, 'UNL:GLU:Hydrophobic': 1, 'UNL:GLU:VdWContact': 1, 'UNL:TYR:VdWContact': 1}","{'UNL:ALA:Hydrophobic': 1, 'UNL:ALA:VdWContact': 1, 'UNL:ARG:HBAcceptor': 3, 'UNL:ARG:Hydrophobic': 2, 'UNL:ARG:VdWContact': 5, 'UNL:ASN:Hydrophobic': 1, 'UNL:ASP:Hydrophobic': 1, 'UNL:ASP:VdWContact': 1, 'UNL:GLU:Hydrophobic': 1, 'UNL:GLU:VdWContact': 4, 'UNL:ILE:Hydrophobic': 1, 'UNL:SER:VdWContact': 1, 'UNL:TRP:Hydrophobic': 1, 'UNL:TRP:VdWContact': 1, 'UNL:TYR:VdWContact': 1}"
7,P2Rank-Vina,1HWI_115,0.6666666666666667,0.7333333333333333,"{'UNL:ALA:HBAcceptor': 1, 'UNL:ALA:VdWContact': 2, 'UNL:ARG:HBDonor': 1, 'UNL:ARG:VdWContact': 1, 'UNL:ASP:VdWContact': 1, 'UNL:GLY:VdWContact': 1, 'UNL:PHE:VdWContact': 1, 'UNL:SER:VdWContact': 1, 'UNL:VAL:Hydrophobic': 1, 'UNL:VAL:VdWContact': 1}","{'UNL:ALA:Hydrophobic': 1, 'UNL:ALA:VdWContact': 1, 'UNL:ARG:HBAcceptor': 1, 'UNL:ARG:VdWContact': 1, 'UNL:ASN:HBAcceptor': 1, 'UNL:ASN:VdWContact': 1, 'UNL:ASP:Hydrophobic': 1, 'UNL:ASP:VdWContact': 1, 'UNL:CYS:Hydrophobic': 1, 'UNL:CYS:VdWContact': 1, 'UNL:GLU:VdWContact': 1, 'UNL:GLY:VdWContact': 1, 'UNL:HIS:Hydrophobic': 1, 'UNL:HIS:VdWContact': 1, 'UNL:LEU:Hydrophobic': 4, 'UNL:LEU:VdWContact': 2, 'UNL:LYS:Hydrophobic': 1, 'UNL:LYS:VdWContact': 3, 'UNL:SER:VdWContact': 1, 'UNL:VAL:Hydrophobic': 1, 'UNL:VAL:VdWContact': 1}"
8,P2Rank-Vina,1UML_FR4,0.23529411764705888,0.9058823529411765,"{'UNL:ASP:Hydrophobic': 1, 'UNL:ASP:VdWContact': 3, 'UNL:GLY:VdWContact': 1, 'UNL:HIS:HBAcceptor': 1, 'UNL:HIS:VdWContact': 1, 'UNL:LEU:Hydrophobic': 1, 'UNL:LEU:VdWContact': 1, 'UNL:MET:Hydrophobic': 1, 'UNL:MET:VdWContact': 1, 'UNL:PHE:Hydrophobic': 1, 'UNL:PHE:VdWContact': 1, 'UNL:TRP:HBAcceptor': 1, 'UNL:TRP:VdWContact': 2}","{'UNL:ASP:HBDonor': 2, 'UNL:ASP:Hydrophobic': 1, 'UNL:ASP:VdWContact': 3, 'UNL:GLY:VdWContact': 1, 'UNL:HIS:Hydrophobic': 1, 'UNL:HIS:VdWContact': 1, 'UNL:LEU:Hydrophobic': 3, 'UNL:LEU:VdWContact': 1, 'UNL:MET:Hydrophobic': 1, 'UNL:PHE:Hydrophobic': 2, 'UNL:THR:Hydrophobic': 1, 'UNL:VAL:Hydrophobic': 1}"
9,P2Rank-Vina,1JLA_TNK,0.5,0.8,"{'UNL:ASN:VdWContact': 1, 'UNL:GLU:Hydrophobic': 1, 'UNL:GLU:VdWContact': 1, 'UNL:LYS:Hydrophobic': 2, 'UNL:LYS:VdWContact': 2, 'UNL:MET:VdWContact': 1, 'UNL:TYR:VdWContact': 1}","{'UNL:CYS:Hydrophobic': 1, 'UNL:CYS:VdWContact': 1, 'UNL:GLY:VdWContact': 1, 'UNL:LEU:Hydrophobic': 2, 'UNL:LYS:HBDonor': 1, 'UNL:LYS:Hydrophobic': 1, 'UNL:LYS:VdWContact': 2, 'UNL:PHE:Hydrophobic': 1, 'UNL:PHE:VdWContact': 1, 'UNL:PRO:Hydrophobic': 2, 'UNL:PRO:VdWContact': 1, 'UNL:TRP:Hydrophobic': 1, 'UNL:TRP:VdWContact': 1, 'UNL:TYR:Hydrophobic': 1, 'UNL:TYR:VdWContact': 1, 'UNL:VAL:Hydrophobic': 1}"
10,P2Rank-Vina,1N46_PFA,1.08,0.568,"{'UNL:ALA:VdWContact': 1, 'UNL:ARG:VdWContact': 1, 'UNL:ASP:VdWContact': 1, 'UNL:LYS:VdWContact': 1, 'UNL:MET:VdWContact': 1, 'UNL:PHE:VdWContact': 1, 'UNL:PRO:VdWContact': 1, 'UNL:VAL:VdWContact': 1}","{'UNL:ALA:Hydrophobic': 2, 'UNL:ALA:VdWContact': 2, 'UNL:ARG:HBAcceptor': 2, 'UNL:ARG:HBDonor': 1, 'UNL:ARG:Hydrophobic': 1, 'UNL:ARG:VdWContact': 2, 'UNL:ASN:HBAcceptor': 1, 'UNL:ASN:VdWContact': 1, 'UNL:GLY:VdWContact': 1, 'UNL:HIS:HBAcceptor': 1, 'UNL:HIS:HBDonor': 1, 'UNL:HIS:VdWContact': 1, 'UNL:ILE:Hydrophobic': 3, 'UNL:ILE:VdWContact': 1, 'UNL:LEU:Hydrophobic': 3, 'UNL:LEU:VdWContact': 2, 'UNL:MET:Hydrophobic': 3, 'UNL:MET:VdWContact': 2, 'UNL:PHE:Hydrophobic': 3, 'UNL:PHE:VdWContact': 1, 'UNL:THR:Hydrophobic': 1}"
11,P2Rank-Vina,1LRH_NLA,,0.0,,
12,P2Rank-Vina,1KZK_JE2,,0.0,,
13,P2Rank-Vina,1N2J_PAF,,0.0,,
14,P2Rank-Vina,1MEH_MOA,0.625,0.75,"{'UNL:ARG:VdWContact': 1, 'UNL:ASN:VdWContact': 1, 'UNL:ASP:VdWContact': 1, 'UNL:CYS:HBAcceptor': 1, 'UNL:CYS:VdWContact': 1, 'UNL:GLY:HBAcceptor': 2, 'UNL:GLY:VdWContact': 7, 'UNL:ILE:VdWContact': 1, 'UNL:LYS:VdWContact': 1, 'UNL:MET:Hydrophobic': 1, 'UNL:SER:VdWContact': 2, 'UNL:TYR:VdWContact': 1}","{'UNL:ASP:VdWContact': 1, 'UNL:GLU:Hydrophobic': 1, 'UNL:GLU:VdWContact': 1, 'UNL:GLY:HBAcceptor': 1, 'UNL:GLY:VdWContact': 1, 'UNL:ILE:VdWContact': 1, 'UNL:SER:HBAcceptor': 1, 'UNL:SER:HBDonor': 1, 'UNL:SER:VdWContact': 2}"
15,P2Rank-Vina,2BSM_BSM,0.30434782608695654,0.8782608695652174,"{'UNL:ALA:VdWContact': 1, 'UNL:ASN:Hydrophobic': 2, 'UNL:ASN:VdWContact': 2, 'UNL:ASP:VdWContact': 1, 'UNL:GLY:VdWContact': 2, 'UNL:LYS:HBAcceptor': 1, 'UNL:LYS:VdWContact': 1, 'UNL:MET:Hydrophobic': 1, 'UNL:MET:VdWContact': 1, 'UNL:PHE:HBAcceptor': 1, 'UNL:PHE:Hydrophobic': 1, 'UNL:PHE:VdWContact': 1}","{'UNL:ALA:Hydrophobic': 1, 'UNL:ASN:Hydrophobic': 1, 'UNL:ASN:VdWContact': 1, 'UNL:ASP:HBDonor': 1, 'UNL:ASP:Hydrophobic': 1, 'UNL:ASP:VdWContact': 1, 'UNL:GLY:HBDonor': 1, 'UNL:GLY:VdWContact': 2, 'UNL:ILE:Hydrophobic': 1, 'UNL:LYS:VdWContact': 1, 'UNL:MET:Hydrophobic': 1, 'UNL:PHE:VdWContact': 1, 'UNL:SER:VdWContact': 1, 'UNL:THR:HBDonor': 1, 'UNL:THR:Hydrophobic': 2, 'UNL:THR:VdWContact': 1, 'UNL:VAL:Hydrophobic': 1, 'UNL:VAL:VdWContact': 1}"
16,P2Rank-Vina,1V48_HA1,0.6666666666666666,0.7333333333333334,"{'UNL:ALA:VdWContact': 1, 'UNL:MET:HBAcceptor': 1, 'UNL:MET:VdWContact': 1, 'UNL:PHE:VdWContact': 1, 'UNL:SER:VdWContact': 1, 'UNL:TYR:VdWContact': 1}","{'UNL:ALA:HBAcceptor': 1, 'UNL:ALA:Hydrophobic': 1, 'UNL:ALA:VdWContact': 1, 'UNL:ARG:HBAcceptor': 1, 'UNL:ARG:VdWContact': 1, 'UNL:ASN:HBAcceptor': 1, 'UNL:ASN:VdWContact': 2, 'UNL:GLU:HBDonor': 1, 'UNL:GLU:VdWContact': 1, 'UNL:HIS:VdWContact': 1, 'UNL:MET:Hydrophobic': 1, 'UNL:PHE:Hydrophobic': 1, 'UNL:PHE:VdWContact': 1, 'UNL:SER:HBAcceptor': 1, 'UNL:SER:HBDonor': 1, 'UNL:SER:VdWContact': 2, 'UNL:VAL:Hydrophobic': 1, 'UNL:VAL:VdWContact': 1}"
17,P2Rank-Vina,1L7F_BCZ,,0.0,,
18,P2Rank-Vina,1JD0_AZM,0.2941176470588236,0.8823529411764706,"{'UNL:ASN:HBDonor': 1, 'UNL:ASN:VdWContact': 1, 'UNL:ASP:VdWContact': 1, 'UNL:GLN:HBAcceptor': 1, 'UNL:GLN:VdWContact': 1, 'UNL:PHE:HBAcceptor': 1, 'UNL:PHE:VdWContact': 1}","{'UNL:GLN:Hydrophobic': 1, 'UNL:HIS:HBDonor': 2, 'UNL:HIS:VdWContact': 1, 'UNL:LEU:Hydrophobic': 1, 'UNL:LEU:VdWContact': 1, 'UNL:THR:HBAcceptor': 1, 'UNL:THR:HBDonor': 1, 'UNL:THR:VdWContact': 2, 'UNL:VAL:Hydrophobic': 1, 'UNL:VAL:VdWContact': 1}"
19,P2Rank-Vina,1S19_MC9,0.43478260869565205,0.8260869565217392,"{'UNL:ARG:HBAcceptor': 1, 'UNL:ARG:VdWContact': 1, 'UNL:CYS:VdWContact': 1, 'UNL:HIS:VdWContact': 2, 'UNL:ILE:VdWContact': 1, 'UNL:LEU:Hydrophobic': 2, 'UNL:LEU:VdWContact': 3, 'UNL:PHE:VdWContact': 1, 'UNL:SER:VdWContact': 3, 'UNL:TRP:Hydrophobic': 1, 'UNL:TYR:HBAcceptor': 1, 'UNL:TYR:VdWContact': 2, 'UNL:VAL:VdWContact': 2}","{'UNL:ALA:Hydrophobic': 1, 'UNL:ALA:VdWContact': 1, 'UNL:ARG:HBAcceptor': 1, 'UNL:ARG:VdWContact': 1, 'UNL:CYS:VdWContact': 1, 'UNL:HIS:HBAcceptor': 2, 'UNL:HIS:HBDonor': 1, 'UNL:HIS:VdWContact': 2, 'UNL:ILE:Hydrophobic': 2, 'UNL:LEU:Hydrophobic': 6, 'UNL:MET:Hydrophobic': 1, 'UNL:PHE:Hydrophobic': 1, 'UNL:SER:VdWContact': 3, 'UNL:TRP:Hydrophobic': 1, 'UNL:TRP:VdWContact': 1, 'UNL:TYR:Hydrophobic': 2, 'UNL:TYR:VdWContact': 1, 'UNL:VAL:Hydrophobic': 2, 'UNL:VAL:VdWContact': 1}"
20,P2Rank-Vina,1LPZ_CMB,0.2,0.92,"{'UNL:GLN:HBDonor': 1, 'UNL:GLN:Hydrophobic': 1, 'UNL:GLN:VdWContact': 1, 'UNL:GLU:VdWContact': 2, 'UNL:GLY:HBDonor': 1, 'UNL:GLY:VdWContact': 1, 'UNL:PHE:Hydrophobic': 1, 'UNL:PHE:VdWContact': 1, 'UNL:SER:VdWContact': 1, 'UNL:TRP:Hydrophobic': 1, 'UNL:TRP:VdWContact': 1, 'UNL:TYR:Hydrophobic': 1, 'UNL:TYR:VdWContact': 1}","{'UNL:ALA:Hydrophobic': 1, 'UNL:ARG:VdWContact': 1, 'UNL:ASP:HBDonor': 1, 'UNL:ASP:VdWContact': 1, 'UNL:CYS:VdWContact': 1, 'UNL:GLN:Hydrophobic': 1, 'UNL:GLN:VdWContact': 1, 'UNL:GLU:Hydrophobic': 1, 'UNL:GLY:HBDonor': 1, 'UNL:GLY:VdWContact': 3, 'UNL:PHE:Hydrophobic': 1, 'UNL:TRP:Hydrophobic': 1, 'UNL:TRP:VdWContact': 1, 'UNL:TYR:Hydrophobic': 1, 'UNL:TYR:VdWContact': 1, 'UNL:VAL:Hydrophobic': 1}"
21,P2Rank-Vina,1X8X_TYR,0.6153846153846154,0.7538461538461538,"{'UNL:ARG:HBAcceptor': 1, 'UNL:ASP:HBAcceptor': 1, 'UNL:ASP:HBDonor': 1, 'UNL:ASP:VdWContact': 3, 'UNL:GLN:Hydrophobic': 1, 'UNL:GLN:VdWContact': 1, 'UNL:GLY:VdWContact': 1, 'UNL:TYR:VdWContact': 1}","{'UNL:ASP:HBDonor': 2, 'UNL:ASP:Hydrophobic': 1, 'UNL:ASP:VdWContact': 3, 'UNL:GLN:HBDonor': 2, 'UNL:GLN:Hydrophobic': 1, 'UNL:GLN:VdWContact': 3, 'UNL:GLY:VdWContact': 1, 'UNL:LEU:Hydrophobic': 1, 'UNL:THR:Hydrophobic': 1, 'UNL:TYR:Hydrophobic': 1, 'UNL:TYR:VdWContact': 2}"
22,P2Rank-Vina,1T46_STI,0.6785714285714285,0.7285714285714286,"{'UNL:ARG:Hydrophobic': 1, 'UNL:ARG:VdWContact': 1, 'UNL:ASN:HBAcceptor': 1, 'UNL:ASN:VdWContact': 1, 'UNL:ASP:HBDonor': 1, 'UNL:ASP:Hydrophobic': 1, 'UNL:ASP:VdWContact': 2, 'UNL:PHE:Hydrophobic': 1, 'UNL:PHE:VdWContact': 1, 'UNL:TYR:VdWContact': 1}","{'UNL:ALA:Hydrophobic': 1, 'UNL:ARG:VdWContact': 1, 'UNL:ASP:HBAcceptor': 1, 'UNL:ASP:Hydrophobic': 1, 'UNL:ASP:VdWContact': 1, 'UNL:CYS:HBAcceptor': 1, 'UNL:CYS:Hydrophobic': 1, 'UNL:CYS:VdWContact': 2, 'UNL:GLU:Hydrophobic': 1, 'UNL:GLU:VdWContact': 1, 'UNL:HIS:VdWContact': 1, 'UNL:ILE:VdWContact': 1, 'UNL:LEU:Hydrophobic': 4, 'UNL:LEU:VdWContact': 1, 'UNL:LYS:Hydrophobic': 1, 'UNL:LYS:VdWContact': 1, 'UNL:PHE:Hydrophobic': 1, 'UNL:PHE:VdWContact': 1, 'UNL:THR:HBDonor': 1, 'UNL:THR:Hydrophobic': 1, 'UNL:THR:VdWContact': 1, 'UNL:TYR:Hydrophobic': 1, 'UNL:VAL:Hydrophobic': 4}"
23,P2Rank-Vina,1IG3_VIB,0.35294117647058826,0.8588235294117648,"{'UNL:GLN:VdWContact': 1, 'UNL:LYS:HBAcceptor': 1, 'UNL:LYS:VdWContact': 1, 'UNL:THR:HBAcceptor': 1, 'UNL:THR:VdWContact': 1, 'UNL:TRP:VdWContact': 1, 'UNL:VAL:HBDonor': 1, 'UNL:VAL:VdWContact': 1}","{'UNL:ASN:Hydrophobic': 1, 'UNL:ASP:HBDonor': 1, 'UNL:ASP:VdWContact': 1, 'UNL:GLN:HBDonor': 1, 'UNL:GLN:Hydrophobic': 1, 'UNL:GLN:VdWContact': 1, 'UNL:LEU:Hydrophobic': 2, 'UNL:SER:VdWContact': 2, 'UNL:THR:Hydrophobic': 1, 'UNL:THR:VdWContact': 2, 'UNL:TRP:Hydrophobic': 1}"
24,P2Rank-Vina,1SQ5_PAU,0.4,0.84,"{'UNL:ASN:HBAcceptor': 1, 'UNL:ASN:VdWContact': 1, 'UNL:HIS:VdWContact': 1, 'UNL:LYS:Hydrophobic': 1, 'UNL:LYS:VdWContact': 1, 'UNL:PHE:VdWContact': 1, 'UNL:TYR:VdWContact': 2}","{'UNL:ASN:HBAcceptor': 1, 'UNL:ASN:HBDonor': 1, 'UNL:ASN:VdWContact': 1, 'UNL:ASP:VdWContact': 1, 'UNL:GLY:VdWContact': 1, 'UNL:HIS:HBAcceptor': 1, 'UNL:HIS:VdWContact': 1, 'UNL:ILE:Hydrophobic': 1, 'UNL:LEU:Hydrophobic': 2, 'UNL:LEU:VdWContact': 1, 'UNL:LYS:VdWContact': 1, 'UNL:TYR:VdWContact': 1, 'UNL:VAL:Hydrophobic': 1}"
25,P2Rank-Vina,1Q4G_BFL,,0.0,,
26,P2Rank-Vina,1OYT_FSN,,0.0,,
27,P2Rank-Vina,1UNL_RRC,0.7,0.72,"{'UNL:ALA:VdWContact': 1, 'UNL:ASN:VdWContact': 1, 'UNL:ASP:VdWContact': 1, 'UNL:ILE:Hydrophobic': 1, 'UNL:ILE:VdWContact': 1, 'UNL:LEU:VdWContact': 1, 'UNL:LYS:Hydrophobic': 1, 'UNL:LYS:VdWContact': 1, 'UNL:PHE:Hydrophobic': 1, 'UNL:VAL:VdWContact': 1}","{'UNL:ALA:Hydrophobic': 2, 'UNL:ALA:VdWContact': 1, 'UNL:ASP:VdWContact': 1, 'UNL:CYS:HBAcceptor': 1, 'UNL:CYS:HBDonor': 1, 'UNL:CYS:VdWContact': 1, 'UNL:GLN:HBDonor': 1, 'UNL:GLN:VdWContact': 2, 'UNL:GLU:VdWContact': 2, 'UNL:ILE:Hydrophobic': 1, 'UNL:ILE:VdWContact': 1, 'UNL:LEU:Hydrophobic': 1, 'UNL:LYS:Hydrophobic': 2, 'UNL:PHE:Hydrophobic': 2, 'UNL:PHE:VdWContact': 1, 'UNL:VAL:Hydrophobic': 2, 'UNL:VAL:VdWContact': 2}"
28,P2Rank-Vina,1U1C_BAU,0.4444444444444445,0.8222222222222222,"{'UNL:ARG:HBAcceptor': 1, 'UNL:ARG:VdWContact': 2, 'UNL:GLU:Hydrophobic': 1, 'UNL:ILE:Hydrophobic': 1, 'UNL:ILE:VdWContact': 1, 'UNL:MET:Hydrophobic': 1, 'UNL:PHE:VdWContact': 1, 'UNL:THR:VdWContact': 1}","{'UNL:ARG:HBAcceptor': 1, 'UNL:ARG:VdWContact': 1, 'UNL:GLN:HBAcceptor': 1, 'UNL:GLN:HBDonor': 1, 'UNL:GLN:VdWContact': 1, 'UNL:GLU:VdWContact': 1, 'UNL:HIS:HBDonor': 1, 'UNL:HIS:VdWContact': 1, 'UNL:ILE:Hydrophobic': 1, 'UNL:ILE:VdWContact': 1, 'UNL:MET:VdWContact': 1, 'UNL:PHE:Hydrophobic': 2, 'UNL:PHE:VdWContact': 1, 'UNL:PRO:Hydrophobic': 1, 'UNL:THR:VdWContact': 1, 'UNL:VAL:Hydrophobic': 1}"
29,P2Rank-Vina,1K3U_IAD,,0.0,,
30,P2Rank-Vina,1G9V_RQ3,,0.0,,
31,P2Rank-Vina,1YV3_BIT,,0.0,,
32,P2Rank-Vina,1IA1_TQ3,,0.0,,
33,P2Rank-Vina,1Q1G_MTI,,0.0,,
34,P2Rank-Vina,1R1H_BIR,0.65,0.74,"{'UNL:ASN:Hydrophobic': 3, 'UNL:ASN:VdWContact': 2, 'UNL:HIS:VdWContact': 1, 'UNL:TYR:VdWContact': 1, 'UNL:VAL:Hydrophobic': 1, 'UNL:VAL:VdWContact': 1}","{'UNL:ALA:Hydrophobic': 1, 'UNL:ALA:VdWContact': 1, 'UNL:ARG:HBAcceptor': 1, 'UNL:ARG:VdWContact': 1, 'UNL:ASN:HBAcceptor': 1, 'UNL:ASN:HBDonor': 1, 'UNL:ASN:VdWContact': 1, 'UNL:GLU:HBDonor': 1, 'UNL:GLU:VdWContact': 1, 'UNL:HIS:Hydrophobic': 1, 'UNL:HIS:VdWContact': 2, 'UNL:MET:Hydrophobic': 1, 'UNL:PHE:Hydrophobic': 3, 'UNL:PHE:VdWContact': 1, 'UNL:TRP:Hydrophobic': 1, 'UNL:TRP:VdWContact': 1, 'UNL:VAL:Hydrophobic': 2, 'UNL:VAL:VdWContact': 1}"
35,P2Rank-Vina,1YVF_PH7,,0.0,,
36,P2Rank-Vina,1YQY_915,0.4347826086956521,0.8260869565217391,"{'UNL:GLN:HBAcceptor': 1, 'UNL:GLN:VdWContact': 1, 'UNL:GLU:HBDonor': 1, 'UNL:GLU:VdWContact': 1, 'UNL:HIS:HBDonor': 1, 'UNL:HIS:VdWContact': 1, 'UNL:LEU:Hydrophobic': 1, 'UNL:LEU:VdWContact': 1, 'UNL:PRO:VdWContact': 1, 'UNL:TYR:HBAcceptor': 1, 'UNL:TYR:VdWContact': 1, 'UNL:VAL:Hydrophobic': 1, 'UNL:VAL:VdWContact': 1}","{'UNL:ASP:Hydrophobic': 1, 'UNL:GLU:VdWContact': 3, 'UNL:GLY:HBAcceptor': 1, 'UNL:GLY:HBDonor': 1, 'UNL:GLY:VdWContact': 1, 'UNL:HIS:HBAcceptor': 1, 'UNL:HIS:HBDonor': 1, 'UNL:HIS:Hydrophobic': 1, 'UNL:HIS:VdWContact': 1, 'UNL:LEU:Hydrophobic': 2, 'UNL:LEU:VdWContact': 2, 'UNL:LYS:Hydrophobic': 1, 'UNL:SER:VdWContact': 1, 'UNL:TYR:HBDonor': 1, 'UNL:TYR:Hydrophobic': 1, 'UNL:TYR:VdWContact': 1, 'UNL:VAL:Hydrophobic': 2, 'UNL:VAL:VdWContact': 1}"
37,P2Rank-Vina,1HWW_SWA,0.411764705882353,0.8352941176470587,"{'UNL:ARG:HBAcceptor': 1, 'UNL:ARG:VdWContact': 2, 'UNL:GLN:VdWContact': 1, 'UNL:GLU:VdWContact': 1, 'UNL:LEU:VdWContact': 1, 'UNL:SER:HBDonor': 1, 'UNL:SER:VdWContact': 1}","{'UNL:ARG:VdWContact': 1, 'UNL:ASP:HBDonor': 1, 'UNL:ASP:VdWContact': 3, 'UNL:HIS:VdWContact': 1, 'UNL:PHE:Hydrophobic': 1, 'UNL:PHE:VdWContact': 1, 'UNL:TRP:HBDonor': 1, 'UNL:TRP:Hydrophobic': 1, 'UNL:TRP:VdWContact': 2, 'UNL:TYR:Hydrophobic': 1, 'UNL:TYR:VdWContact': 2}"
38,P2Rank-Vina,1T40_ID5,,0.0,,
39,P2Rank-Vina,1GKC_NFH,,0.0,,
40,P2Rank-Vina,1N1M_A3M,,0.0,,
41,P2Rank-Vina,1Z95_198,0.2631578947368422,0.8947368421052632,"{'UNL:ARG:HBAcceptor': 1, 'UNL:ARG:VdWContact': 1, 'UNL:ASN:VdWContact': 1, 'UNL:GLN:HBAcceptor': 1, 'UNL:GLN:VdWContact': 1, 'UNL:ILE:Hydrophobic': 1, 'UNL:ILE:VdWContact': 1, 'UNL:LEU:Hydrophobic': 2, 'UNL:LEU:VdWContact': 2, 'UNL:MET:Hydrophobic': 3, 'UNL:MET:VdWContact': 5, 'UNL:PHE:VdWContact': 1, 'UNL:THR:VdWContact': 1, 'UNL:VAL:VdWContact': 1}","{'UNL:ARG:VdWContact': 1, 'UNL:ASN:VdWContact': 1, 'UNL:GLY:VdWContact': 1, 'UNL:ILE:Hydrophobic': 2, 'UNL:ILE:VdWContact': 1, 'UNL:LEU:HBDonor': 1, 'UNL:LEU:Hydrophobic': 4, 'UNL:LEU:VdWContact': 2, 'UNL:MET:Hydrophobic': 3, 'UNL:MET:VdWContact': 3, 'UNL:PHE:Hydrophobic': 2, 'UNL:PHE:VdWContact': 1, 'UNL:THR:Hydrophobic': 1, 'UNL:THR:VdWContact': 1, 'UNL:VAL:Hydrophobic': 1}"
42,P2Rank-Vina,1HP0_AD3,0.6923076923076923,0.7230769230769231,"{'UNL:ASN:HBDonor': 1, 'UNL:ASN:VdWContact': 1, 'UNL:ASP:VdWContact': 2, 'UNL:GLY:VdWContact': 1, 'UNL:PHE:VdWContact': 1, 'UNL:TRP:Hydrophobic': 1}","{'UNL:ASN:HBAcceptor': 2, 'UNL:ASN:Hydrophobic': 1, 'UNL:ASN:VdWContact': 3, 'UNL:ASP:VdWContact': 3, 'UNL:GLU:VdWContact': 1, 'UNL:MET:VdWContact': 1, 'UNL:THR:VdWContact': 1, 'UNL:TRP:Hydrophobic': 2, 'UNL:TRP:VdWContact': 1, 'UNL:TYR:VdWContact': 1}"
43,P2Rank-Vina,1OF1_SCT,0.6842105263157894,0.7263157894736842,"{'UNL:ARG:VdWContact': 2, 'UNL:GLU:HBDonor': 1, 'UNL:GLU:VdWContact': 1, 'UNL:ILE:Hydrophobic': 1, 'UNL:ILE:VdWContact': 1, 'UNL:MET:Hydrophobic': 1, 'UNL:MET:VdWContact': 1}","{'UNL:ALA:Hydrophobic': 2, 'UNL:ALA:VdWContact': 1, 'UNL:ARG:HBAcceptor': 1, 'UNL:ARG:HBDonor': 1, 'UNL:ARG:VdWContact': 1, 'UNL:GLN:HBAcceptor': 1, 'UNL:GLN:HBDonor': 1, 'UNL:GLN:VdWContact': 1, 'UNL:GLU:VdWContact': 2, 'UNL:HIS:Hydrophobic': 1, 'UNL:HIS:VdWContact': 1, 'UNL:ILE:Hydrophobic': 2, 'UNL:MET:Hydrophobic': 1, 'UNL:TRP:Hydrophobic': 1, 'UNL:TYR:Hydrophobic': 2, 'UNL:TYR:VdWContact': 2}"
44,P2Rank-Vina,1SJ0_E4D,0.32,0.872,"{'UNL:ARG:HBDonor': 1, 'UNL:ARG:VdWContact': 1, 'UNL:ASP:VdWContact': 1, 'UNL:CYS:HBDonor': 1, 'UNL:CYS:VdWContact': 1, 'UNL:GLU:VdWContact': 1, 'UNL:HIS:HBDonor': 1, 'UNL:HIS:VdWContact': 1, 'UNL:ILE:Hydrophobic': 1, 'UNL:ILE:VdWContact': 1, 'UNL:LEU:Hydrophobic': 5, 'UNL:LEU:VdWContact': 5, 'UNL:MET:Hydrophobic': 1, 'UNL:MET:VdWContact': 1, 'UNL:PHE:VdWContact': 1, 'UNL:THR:VdWContact': 1, 'UNL:TRP:VdWContact': 1, 'UNL:VAL:VdWContact': 1}","{'UNL:ALA:Hydrophobic': 1, 'UNL:ARG:HBAcceptor': 1, 'UNL:ARG:VdWContact': 1, 'UNL:ASP:VdWContact': 1, 'UNL:CYS:Hydrophobic': 1, 'UNL:CYS:VdWContact': 1, 'UNL:GLU:VdWContact': 1, 'UNL:HIS:HBDonor': 1, 'UNL:HIS:Hydrophobic': 1, 'UNL:HIS:VdWContact': 1, 'UNL:ILE:Hydrophobic': 1, 'UNL:LEU:HBDonor': 1, 'UNL:LEU:Hydrophobic': 7, 'UNL:LEU:VdWContact': 3, 'UNL:MET:Hydrophobic': 3, 'UNL:MET:VdWContact': 1, 'UNL:PHE:Hydrophobic': 1, 'UNL:THR:VdWContact': 1, 'UNL:TRP:Hydrophobic': 1, 'UNL:TRP:VdWContact': 1}"
45,P2Rank-Vina,1U4D_DBQ,0.46153846153846145,0.8153846153846154,"{'UNL:ALA:VdWContact': 1, 'UNL:ILE:VdWContact': 1, 'UNL:LEU:VdWContact': 3, 'UNL:LYS:VdWContact': 1, 'UNL:THR:VdWContact': 1, 'UNL:VAL:Hydrophobic': 1}","{'UNL:ALA:HBAcceptor': 1, 'UNL:ALA:Hydrophobic': 1, 'UNL:ALA:VdWContact': 1, 'UNL:ASP:HBDonor': 1, 'UNL:ASP:VdWContact': 1, 'UNL:GLU:HBDonor': 1, 'UNL:GLU:VdWContact': 1, 'UNL:LEU:Hydrophobic': 2, 'UNL:LEU:VdWContact': 1, 'UNL:LYS:VdWContact': 1, 'UNL:VAL:Hydrophobic': 1}"
46,P2Rank-Vina,1Q41_IXM,0.47368421052631576,0.8105263157894738,"{'UNL:ARG:HBDonor': 1, 'UNL:ARG:Hydrophobic': 1, 'UNL:ARG:VdWContact': 1, 'UNL:GLN:Hydrophobic': 1, 'UNL:THR:VdWContact': 1, 'UNL:TYR:Hydrophobic': 1, 'UNL:TYR:VdWContact': 1}","{'UNL:ALA:Hydrophobic': 1, 'UNL:ASP:HBDonor': 1, 'UNL:ASP:VdWContact': 1, 'UNL:CYS:Hydrophobic': 1, 'UNL:ILE:Hydrophobic': 1, 'UNL:LEU:Hydrophobic': 2, 'UNL:PRO:VdWContact': 1, 'UNL:THR:Hydrophobic': 1, 'UNL:TYR:Hydrophobic': 1, 'UNL:TYR:VdWContact': 1, 'UNL:VAL:HBAcceptor': 1, 'UNL:VAL:HBDonor': 1, 'UNL:VAL:Hydrophobic': 2, 'UNL:VAL:VdWContact': 1}"
47,P2Rank-Vina,1OWE_675,0.4285714285714286,0.8285714285714285,"{'UNL:ARG:VdWContact': 1, 'UNL:CYS:VdWContact': 1, 'UNL:HIS:VdWContact': 1, 'UNL:TYR:Hydrophobic': 1, 'UNL:TYR:VdWContact': 1}","{'UNL:ASP:HBDonor': 1, 'UNL:ASP:VdWContact': 1, 'UNL:GLN:Hydrophobic': 1, 'UNL:GLN:VdWContact': 1, 'UNL:GLY:HBDonor': 1, 'UNL:GLY:VdWContact': 1, 'UNL:HIS:Hydrophobic': 1, 'UNL:HIS:VdWContact': 1, 'UNL:SER:VdWContact': 2, 'UNL:VAL:Hydrophobic': 1}"
48,P2Rank-Vina,1OQ5_CEL,0.4210526315789473,0.8315789473684211,"{'UNL:GLN:HBAcceptor': 1, 'UNL:GLN:VdWContact': 1, 'UNL:HIS:HBDonor': 1, 'UNL:HIS:VdWContact': 2, 'UNL:LEU:VdWContact': 1, 'UNL:PRO:VdWContact': 1, 'UNL:THR:HBDonor': 1, 'UNL:THR:VdWContact': 2, 'UNL:TRP:VdWContact': 1}","{'UNL:ASN:Hydrophobic': 1, 'UNL:ASN:VdWContact': 1, 'UNL:GLN:Hydrophobic': 1, 'UNL:GLN:VdWContact': 1, 'UNL:GLU:Hydrophobic': 1, 'UNL:GLU:VdWContact': 1, 'UNL:HIS:HBDonor': 1, 'UNL:HIS:VdWContact': 1, 'UNL:LEU:Hydrophobic': 1, 'UNL:LEU:VdWContact': 1, 'UNL:PHE:Hydrophobic': 1, 'UNL:THR:HBAcceptor': 1, 'UNL:THR:HBDonor': 1, 'UNL:THR:Hydrophobic': 1, 'UNL:THR:VdWContact': 2, 'UNL:VAL:Hydrophobic': 1}"
49,P2Rank-Vina,1SG0_STL,,0.0,,
50,P2Rank-Vina,2BR1_PFP,0.39999999999999997,0.8400000000000001,"{'UNL:ASP:VdWContact': 1, 'UNL:GLU:Hydrophobic': 1, 'UNL:GLU:VdWContact': 1, 'UNL:GLY:VdWContact': 2, 'UNL:LEU:Hydrophobic': 1, 'UNL:LEU:VdWContact': 1, 'UNL:LYS:VdWContact': 1}","{'UNL:ALA:Hydrophobic': 1, 'UNL:ALA:VdWContact': 1, 'UNL:CYS:HBAcceptor': 1, 'UNL:CYS:Hydrophobic': 1, 'UNL:CYS:VdWContact': 1, 'UNL:GLU:Hydrophobic': 1, 'UNL:GLU:VdWContact': 2, 'UNL:LEU:Hydrophobic': 2, 'UNL:LEU:VdWContact': 1, 'UNL:SER:VdWContact': 1, 'UNL:TYR:Hydrophobic': 1, 'UNL:VAL:Hydrophobic': 1}"
51,P2Rank-Vina,1UOU_CMU,0.38888888888888895,0.8444444444444444,"{'UNL:ASP:VdWContact': 1, 'UNL:GLY:HBDonor': 1, 'UNL:GLY:VdWContact': 2, 'UNL:LYS:HBAcceptor': 2, 'UNL:SER:VdWContact': 2, 'UNL:THR:HBDonor': 1, 'UNL:THR:VdWContact': 2}","{'UNL:ARG:HBAcceptor': 1, 'UNL:ARG:VdWContact': 2, 'UNL:GLY:VdWContact': 1, 'UNL:HIS:HBDonor': 1, 'UNL:HIS:VdWContact': 1, 'UNL:ILE:Hydrophobic': 2, 'UNL:LEU:Hydrophobic': 1, 'UNL:LEU:VdWContact': 1, 'UNL:LYS:VdWContact': 1, 'UNL:SER:HBDonor': 1, 'UNL:SER:VdWContact': 2, 'UNL:THR:VdWContact': 2, 'UNL:TYR:Hydrophobic': 1, 'UNL:TYR:VdWContact': 1}"
52,P2Rank-Vina,1TZ8_DES,,0.0,,
53,P2Rank-Vina,1R9O_FLP,,0.0,,
54,P2Rank-Vina,1P2Y_NCT,,0.0,,
55,P2Rank-Vina,1V0P_PVB,0.10526315789473684,0.9578947368421052,"{'UNL:ALA:VdWContact': 1, 'UNL:ASP:VdWContact': 1, 'UNL:GLN:Hydrophobic': 1, 'UNL:GLN:VdWContact': 2, 'UNL:GLU:VdWContact': 2, 'UNL:GLY:VdWContact': 1, 'UNL:HIS:VdWContact': 1, 'UNL:ILE:VdWContact': 1, 'UNL:LEU:VdWContact': 2, 'UNL:LYS:VdWContact': 2, 'UNL:PHE:Hydrophobic': 1, 'UNL:PHE:VdWContact': 1, 'UNL:VAL:VdWContact': 1}","{'UNL:ALA:Hydrophobic': 2, 'UNL:ALA:VdWContact': 2, 'UNL:GLN:VdWContact': 1, 'UNL:GLU:VdWContact': 1, 'UNL:GLY:VdWContact': 2, 'UNL:ILE:Hydrophobic': 1, 'UNL:LEU:HBAcceptor': 1, 'UNL:LEU:HBDonor': 1, 'UNL:LEU:Hydrophobic': 1, 'UNL:LEU:VdWContact': 2, 'UNL:PHE:Hydrophobic': 1, 'UNL:VAL:Hydrophobic': 2, 'UNL:VAL:VdWContact': 2}"
56,P2Rank-Vina,1XOZ_CIA,0.6,0.76,"{'UNL:ASN:Hydrophobic': 1, 'UNL:ASN:VdWContact': 1, 'UNL:ASP:HBDonor': 1, 'UNL:ASP:VdWContact': 1, 'UNL:LEU:Hydrophobic': 1, 'UNL:LEU:VdWContact': 1, 'UNL:SER:VdWContact': 1}","{'UNL:ALA:Hydrophobic': 2, 'UNL:GLN:HBDonor': 1, 'UNL:GLN:Hydrophobic': 1, 'UNL:GLN:VdWContact': 2, 'UNL:ILE:Hydrophobic': 2, 'UNL:ILE:VdWContact': 1, 'UNL:LEU:Hydrophobic': 1, 'UNL:LEU:VdWContact': 1, 'UNL:MET:Hydrophobic': 1, 'UNL:MET:VdWContact': 1, 'UNL:PHE:Hydrophobic': 2, 'UNL:PHE:VdWContact': 1, 'UNL:TYR:Hydrophobic': 1, 'UNL:VAL:Hydrophobic': 1, 'UNL:VAL:VdWContact': 1}"
57,P2Rank-Vina,1R55_097,,0.0,,
58,P2Rank-Vina,1YWR_LI9,0.6666666666666667,0.7333333333333333,"{'UNL:ALA:VdWContact': 1, 'UNL:ASP:Hydrophobic': 1, 'UNL:ASP:VdWContact': 1, 'UNL:GLY:VdWContact': 1, 'UNL:LEU:Hydrophobic': 1, 'UNL:LEU:VdWContact': 1, 'UNL:LYS:Hydrophobic': 1, 'UNL:MET:HBDonor': 1, 'UNL:MET:VdWContact': 1, 'UNL:TYR:VdWContact': 1, 'UNL:VAL:VdWContact': 1}","{'UNL:ALA:Hydrophobic': 1, 'UNL:ALA:VdWContact': 1, 'UNL:ASP:Hydrophobic': 1, 'UNL:ASP:VdWContact': 1, 'UNL:HIS:VdWContact': 1, 'UNL:ILE:Hydrophobic': 1, 'UNL:LEU:Hydrophobic': 4, 'UNL:LEU:VdWContact': 2, 'UNL:LYS:Hydrophobic': 1, 'UNL:LYS:VdWContact': 1, 'UNL:MET:HBAcceptor': 1, 'UNL:MET:HBDonor': 1, 'UNL:MET:Hydrophobic': 1, 'UNL:MET:VdWContact': 1, 'UNL:THR:Hydrophobic': 1, 'UNL:THR:VdWContact': 1, 'UNL:TYR:Hydrophobic': 1, 'UNL:TYR:VdWContact': 1, 'UNL:VAL:Hydrophobic': 2, 'UNL:VAL:VdWContact': 1}"
59,P2Rank-Vina,1HQ2_PH2,,0.0,,
60,P2Rank-Vina,1MZC_BNE,,0.0,,
61,P2Rank-Vina,1V4S_MRK,,0.0,,
62,P2Rank-Vina,1NAV_IH5,0.5,0.8,"{'UNL:ALA:VdWContact': 1, 'UNL:GLY:VdWContact': 1, 'UNL:HIS:HBAcceptor': 1, 'UNL:HIS:VdWContact': 1, 'UNL:ILE:VdWContact': 1, 'UNL:LEU:Hydrophobic': 2, 'UNL:LEU:VdWContact': 2, 'UNL:MET:Hydrophobic': 2, 'UNL:MET:VdWContact': 2, 'UNL:PHE:Hydrophobic': 1, 'UNL:PHE:VdWContact': 1, 'UNL:SER:VdWContact': 1}","{'UNL:ALA:Hydrophobic': 2, 'UNL:GLY:VdWContact': 1, 'UNL:HIS:HBAcceptor': 1, 'UNL:HIS:VdWContact': 1, 'UNL:ILE:Hydrophobic': 1, 'UNL:ILE:VdWContact': 1, 'UNL:LEU:Hydrophobic': 3, 'UNL:LEU:VdWContact': 2, 'UNL:MET:Hydrophobic': 3, 'UNL:MET:VdWContact': 2, 'UNL:PHE:Hydrophobic': 3, 'UNL:PHE:VdWContact': 1, 'UNL:SER:HBAcceptor': 1, 'UNL:SER:VdWContact': 1, 'UNL:THR:Hydrophobic': 1}"
63,P2Rank-Vina,1JJE_BYS,,0.0,,
64,P2Rank-Vina,1GM8_SOX,0.4375,0.825,"{'UNL:ARG:HBAcceptor': 1, 'UNL:ARG:VdWContact': 1, 'UNL:ASN:VdWContact': 1, 'UNL:PHE:Hydrophobic': 1, 'UNL:PHE:VdWContact': 2, 'UNL:SER:HBAcceptor': 1, 'UNL:SER:VdWContact': 1, 'UNL:THR:VdWContact': 1}","{'UNL:ALA:Hydrophobic': 1, 'UNL:ALA:VdWContact': 1, 'UNL:GLN:VdWContact': 1, 'UNL:ILE:Hydrophobic': 1, 'UNL:ILE:VdWContact': 1, 'UNL:LEU:Hydrophobic': 1, 'UNL:MET:Hydrophobic': 1, 'UNL:PHE:Hydrophobic': 3, 'UNL:PHE:VdWContact': 3, 'UNL:PRO:Hydrophobic': 1, 'UNL:SER:VdWContact': 2}"
65,P2Rank-Vina,1J3J_CP6,,0.0,,
66,P2Rank-Vina,1T9B_1CS,,0.0,,
67,P2Rank-Vina,1PMN_984,,0.0,,
68,P2Rank-Vina,1N2V_BDI,0.4285714285714285,0.8285714285714286,"{'UNL:CYS:VdWContact': 1, 'UNL:GLY:VdWContact': 1, 'UNL:LEU:VdWContact': 1, 'UNL:MET:Hydrophobic': 1, 'UNL:MET:VdWContact': 1, 'UNL:TYR:Hydrophobic': 1}","{'UNL:ALA:Hydrophobic': 1, 'UNL:ASP:HBDonor': 1, 'UNL:ASP:VdWContact': 1, 'UNL:CYS:Hydrophobic': 1, 'UNL:GLN:HBAcceptor': 1, 'UNL:GLN:VdWContact': 1, 'UNL:GLY:HBAcceptor': 1, 'UNL:GLY:VdWContact': 2, 'UNL:MET:Hydrophobic': 1, 'UNL:TYR:Hydrophobic': 1, 'UNL:TYR:VdWContact': 1}"
69,P2Rank-Vina,1GPK_HUP,0.5833333333333333,0.7666666666666667,"{'UNL:GLU:HBDonor': 1, 'UNL:GLU:VdWContact': 1, 'UNL:GLY:VdWContact': 1, 'UNL:HIS:VdWContact': 1, 'UNL:PHE:VdWContact': 1, 'UNL:SER:VdWContact': 1, 'UNL:TRP:Hydrophobic': 1, 'UNL:TRP:VdWContact': 1}","{'UNL:GLY:VdWContact': 3, 'UNL:HIS:VdWContact': 1, 'UNL:LEU:Hydrophobic': 1, 'UNL:PHE:Hydrophobic': 3, 'UNL:PHE:VdWContact': 2, 'UNL:TRP:Hydrophobic': 1, 'UNL:TRP:VdWContact': 1, 'UNL:TYR:Hydrophobic': 2, 'UNL:TYR:VdWContact': 1}"
70,P2Rank-Vina,1W1P_GIO,,0.0,,
71,P2Rank-Vina,1OF6_DTY,,0.0,,
72,P2Rank-Vina,1S3V_TQD,0.0625,0.975,"{'UNL:ASP:VdWContact': 1, 'UNL:GLY:VdWContact': 1, 'UNL:ILE:VdWContact': 2, 'UNL:PHE:VdWContact': 1, 'UNL:PRO:VdWContact': 2, 'UNL:SER:VdWContact': 1, 'UNL:TYR:HBDonor': 1, 'UNL:TYR:VdWContact': 1, 'UNL:VAL:HBDonor': 1, 'UNL:VAL:VdWContact': 1}","{'UNL:GLU:HBDonor': 1, 'UNL:GLU:VdWContact': 1, 'UNL:ILE:HBDonor': 1, 'UNL:ILE:Hydrophobic': 1, 'UNL:ILE:VdWContact': 1, 'UNL:PHE:Hydrophobic': 2, 'UNL:PHE:VdWContact': 1, 'UNL:PRO:Hydrophobic': 1, 'UNL:SER:VdWContact': 1, 'UNL:VAL:VdWContact': 1}"
73,P2Rank-Vina,1Y6B_AAX,0.8235294117647058,0.6705882352941177,"{'UNL:GLY:VdWContact': 2, 'UNL:LEU:Hydrophobic': 1, 'UNL:LEU:VdWContact': 1, 'UNL:LYS:Hydrophobic': 1, 'UNL:LYS:VdWContact': 1, 'UNL:VAL:Hydrophobic': 1, 'UNL:VAL:VdWContact': 1}","{'UNL:ALA:Hydrophobic': 1, 'UNL:ASN:HBAcceptor': 1, 'UNL:ASN:VdWContact': 1, 'UNL:CYS:HBAcceptor': 1, 'UNL:CYS:HBDonor': 1, 'UNL:CYS:Hydrophobic': 1, 'UNL:CYS:VdWContact': 1, 'UNL:GLU:VdWContact': 2, 'UNL:GLY:VdWContact': 1, 'UNL:LEU:Hydrophobic': 2, 'UNL:LYS:Hydrophobic': 1, 'UNL:LYS:VdWContact': 1, 'UNL:PHE:Hydrophobic': 2, 'UNL:PHE:VdWContact': 1, 'UNL:VAL:Hydrophobic': 3, 'UNL:VAL:VdWContact': 2}"
74,P2Rank-Vina,1L2S_STC,0.5333333333333333,0.7866666666666666,"{'UNL:ASN:HBAcceptor': 1, 'UNL:ASN:VdWContact': 3, 'UNL:GLY:VdWContact': 1, 'UNL:SER:HBAcceptor': 1, 'UNL:SER:VdWContact': 1, 'UNL:THR:VdWContact': 1, 'UNL:TYR:Hydrophobic': 1, 'UNL:TYR:VdWContact': 1}","{'UNL:ALA:HBAcceptor': 1, 'UNL:ALA:HBDonor': 1, 'UNL:ALA:VdWContact': 1, 'UNL:ASN:HBAcceptor': 1, 'UNL:ASN:VdWContact': 1, 'UNL:GLN:VdWContact': 1, 'UNL:GLY:VdWContact': 1, 'UNL:LEU:Hydrophobic': 2, 'UNL:SER:HBAcceptor': 1, 'UNL:SER:VdWContact': 1, 'UNL:THR:Hydrophobic': 1, 'UNL:THR:VdWContact': 1, 'UNL:TYR:Hydrophobic': 2, 'UNL:VAL:Hydrophobic': 1}"
75,P2Rank-Vina,1W2G_THM,0.7333333333333332,0.7066666666666668,"{'UNL:ASP:VdWContact': 1, 'UNL:GLN:HBAcceptor': 1, 'UNL:GLN:VdWContact': 1, 'UNL:TYR:HBDonor': 1, 'UNL:TYR:VdWContact': 1}","{'UNL:ARG:HBAcceptor': 1, 'UNL:ARG:Hydrophobic': 1, 'UNL:ARG:VdWContact': 1, 'UNL:ASN:HBDonor': 1, 'UNL:ASN:Hydrophobic': 1, 'UNL:ASN:VdWContact': 1, 'UNL:ASP:VdWContact': 1, 'UNL:PHE:Hydrophobic': 2, 'UNL:PRO:Hydrophobic': 1, 'UNL:PRO:VdWContact': 1, 'UNL:TYR:Hydrophobic': 2, 'UNL:TYR:VdWContact': 3}"
76,P2Rank-Vina,1TOW_CRZ,0.5882352941176471,0.7647058823529411,"{'UNL:ASP:Hydrophobic': 1, 'UNL:ASP:VdWContact': 1, 'UNL:MET:Hydrophobic': 1, 'UNL:SER:VdWContact': 1, 'UNL:TYR:VdWContact': 1, 'UNL:VAL:Hydrophobic': 1, 'UNL:VAL:VdWContact': 1}","{'UNL:ALA:Hydrophobic': 3, 'UNL:ARG:HBAcceptor': 1, 'UNL:ARG:HBDonor': 1, 'UNL:ARG:VdWContact': 1, 'UNL:ASP:Hydrophobic': 1, 'UNL:CYS:VdWContact': 1, 'UNL:ILE:Hydrophobic': 1, 'UNL:MET:Hydrophobic': 1, 'UNL:PHE:Hydrophobic': 2, 'UNL:PHE:VdWContact': 1, 'UNL:PRO:Hydrophobic': 1, 'UNL:PRO:VdWContact': 1, 'UNL:TYR:VdWContact': 1, 'UNL:VAL:Hydrophobic': 1}"
77,P2Rank-Vina,1XM6_5RM,0.375,0.85,"{'UNL:ASN:Hydrophobic': 1, 'UNL:ASN:VdWContact': 1, 'UNL:GLN:HBAcceptor': 1, 'UNL:GLN:VdWContact': 1, 'UNL:HIS:VdWContact': 1, 'UNL:ILE:Hydrophobic': 1, 'UNL:ILE:VdWContact': 1, 'UNL:MET:VdWContact': 2, 'UNL:PHE:Hydrophobic': 1, 'UNL:PHE:VdWContact': 1, 'UNL:TYR:VdWContact': 2}","{'UNL:ASN:VdWContact': 1, 'UNL:GLN:HBAcceptor': 1, 'UNL:GLN:VdWContact': 1, 'UNL:ILE:Hydrophobic': 1, 'UNL:ILE:VdWContact': 1, 'UNL:LEU:Hydrophobic': 2, 'UNL:LEU:VdWContact': 1, 'UNL:MET:Hydrophobic': 3, 'UNL:MET:VdWContact': 1, 'UNL:PHE:Hydrophobic': 3, 'UNL:PHE:VdWContact': 2, 'UNL:THR:VdWContact': 1, 'UNL:TYR:Hydrophobic': 1}"
78,P2Rank-Vina,1YGC_905,0.5789473684210528,0.7684210526315789,"{'UNL:ASP:VdWContact': 1, 'UNL:GLY:VdWContact': 1, 'UNL:HIS:HBDonor': 1, 'UNL:HIS:VdWContact': 1, 'UNL:LYS:HBAcceptor': 1, 'UNL:LYS:VdWContact': 1, 'UNL:PRO:VdWContact': 1, 'UNL:THR:VdWContact': 1, 'UNL:TRP:VdWContact': 1}","{'UNL:ASP:HBDonor': 1, 'UNL:ASP:Hydrophobic': 2, 'UNL:ASP:VdWContact': 2, 'UNL:GLY:HBDonor': 1, 'UNL:GLY:VdWContact': 1, 'UNL:HIS:Hydrophobic': 1, 'UNL:HIS:VdWContact': 1, 'UNL:LYS:Hydrophobic': 1, 'UNL:LYS:VdWContact': 1, 'UNL:SER:HBDonor': 1, 'UNL:SER:VdWContact': 3, 'UNL:THR:Hydrophobic': 1, 'UNL:THR:VdWContact': 1, 'UNL:TRP:Hydrophobic': 1, 'UNL:TRP:VdWContact': 1, 'UNL:VAL:Hydrophobic': 1}"
79,P2Rank-Vina,1R58_AO5,0.14999999999999997,0.9400000000000001,"{'UNL:ASN:Hydrophobic': 1, 'UNL:ASN:VdWContact': 1, 'UNL:ASP:VdWContact': 1, 'UNL:GLU:HBDonor': 2, 'UNL:GLU:VdWContact': 2, 'UNL:HIS:HBAcceptor': 1, 'UNL:HIS:VdWContact': 1, 'UNL:ILE:Hydrophobic': 1, 'UNL:ILE:VdWContact': 1, 'UNL:LEU:VdWContact': 1, 'UNL:PHE:Hydrophobic': 1, 'UNL:PHE:VdWContact': 2}","{'UNL:ALA:Hydrophobic': 1, 'UNL:ALA:VdWContact': 1, 'UNL:ASP:HBDonor': 2, 'UNL:ASP:VdWContact': 2, 'UNL:GLU:HBDonor': 1, 'UNL:GLU:VdWContact': 1, 'UNL:HIS:HBDonor': 1, 'UNL:HIS:Hydrophobic': 2, 'UNL:HIS:VdWContact': 2, 'UNL:MET:Hydrophobic': 1, 'UNL:PHE:Hydrophobic': 1, 'UNL:PHE:VdWContact': 1, 'UNL:TYR:Hydrophobic': 1, 'UNL:TYR:VdWContact': 1}"
80,P2Rank-Vina,1HNN_SKF,0.25,0.9,"{'UNL:ALA:VdWContact': 1, 'UNL:ASP:VdWContact': 2, 'UNL:HIS:VdWContact': 1, 'UNL:PHE:Hydrophobic': 1, 'UNL:PHE:VdWContact': 1, 'UNL:TYR:Hydrophobic': 1, 'UNL:TYR:VdWContact': 1, 'UNL:VAL:Hydrophobic': 1, 'UNL:VAL:VdWContact': 1}","{'UNL:ARG:VdWContact': 1, 'UNL:ASN:Hydrophobic': 1, 'UNL:ASP:VdWContact': 1, 'UNL:GLU:HBDonor': 1, 'UNL:GLU:VdWContact': 1, 'UNL:LYS:VdWContact': 1, 'UNL:MET:Hydrophobic': 1, 'UNL:MET:VdWContact': 1, 'UNL:PHE:Hydrophobic': 1, 'UNL:TYR:Hydrophobic': 2, 'UNL:TYR:VdWContact': 2, 'UNL:VAL:VdWContact': 1}"
81,P2Rank-Vina,1HVY_D16,0.4230769230769232,0.8307692307692307,"{'UNL:ASN:HBAcceptor': 1, 'UNL:ASN:VdWContact': 1, 'UNL:CYS:VdWContact': 1, 'UNL:LEU:Hydrophobic': 1, 'UNL:LEU:VdWContact': 2, 'UNL:PHE:HBAcceptor': 1, 'UNL:PHE:Hydrophobic': 2, 'UNL:PHE:VdWContact': 2, 'UNL:THR:VdWContact': 1, 'UNL:TRP:VdWContact': 1}","{'UNL:ALA:Hydrophobic': 1, 'UNL:ALA:VdWContact': 1, 'UNL:ASP:Hydrophobic': 1, 'UNL:ASP:VdWContact': 1, 'UNL:GLU:VdWContact': 1, 'UNL:GLY:VdWContact': 1, 'UNL:ILE:Hydrophobic': 1, 'UNL:ILE:VdWContact': 1, 'UNL:LEU:Hydrophobic': 1, 'UNL:MET:Hydrophobic': 1, 'UNL:MET:VdWContact': 1, 'UNL:PHE:Hydrophobic': 2, 'UNL:PHE:VdWContact': 2, 'UNL:THR:Hydrophobic': 1, 'UNL:TRP:Hydrophobic': 1, 'UNL:TRP:VdWContact': 1, 'UNL:TYR:Hydrophobic': 1, 'UNL:TYR:VdWContact': 1, 'UNL:UMP:Hydrophobic': 1, 'UNL:UMP:VdWContact': 1}"
82,P2Rank-Vina,1OPK_P16,0.736842105263158,0.7052631578947368,"{'UNL:ARG:VdWContact': 1, 'UNL:ASP:Hydrophobic': 1, 'UNL:GLN:VdWContact': 1, 'UNL:LYS:Hydrophobic': 1, 'UNL:PRO:VdWContact': 1, 'UNL:VAL:Hydrophobic': 1}","{'UNL:ALA:Hydrophobic': 1, 'UNL:GLU:VdWContact': 1, 'UNL:ILE:Hydrophobic': 1, 'UNL:LEU:Hydrophobic': 2, 'UNL:LYS:Hydrophobic': 1, 'UNL:MET:HBAcceptor': 1, 'UNL:MET:HBDonor': 1, 'UNL:MET:Hydrophobic': 2, 'UNL:MET:VdWContact': 2, 'UNL:PHE:Hydrophobic': 2, 'UNL:THR:Hydrophobic': 1, 'UNL:THR:VdWContact': 1, 'UNL:TYR:Hydrophobic': 1, 'UNL:TYR:VdWContact': 1, 'UNL:VAL:Hydrophobic': 2}"
83,P2Rank-Vina,1MMV_3AR,,0.0,,
84,P2Rank-Vina,1SQN_NDR,0.6875,0.725,"{'UNL:ARG:VdWContact': 1, 'UNL:ASN:VdWContact': 1, 'UNL:GLN:VdWContact': 1, 'UNL:LEU:VdWContact': 4, 'UNL:MET:Hydrophobic': 2, 'UNL:MET:VdWContact': 3, 'UNL:PHE:VdWContact': 1}","{'UNL:ARG:VdWContact': 1, 'UNL:CYS:Hydrophobic': 1, 'UNL:CYS:VdWContact': 1, 'UNL:GLN:HBAcceptor': 1, 'UNL:GLN:VdWContact': 1, 'UNL:LEU:Hydrophobic': 5, 'UNL:LEU:VdWContact': 3, 'UNL:MET:Hydrophobic': 4, 'UNL:MET:VdWContact': 2, 'UNL:PHE:Hydrophobic': 1, 'UNL:TRP:Hydrophobic': 1, 'UNL:TYR:Hydrophobic': 1, 'UNL:TYR:VdWContact': 1, 'UNL:VAL:Hydrophobic': 1}"
85,DiffDock-L,2BM2_PM2,0.25,0.9,"{'UNL:ASP:HBDonor': 1, 'UNL:ASP:VdWContact': 2, 'UNL:GLN:VdWContact': 1, 'UNL:GLU:Hydrophobic': 1, 'UNL:GLU:VdWContact': 1, 'UNL:GLY:VdWContact': 2, 'UNL:SER:VdWContact': 1, 'UNL:TRP:VdWContact': 1, 'UNL:TYR:Hydrophobic': 1, 'UNL:TYR:VdWContact': 1}","{'UNL:ASP:VdWContact': 1, 'UNL:GLN:Hydrophobic': 2, 'UNL:GLN:VdWContact': 1, 'UNL:GLU:Hydrophobic': 1, 'UNL:GLU:VdWContact': 1, 'UNL:GLY:HBAcceptor': 1, 'UNL:GLY:VdWContact': 1, 'UNL:PRO:Hydrophobic': 1, 'UNL:SER:VdWContact': 1, 'UNL:THR:Hydrophobic': 1, 'UNL:TRP:Hydrophobic': 1, 'UNL:TYR:Hydrophobic': 1, 'UNL:VAL:Hydrophobic': 1}"
86,DiffDock-L,1XOQ_ROF,0.3125,0.875,"{'UNL:ASN:VdWContact': 1, 'UNL:ASP:VdWContact': 1, 'UNL:GLN:HBAcceptor': 1, 'UNL:GLN:VdWContact': 1, 'UNL:HIS:VdWContact': 1, 'UNL:ILE:Hydrophobic': 1, 'UNL:LEU:VdWContact': 1, 'UNL:MET:Hydrophobic': 2, 'UNL:MET:VdWContact': 2, 'UNL:PHE:Hydrophobic': 1, 'UNL:PHE:VdWContact': 1, 'UNL:SER:VdWContact': 1, 'UNL:THR:VdWContact': 2, 'UNL:TRP:VdWContact': 1, 'UNL:TYR:VdWContact': 1}","{'UNL:ASN:VdWContact': 1, 'UNL:GLN:HBAcceptor': 1, 'UNL:GLN:VdWContact': 1, 'UNL:ILE:Hydrophobic': 1, 'UNL:LEU:VdWContact': 1, 'UNL:MET:Hydrophobic': 3, 'UNL:MET:VdWContact': 2, 'UNL:PHE:Hydrophobic': 2, 'UNL:PHE:VdWContact': 1, 'UNL:THR:VdWContact': 2, 'UNL:TYR:Hydrophobic': 1, 'UNL:TYR:VdWContact': 1}"
87,DiffDock-L,1M2Z_DEX,0.3478260869565218,0.8608695652173912,"{'UNL:ASN:HBAcceptor': 1, 'UNL:ASN:HBDonor': 1, 'UNL:ASN:VdWContact': 1, 'UNL:CYS:Hydrophobic': 1, 'UNL:CYS:VdWContact': 1, 'UNL:GLN:Hydrophobic': 1, 'UNL:GLN:VdWContact': 1, 'UNL:GLY:VdWContact': 1, 'UNL:ILE:VdWContact': 1, 'UNL:LEU:VdWContact': 1, 'UNL:MET:Hydrophobic': 2, 'UNL:MET:VdWContact': 4, 'UNL:PHE:VdWContact': 1, 'UNL:TYR:Hydrophobic': 1, 'UNL:TYR:VdWContact': 1}","{'UNL:ALA:Hydrophobic': 1, 'UNL:ARG:HBAcceptor': 1, 'UNL:ARG:VdWContact': 1, 'UNL:ASN:HBAcceptor': 1, 'UNL:ASN:VdWContact': 1, 'UNL:CYS:Hydrophobic': 1, 'UNL:CYS:VdWContact': 1, 'UNL:GLN:HBAcceptor': 1, 'UNL:GLN:HBDonor': 1, 'UNL:GLN:Hydrophobic': 1, 'UNL:GLN:VdWContact': 2, 'UNL:GLY:VdWContact': 1, 'UNL:LEU:Hydrophobic': 4, 'UNL:LEU:VdWContact': 1, 'UNL:MET:Hydrophobic': 3, 'UNL:MET:VdWContact': 1, 'UNL:PHE:Hydrophobic': 1, 'UNL:PHE:VdWContact': 1, 'UNL:TRP:Hydrophobic': 1, 'UNL:TYR:Hydrophobic': 1, 'UNL:TYR:VdWContact': 1}"
88,DiffDock-L,1P62_GEO,0.23529411764705885,0.9058823529411765,"{'UNL:ARG:HBAcceptor': 1, 'UNL:ARG:VdWContact': 2, 'UNL:ASP:HBDonor': 1, 'UNL:ASP:VdWContact': 1, 'UNL:GLN:HBAcceptor': 1, 'UNL:GLN:HBDonor': 1, 'UNL:GLN:VdWContact': 1, 'UNL:GLU:HBDonor': 1, 'UNL:GLU:VdWContact': 2, 'UNL:ILE:VdWContact': 1, 'UNL:PHE:Hydrophobic': 1, 'UNL:PHE:VdWContact': 2, 'UNL:TRP:VdWContact': 1, 'UNL:TYR:VdWContact': 1, 'UNL:VAL:VdWContact': 1}","{'UNL:ARG:HBAcceptor': 1, 'UNL:ARG:VdWContact': 1, 'UNL:ASP:HBDonor': 1, 'UNL:ASP:VdWContact': 1, 'UNL:GLN:HBAcceptor': 1, 'UNL:GLN:HBDonor': 1, 'UNL:GLN:VdWContact': 1, 'UNL:GLU:VdWContact': 2, 'UNL:MET:VdWContact': 1, 'UNL:PHE:Hydrophobic': 2, 'UNL:TRP:Hydrophobic': 1, 'UNL:TYR:VdWContact': 1}"
89,DiffDock-L,1KE5_LS1,0.20000000000000004,0.9199999999999999,"{'UNL:ASP:HBAcceptor': 1, 'UNL:ASP:Hydrophobic': 2, 'UNL:ASP:VdWContact': 2, 'UNL:GLN:VdWContact': 1, 'UNL:GLU:HBDonor': 1, 'UNL:GLU:VdWContact': 1, 'UNL:HIS:VdWContact': 1, 'UNL:ILE:VdWContact': 1, 'UNL:LEU:HBAcceptor': 1, 'UNL:LEU:Hydrophobic': 1, 'UNL:LEU:VdWContact': 2, 'UNL:LYS:Hydrophobic': 1, 'UNL:LYS:VdWContact': 1, 'UNL:PHE:Hydrophobic': 1, 'UNL:PHE:VdWContact': 1, 'UNL:VAL:VdWContact': 1}","{'UNL:ALA:Hydrophobic': 2, 'UNL:ASP:HBAcceptor': 1, 'UNL:ASP:Hydrophobic': 1, 'UNL:ASP:VdWContact': 2, 'UNL:GLU:HBDonor': 1, 'UNL:GLU:VdWContact': 1, 'UNL:HIS:VdWContact': 1, 'UNL:ILE:Hydrophobic': 1, 'UNL:ILE:VdWContact': 1, 'UNL:LEU:HBAcceptor': 1, 'UNL:LEU:HBDonor': 1, 'UNL:LEU:Hydrophobic': 1, 'UNL:LEU:VdWContact': 2, 'UNL:LYS:VdWContact': 1, 'UNL:PHE:Hydrophobic': 2, 'UNL:PHE:VdWContact': 2, 'UNL:VAL:Hydrophobic': 2}"
90,DiffDock-L,1TT1_KAI,0.6666666666666666,0.7333333333333334,"{'UNL:ALA:HBAcceptor': 1, 'UNL:ALA:VdWContact': 1, 'UNL:ARG:HBAcceptor': 1, 'UNL:ARG:HBDonor': 1, 'UNL:ARG:VdWContact': 1, 'UNL:PRO:VdWContact': 1, 'UNL:TYR:Hydrophobic': 1, 'UNL:TYR:VdWContact': 1}","{'UNL:ALA:HBAcceptor': 2, 'UNL:ALA:VdWContact': 2, 'UNL:ARG:HBAcceptor': 1, 'UNL:ARG:HBDonor': 1, 'UNL:ARG:VdWContact': 1, 'UNL:GLU:Hydrophobic': 2, 'UNL:GLU:VdWContact': 1, 'UNL:PRO:HBDonor': 1, 'UNL:PRO:VdWContact': 1, 'UNL:THR:HBAcceptor': 1, 'UNL:THR:VdWContact': 1, 'UNL:TYR:Hydrophobic': 1, 'UNL:TYR:VdWContact': 1, 'UNL:VAL:Hydrophobic': 1, 'UNL:VAL:VdWContact': 1}"
91,DiffDock-L,1VCJ_IBA,0.5,0.8,"{'UNL:ALA:VdWContact': 1, 'UNL:ARG:HBAcceptor': 3, 'UNL:ARG:VdWContact': 4, 'UNL:ASN:VdWContact': 1, 'UNL:ASP:Hydrophobic': 1, 'UNL:ASP:VdWContact': 1, 'UNL:GLU:VdWContact': 3, 'UNL:SER:VdWContact': 1, 'UNL:TRP:VdWContact': 1, 'UNL:TYR:VdWContact': 1}","{'UNL:ALA:Hydrophobic': 1, 'UNL:ALA:VdWContact': 1, 'UNL:ARG:HBAcceptor': 3, 'UNL:ARG:Hydrophobic': 2, 'UNL:ARG:VdWContact': 5, 'UNL:ASN:Hydrophobic': 1, 'UNL:ASP:Hydrophobic': 1, 'UNL:ASP:VdWContact': 1, 'UNL:GLU:Hydrophobic': 1, 'UNL:GLU:VdWContact': 4, 'UNL:ILE:Hydrophobic': 1, 'UNL:SER:VdWContact': 1, 'UNL:TRP:Hydrophobic': 1, 'UNL:TRP:VdWContact': 1, 'UNL:TYR:VdWContact': 1}"
92,DiffDock-L,1HWI_115,0.24000000000000002,0.904,"{'UNL:ALA:VdWContact': 2, 'UNL:ARG:HBAcceptor': 1, 'UNL:ARG:VdWContact': 1, 'UNL:ASN:HBAcceptor': 1, 'UNL:ASN:VdWContact': 1, 'UNL:ASP:VdWContact': 1, 'UNL:CYS:VdWContact': 1, 'UNL:GLU:VdWContact': 1, 'UNL:HIS:Hydrophobic': 1, 'UNL:HIS:VdWContact': 1, 'UNL:LYS:HBAcceptor': 2, 'UNL:LYS:Hydrophobic': 1, 'UNL:LYS:VdWContact': 2, 'UNL:MET:Hydrophobic': 1, 'UNL:MET:VdWContact': 1, 'UNL:SER:HBDonor': 1, 'UNL:SER:VdWContact': 1, 'UNL:VAL:VdWContact': 1}","{'UNL:ALA:Hydrophobic': 1, 'UNL:ALA:VdWContact': 1, 'UNL:ARG:HBAcceptor': 1, 'UNL:ARG:VdWContact': 1, 'UNL:ASN:HBAcceptor': 1, 'UNL:ASN:VdWContact': 1, 'UNL:ASP:Hydrophobic': 1, 'UNL:ASP:VdWContact': 1, 'UNL:CYS:Hydrophobic': 1, 'UNL:CYS:VdWContact': 1, 'UNL:GLU:VdWContact': 1, 'UNL:GLY:VdWContact': 1, 'UNL:HIS:Hydrophobic': 1, 'UNL:HIS:VdWContact': 1, 'UNL:LEU:Hydrophobic': 4, 'UNL:LEU:VdWContact': 2, 'UNL:LYS:Hydrophobic': 1, 'UNL:LYS:VdWContact': 3, 'UNL:SER:VdWContact': 1, 'UNL:VAL:Hydrophobic': 1, 'UNL:VAL:VdWContact': 1}"
93,DiffDock-L,1UML_FR4,0.4444444444444444,0.8222222222222222,"{'UNL:ASP:HBDonor': 2, 'UNL:ASP:Hydrophobic': 1, 'UNL:ASP:VdWContact': 4, 'UNL:GLU:Hydrophobic': 2, 'UNL:GLU:VdWContact': 2, 'UNL:GLY:VdWContact': 1, 'UNL:HIS:Hydrophobic': 1, 'UNL:HIS:VdWContact': 2, 'UNL:LEU:Hydrophobic': 2, 'UNL:LEU:VdWContact': 3, 'UNL:MET:Hydrophobic': 1, 'UNL:MET:VdWContact': 1, 'UNL:PHE:VdWContact': 1, 'UNL:TYR:VdWContact': 1, 'UNL:VAL:Hydrophobic': 1, 'UNL:VAL:VdWContact': 1}","{'UNL:ASP:HBDonor': 2, 'UNL:ASP:Hydrophobic': 1, 'UNL:ASP:VdWContact': 3, 'UNL:GLY:VdWContact': 1, 'UNL:HIS:Hydrophobic': 1, 'UNL:HIS:VdWContact': 1, 'UNL:LEU:Hydrophobic': 3, 'UNL:LEU:VdWContact': 1, 'UNL:MET:Hydrophobic': 1, 'UNL:PHE:Hydrophobic': 2, 'UNL:THR:Hydrophobic': 1, 'UNL:VAL:Hydrophobic': 1}"
94,DiffDock-L,1JLA_TNK,0.1578947368421052,0.9368421052631579,"{'UNL:CYS:VdWContact': 1, 'UNL:GLY:VdWContact': 1, 'UNL:HIS:VdWContact': 1, 'UNL:LEU:Hydrophobic': 1, 'UNL:LEU:VdWContact': 2, 'UNL:LYS:HBDonor': 1, 'UNL:LYS:VdWContact': 2, 'UNL:PRO:VdWContact': 2, 'UNL:TRP:Hydrophobic': 1, 'UNL:TRP:VdWContact': 1, 'UNL:TYR:Hydrophobic': 1, 'UNL:TYR:VdWContact': 1, 'UNL:VAL:Hydrophobic': 1, 'UNL:VAL:VdWContact': 2}","{'UNL:CYS:Hydrophobic': 1, 'UNL:CYS:VdWContact': 1, 'UNL:GLY:VdWContact': 1, 'UNL:LEU:Hydrophobic': 2, 'UNL:LYS:HBDonor': 1, 'UNL:LYS:Hydrophobic': 1, 'UNL:LYS:VdWContact': 2, 'UNL:PHE:Hydrophobic': 1, 'UNL:PHE:VdWContact': 1, 'UNL:PRO:Hydrophobic': 2, 'UNL:PRO:VdWContact': 1, 'UNL:TRP:Hydrophobic': 1, 'UNL:TRP:VdWContact': 1, 'UNL:TYR:Hydrophobic': 1, 'UNL:TYR:VdWContact': 1, 'UNL:VAL:Hydrophobic': 1}"
95,DiffDock-L,1N46_PFA,,0.0,,
96,DiffDock-L,1LRH_NLA,0.33333333333333337,0.8666666666666667,"{'UNL:GLN:VdWContact': 1, 'UNL:GLU:VdWContact': 1, 'UNL:HIS:HBAcceptor': 1, 'UNL:HIS:VdWContact': 2, 'UNL:ILE:Hydrophobic': 1, 'UNL:ILE:VdWContact': 2, 'UNL:LEU:Hydrophobic': 1, 'UNL:LEU:VdWContact': 1, 'UNL:PHE:VdWContact': 1, 'UNL:THR:VdWContact': 1, 'UNL:TRP:VdWContact': 1}","{'UNL:GLN:VdWContact': 1, 'UNL:GLU:VdWContact': 1, 'UNL:HIS:HBAcceptor': 1, 'UNL:HIS:VdWContact': 2, 'UNL:ILE:Hydrophobic': 3, 'UNL:ILE:VdWContact': 1, 'UNL:LEU:Hydrophobic': 1, 'UNL:PHE:Hydrophobic': 2, 'UNL:PHE:VdWContact': 1, 'UNL:PRO:Hydrophobic': 1, 'UNL:THR:Hydrophobic': 1, 'UNL:TRP:Hydrophobic': 2, 'UNL:TRP:VdWContact': 1}"
97,DiffDock-L,1KZK_JE2,0.4666666666666667,0.8133333333333334,"{'UNL:ALA:VdWContact': 1, 'UNL:ASP:HBDonor': 1, 'UNL:ASP:Hydrophobic': 2, 'UNL:ASP:VdWContact': 4, 'UNL:GLY:HBDonor': 2, 'UNL:GLY:VdWContact': 4, 'UNL:ILE:Hydrophobic': 4, 'UNL:ILE:VdWContact': 4, 'UNL:LEU:VdWContact': 1, 'UNL:PRO:VdWContact': 1, 'UNL:VAL:Hydrophobic': 2, 'UNL:VAL:VdWContact': 2}","{'UNL:ALA:Hydrophobic': 2, 'UNL:ASP:Hydrophobic': 3, 'UNL:ASP:VdWContact': 4, 'UNL:GLY:HBDonor': 1, 'UNL:GLY:VdWContact': 3, 'UNL:ILE:Hydrophobic': 6, 'UNL:LEU:Hydrophobic': 3, 'UNL:PRO:Hydrophobic': 2, 'UNL:PRO:VdWContact': 1, 'UNL:VAL:Hydrophobic': 4}"
98,DiffDock-L,1N2J_PAF,0.6666666666666667,0.7333333333333333,"{'UNL:GLN:HBAcceptor': 2, 'UNL:GLN:VdWContact': 2, 'UNL:MET:VdWContact': 1, 'UNL:VAL:VdWContact': 1}","{'UNL:GLN:HBAcceptor': 2, 'UNL:GLN:VdWContact': 2, 'UNL:MET:Hydrophobic': 1, 'UNL:MET:VdWContact': 1, 'UNL:PHE:Hydrophobic': 1, 'UNL:PRO:Hydrophobic': 1, 'UNL:PRO:VdWContact': 1, 'UNL:VAL:Hydrophobic': 2, 'UNL:VAL:VdWContact': 1}"
99,DiffDock-L,1MEH_MOA,0.38888888888888895,0.8444444444444444,"{'UNL:ALA:VdWContact': 1, 'UNL:ARG:HBAcceptor': 1, 'UNL:ARG:VdWContact': 1, 'UNL:ASP:HBDonor': 1, 'UNL:ASP:VdWContact': 1, 'UNL:CYS:Hydrophobic': 1, 'UNL:CYS:VdWContact': 1, 'UNL:GLY:VdWContact': 3, 'UNL:ILE:VdWContact': 1, 'UNL:LEU:VdWContact': 1, 'UNL:MET:Hydrophobic': 1, 'UNL:SER:HBAcceptor': 1, 'UNL:SER:VdWContact': 2, 'UNL:TYR:VdWContact': 1}","{'UNL:ASP:VdWContact': 1, 'UNL:GLU:Hydrophobic': 1, 'UNL:GLU:VdWContact': 1, 'UNL:GLY:HBAcceptor': 1, 'UNL:GLY:VdWContact': 1, 'UNL:ILE:VdWContact': 1, 'UNL:SER:HBAcceptor': 1, 'UNL:SER:HBDonor': 1, 'UNL:SER:VdWContact': 2}"
100,DiffDock-L,2BSM_BSM,0.24999999999999997,0.9,"{'UNL:ALA:VdWContact': 1, 'UNL:ASN:Hydrophobic': 1, 'UNL:ASN:VdWContact': 1, 'UNL:ASP:VdWContact': 1, 'UNL:GLY:HBDonor': 1, 'UNL:GLY:VdWContact': 2, 'UNL:LYS:HBAcceptor': 1, 'UNL:LYS:VdWContact': 2, 'UNL:MET:Hydrophobic': 1, 'UNL:PHE:VdWContact': 1, 'UNL:THR:HBDonor': 1, 'UNL:THR:VdWContact': 1, 'UNL:VAL:VdWContact': 1}","{'UNL:ALA:Hydrophobic': 1, 'UNL:ASN:Hydrophobic': 1, 'UNL:ASN:VdWContact': 1, 'UNL:ASP:HBDonor': 1, 'UNL:ASP:Hydrophobic': 1, 'UNL:ASP:VdWContact': 1, 'UNL:GLY:HBDonor': 1, 'UNL:GLY:VdWContact': 2, 'UNL:ILE:Hydrophobic': 1, 'UNL:LYS:VdWContact': 1, 'UNL:MET:Hydrophobic': 1, 'UNL:PHE:VdWContact': 1, 'UNL:SER:VdWContact': 1, 'UNL:THR:HBDonor': 1, 'UNL:THR:Hydrophobic': 2, 'UNL:THR:VdWContact': 1, 'UNL:VAL:Hydrophobic': 1, 'UNL:VAL:VdWContact': 1}"
101,DiffDock-L,1V48_HA1,0.20000000000000004,0.9199999999999999,"{'UNL:ALA:HBAcceptor': 1, 'UNL:ALA:VdWContact': 1, 'UNL:ARG:HBAcceptor': 1, 'UNL:ARG:VdWContact': 1, 'UNL:ASN:HBAcceptor': 1, 'UNL:ASN:VdWContact': 2, 'UNL:GLU:HBDonor': 1, 'UNL:GLU:VdWContact': 1, 'UNL:GLY:VdWContact': 2, 'UNL:HIS:VdWContact': 1, 'UNL:SER:HBAcceptor': 1, 'UNL:SER:HBDonor': 1, 'UNL:SER:VdWContact': 2, 'UNL:THR:VdWContact': 1, 'UNL:VAL:VdWContact': 1}","{'UNL:ALA:HBAcceptor': 1, 'UNL:ALA:Hydrophobic': 1, 'UNL:ALA:VdWContact': 1, 'UNL:ARG:HBAcceptor': 1, 'UNL:ARG:VdWContact': 1, 'UNL:ASN:HBAcceptor': 1, 'UNL:ASN:VdWContact': 2, 'UNL:GLU:HBDonor': 1, 'UNL:GLU:VdWContact': 1, 'UNL:HIS:VdWContact': 1, 'UNL:MET:Hydrophobic': 1, 'UNL:PHE:Hydrophobic': 1, 'UNL:PHE:VdWContact': 1, 'UNL:SER:HBAcceptor': 1, 'UNL:SER:HBDonor': 1, 'UNL:SER:VdWContact': 2, 'UNL:VAL:Hydrophobic': 1, 'UNL:VAL:VdWContact': 1}"
102,DiffDock-L,1L7F_BCZ,0.7857142857142857,0.6857142857142857,"{'UNL:ARG:HBAcceptor': 3, 'UNL:ARG:HBDonor': 2, 'UNL:ARG:VdWContact': 6, 'UNL:ASP:VdWContact': 1, 'UNL:GLU:VdWContact': 2, 'UNL:TRP:VdWContact': 1, 'UNL:TYR:VdWContact': 1}","{'UNL:ALA:Hydrophobic': 1, 'UNL:ARG:HBAcceptor': 4, 'UNL:ARG:HBDonor': 1, 'UNL:ARG:Hydrophobic': 2, 'UNL:ARG:VdWContact': 4, 'UNL:ASP:VdWContact': 1, 'UNL:GLU:HBDonor': 1, 'UNL:GLU:Hydrophobic': 1, 'UNL:GLU:VdWContact': 3, 'UNL:ILE:Hydrophobic': 1, 'UNL:TRP:HBDonor': 1, 'UNL:TRP:Hydrophobic': 1, 'UNL:TRP:VdWContact': 1, 'UNL:TYR:VdWContact': 1}"
103,DiffDock-L,1JD0_AZM,0.3,0.88,"{'UNL:HIS:HBDonor': 1, 'UNL:HIS:VdWContact': 2, 'UNL:LEU:VdWContact': 1, 'UNL:THR:HBAcceptor': 1, 'UNL:THR:HBDonor': 1, 'UNL:THR:VdWContact': 2, 'UNL:VAL:VdWContact': 1}","{'UNL:GLN:Hydrophobic': 1, 'UNL:HIS:HBDonor': 2, 'UNL:HIS:VdWContact': 1, 'UNL:LEU:Hydrophobic': 1, 'UNL:LEU:VdWContact': 1, 'UNL:THR:HBAcceptor': 1, 'UNL:THR:HBDonor': 1, 'UNL:THR:VdWContact': 2, 'UNL:VAL:Hydrophobic': 1, 'UNL:VAL:VdWContact': 1}"
104,DiffDock-L,1S19_MC9,0.4347826086956522,0.8260869565217391,"{'UNL:ALA:VdWContact': 1, 'UNL:ARG:Hydrophobic': 1, 'UNL:ARG:VdWContact': 1, 'UNL:HIS:HBAcceptor': 1, 'UNL:HIS:HBDonor': 1, 'UNL:HIS:VdWContact': 2, 'UNL:ILE:VdWContact': 1, 'UNL:LEU:Hydrophobic': 2, 'UNL:LEU:VdWContact': 1, 'UNL:SER:VdWContact': 3, 'UNL:TRP:VdWContact': 1, 'UNL:TYR:HBAcceptor': 1, 'UNL:TYR:VdWContact': 2, 'UNL:VAL:Hydrophobic': 1, 'UNL:VAL:VdWContact': 2}","{'UNL:ALA:Hydrophobic': 1, 'UNL:ALA:VdWContact': 1, 'UNL:ARG:HBAcceptor': 1, 'UNL:ARG:VdWContact': 1, 'UNL:CYS:VdWContact': 1, 'UNL:HIS:HBAcceptor': 2, 'UNL:HIS:HBDonor': 1, 'UNL:HIS:VdWContact': 2, 'UNL:ILE:Hydrophobic': 2, 'UNL:LEU:Hydrophobic': 6, 'UNL:MET:Hydrophobic': 1, 'UNL:PHE:Hydrophobic': 1, 'UNL:SER:VdWContact': 3, 'UNL:TRP:Hydrophobic': 1, 'UNL:TRP:VdWContact': 1, 'UNL:TYR:Hydrophobic': 2, 'UNL:TYR:VdWContact': 1, 'UNL:VAL:Hydrophobic': 2, 'UNL:VAL:VdWContact': 1}"
105,DiffDock-L,1LPZ_CMB,0.1578947368421053,0.9368421052631579,"{'UNL:ALA:VdWContact': 1, 'UNL:ARG:VdWContact': 1, 'UNL:ASP:HBDonor': 1, 'UNL:ASP:VdWContact': 1, 'UNL:CYS:VdWContact': 1, 'UNL:GLN:Hydrophobic': 1, 'UNL:GLN:VdWContact': 1, 'UNL:GLU:Hydrophobic': 1, 'UNL:GLY:VdWContact': 2, 'UNL:PHE:Hydrophobic': 1, 'UNL:PHE:VdWContact': 1, 'UNL:SER:VdWContact': 1, 'UNL:TRP:Hydrophobic': 1, 'UNL:TYR:Hydrophobic': 1}","{'UNL:ALA:Hydrophobic': 1, 'UNL:ARG:VdWContact': 1, 'UNL:ASP:HBDonor': 1, 'UNL:ASP:VdWContact': 1, 'UNL:CYS:VdWContact': 1, 'UNL:GLN:Hydrophobic': 1, 'UNL:GLN:VdWContact': 1, 'UNL:GLU:Hydrophobic': 1, 'UNL:GLY:HBDonor': 1, 'UNL:GLY:VdWContact': 3, 'UNL:PHE:Hydrophobic': 1, 'UNL:TRP:Hydrophobic': 1, 'UNL:TRP:VdWContact': 1, 'UNL:TYR:Hydrophobic': 1, 'UNL:TYR:VdWContact': 1, 'UNL:VAL:Hydrophobic': 1}"
106,DiffDock-L,1X8X_TYR,0.5,0.8,"{'UNL:ASP:HBDonor': 1, 'UNL:ASP:VdWContact': 3, 'UNL:GLN:HBDonor': 1, 'UNL:GLN:Hydrophobic': 1, 'UNL:GLN:VdWContact': 3, 'UNL:GLY:VdWContact': 1, 'UNL:LEU:VdWContact': 1, 'UNL:TYR:VdWContact': 1}","{'UNL:ASP:HBDonor': 2, 'UNL:ASP:Hydrophobic': 1, 'UNL:ASP:VdWContact': 3, 'UNL:GLN:HBDonor': 2, 'UNL:GLN:Hydrophobic': 1, 'UNL:GLN:VdWContact': 3, 'UNL:GLY:VdWContact': 1, 'UNL:LEU:Hydrophobic': 1, 'UNL:THR:Hydrophobic': 1, 'UNL:TYR:Hydrophobic': 1, 'UNL:TYR:VdWContact': 2}"
107,DiffDock-L,1T46_STI,0.34615384615384603,0.8615384615384616,"{'UNL:ALA:VdWContact': 1, 'UNL:ASP:HBAcceptor': 1, 'UNL:ASP:Hydrophobic': 1, 'UNL:ASP:VdWContact': 1, 'UNL:CYS:Hydrophobic': 1, 'UNL:CYS:VdWContact': 2, 'UNL:GLU:Hydrophobic': 1, 'UNL:GLU:VdWContact': 2, 'UNL:GLY:VdWContact': 1, 'UNL:HIS:VdWContact': 1, 'UNL:LEU:Hydrophobic': 3, 'UNL:LEU:VdWContact': 2, 'UNL:LYS:Hydrophobic': 1, 'UNL:LYS:VdWContact': 1, 'UNL:PHE:VdWContact': 1, 'UNL:THR:VdWContact': 1, 'UNL:VAL:Hydrophobic': 1, 'UNL:VAL:VdWContact': 3}","{'UNL:ALA:Hydrophobic': 1, 'UNL:ARG:VdWContact': 1, 'UNL:ASP:HBAcceptor': 1, 'UNL:ASP:Hydrophobic': 1, 'UNL:ASP:VdWContact': 1, 'UNL:CYS:HBAcceptor': 1, 'UNL:CYS:Hydrophobic': 1, 'UNL:CYS:VdWContact': 2, 'UNL:GLU:Hydrophobic': 1, 'UNL:GLU:VdWContact': 1, 'UNL:HIS:VdWContact': 1, 'UNL:ILE:VdWContact': 1, 'UNL:LEU:Hydrophobic': 4, 'UNL:LEU:VdWContact': 1, 'UNL:LYS:Hydrophobic': 1, 'UNL:LYS:VdWContact': 1, 'UNL:PHE:Hydrophobic': 1, 'UNL:PHE:VdWContact': 1, 'UNL:THR:HBDonor': 1, 'UNL:THR:Hydrophobic': 1, 'UNL:THR:VdWContact': 1, 'UNL:TYR:Hydrophobic': 1, 'UNL:VAL:Hydrophobic': 4}"
108,DiffDock-L,1IG3_VIB,,0.0,,
109,DiffDock-L,1SQ5_PAU,0.5714285714285714,0.7714285714285715,"{'UNL:ASN:VdWContact': 1, 'UNL:ASP:VdWContact': 1, 'UNL:GLY:VdWContact': 1, 'UNL:LYS:VdWContact': 1, 'UNL:TYR:VdWContact': 1, 'UNL:VAL:VdWContact': 1}","{'UNL:ASN:HBAcceptor': 1, 'UNL:ASN:HBDonor': 1, 'UNL:ASN:VdWContact': 1, 'UNL:ASP:VdWContact': 1, 'UNL:GLY:VdWContact': 1, 'UNL:HIS:HBAcceptor': 1, 'UNL:HIS:VdWContact': 1, 'UNL:ILE:Hydrophobic': 1, 'UNL:LEU:Hydrophobic': 2, 'UNL:LEU:VdWContact': 1, 'UNL:LYS:VdWContact': 1, 'UNL:TYR:VdWContact': 1, 'UNL:VAL:Hydrophobic': 1}"
110,DiffDock-L,1Q4G_BFL,,0.0,,
111,DiffDock-L,1OYT_FSN,0.25,0.9,"{'UNL:ASN:VdWContact': 1, 'UNL:ASP:HBDonor': 1, 'UNL:ASP:VdWContact': 1, 'UNL:GLY:HBAcceptor': 1, 'UNL:GLY:VdWContact': 2, 'UNL:HIS:VdWContact': 1, 'UNL:LEU:Hydrophobic': 1, 'UNL:LEU:VdWContact': 1, 'UNL:SER:VdWContact': 1, 'UNL:TRP:Hydrophobic': 1, 'UNL:TRP:VdWContact': 2}","{'UNL:ALA:VdWContact': 1, 'UNL:ASN:VdWContact': 1, 'UNL:ASP:HBDonor': 1, 'UNL:ASP:VdWContact': 1, 'UNL:GLU:Hydrophobic': 1, 'UNL:GLY:HBAcceptor': 1, 'UNL:GLY:HBDonor': 1, 'UNL:GLY:VdWContact': 2, 'UNL:HIS:VdWContact': 1, 'UNL:ILE:Hydrophobic': 1, 'UNL:LEU:Hydrophobic': 1, 'UNL:SER:VdWContact': 1, 'UNL:TRP:Hydrophobic': 2, 'UNL:TRP:VdWContact': 1, 'UNL:VAL:Hydrophobic': 1}"
112,DiffDock-L,1UNL_RRC,0.4736842105263158,0.8105263157894737,"{'UNL:ALA:VdWContact': 1, 'UNL:ASP:VdWContact': 2, 'UNL:CYS:HBDonor': 1, 'UNL:CYS:VdWContact': 1, 'UNL:GLN:VdWContact': 2, 'UNL:GLU:VdWContact': 1, 'UNL:GLY:VdWContact': 1, 'UNL:ILE:Hydrophobic': 1, 'UNL:ILE:VdWContact': 1, 'UNL:LYS:Hydrophobic': 1, 'UNL:LYS:VdWContact': 1, 'UNL:PHE:VdWContact': 1, 'UNL:VAL:VdWContact': 1}","{'UNL:ALA:Hydrophobic': 2, 'UNL:ALA:VdWContact': 1, 'UNL:ASP:VdWContact': 1, 'UNL:CYS:HBAcceptor': 1, 'UNL:CYS:HBDonor': 1, 'UNL:CYS:VdWContact': 1, 'UNL:GLN:HBDonor': 1, 'UNL:GLN:VdWContact': 2, 'UNL:GLU:VdWContact': 2, 'UNL:ILE:Hydrophobic': 1, 'UNL:ILE:VdWContact': 1, 'UNL:LEU:Hydrophobic': 1, 'UNL:LYS:Hydrophobic': 2, 'UNL:PHE:Hydrophobic': 2, 'UNL:PHE:VdWContact': 1, 'UNL:VAL:Hydrophobic': 2, 'UNL:VAL:VdWContact': 2}"
113,DiffDock-L,1U1C_BAU,0.35294117647058826,0.8588235294117648,"{'UNL:ARG:VdWContact': 1, 'UNL:GLN:HBAcceptor': 1, 'UNL:GLN:HBDonor': 1, 'UNL:GLN:VdWContact': 1, 'UNL:GLU:VdWContact': 1, 'UNL:HIS:HBDonor': 1, 'UNL:HIS:VdWContact': 1, 'UNL:ILE:Hydrophobic': 1, 'UNL:PHE:Hydrophobic': 1, 'UNL:PHE:VdWContact': 1, 'UNL:VAL:VdWContact': 1}","{'UNL:ARG:HBAcceptor': 1, 'UNL:ARG:VdWContact': 1, 'UNL:GLN:HBAcceptor': 1, 'UNL:GLN:HBDonor': 1, 'UNL:GLN:VdWContact': 1, 'UNL:GLU:VdWContact': 1, 'UNL:HIS:HBDonor': 1, 'UNL:HIS:VdWContact': 1, 'UNL:ILE:Hydrophobic': 1, 'UNL:ILE:VdWContact': 1, 'UNL:MET:VdWContact': 1, 'UNL:PHE:Hydrophobic': 2, 'UNL:PHE:VdWContact': 1, 'UNL:PRO:Hydrophobic': 1, 'UNL:THR:VdWContact': 1, 'UNL:VAL:Hydrophobic': 1}"
114,DiffDock-L,1K3U_IAD,1.0,0.6,"{'UNL:ASP:HBDonor': 1, 'UNL:ASP:VdWContact': 1, 'UNL:GLY:VdWContact': 2, 'UNL:ILE:Hydrophobic': 1, 'UNL:ILE:VdWContact': 1, 'UNL:LEU:Hydrophobic': 1, 'UNL:LEU:VdWContact': 1, 'UNL:PHE:Hydrophobic': 1, 'UNL:SER:HBAcceptor': 1, 'UNL:SER:VdWContact': 1, 'UNL:TYR:VdWContact': 1}","{'UNL:ALA:Hydrophobic': 2, 'UNL:ASP:HBDonor': 1, 'UNL:ASP:VdWContact': 1, 'UNL:GLY:HBAcceptor': 3, 'UNL:GLY:HBDonor': 1, 'UNL:GLY:VdWContact': 4, 'UNL:ILE:HBAcceptor': 1, 'UNL:ILE:Hydrophobic': 3, 'UNL:ILE:VdWContact': 3, 'UNL:LEU:Hydrophobic': 2, 'UNL:PHE:HBAcceptor': 1, 'UNL:PHE:HBDonor': 1, 'UNL:PHE:Hydrophobic': 2, 'UNL:PHE:VdWContact': 2, 'UNL:SER:HBAcceptor': 1, 'UNL:SER:VdWContact': 1, 'UNL:THR:Hydrophobic': 1, 'UNL:THR:VdWContact': 1, 'UNL:TYR:Hydrophobic': 1, 'UNL:TYR:VdWContact': 1}"
115,DiffDock-L,1G9V_RQ3,,0.0,,
116,DiffDock-L,1YV3_BIT,,0.0,,
117,DiffDock-L,1IA1_TQ3,0.1875,0.925,"{'UNL:ALA:VdWContact': 1, 'UNL:GLU:VdWContact': 1, 'UNL:ILE:Hydrophobic': 1, 'UNL:ILE:VdWContact': 2, 'UNL:LYS:Hydrophobic': 1, 'UNL:LYS:VdWContact': 1, 'UNL:MET:Hydrophobic': 1, 'UNL:MET:VdWContact': 1, 'UNL:PHE:Hydrophobic': 1, 'UNL:PHE:VdWContact': 2, 'UNL:PRO:VdWContact': 1}","{'UNL:ALA:Hydrophobic': 1, 'UNL:GLU:HBDonor': 1, 'UNL:GLU:VdWContact': 1, 'UNL:ILE:HBDonor': 1, 'UNL:ILE:Hydrophobic': 4, 'UNL:ILE:VdWContact': 3, 'UNL:LEU:Hydrophobic': 1, 'UNL:MET:Hydrophobic': 1, 'UNL:MET:VdWContact': 1, 'UNL:PHE:Hydrophobic': 1, 'UNL:THR:Hydrophobic': 1}"
118,DiffDock-L,1Q1G_MTI,0.09523809523809529,0.9619047619047619,"{'UNL:ARG:HBAcceptor': 1, 'UNL:ARG:VdWContact': 1, 'UNL:ASP:VdWContact': 1, 'UNL:CYS:HBDonor': 1, 'UNL:CYS:VdWContact': 1, 'UNL:GLU:HBDonor': 1, 'UNL:GLU:VdWContact': 2, 'UNL:GLY:VdWContact': 1, 'UNL:HIS:VdWContact': 1, 'UNL:MET:Hydrophobic': 1, 'UNL:MET:VdWContact': 1, 'UNL:SER:VdWContact': 1, 'UNL:TYR:Hydrophobic': 1, 'UNL:TYR:VdWContact': 1, 'UNL:VAL:Hydrophobic': 1, 'UNL:VAL:VdWContact': 2}","{'UNL:ASP:HBDonor': 1, 'UNL:ASP:VdWContact': 1, 'UNL:CYS:VdWContact': 1, 'UNL:GLU:HBDonor': 1, 'UNL:GLU:Hydrophobic': 1, 'UNL:GLU:VdWContact': 2, 'UNL:GLY:VdWContact': 1, 'UNL:MET:HBAcceptor': 1, 'UNL:MET:Hydrophobic': 1, 'UNL:MET:VdWContact': 1, 'UNL:SER:VdWContact': 1, 'UNL:TRP:Hydrophobic': 1, 'UNL:TRP:VdWContact': 1, 'UNL:TYR:Hydrophobic': 1, 'UNL:TYR:VdWContact': 1, 'UNL:VAL:Hydrophobic': 3, 'UNL:VAL:VdWContact': 1}"
119,DiffDock-L,1R1H_BIR,0.6315789473684211,0.7473684210526316,"{'UNL:ALA:VdWContact': 1, 'UNL:ARG:VdWContact': 1, 'UNL:ASN:HBAcceptor': 1, 'UNL:ASN:HBDonor': 1, 'UNL:ASN:Hydrophobic': 1, 'UNL:ASN:VdWContact': 1, 'UNL:GLU:VdWContact': 1, 'UNL:HIS:VdWContact': 2, 'UNL:TRP:VdWContact': 1}","{'UNL:ALA:Hydrophobic': 1, 'UNL:ALA:VdWContact': 1, 'UNL:ARG:HBAcceptor': 1, 'UNL:ARG:VdWContact': 1, 'UNL:ASN:HBAcceptor': 1, 'UNL:ASN:HBDonor': 1, 'UNL:ASN:VdWContact': 1, 'UNL:GLU:HBDonor': 1, 'UNL:GLU:VdWContact': 1, 'UNL:HIS:Hydrophobic': 1, 'UNL:HIS:VdWContact': 2, 'UNL:MET:Hydrophobic': 1, 'UNL:PHE:Hydrophobic': 3, 'UNL:PHE:VdWContact': 1, 'UNL:TRP:Hydrophobic': 1, 'UNL:TRP:VdWContact': 1, 'UNL:VAL:Hydrophobic': 2, 'UNL:VAL:VdWContact': 1}"
120,DiffDock-L,1YVF_PH7,0.13043478260869573,0.9478260869565217,"{'UNL:ALA:VdWContact': 1, 'UNL:ARG:Hydrophobic': 1, 'UNL:ARG:VdWContact': 2, 'UNL:ILE:Hydrophobic': 1, 'UNL:ILE:VdWContact': 1, 'UNL:LEU:Hydrophobic': 1, 'UNL:LEU:VdWContact': 1, 'UNL:MET:Hydrophobic': 1, 'UNL:MET:VdWContact': 1, 'UNL:SER:VdWContact': 1, 'UNL:TRP:Hydrophobic': 1, 'UNL:TRP:VdWContact': 1, 'UNL:TYR:HBAcceptor': 1, 'UNL:TYR:VdWContact': 1}","{'UNL:ARG:Hydrophobic': 1, 'UNL:ASN:Hydrophobic': 1, 'UNL:ASN:VdWContact': 1, 'UNL:CYS:Hydrophobic': 1, 'UNL:CYS:VdWContact': 1, 'UNL:GLN:VdWContact': 1, 'UNL:LEU:Hydrophobic': 1, 'UNL:MET:Hydrophobic': 1, 'UNL:MET:VdWContact': 1, 'UNL:PHE:Hydrophobic': 1, 'UNL:PRO:Hydrophobic': 1, 'UNL:PRO:VdWContact': 1, 'UNL:SER:VdWContact': 2, 'UNL:TYR:HBAcceptor': 1, 'UNL:TYR:Hydrophobic': 2, 'UNL:TYR:VdWContact': 1}"
121,DiffDock-L,1YQY_915,0.29999999999999993,0.88,"{'UNL:GLU:VdWContact': 2, 'UNL:GLY:HBAcceptor': 1, 'UNL:GLY:HBDonor': 1, 'UNL:GLY:VdWContact': 1, 'UNL:HIS:HBAcceptor': 1, 'UNL:HIS:Hydrophobic': 1, 'UNL:HIS:VdWContact': 1, 'UNL:LEU:Hydrophobic': 1, 'UNL:LEU:VdWContact': 1, 'UNL:LYS:HBAcceptor': 1, 'UNL:LYS:Hydrophobic': 1, 'UNL:LYS:VdWContact': 1, 'UNL:SER:VdWContact': 1, 'UNL:TYR:Hydrophobic': 1, 'UNL:TYR:VdWContact': 1, 'UNL:VAL:VdWContact': 1}","{'UNL:ASP:Hydrophobic': 1, 'UNL:GLU:VdWContact': 3, 'UNL:GLY:HBAcceptor': 1, 'UNL:GLY:HBDonor': 1, 'UNL:GLY:VdWContact': 1, 'UNL:HIS:HBAcceptor': 1, 'UNL:HIS:HBDonor': 1, 'UNL:HIS:Hydrophobic': 1, 'UNL:HIS:VdWContact': 1, 'UNL:LEU:Hydrophobic': 2, 'UNL:LEU:VdWContact': 2, 'UNL:LYS:Hydrophobic': 1, 'UNL:SER:VdWContact': 1, 'UNL:TYR:HBDonor': 1, 'UNL:TYR:Hydrophobic': 1, 'UNL:TYR:VdWContact': 1, 'UNL:VAL:Hydrophobic': 2, 'UNL:VAL:VdWContact': 1}"
122,DiffDock-L,1HWW_SWA,0.5454545454545454,0.7818181818181819,"{'UNL:ARG:VdWContact': 1, 'UNL:ASP:VdWContact': 3, 'UNL:HIS:VdWContact': 2, 'UNL:PHE:VdWContact': 1, 'UNL:TRP:VdWContact': 2, 'UNL:TYR:VdWContact': 2}","{'UNL:ARG:VdWContact': 1, 'UNL:ASP:HBDonor': 1, 'UNL:ASP:VdWContact': 3, 'UNL:HIS:VdWContact': 1, 'UNL:PHE:Hydrophobic': 1, 'UNL:PHE:VdWContact': 1, 'UNL:TRP:HBDonor': 1, 'UNL:TRP:Hydrophobic': 1, 'UNL:TRP:VdWContact': 2, 'UNL:TYR:Hydrophobic': 1, 'UNL:TYR:VdWContact': 2}"
123,DiffDock-L,1T40_ID5,1.277777777777778,0.4888888888888888,"{'UNL:TRP:VdWContact': 1, 'UNL:TYR:VdWContact': 1, 'UNL:VAL:VdWContact': 1}","{'UNL:CYS:Hydrophobic': 1, 'UNL:CYS:VdWContact': 2, 'UNL:HIS:HBAcceptor': 1, 'UNL:HIS:HBDonor': 1, 'UNL:HIS:VdWContact': 1, 'UNL:LEU:HBAcceptor': 1, 'UNL:LEU:Hydrophobic': 1, 'UNL:LEU:VdWContact': 1, 'UNL:PHE:Hydrophobic': 2, 'UNL:THR:Hydrophobic': 1, 'UNL:THR:VdWContact': 1, 'UNL:TRP:HBAcceptor': 1, 'UNL:TRP:Hydrophobic': 4, 'UNL:TRP:VdWContact': 2, 'UNL:TYR:Hydrophobic': 2, 'UNL:TYR:VdWContact': 2, 'UNL:VAL:Hydrophobic': 1, 'UNL:VAL:VdWContact': 1}"
124,DiffDock-L,1GKC_NFH,,0.0,,
125,DiffDock-L,1N1M_A3M,0.7,0.72,"{'UNL:ASN:HBAcceptor': 1, 'UNL:ASN:VdWContact': 1, 'UNL:GLU:HBDonor': 2, 'UNL:GLU:VdWContact': 2, 'UNL:SER:VdWContact': 1, 'UNL:TYR:VdWContact': 3}","{'UNL:ASN:HBAcceptor': 1, 'UNL:ASN:VdWContact': 1, 'UNL:GLU:HBDonor': 2, 'UNL:GLU:VdWContact': 2, 'UNL:PHE:Hydrophobic': 1, 'UNL:SER:VdWContact': 1, 'UNL:TRP:Hydrophobic': 1, 'UNL:TYR:Hydrophobic': 3, 'UNL:TYR:VdWContact': 3, 'UNL:VAL:Hydrophobic': 2}"
126,DiffDock-L,1Z95_198,0.3125,0.875,"{'UNL:ARG:HBAcceptor': 1, 'UNL:ARG:VdWContact': 1, 'UNL:ASN:VdWContact': 1, 'UNL:ILE:Hydrophobic': 1, 'UNL:ILE:VdWContact': 1, 'UNL:LEU:HBDonor': 1, 'UNL:LEU:Hydrophobic': 3, 'UNL:LEU:VdWContact': 2, 'UNL:MET:Hydrophobic': 3, 'UNL:MET:VdWContact': 4, 'UNL:PHE:VdWContact': 1, 'UNL:THR:VdWContact': 1}","{'UNL:ARG:VdWContact': 1, 'UNL:ASN:VdWContact': 1, 'UNL:GLY:VdWContact': 1, 'UNL:ILE:Hydrophobic': 2, 'UNL:ILE:VdWContact': 1, 'UNL:LEU:HBDonor': 1, 'UNL:LEU:Hydrophobic': 4, 'UNL:LEU:VdWContact': 2, 'UNL:MET:Hydrophobic': 3, 'UNL:MET:VdWContact': 3, 'UNL:PHE:Hydrophobic': 2, 'UNL:PHE:VdWContact': 1, 'UNL:THR:Hydrophobic': 1, 'UNL:THR:VdWContact': 1, 'UNL:VAL:Hydrophobic': 1}"
127,DiffDock-L,1HP0_AD3,0.6,0.76,"{'UNL:ASN:HBAcceptor': 2, 'UNL:ASN:VdWContact': 2, 'UNL:ASP:VdWContact': 3, 'UNL:GLU:VdWContact': 1, 'UNL:MET:VdWContact': 1, 'UNL:TRP:Hydrophobic': 1}","{'UNL:ASN:HBAcceptor': 2, 'UNL:ASN:Hydrophobic': 1, 'UNL:ASN:VdWContact': 3, 'UNL:ASP:VdWContact': 3, 'UNL:GLU:VdWContact': 1, 'UNL:MET:VdWContact': 1, 'UNL:THR:VdWContact': 1, 'UNL:TRP:Hydrophobic': 2, 'UNL:TRP:VdWContact': 1, 'UNL:TYR:VdWContact': 1}"
128,DiffDock-L,1OF1_SCT,0.25,0.9,"{'UNL:ALA:VdWContact': 1, 'UNL:GLN:HBAcceptor': 1, 'UNL:GLN:HBDonor': 1, 'UNL:GLN:VdWContact': 1, 'UNL:GLU:VdWContact': 2, 'UNL:HIS:HBDonor': 1, 'UNL:HIS:VdWContact': 1, 'UNL:ILE:Hydrophobic': 1, 'UNL:ILE:VdWContact': 1, 'UNL:MET:Hydrophobic': 1, 'UNL:MET:VdWContact': 1, 'UNL:TYR:HBAcceptor': 1, 'UNL:TYR:Hydrophobic': 1, 'UNL:TYR:VdWContact': 2}","{'UNL:ALA:Hydrophobic': 2, 'UNL:ALA:VdWContact': 1, 'UNL:ARG:HBAcceptor': 1, 'UNL:ARG:HBDonor': 1, 'UNL:ARG:VdWContact': 1, 'UNL:GLN:HBAcceptor': 1, 'UNL:GLN:HBDonor': 1, 'UNL:GLN:VdWContact': 1, 'UNL:GLU:VdWContact': 2, 'UNL:HIS:Hydrophobic': 1, 'UNL:HIS:VdWContact': 1, 'UNL:ILE:Hydrophobic': 2, 'UNL:MET:Hydrophobic': 1, 'UNL:TRP:Hydrophobic': 1, 'UNL:TYR:Hydrophobic': 2, 'UNL:TYR:VdWContact': 2}"
129,DiffDock-L,1SJ0_E4D,0.3749999999999999,0.8500000000000001,"{'UNL:ALA:VdWContact': 1, 'UNL:ARG:HBAcceptor': 1, 'UNL:ARG:VdWContact': 1, 'UNL:ASP:VdWContact': 1, 'UNL:CYS:VdWContact': 1, 'UNL:GLU:VdWContact': 1, 'UNL:GLY:VdWContact': 1, 'UNL:HIS:VdWContact': 1, 'UNL:ILE:Hydrophobic': 1, 'UNL:ILE:VdWContact': 1, 'UNL:LEU:Hydrophobic': 4, 'UNL:LEU:VdWContact': 4, 'UNL:MET:Hydrophobic': 1, 'UNL:MET:VdWContact': 1, 'UNL:PHE:VdWContact': 1, 'UNL:THR:VdWContact': 1, 'UNL:TRP:VdWContact': 1}","{'UNL:ALA:Hydrophobic': 1, 'UNL:ARG:HBAcceptor': 1, 'UNL:ARG:VdWContact': 1, 'UNL:ASP:VdWContact': 1, 'UNL:CYS:Hydrophobic': 1, 'UNL:CYS:VdWContact': 1, 'UNL:GLU:VdWContact': 1, 'UNL:HIS:HBDonor': 1, 'UNL:HIS:Hydrophobic': 1, 'UNL:HIS:VdWContact': 1, 'UNL:ILE:Hydrophobic': 1, 'UNL:LEU:HBDonor': 1, 'UNL:LEU:Hydrophobic': 7, 'UNL:LEU:VdWContact': 3, 'UNL:MET:Hydrophobic': 3, 'UNL:MET:VdWContact': 1, 'UNL:PHE:Hydrophobic': 1, 'UNL:THR:VdWContact': 1, 'UNL:TRP:Hydrophobic': 1, 'UNL:TRP:VdWContact': 1}"
130,DiffDock-L,1U4D_DBQ,0.0,1.0,"{'UNL:ALA:HBAcceptor': 1, 'UNL:ALA:VdWContact': 2, 'UNL:ASP:HBDonor': 1, 'UNL:ASP:VdWContact': 1, 'UNL:GLU:HBDonor': 1, 'UNL:GLU:VdWContact': 1, 'UNL:GLY:VdWContact': 1, 'UNL:LEU:Hydrophobic': 1, 'UNL:LEU:VdWContact': 1, 'UNL:THR:VdWContact': 1, 'UNL:VAL:Hydrophobic': 1}","{'UNL:ALA:HBAcceptor': 1, 'UNL:ALA:Hydrophobic': 1, 'UNL:ALA:VdWContact': 1, 'UNL:ASP:HBDonor': 1, 'UNL:ASP:VdWContact': 1, 'UNL:GLU:HBDonor': 1, 'UNL:GLU:VdWContact': 1, 'UNL:LEU:Hydrophobic': 2, 'UNL:LEU:VdWContact': 1, 'UNL:LYS:VdWContact': 1, 'UNL:VAL:Hydrophobic': 1}"
131,DiffDock-L,1Q41_IXM,0.16666666666666674,0.9333333333333333,"{'UNL:ALA:VdWContact': 1, 'UNL:ARG:VdWContact': 1, 'UNL:ASP:HBDonor': 1, 'UNL:ASP:VdWContact': 1, 'UNL:CYS:Hydrophobic': 1, 'UNL:LEU:Hydrophobic': 1, 'UNL:LEU:VdWContact': 1, 'UNL:LYS:Hydrophobic': 1, 'UNL:PRO:VdWContact': 1, 'UNL:TYR:VdWContact': 1, 'UNL:VAL:HBAcceptor': 1, 'UNL:VAL:HBDonor': 1, 'UNL:VAL:VdWContact': 1}","{'UNL:ALA:Hydrophobic': 1, 'UNL:ASP:HBDonor': 1, 'UNL:ASP:VdWContact': 1, 'UNL:CYS:Hydrophobic': 1, 'UNL:ILE:Hydrophobic': 1, 'UNL:LEU:Hydrophobic': 2, 'UNL:PRO:VdWContact': 1, 'UNL:THR:Hydrophobic': 1, 'UNL:TYR:Hydrophobic': 1, 'UNL:TYR:VdWContact': 1, 'UNL:VAL:HBAcceptor': 1, 'UNL:VAL:HBDonor': 1, 'UNL:VAL:Hydrophobic': 2, 'UNL:VAL:VdWContact': 1}"
132,DiffDock-L,1OWE_675,0.16666666666666657,0.9333333333333333,"{'UNL:ASP:HBDonor': 1, 'UNL:ASP:VdWContact': 1, 'UNL:CYS:VdWContact': 1, 'UNL:GLN:Hydrophobic': 1, 'UNL:GLN:VdWContact': 1, 'UNL:GLY:HBDonor': 1, 'UNL:GLY:VdWContact': 1, 'UNL:HIS:HBDonor': 1, 'UNL:HIS:Hydrophobic': 1, 'UNL:HIS:VdWContact': 2, 'UNL:SER:VdWContact': 2}","{'UNL:ASP:HBDonor': 1, 'UNL:ASP:VdWContact': 1, 'UNL:GLN:Hydrophobic': 1, 'UNL:GLN:VdWContact': 1, 'UNL:GLY:HBDonor': 1, 'UNL:GLY:VdWContact': 1, 'UNL:HIS:Hydrophobic': 1, 'UNL:HIS:VdWContact': 1, 'UNL:SER:VdWContact': 2, 'UNL:VAL:Hydrophobic': 1}"
133,DiffDock-L,1OQ5_CEL,0.33333333333333326,0.8666666666666667,"{'UNL:ASN:Hydrophobic': 1, 'UNL:ASN:VdWContact': 1, 'UNL:GLN:Hydrophobic': 1, 'UNL:GLN:VdWContact': 1, 'UNL:HIS:HBDonor': 1, 'UNL:HIS:VdWContact': 2, 'UNL:LEU:Hydrophobic': 1, 'UNL:PRO:VdWContact': 1, 'UNL:THR:HBAcceptor': 1, 'UNL:THR:HBDonor': 1, 'UNL:THR:VdWContact': 2, 'UNL:VAL:VdWContact': 2}","{'UNL:ASN:Hydrophobic': 1, 'UNL:ASN:VdWContact': 1, 'UNL:GLN:Hydrophobic': 1, 'UNL:GLN:VdWContact': 1, 'UNL:GLU:Hydrophobic': 1, 'UNL:GLU:VdWContact': 1, 'UNL:HIS:HBDonor': 1, 'UNL:HIS:VdWContact': 1, 'UNL:LEU:Hydrophobic': 1, 'UNL:LEU:VdWContact': 1, 'UNL:PHE:Hydrophobic': 1, 'UNL:THR:HBAcceptor': 1, 'UNL:THR:HBDonor': 1, 'UNL:THR:Hydrophobic': 1, 'UNL:THR:VdWContact': 2, 'UNL:VAL:Hydrophobic': 1}"
134,DiffDock-L,1SG0_STL,0.25,0.9,"{'UNL:ALA:VdWContact': 1, 'UNL:ARG:Hydrophobic': 1, 'UNL:ILE:Hydrophobic': 1, 'UNL:ILE:VdWContact': 1, 'UNL:LEU:Hydrophobic': 1, 'UNL:LEU:VdWContact': 1, 'UNL:PRO:VdWContact': 1, 'UNL:SER:VdWContact': 1, 'UNL:TRP:VdWContact': 1}","{'UNL:ASN:HBAcceptor': 1, 'UNL:ASN:VdWContact': 1, 'UNL:GLY:HBDonor': 1, 'UNL:GLY:VdWContact': 1, 'UNL:PHE:Hydrophobic': 3, 'UNL:PHE:VdWContact': 2, 'UNL:TRP:Hydrophobic': 1, 'UNL:TRP:VdWContact': 1}"
135,DiffDock-L,2BR1_PFP,0.3846153846153846,0.8461538461538461,"{'UNL:ALA:VdWContact': 1, 'UNL:CYS:HBAcceptor': 1, 'UNL:CYS:VdWContact': 1, 'UNL:GLU:Hydrophobic': 1, 'UNL:GLU:VdWContact': 2, 'UNL:GLY:VdWContact': 2, 'UNL:LEU:Hydrophobic': 2, 'UNL:LEU:VdWContact': 3, 'UNL:SER:VdWContact': 1, 'UNL:VAL:Hydrophobic': 1}","{'UNL:ALA:Hydrophobic': 1, 'UNL:ALA:VdWContact': 1, 'UNL:CYS:HBAcceptor': 1, 'UNL:CYS:Hydrophobic': 1, 'UNL:CYS:VdWContact': 1, 'UNL:GLU:Hydrophobic': 1, 'UNL:GLU:VdWContact': 2, 'UNL:LEU:Hydrophobic': 2, 'UNL:LEU:VdWContact': 1, 'UNL:SER:VdWContact': 1, 'UNL:TYR:Hydrophobic': 1, 'UNL:VAL:Hydrophobic': 1}"
136,DiffDock-L,1UOU_CMU,0.5,0.8,"{'UNL:ARG:HBAcceptor': 1, 'UNL:ARG:VdWContact': 1, 'UNL:ILE:VdWContact': 1, 'UNL:LYS:HBAcceptor': 1, 'UNL:LYS:VdWContact': 1, 'UNL:SER:HBDonor': 1, 'UNL:SER:VdWContact': 2, 'UNL:THR:VdWContact': 1, 'UNL:TYR:VdWContact': 1}","{'UNL:ARG:HBAcceptor': 1, 'UNL:ARG:VdWContact': 2, 'UNL:GLY:VdWContact': 1, 'UNL:HIS:HBDonor': 1, 'UNL:HIS:VdWContact': 1, 'UNL:ILE:Hydrophobic': 2, 'UNL:LEU:Hydrophobic': 1, 'UNL:LEU:VdWContact': 1, 'UNL:LYS:VdWContact': 1, 'UNL:SER:HBDonor': 1, 'UNL:SER:VdWContact': 2, 'UNL:THR:VdWContact': 2, 'UNL:TYR:Hydrophobic': 1, 'UNL:TYR:VdWContact': 1}"
137,DiffDock-L,1TZ8_DES,1.0,0.6,"{'UNL:ALA:VdWContact': 1, 'UNL:LEU:Hydrophobic': 1, 'UNL:LEU:VdWContact': 2, 'UNL:LYS:Hydrophobic': 2, 'UNL:LYS:VdWContact': 2}","{'UNL:ALA:Hydrophobic': 2, 'UNL:LEU:Hydrophobic': 4, 'UNL:LEU:VdWContact': 2, 'UNL:LYS:Hydrophobic': 2, 'UNL:LYS:VdWContact': 1, 'UNL:SER:HBAcceptor': 2, 'UNL:SER:HBDonor': 1, 'UNL:SER:VdWContact': 2, 'UNL:THR:Hydrophobic': 2}"
138,DiffDock-L,1R9O_FLP,,0.0,,
139,DiffDock-L,1P2Y_NCT,,0.0,,
140,DiffDock-L,1V0P_PVB,0.10526315789473684,0.9578947368421052,"{'UNL:ALA:VdWContact': 2, 'UNL:ASP:VdWContact': 2, 'UNL:GLN:VdWContact': 1, 'UNL:GLU:VdWContact': 2, 'UNL:GLY:VdWContact': 2, 'UNL:HIS:VdWContact': 1, 'UNL:ILE:Hydrophobic': 1, 'UNL:LEU:HBAcceptor': 1, 'UNL:LEU:HBDonor': 1, 'UNL:LEU:VdWContact': 2, 'UNL:LYS:HBAcceptor': 1, 'UNL:LYS:Hydrophobic': 1, 'UNL:LYS:VdWContact': 1, 'UNL:PHE:VdWContact': 1, 'UNL:VAL:VdWContact': 2}","{'UNL:ALA:Hydrophobic': 2, 'UNL:ALA:VdWContact': 2, 'UNL:GLN:VdWContact': 1, 'UNL:GLU:VdWContact': 1, 'UNL:GLY:VdWContact': 2, 'UNL:ILE:Hydrophobic': 1, 'UNL:LEU:HBAcceptor': 1, 'UNL:LEU:HBDonor': 1, 'UNL:LEU:Hydrophobic': 1, 'UNL:LEU:VdWContact': 2, 'UNL:PHE:Hydrophobic': 1, 'UNL:VAL:Hydrophobic': 2, 'UNL:VAL:VdWContact': 2}"
141,DiffDock-L,1XOZ_CIA,0.3125,0.875,"{'UNL:GLN:HBDonor': 1, 'UNL:GLN:Hydrophobic': 1, 'UNL:GLN:VdWContact': 2, 'UNL:ILE:VdWContact': 1, 'UNL:LEU:VdWContact': 2, 'UNL:MET:Hydrophobic': 1, 'UNL:MET:VdWContact': 1, 'UNL:PHE:Hydrophobic': 1, 'UNL:PHE:VdWContact': 1, 'UNL:TYR:VdWContact': 1, 'UNL:VAL:Hydrophobic': 1, 'UNL:VAL:VdWContact': 1}","{'UNL:ALA:Hydrophobic': 2, 'UNL:GLN:HBDonor': 1, 'UNL:GLN:Hydrophobic': 1, 'UNL:GLN:VdWContact': 2, 'UNL:ILE:Hydrophobic': 2, 'UNL:ILE:VdWContact': 1, 'UNL:LEU:Hydrophobic': 1, 'UNL:LEU:VdWContact': 1, 'UNL:MET:Hydrophobic': 1, 'UNL:MET:VdWContact': 1, 'UNL:PHE:Hydrophobic': 2, 'UNL:PHE:VdWContact': 1, 'UNL:TYR:Hydrophobic': 1, 'UNL:VAL:Hydrophobic': 1, 'UNL:VAL:VdWContact': 1}"
142,DiffDock-L,1R55_097,0.5333333333333332,0.7866666666666667,"{'UNL:ALA:HBDonor': 2, 'UNL:ALA:VdWContact': 3, 'UNL:GLU:VdWContact': 1, 'UNL:GLY:HBDonor': 1, 'UNL:GLY:VdWContact': 1, 'UNL:HIS:VdWContact': 3, 'UNL:THR:HBAcceptor': 1, 'UNL:THR:VdWContact': 2, 'UNL:VAL:HBAcceptor': 1, 'UNL:VAL:VdWContact': 1}","{'UNL:ALA:HBDonor': 2, 'UNL:ALA:Hydrophobic': 2, 'UNL:ALA:VdWContact': 2, 'UNL:GLU:VdWContact': 1, 'UNL:GLY:HBDonor': 1, 'UNL:GLY:VdWContact': 1, 'UNL:HIS:HBAcceptor': 1, 'UNL:HIS:Hydrophobic': 1, 'UNL:HIS:VdWContact': 3, 'UNL:THR:HBAcceptor': 1, 'UNL:THR:Hydrophobic': 2, 'UNL:THR:VdWContact': 2, 'UNL:VAL:HBAcceptor': 1, 'UNL:VAL:Hydrophobic': 1, 'UNL:VAL:VdWContact': 1}"
143,DiffDock-L,1YWR_LI9,,0.0,,
144,DiffDock-L,1HQ2_PH2,0.29411764705882354,0.8823529411764706,"{'UNL:ASN:HBDonor': 1, 'UNL:ASN:VdWContact': 1, 'UNL:ASP:VdWContact': 1, 'UNL:LEU:HBAcceptor': 1, 'UNL:LEU:HBDonor': 1, 'UNL:LEU:VdWContact': 1, 'UNL:PRO:HBDonor': 1, 'UNL:PRO:VdWContact': 1, 'UNL:THR:HBDonor': 1, 'UNL:THR:VdWContact': 1, 'UNL:TRP:VdWContact': 1}","{'UNL:ASN:HBAcceptor': 1, 'UNL:ASN:HBDonor': 1, 'UNL:ASN:VdWContact': 1, 'UNL:ASP:VdWContact': 1, 'UNL:LEU:HBAcceptor': 1, 'UNL:LEU:HBDonor': 1, 'UNL:LEU:Hydrophobic': 1, 'UNL:LEU:VdWContact': 1, 'UNL:PHE:Hydrophobic': 1, 'UNL:PHE:VdWContact': 1, 'UNL:PRO:HBDonor': 1, 'UNL:PRO:VdWContact': 1, 'UNL:THR:HBDonor': 1, 'UNL:THR:VdWContact': 1, 'UNL:TYR:Hydrophobic': 1, 'UNL:TYR:VdWContact': 1}"
145,DiffDock-L,1MZC_BNE,0.6153846153846154,0.7538461538461538,"{'UNL:ARG:VdWContact': 1, 'UNL:ASP:VdWContact': 1, 'UNL:CYS:VdWContact': 1, 'UNL:HIS:VdWContact': 1, 'UNL:TRP:Hydrophobic': 1, 'UNL:TRP:VdWContact': 2, 'UNL:TYR:VdWContact': 2}","{'UNL:ALA:Hydrophobic': 1, 'UNL:ARG:HBAcceptor': 1, 'UNL:ARG:VdWContact': 1, 'UNL:ASP:VdWContact': 1, 'UNL:CYS:HBAcceptor': 1, 'UNL:CYS:VdWContact': 1, 'UNL:LEU:Hydrophobic': 1, 'UNL:SER:VdWContact': 1, 'UNL:TRP:Hydrophobic': 3, 'UNL:TRP:VdWContact': 2, 'UNL:TYR:Hydrophobic': 2, 'UNL:TYR:VdWContact': 2}"
146,DiffDock-L,1V4S_MRK,0.2962962962962964,0.8814814814814814,"{'UNL:ASN:HBDonor': 1, 'UNL:ASN:Hydrophobic': 1, 'UNL:ASN:VdWContact': 3, 'UNL:ASP:VdWContact': 1, 'UNL:GLN:VdWContact': 1, 'UNL:GLU:Hydrophobic': 1, 'UNL:GLU:VdWContact': 2, 'UNL:GLY:VdWContact': 1, 'UNL:LYS:Hydrophobic': 1, 'UNL:LYS:VdWContact': 1, 'UNL:PRO:VdWContact': 1, 'UNL:THR:VdWContact': 1}","{'UNL:ALA:Hydrophobic': 1, 'UNL:ARG:HBAcceptor': 1, 'UNL:ARG:HBDonor': 1, 'UNL:ARG:Hydrophobic': 1, 'UNL:ARG:VdWContact': 1, 'UNL:GLU:Hydrophobic': 1, 'UNL:ILE:Hydrophobic': 2, 'UNL:MET:Hydrophobic': 2, 'UNL:MET:VdWContact': 1, 'UNL:PRO:Hydrophobic': 1, 'UNL:THR:HBAcceptor': 1, 'UNL:THR:Hydrophobic': 1, 'UNL:THR:VdWContact': 1, 'UNL:TYR:HBDonor': 1, 'UNL:TYR:Hydrophobic': 2, 'UNL:TYR:VdWContact': 2, 'UNL:VAL:Hydrophobic': 3}"
147,DiffDock-L,1NAV_IH5,0.3125,0.875,"{'UNL:ALA:VdWContact': 1, 'UNL:GLY:VdWContact': 1, 'UNL:HIS:HBAcceptor': 1, 'UNL:HIS:VdWContact': 1, 'UNL:LEU:Hydrophobic': 2, 'UNL:LEU:VdWContact': 2, 'UNL:MET:Hydrophobic': 3, 'UNL:MET:VdWContact': 3, 'UNL:PHE:Hydrophobic': 1, 'UNL:PHE:VdWContact': 2, 'UNL:SER:HBAcceptor': 1, 'UNL:SER:VdWContact': 1}","{'UNL:ALA:Hydrophobic': 2, 'UNL:GLY:VdWContact': 1, 'UNL:HIS:HBAcceptor': 1, 'UNL:HIS:VdWContact': 1, 'UNL:ILE:Hydrophobic': 1, 'UNL:ILE:VdWContact': 1, 'UNL:LEU:Hydrophobic': 3, 'UNL:LEU:VdWContact': 2, 'UNL:MET:Hydrophobic': 3, 'UNL:MET:VdWContact': 2, 'UNL:PHE:Hydrophobic': 3, 'UNL:PHE:VdWContact': 1, 'UNL:SER:HBAcceptor': 1, 'UNL:SER:VdWContact': 1, 'UNL:THR:Hydrophobic': 1}"
148,DiffDock-L,1JJE_BYS,0.4,0.84,"{'UNL:ASN:Hydrophobic': 1, 'UNL:ASP:VdWContact': 1, 'UNL:GLU:VdWContact': 1, 'UNL:HIS:HBAcceptor': 1, 'UNL:HIS:Hydrophobic': 1, 'UNL:HIS:VdWContact': 3, 'UNL:LYS:HBAcceptor': 1, 'UNL:LYS:VdWContact': 1, 'UNL:TRP:Hydrophobic': 1, 'UNL:TRP:VdWContact': 1, 'UNL:VAL:VdWContact': 1}","{'UNL:ASN:HBAcceptor': 1, 'UNL:ASN:Hydrophobic': 1, 'UNL:ASN:VdWContact': 1, 'UNL:ASP:Hydrophobic': 1, 'UNL:ASP:VdWContact': 1, 'UNL:CYS:VdWContact': 1, 'UNL:GLY:VdWContact': 1, 'UNL:HIS:HBDonor': 1, 'UNL:HIS:Hydrophobic': 2, 'UNL:HIS:VdWContact': 3, 'UNL:LYS:HBDonor': 1, 'UNL:LYS:VdWContact': 1, 'UNL:PHE:Hydrophobic': 1, 'UNL:TRP:Hydrophobic': 1, 'UNL:TRP:VdWContact': 1, 'UNL:VAL:Hydrophobic': 2, 'UNL:VAL:VdWContact': 1}"
149,DiffDock-L,1GM8_SOX,0.3846153846153847,0.8461538461538461,"{'UNL:ALA:HBAcceptor': 1, 'UNL:ALA:VdWContact': 1, 'UNL:MET:Hydrophobic': 1, 'UNL:PHE:Hydrophobic': 2, 'UNL:PHE:VdWContact': 3, 'UNL:PRO:VdWContact': 1, 'UNL:SER:VdWContact': 2}","{'UNL:ALA:Hydrophobic': 1, 'UNL:ALA:VdWContact': 1, 'UNL:GLN:VdWContact': 1, 'UNL:ILE:Hydrophobic': 1, 'UNL:ILE:VdWContact': 1, 'UNL:LEU:Hydrophobic': 1, 'UNL:MET:Hydrophobic': 1, 'UNL:PHE:Hydrophobic': 3, 'UNL:PHE:VdWContact': 3, 'UNL:PRO:Hydrophobic': 1, 'UNL:SER:VdWContact': 2}"
150,DiffDock-L,1J3J_CP6,0.0625,0.975,"{'UNL:ASN:VdWContact': 1, 'UNL:ASP:HBDonor': 1, 'UNL:ASP:VdWContact': 1, 'UNL:CYS:VdWContact': 1, 'UNL:ILE:HBDonor': 2, 'UNL:ILE:Hydrophobic': 2, 'UNL:ILE:VdWContact': 3, 'UNL:MET:Hydrophobic': 1, 'UNL:MET:VdWContact': 1, 'UNL:PHE:Hydrophobic': 1, 'UNL:PHE:VdWContact': 1, 'UNL:THR:VdWContact': 1, 'UNL:TYR:VdWContact': 1}","{'UNL:ALA:Hydrophobic': 1, 'UNL:ASN:Hydrophobic': 1, 'UNL:ASN:VdWContact': 1, 'UNL:ASP:HBDonor': 1, 'UNL:ASP:VdWContact': 1, 'UNL:CYS:VdWContact': 1, 'UNL:ILE:HBDonor': 2, 'UNL:ILE:Hydrophobic': 2, 'UNL:ILE:VdWContact': 2, 'UNL:LEU:Hydrophobic': 1, 'UNL:MET:Hydrophobic': 1, 'UNL:PHE:Hydrophobic': 1, 'UNL:PHE:VdWContact': 1}"
151,DiffDock-L,1T9B_1CS,,0.0,,
152,DiffDock-L,1PMN_984,,0.0,,
153,DiffDock-L,1N2V_BDI,0.24999999999999994,0.9,"{'UNL:ASP:HBDonor': 1, 'UNL:ASP:VdWContact': 2, 'UNL:GLN:HBAcceptor': 1, 'UNL:GLN:VdWContact': 1, 'UNL:GLY:VdWContact': 2, 'UNL:MET:Hydrophobic': 1, 'UNL:MET:VdWContact': 1, 'UNL:TYR:Hydrophobic': 1, 'UNL:TYR:VdWContact': 1}","{'UNL:ALA:Hydrophobic': 1, 'UNL:ASP:HBDonor': 1, 'UNL:ASP:VdWContact': 1, 'UNL:CYS:Hydrophobic': 1, 'UNL:GLN:HBAcceptor': 1, 'UNL:GLN:VdWContact': 1, 'UNL:GLY:HBAcceptor': 1, 'UNL:GLY:VdWContact': 2, 'UNL:MET:Hydrophobic': 1, 'UNL:TYR:Hydrophobic': 1, 'UNL:TYR:VdWContact': 1}"
154,DiffDock-L,1GPK_HUP,,0.0,,
155,DiffDock-L,1W1P_GIO,0.5833333333333333,0.7666666666666667,"{'UNL:GLU:VdWContact': 1, 'UNL:MET:VdWContact': 1, 'UNL:PHE:VdWContact': 1, 'UNL:TRP:HBAcceptor': 1, 'UNL:TRP:VdWContact': 2, 'UNL:TYR:VdWContact': 1}","{'UNL:ALA:Hydrophobic': 1, 'UNL:ASP:Hydrophobic': 1, 'UNL:GLU:VdWContact': 1, 'UNL:MET:Hydrophobic': 1, 'UNL:MET:VdWContact': 1, 'UNL:PHE:Hydrophobic': 1, 'UNL:PHE:VdWContact': 1, 'UNL:TRP:HBAcceptor': 1, 'UNL:TRP:Hydrophobic': 1, 'UNL:TRP:VdWContact': 2, 'UNL:TYR:Hydrophobic': 1, 'UNL:TYR:VdWContact': 2}"
156,DiffDock-L,1OF6_DTY,,0.0,,
157,DiffDock-L,1S3V_TQD,0.1538461538461539,0.9384615384615385,"{'UNL:ALA:VdWContact': 1, 'UNL:ASN:VdWContact': 1, 'UNL:GLU:HBDonor': 1, 'UNL:GLU:VdWContact': 1, 'UNL:ILE:HBDonor': 1, 'UNL:ILE:Hydrophobic': 1, 'UNL:ILE:VdWContact': 1, 'UNL:LEU:VdWContact': 2, 'UNL:PHE:Hydrophobic': 1, 'UNL:PHE:VdWContact': 2, 'UNL:VAL:VdWContact': 1}","{'UNL:GLU:HBDonor': 1, 'UNL:GLU:VdWContact': 1, 'UNL:ILE:HBDonor': 1, 'UNL:ILE:Hydrophobic': 1, 'UNL:ILE:VdWContact': 1, 'UNL:PHE:Hydrophobic': 2, 'UNL:PHE:VdWContact': 1, 'UNL:PRO:Hydrophobic': 1, 'UNL:SER:VdWContact': 1, 'UNL:VAL:VdWContact': 1}"
158,DiffDock-L,1Y6B_AAX,,0.0,,
159,DiffDock-L,1L2S_STC,,0.0,,
160,DiffDock-L,1W2G_THM,0.4285714285714286,0.8285714285714285,"{'UNL:ARG:HBAcceptor': 1, 'UNL:ARG:VdWContact': 1, 'UNL:ASN:HBDonor': 1, 'UNL:ASN:VdWContact': 1, 'UNL:ASP:HBDonor': 1, 'UNL:ASP:VdWContact': 1, 'UNL:PHE:Hydrophobic': 1, 'UNL:TYR:HBAcceptor': 1, 'UNL:TYR:VdWContact': 2}","{'UNL:ARG:HBAcceptor': 1, 'UNL:ARG:Hydrophobic': 1, 'UNL:ARG:VdWContact': 1, 'UNL:ASN:HBDonor': 1, 'UNL:ASN:Hydrophobic': 1, 'UNL:ASN:VdWContact': 1, 'UNL:ASP:VdWContact': 1, 'UNL:PHE:Hydrophobic': 2, 'UNL:PRO:Hydrophobic': 1, 'UNL:PRO:VdWContact': 1, 'UNL:TYR:Hydrophobic': 2, 'UNL:TYR:VdWContact': 3}"
161,DiffDock-L,1TOW_CRZ,0.7333333333333333,0.7066666666666667,"{'UNL:ARG:VdWContact': 1, 'UNL:ASP:Hydrophobic': 1, 'UNL:ASP:VdWContact': 1, 'UNL:MET:Hydrophobic': 1, 'UNL:PHE:VdWContact': 1, 'UNL:TYR:VdWContact': 1}","{'UNL:ALA:Hydrophobic': 3, 'UNL:ARG:HBAcceptor': 1, 'UNL:ARG:HBDonor': 1, 'UNL:ARG:VdWContact': 1, 'UNL:ASP:Hydrophobic': 1, 'UNL:CYS:VdWContact': 1, 'UNL:ILE:Hydrophobic': 1, 'UNL:MET:Hydrophobic': 1, 'UNL:PHE:Hydrophobic': 2, 'UNL:PHE:VdWContact': 1, 'UNL:PRO:Hydrophobic': 1, 'UNL:PRO:VdWContact': 1, 'UNL:TYR:VdWContact': 1, 'UNL:VAL:Hydrophobic': 1}"
162,DiffDock-L,1XM6_5RM,0.4,0.84,"{'UNL:ASN:VdWContact': 1, 'UNL:GLN:HBAcceptor': 1, 'UNL:GLN:VdWContact': 1, 'UNL:ILE:Hydrophobic': 1, 'UNL:ILE:VdWContact': 1, 'UNL:LEU:VdWContact': 1, 'UNL:MET:Hydrophobic': 2, 'UNL:MET:VdWContact': 2, 'UNL:PHE:VdWContact': 1, 'UNL:SER:VdWContact': 1, 'UNL:TYR:VdWContact': 1}","{'UNL:ASN:VdWContact': 1, 'UNL:GLN:HBAcceptor': 1, 'UNL:GLN:VdWContact': 1, 'UNL:ILE:Hydrophobic': 1, 'UNL:ILE:VdWContact': 1, 'UNL:LEU:Hydrophobic': 2, 'UNL:LEU:VdWContact': 1, 'UNL:MET:Hydrophobic': 3, 'UNL:MET:VdWContact': 1, 'UNL:PHE:Hydrophobic': 3, 'UNL:PHE:VdWContact': 2, 'UNL:THR:VdWContact': 1, 'UNL:TYR:Hydrophobic': 1}"
163,DiffDock-L,1YGC_905,0.411764705882353,0.8352941176470587,"{'UNL:ASP:HBDonor': 1, 'UNL:ASP:VdWContact': 2, 'UNL:CYS:VdWContact': 2, 'UNL:GLY:VdWContact': 1, 'UNL:HIS:VdWContact': 1, 'UNL:LYS:Hydrophobic': 1, 'UNL:LYS:VdWContact': 1, 'UNL:SER:HBDonor': 1, 'UNL:SER:VdWContact': 2, 'UNL:THR:VdWContact': 2, 'UNL:TRP:Hydrophobic': 1}","{'UNL:ASP:HBDonor': 1, 'UNL:ASP:Hydrophobic': 2, 'UNL:ASP:VdWContact': 2, 'UNL:GLY:HBDonor': 1, 'UNL:GLY:VdWContact': 1, 'UNL:HIS:Hydrophobic': 1, 'UNL:HIS:VdWContact': 1, 'UNL:LYS:Hydrophobic': 1, 'UNL:LYS:VdWContact': 1, 'UNL:SER:HBDonor': 1, 'UNL:SER:VdWContact': 3, 'UNL:THR:Hydrophobic': 1, 'UNL:THR:VdWContact': 1, 'UNL:TRP:Hydrophobic': 1, 'UNL:TRP:VdWContact': 1, 'UNL:VAL:Hydrophobic': 1}"
164,DiffDock-L,1R58_AO5,0.11764705882352941,0.9529411764705882,"{'UNL:ASP:HBDonor': 2, 'UNL:ASP:VdWContact': 2, 'UNL:GLU:HBDonor': 1, 'UNL:GLU:VdWContact': 1, 'UNL:HIS:HBAcceptor': 1, 'UNL:HIS:Hydrophobic': 1, 'UNL:HIS:VdWContact': 2, 'UNL:ILE:Hydrophobic': 1, 'UNL:ILE:VdWContact': 1, 'UNL:PHE:Hydrophobic': 1, 'UNL:PHE:VdWContact': 1, 'UNL:TYR:Hydrophobic': 1, 'UNL:TYR:VdWContact': 1}","{'UNL:ALA:Hydrophobic': 1, 'UNL:ALA:VdWContact': 1, 'UNL:ASP:HBDonor': 2, 'UNL:ASP:VdWContact': 2, 'UNL:GLU:HBDonor': 1, 'UNL:GLU:VdWContact': 1, 'UNL:HIS:HBDonor': 1, 'UNL:HIS:Hydrophobic': 2, 'UNL:HIS:VdWContact': 2, 'UNL:MET:Hydrophobic': 1, 'UNL:PHE:Hydrophobic': 1, 'UNL:PHE:VdWContact': 1, 'UNL:TYR:Hydrophobic': 1, 'UNL:TYR:VdWContact': 1}"
165,DiffDock-L,1HNN_SKF,,0.0,,
166,DiffDock-L,1HVY_D16,0.7999999999999999,0.68,"{'UNL:ASP:VdWContact': 1, 'UNL:ILE:Hydrophobic': 1, 'UNL:ILE:VdWContact': 1, 'UNL:MET:Hydrophobic': 1, 'UNL:PHE:Hydrophobic': 1, 'UNL:PHE:VdWContact': 1}","{'UNL:ALA:Hydrophobic': 1, 'UNL:ALA:VdWContact': 1, 'UNL:ASP:Hydrophobic': 1, 'UNL:ASP:VdWContact': 1, 'UNL:GLU:VdWContact': 1, 'UNL:GLY:VdWContact': 1, 'UNL:ILE:Hydrophobic': 1, 'UNL:ILE:VdWContact': 1, 'UNL:LEU:Hydrophobic': 1, 'UNL:MET:Hydrophobic': 1, 'UNL:MET:VdWContact': 1, 'UNL:PHE:Hydrophobic': 2, 'UNL:PHE:VdWContact': 2, 'UNL:THR:Hydrophobic': 1, 'UNL:TRP:Hydrophobic': 1, 'UNL:TRP:VdWContact': 1, 'UNL:TYR:Hydrophobic': 1, 'UNL:TYR:VdWContact': 1, 'UNL:UMP:Hydrophobic': 1, 'UNL:UMP:VdWContact': 1}"
167,DiffDock-L,1OPK_P16,0.19047619047619047,0.9238095238095239,"{'UNL:ALA:VdWContact': 2, 'UNL:ASP:VdWContact': 1, 'UNL:GLU:VdWContact': 1, 'UNL:GLY:VdWContact': 1, 'UNL:ILE:Hydrophobic': 1, 'UNL:LEU:Hydrophobic': 1, 'UNL:LEU:VdWContact': 1, 'UNL:LYS:Hydrophobic': 1, 'UNL:LYS:VdWContact': 1, 'UNL:MET:HBAcceptor': 1, 'UNL:MET:HBDonor': 1, 'UNL:MET:Hydrophobic': 1, 'UNL:MET:VdWContact': 1, 'UNL:THR:VdWContact': 1, 'UNL:VAL:VdWContact': 1}","{'UNL:ALA:Hydrophobic': 1, 'UNL:GLU:VdWContact': 1, 'UNL:ILE:Hydrophobic': 1, 'UNL:LEU:Hydrophobic': 2, 'UNL:LYS:Hydrophobic': 1, 'UNL:MET:HBAcceptor': 1, 'UNL:MET:HBDonor': 1, 'UNL:MET:Hydrophobic': 2, 'UNL:MET:VdWContact': 2, 'UNL:PHE:Hydrophobic': 2, 'UNL:THR:Hydrophobic': 1, 'UNL:THR:VdWContact': 1, 'UNL:TYR:Hydrophobic': 1, 'UNL:TYR:VdWContact': 1, 'UNL:VAL:Hydrophobic': 2}"
168,DiffDock-L,1MMV_3AR,,0.0,,
169,DiffDock-L,1SQN_NDR,0.5,0.8,"{'UNL:ARG:HBAcceptor': 1, 'UNL:ARG:VdWContact': 1, 'UNL:ASN:VdWContact': 1, 'UNL:CYS:VdWContact': 1, 'UNL:GLN:HBAcceptor': 1, 'UNL:GLN:VdWContact': 1, 'UNL:LEU:VdWContact': 4, 'UNL:MET:Hydrophobic': 2, 'UNL:MET:VdWContact': 3, 'UNL:TYR:VdWContact': 1}","{'UNL:ARG:VdWContact': 1, 'UNL:CYS:Hydrophobic': 1, 'UNL:CYS:VdWContact': 1, 'UNL:GLN:HBAcceptor': 1, 'UNL:GLN:VdWContact': 1, 'UNL:LEU:Hydrophobic': 5, 'UNL:LEU:VdWContact': 3, 'UNL:MET:Hydrophobic': 4, 'UNL:MET:VdWContact': 2, 'UNL:PHE:Hydrophobic': 1, 'UNL:TRP:Hydrophobic': 1, 'UNL:TYR:Hydrophobic': 1, 'UNL:TYR:VdWContact': 1, 'UNL:VAL:Hydrophobic': 1}"
170,DynamicBind,2BM2_PM2,,0.0,,
171,DynamicBind,1XOQ_ROF,,0.0,,
172,DynamicBind,1M2Z_DEX,0.391304347826087,0.8434782608695652,"{'UNL:ARG:HBAcceptor': 1, 'UNL:ARG:VdWContact': 1, 'UNL:ASN:VdWContact': 1, 'UNL:CYS:VdWContact': 1, 'UNL:GLN:HBAcceptor': 2, 'UNL:GLN:Hydrophobic': 1, 'UNL:GLN:VdWContact': 2, 'UNL:GLY:VdWContact': 1, 'UNL:LEU:VdWContact': 1, 'UNL:MET:Hydrophobic': 2, 'UNL:MET:VdWContact': 4, 'UNL:PHE:VdWContact': 2, 'UNL:THR:HBDonor': 1, 'UNL:THR:VdWContact': 1, 'UNL:TYR:VdWContact': 1}","{'UNL:ALA:Hydrophobic': 1, 'UNL:ARG:HBAcceptor': 1, 'UNL:ARG:VdWContact': 1, 'UNL:ASN:HBAcceptor': 1, 'UNL:ASN:VdWContact': 1, 'UNL:CYS:Hydrophobic': 1, 'UNL:CYS:VdWContact': 1, 'UNL:GLN:HBAcceptor': 1, 'UNL:GLN:HBDonor': 1, 'UNL:GLN:Hydrophobic': 1, 'UNL:GLN:VdWContact': 2, 'UNL:GLY:VdWContact': 1, 'UNL:LEU:Hydrophobic': 4, 'UNL:LEU:VdWContact': 1, 'UNL:MET:Hydrophobic': 3, 'UNL:MET:VdWContact': 1, 'UNL:PHE:Hydrophobic': 1, 'UNL:PHE:VdWContact': 1, 'UNL:TRP:Hydrophobic': 1, 'UNL:TYR:Hydrophobic': 1, 'UNL:TYR:VdWContact': 1}"
173,DynamicBind,1P62_GEO,0.19999999999999996,0.92,"{'UNL:ARG:VdWContact': 1, 'UNL:ASP:VdWContact': 1, 'UNL:GLN:HBAcceptor': 1, 'UNL:GLN:VdWContact': 1, 'UNL:GLU:VdWContact': 1, 'UNL:ILE:VdWContact': 1, 'UNL:PHE:Hydrophobic': 1, 'UNL:PHE:VdWContact': 2, 'UNL:TYR:VdWContact': 1, 'UNL:VAL:VdWContact': 1}","{'UNL:ARG:HBAcceptor': 1, 'UNL:ARG:VdWContact': 1, 'UNL:ASP:HBDonor': 1, 'UNL:ASP:VdWContact': 1, 'UNL:GLN:HBAcceptor': 1, 'UNL:GLN:HBDonor': 1, 'UNL:GLN:VdWContact': 1, 'UNL:GLU:VdWContact': 2, 'UNL:MET:VdWContact': 1, 'UNL:PHE:Hydrophobic': 2, 'UNL:TRP:Hydrophobic': 1, 'UNL:TYR:VdWContact': 1}"
174,DynamicBind,1KE5_LS1,0.5,0.8,"{'UNL:ALA:VdWContact': 1, 'UNL:GLU:HBDonor': 1, 'UNL:GLU:VdWContact': 1, 'UNL:HIS:VdWContact': 1, 'UNL:ILE:Hydrophobic': 1, 'UNL:ILE:VdWContact': 1, 'UNL:LEU:HBAcceptor': 1, 'UNL:LEU:VdWContact': 1, 'UNL:LYS:HBAcceptor': 1, 'UNL:LYS:VdWContact': 1, 'UNL:PHE:Hydrophobic': 1, 'UNL:PHE:VdWContact': 1, 'UNL:VAL:VdWContact': 1}","{'UNL:ALA:Hydrophobic': 2, 'UNL:ASP:HBAcceptor': 1, 'UNL:ASP:Hydrophobic': 1, 'UNL:ASP:VdWContact': 2, 'UNL:GLU:HBDonor': 1, 'UNL:GLU:VdWContact': 1, 'UNL:HIS:VdWContact': 1, 'UNL:ILE:Hydrophobic': 1, 'UNL:ILE:VdWContact': 1, 'UNL:LEU:HBAcceptor': 1, 'UNL:LEU:HBDonor': 1, 'UNL:LEU:Hydrophobic': 1, 'UNL:LEU:VdWContact': 2, 'UNL:LYS:VdWContact': 1, 'UNL:PHE:Hydrophobic': 2, 'UNL:PHE:VdWContact': 2, 'UNL:VAL:Hydrophobic': 2}"
175,DynamicBind,1TT1_KAI,0.7222222222222222,0.7111111111111111,"{'UNL:GLU:Hydrophobic': 1, 'UNL:GLU:VdWContact': 1, 'UNL:LEU:VdWContact': 1, 'UNL:LYS:Hydrophobic': 1, 'UNL:LYS:VdWContact': 1}","{'UNL:ALA:HBAcceptor': 2, 'UNL:ALA:VdWContact': 2, 'UNL:ARG:HBAcceptor': 1, 'UNL:ARG:HBDonor': 1, 'UNL:ARG:VdWContact': 1, 'UNL:GLU:Hydrophobic': 2, 'UNL:GLU:VdWContact': 1, 'UNL:PRO:HBDonor': 1, 'UNL:PRO:VdWContact': 1, 'UNL:THR:HBAcceptor': 1, 'UNL:THR:VdWContact': 1, 'UNL:TYR:Hydrophobic': 1, 'UNL:TYR:VdWContact': 1, 'UNL:VAL:Hydrophobic': 1, 'UNL:VAL:VdWContact': 1}"
176,DynamicBind,1VCJ_IBA,,0.0,,
177,DynamicBind,1HWI_115,0.4,0.84,"{'UNL:ALA:VdWContact': 1, 'UNL:ARG:VdWContact': 2, 'UNL:ASN:VdWContact': 1, 'UNL:ASP:Hydrophobic': 1, 'UNL:ASP:VdWContact': 1, 'UNL:GLN:VdWContact': 1, 'UNL:GLU:Hydrophobic': 1, 'UNL:GLU:VdWContact': 1, 'UNL:GLY:VdWContact': 2, 'UNL:HIS:VdWContact': 1, 'UNL:MET:Hydrophobic': 3, 'UNL:MET:VdWContact': 3, 'UNL:VAL:VdWContact': 1}","{'UNL:ALA:Hydrophobic': 1, 'UNL:ALA:VdWContact': 1, 'UNL:ARG:HBAcceptor': 1, 'UNL:ARG:VdWContact': 1, 'UNL:ASN:HBAcceptor': 1, 'UNL:ASN:VdWContact': 1, 'UNL:ASP:Hydrophobic': 1, 'UNL:ASP:VdWContact': 1, 'UNL:CYS:Hydrophobic': 1, 'UNL:CYS:VdWContact': 1, 'UNL:GLU:VdWContact': 1, 'UNL:GLY:VdWContact': 1, 'UNL:HIS:Hydrophobic': 1, 'UNL:HIS:VdWContact': 1, 'UNL:LEU:Hydrophobic': 4, 'UNL:LEU:VdWContact': 2, 'UNL:LYS:Hydrophobic': 1, 'UNL:LYS:VdWContact': 3, 'UNL:SER:VdWContact': 1, 'UNL:VAL:Hydrophobic': 1, 'UNL:VAL:VdWContact': 1}"
178,DynamicBind,1UML_FR4,0.11764705882352944,0.9529411764705882,"{'UNL:ASP:HBDonor': 2, 'UNL:ASP:VdWContact': 3, 'UNL:GLU:Hydrophobic': 1, 'UNL:GLU:VdWContact': 1, 'UNL:HIS:VdWContact': 1, 'UNL:LEU:VdWContact': 2, 'UNL:MET:Hydrophobic': 1, 'UNL:PHE:VdWContact': 2, 'UNL:THR:VdWContact': 1, 'UNL:VAL:Hydrophobic': 1, 'UNL:VAL:VdWContact': 1}","{'UNL:ASP:HBDonor': 2, 'UNL:ASP:Hydrophobic': 1, 'UNL:ASP:VdWContact': 3, 'UNL:GLY:VdWContact': 1, 'UNL:HIS:Hydrophobic': 1, 'UNL:HIS:VdWContact': 1, 'UNL:LEU:Hydrophobic': 3, 'UNL:LEU:VdWContact': 1, 'UNL:MET:Hydrophobic': 1, 'UNL:PHE:Hydrophobic': 2, 'UNL:THR:Hydrophobic': 1, 'UNL:VAL:Hydrophobic': 1}"
179,DynamicBind,1JLA_TNK,0.33333333333333326,0.8666666666666667,"{'UNL:CYS:Hydrophobic': 1, 'UNL:CYS:VdWContact': 1, 'UNL:HIS:VdWContact': 1, 'UNL:LEU:VdWContact': 1, 'UNL:LYS:HBDonor': 1, 'UNL:LYS:VdWContact': 1, 'UNL:PHE:VdWContact': 1, 'UNL:PRO:VdWContact': 2, 'UNL:TRP:Hydrophobic': 1, 'UNL:TYR:Hydrophobic': 1, 'UNL:TYR:VdWContact': 1, 'UNL:VAL:Hydrophobic': 1}","{'UNL:CYS:Hydrophobic': 1, 'UNL:CYS:VdWContact': 1, 'UNL:GLY:VdWContact': 1, 'UNL:LEU:Hydrophobic': 2, 'UNL:LYS:HBDonor': 1, 'UNL:LYS:Hydrophobic': 1, 'UNL:LYS:VdWContact': 2, 'UNL:PHE:Hydrophobic': 1, 'UNL:PHE:VdWContact': 1, 'UNL:PRO:Hydrophobic': 2, 'UNL:PRO:VdWContact': 1, 'UNL:TRP:Hydrophobic': 1, 'UNL:TRP:VdWContact': 1, 'UNL:TYR:Hydrophobic': 1, 'UNL:TYR:VdWContact': 1, 'UNL:VAL:Hydrophobic': 1}"
180,DynamicBind,1N46_PFA,0.7272727272727273,0.7090909090909091,"{'UNL:ALA:VdWContact': 2, 'UNL:ARG:VdWContact': 1, 'UNL:ASN:HBAcceptor': 1, 'UNL:ASN:VdWContact': 1, 'UNL:HIS:HBAcceptor': 1, 'UNL:HIS:VdWContact': 1, 'UNL:LEU:Hydrophobic': 2, 'UNL:LEU:VdWContact': 1, 'UNL:MET:Hydrophobic': 3, 'UNL:MET:VdWContact': 3, 'UNL:PHE:Hydrophobic': 1, 'UNL:PHE:VdWContact': 1, 'UNL:THR:VdWContact': 1}","{'UNL:ALA:Hydrophobic': 2, 'UNL:ALA:VdWContact': 2, 'UNL:ARG:HBAcceptor': 2, 'UNL:ARG:HBDonor': 1, 'UNL:ARG:Hydrophobic': 1, 'UNL:ARG:VdWContact': 2, 'UNL:ASN:HBAcceptor': 1, 'UNL:ASN:VdWContact': 1, 'UNL:GLY:VdWContact': 1, 'UNL:HIS:HBAcceptor': 1, 'UNL:HIS:HBDonor': 1, 'UNL:HIS:VdWContact': 1, 'UNL:ILE:Hydrophobic': 3, 'UNL:ILE:VdWContact': 1, 'UNL:LEU:Hydrophobic': 3, 'UNL:LEU:VdWContact': 2, 'UNL:MET:Hydrophobic': 3, 'UNL:MET:VdWContact': 2, 'UNL:PHE:Hydrophobic': 3, 'UNL:PHE:VdWContact': 1, 'UNL:THR:Hydrophobic': 1}"
181,DynamicBind,1LRH_NLA,,0.0,,
182,DynamicBind,1KZK_JE2,,0.0,,
183,DynamicBind,1N2J_PAF,,0.0,,
184,DynamicBind,1MEH_MOA,0.14285714285714288,0.9428571428571428,"{'UNL:ASP:Hydrophobic': 1, 'UNL:ASP:VdWContact': 1, 'UNL:CYS:HBAcceptor': 1, 'UNL:CYS:Hydrophobic': 1, 'UNL:CYS:VdWContact': 1, 'UNL:GLU:Hydrophobic': 1, 'UNL:GLU:VdWContact': 1, 'UNL:GLY:HBAcceptor': 1, 'UNL:GLY:VdWContact': 2, 'UNL:SER:VdWContact': 1, 'UNL:THR:VdWContact': 1}","{'UNL:ASP:VdWContact': 1, 'UNL:GLU:Hydrophobic': 1, 'UNL:GLU:VdWContact': 1, 'UNL:GLY:HBAcceptor': 1, 'UNL:GLY:VdWContact': 1, 'UNL:ILE:VdWContact': 1, 'UNL:SER:HBAcceptor': 1, 'UNL:SER:HBDonor': 1, 'UNL:SER:VdWContact': 2}"
185,DynamicBind,2BSM_BSM,0.35,0.86,"{'UNL:ALA:VdWContact': 1, 'UNL:ASN:Hydrophobic': 2, 'UNL:ASN:VdWContact': 1, 'UNL:ASP:VdWContact': 2, 'UNL:GLY:VdWContact': 1, 'UNL:LYS:VdWContact': 1, 'UNL:MET:Hydrophobic': 1, 'UNL:MET:VdWContact': 1, 'UNL:PHE:VdWContact': 1, 'UNL:THR:VdWContact': 1, 'UNL:VAL:VdWContact': 1}","{'UNL:ALA:Hydrophobic': 1, 'UNL:ASN:Hydrophobic': 1, 'UNL:ASN:VdWContact': 1, 'UNL:ASP:HBDonor': 1, 'UNL:ASP:Hydrophobic': 1, 'UNL:ASP:VdWContact': 1, 'UNL:GLY:HBDonor': 1, 'UNL:GLY:VdWContact': 2, 'UNL:ILE:Hydrophobic': 1, 'UNL:LYS:VdWContact': 1, 'UNL:MET:Hydrophobic': 1, 'UNL:PHE:VdWContact': 1, 'UNL:SER:VdWContact': 1, 'UNL:THR:HBDonor': 1, 'UNL:THR:Hydrophobic': 2, 'UNL:THR:VdWContact': 1, 'UNL:VAL:Hydrophobic': 1, 'UNL:VAL:VdWContact': 1}"
186,DynamicBind,1V48_HA1,0.38095238095238093,0.8476190476190476,"{'UNL:ALA:VdWContact': 1, 'UNL:ASN:HBAcceptor': 1, 'UNL:ASN:VdWContact': 1, 'UNL:GLU:HBDonor': 1, 'UNL:GLU:VdWContact': 1, 'UNL:HIS:VdWContact': 1, 'UNL:LEU:VdWContact': 1, 'UNL:MET:VdWContact': 1, 'UNL:PHE:VdWContact': 1, 'UNL:SER:VdWContact': 1, 'UNL:TYR:VdWContact': 1, 'UNL:VAL:VdWContact': 1}","{'UNL:ALA:HBAcceptor': 1, 'UNL:ALA:Hydrophobic': 1, 'UNL:ALA:VdWContact': 1, 'UNL:ARG:HBAcceptor': 1, 'UNL:ARG:VdWContact': 1, 'UNL:ASN:HBAcceptor': 1, 'UNL:ASN:VdWContact': 2, 'UNL:GLU:HBDonor': 1, 'UNL:GLU:VdWContact': 1, 'UNL:HIS:VdWContact': 1, 'UNL:MET:Hydrophobic': 1, 'UNL:PHE:Hydrophobic': 1, 'UNL:PHE:VdWContact': 1, 'UNL:SER:HBAcceptor': 1, 'UNL:SER:HBDonor': 1, 'UNL:SER:VdWContact': 2, 'UNL:VAL:Hydrophobic': 1, 'UNL:VAL:VdWContact': 1}"
187,DynamicBind,1L7F_BCZ,0.6875,0.725,"{'UNL:ARG:HBAcceptor': 2, 'UNL:ARG:HBDonor': 1, 'UNL:ARG:VdWContact': 6, 'UNL:ASN:VdWContact': 1, 'UNL:ASP:VdWContact': 1, 'UNL:GLU:VdWContact': 2, 'UNL:LEU:VdWContact': 1, 'UNL:TRP:VdWContact': 1, 'UNL:TYR:VdWContact': 1}","{'UNL:ALA:Hydrophobic': 1, 'UNL:ARG:HBAcceptor': 4, 'UNL:ARG:HBDonor': 1, 'UNL:ARG:Hydrophobic': 2, 'UNL:ARG:VdWContact': 4, 'UNL:ASP:VdWContact': 1, 'UNL:GLU:HBDonor': 1, 'UNL:GLU:Hydrophobic': 1, 'UNL:GLU:VdWContact': 3, 'UNL:ILE:Hydrophobic': 1, 'UNL:TRP:HBDonor': 1, 'UNL:TRP:Hydrophobic': 1, 'UNL:TRP:VdWContact': 1, 'UNL:TYR:VdWContact': 1}"
188,DynamicBind,1JD0_AZM,0.39999999999999997,0.8400000000000001,"{'UNL:HIS:HBDonor': 1, 'UNL:HIS:VdWContact': 1, 'UNL:LEU:VdWContact': 1, 'UNL:THR:HBAcceptor': 1, 'UNL:THR:HBDonor': 1, 'UNL:THR:VdWContact': 1, 'UNL:VAL:Hydrophobic': 1, 'UNL:VAL:VdWContact': 1}","{'UNL:GLN:Hydrophobic': 1, 'UNL:HIS:HBDonor': 2, 'UNL:HIS:VdWContact': 1, 'UNL:LEU:Hydrophobic': 1, 'UNL:LEU:VdWContact': 1, 'UNL:THR:HBAcceptor': 1, 'UNL:THR:HBDonor': 1, 'UNL:THR:VdWContact': 2, 'UNL:VAL:Hydrophobic': 1, 'UNL:VAL:VdWContact': 1}"
189,DynamicBind,1S19_MC9,,0.0,,
190,DynamicBind,1LPZ_CMB,0.15789473684210525,0.9368421052631579,"{'UNL:ARG:VdWContact': 1, 'UNL:ASP:HBDonor': 1, 'UNL:ASP:VdWContact': 1, 'UNL:GLN:Hydrophobic': 1, 'UNL:GLN:VdWContact': 1, 'UNL:GLU:Hydrophobic': 1, 'UNL:GLU:VdWContact': 1, 'UNL:GLY:VdWContact': 2, 'UNL:PHE:Hydrophobic': 1, 'UNL:SER:VdWContact': 2, 'UNL:THR:VdWContact': 1, 'UNL:TRP:Hydrophobic': 1, 'UNL:TRP:VdWContact': 1, 'UNL:TYR:Hydrophobic': 1, 'UNL:TYR:VdWContact': 1}","{'UNL:ALA:Hydrophobic': 1, 'UNL:ARG:VdWContact': 1, 'UNL:ASP:HBDonor': 1, 'UNL:ASP:VdWContact': 1, 'UNL:CYS:VdWContact': 1, 'UNL:GLN:Hydrophobic': 1, 'UNL:GLN:VdWContact': 1, 'UNL:GLU:Hydrophobic': 1, 'UNL:GLY:HBDonor': 1, 'UNL:GLY:VdWContact': 3, 'UNL:PHE:Hydrophobic': 1, 'UNL:TRP:Hydrophobic': 1, 'UNL:TRP:VdWContact': 1, 'UNL:TYR:Hydrophobic': 1, 'UNL:TYR:VdWContact': 1, 'UNL:VAL:Hydrophobic': 1}"
191,DynamicBind,1X8X_TYR,,0.0,,
192,DynamicBind,1T46_STI,0.5185185185185184,0.7925925925925926,"{'UNL:ALA:VdWContact': 1, 'UNL:ASP:Hydrophobic': 1, 'UNL:CYS:Hydrophobic': 2, 'UNL:CYS:VdWContact': 2, 'UNL:GLU:Hydrophobic': 1, 'UNL:GLU:VdWContact': 2, 'UNL:GLY:VdWContact': 1, 'UNL:HIS:VdWContact': 1, 'UNL:ILE:VdWContact': 1, 'UNL:LEU:Hydrophobic': 1, 'UNL:LYS:Hydrophobic': 1, 'UNL:THR:VdWContact': 1, 'UNL:TYR:VdWContact': 1, 'UNL:VAL:VdWContact': 2}","{'UNL:ALA:Hydrophobic': 1, 'UNL:ARG:VdWContact': 1, 'UNL:ASP:HBAcceptor': 1, 'UNL:ASP:Hydrophobic': 1, 'UNL:ASP:VdWContact': 1, 'UNL:CYS:HBAcceptor': 1, 'UNL:CYS:Hydrophobic': 1, 'UNL:CYS:VdWContact': 2, 'UNL:GLU:Hydrophobic': 1, 'UNL:GLU:VdWContact': 1, 'UNL:HIS:VdWContact': 1, 'UNL:ILE:VdWContact': 1, 'UNL:LEU:Hydrophobic': 4, 'UNL:LEU:VdWContact': 1, 'UNL:LYS:Hydrophobic': 1, 'UNL:LYS:VdWContact': 1, 'UNL:PHE:Hydrophobic': 1, 'UNL:PHE:VdWContact': 1, 'UNL:THR:HBDonor': 1, 'UNL:THR:Hydrophobic': 1, 'UNL:THR:VdWContact': 1, 'UNL:TYR:Hydrophobic': 1, 'UNL:VAL:Hydrophobic': 4}"
193,DynamicBind,1IG3_VIB,0.5,0.8,"{'UNL:ALA:VdWContact': 1, 'UNL:ASN:VdWContact': 1, 'UNL:GLN:VdWContact': 1, 'UNL:SER:VdWContact': 1, 'UNL:THR:VdWContact': 2, 'UNL:VAL:VdWContact': 1}","{'UNL:ASN:Hydrophobic': 1, 'UNL:ASP:HBDonor': 1, 'UNL:ASP:VdWContact': 1, 'UNL:GLN:HBDonor': 1, 'UNL:GLN:Hydrophobic': 1, 'UNL:GLN:VdWContact': 1, 'UNL:LEU:Hydrophobic': 2, 'UNL:SER:VdWContact': 2, 'UNL:THR:Hydrophobic': 1, 'UNL:THR:VdWContact': 2, 'UNL:TRP:Hydrophobic': 1}"
194,DynamicBind,1SQ5_PAU,,0.0,,
195,DynamicBind,1Q4G_BFL,,0.0,,
196,DynamicBind,1OYT_FSN,0.05555555555555555,0.9777777777777777,"{'UNL:ASN:VdWContact': 1, 'UNL:ASP:HBDonor': 1, 'UNL:ASP:VdWContact': 1, 'UNL:GLU:VdWContact': 1, 'UNL:GLY:HBAcceptor': 1, 'UNL:GLY:HBDonor': 1, 'UNL:GLY:VdWContact': 2, 'UNL:HIS:VdWContact': 1, 'UNL:LEU:Hydrophobic': 1, 'UNL:LEU:VdWContact': 1, 'UNL:LYS:VdWContact': 1, 'UNL:SER:VdWContact': 1, 'UNL:TRP:Hydrophobic': 1, 'UNL:TRP:VdWContact': 2}","{'UNL:ALA:VdWContact': 1, 'UNL:ASN:VdWContact': 1, 'UNL:ASP:HBDonor': 1, 'UNL:ASP:VdWContact': 1, 'UNL:GLU:Hydrophobic': 1, 'UNL:GLY:HBAcceptor': 1, 'UNL:GLY:HBDonor': 1, 'UNL:GLY:VdWContact': 2, 'UNL:HIS:VdWContact': 1, 'UNL:ILE:Hydrophobic': 1, 'UNL:LEU:Hydrophobic': 1, 'UNL:SER:VdWContact': 1, 'UNL:TRP:Hydrophobic': 2, 'UNL:TRP:VdWContact': 1, 'UNL:VAL:Hydrophobic': 1}"
197,DynamicBind,1UNL_RRC,,0.0,,
198,DynamicBind,1U1C_BAU,,0.0,,
199,DynamicBind,1K3U_IAD,0.5185185185185184,0.7925925925925926,"{'UNL:ALA:VdWContact': 1, 'UNL:CYS:VdWContact': 1, 'UNL:GLY:HBDonor': 1, 'UNL:GLY:VdWContact': 3, 'UNL:LEU:Hydrophobic': 2, 'UNL:LEU:VdWContact': 2, 'UNL:LYS:HBDonor': 1, 'UNL:LYS:Hydrophobic': 1, 'UNL:LYS:VdWContact': 1, 'UNL:MET:Hydrophobic': 1, 'UNL:PHE:Hydrophobic': 2, 'UNL:PHE:VdWContact': 2, 'UNL:THR:VdWContact': 1}","{'UNL:ALA:Hydrophobic': 2, 'UNL:ASP:HBDonor': 1, 'UNL:ASP:VdWContact': 1, 'UNL:GLY:HBAcceptor': 3, 'UNL:GLY:HBDonor': 1, 'UNL:GLY:VdWContact': 4, 'UNL:ILE:HBAcceptor': 1, 'UNL:ILE:Hydrophobic': 3, 'UNL:ILE:VdWContact': 3, 'UNL:LEU:Hydrophobic': 2, 'UNL:PHE:HBAcceptor': 1, 'UNL:PHE:HBDonor': 1, 'UNL:PHE:Hydrophobic': 2, 'UNL:PHE:VdWContact': 2, 'UNL:SER:HBAcceptor': 1, 'UNL:SER:VdWContact': 1, 'UNL:THR:Hydrophobic': 1, 'UNL:THR:VdWContact': 1, 'UNL:TYR:Hydrophobic': 1, 'UNL:TYR:VdWContact': 1}"
200,DynamicBind,1G9V_RQ3,0.35294117647058826,0.8588235294117648,"{'UNL:GLY:VdWContact': 1, 'UNL:HIS:VdWContact': 1, 'UNL:LEU:Hydrophobic': 2, 'UNL:LEU:VdWContact': 4, 'UNL:PHE:Hydrophobic': 1, 'UNL:PHE:VdWContact': 1, 'UNL:VAL:Hydrophobic': 1, 'UNL:VAL:VdWContact': 1}","{'UNL:ARG:Hydrophobic': 1, 'UNL:ARG:VdWContact': 1, 'UNL:ASN:VdWContact': 1, 'UNL:HIS:Hydrophobic': 1, 'UNL:LEU:Hydrophobic': 2, 'UNL:LYS:Hydrophobic': 1, 'UNL:LYS:VdWContact': 1, 'UNL:PHE:Hydrophobic': 1, 'UNL:PRO:Hydrophobic': 1, 'UNL:TRP:Hydrophobic': 1, 'UNL:TYR:Hydrophobic': 2, 'UNL:VAL:Hydrophobic': 1}"
201,DynamicBind,1YV3_BIT,,0.0,,
202,DynamicBind,1IA1_TQ3,0.5,0.8,"{'UNL:GLU:HBDonor': 1, 'UNL:GLU:VdWContact': 1, 'UNL:ILE:Hydrophobic': 1, 'UNL:ILE:VdWContact': 2, 'UNL:LYS:Hydrophobic': 1, 'UNL:LYS:VdWContact': 1, 'UNL:PHE:Hydrophobic': 2, 'UNL:PHE:VdWContact': 2}","{'UNL:ALA:Hydrophobic': 1, 'UNL:GLU:HBDonor': 1, 'UNL:GLU:VdWContact': 1, 'UNL:ILE:HBDonor': 1, 'UNL:ILE:Hydrophobic': 4, 'UNL:ILE:VdWContact': 3, 'UNL:LEU:Hydrophobic': 1, 'UNL:MET:Hydrophobic': 1, 'UNL:MET:VdWContact': 1, 'UNL:PHE:Hydrophobic': 1, 'UNL:THR:Hydrophobic': 1}"
203,DynamicBind,1Q1G_MTI,0.19047619047619047,0.9238095238095239,"{'UNL:ARG:VdWContact': 1, 'UNL:CYS:Hydrophobic': 1, 'UNL:CYS:VdWContact': 1, 'UNL:GLU:HBDonor': 1, 'UNL:GLU:Hydrophobic': 1, 'UNL:GLU:VdWContact': 1, 'UNL:GLY:VdWContact': 1, 'UNL:HIS:VdWContact': 1, 'UNL:MET:HBAcceptor': 1, 'UNL:MET:Hydrophobic': 1, 'UNL:MET:VdWContact': 1, 'UNL:PRO:VdWContact': 1, 'UNL:SER:VdWContact': 2, 'UNL:TYR:VdWContact': 1, 'UNL:VAL:VdWContact': 1}","{'UNL:ASP:HBDonor': 1, 'UNL:ASP:VdWContact': 1, 'UNL:CYS:VdWContact': 1, 'UNL:GLU:HBDonor': 1, 'UNL:GLU:Hydrophobic': 1, 'UNL:GLU:VdWContact': 2, 'UNL:GLY:VdWContact': 1, 'UNL:MET:HBAcceptor': 1, 'UNL:MET:Hydrophobic': 1, 'UNL:MET:VdWContact': 1, 'UNL:SER:VdWContact': 1, 'UNL:TRP:Hydrophobic': 1, 'UNL:TRP:VdWContact': 1, 'UNL:TYR:Hydrophobic': 1, 'UNL:TYR:VdWContact': 1, 'UNL:VAL:Hydrophobic': 3, 'UNL:VAL:VdWContact': 1}"
204,DynamicBind,1R1H_BIR,0.29999999999999993,0.88,"{'UNL:ALA:VdWContact': 1, 'UNL:ARG:HBAcceptor': 1, 'UNL:ARG:VdWContact': 1, 'UNL:GLU:HBDonor': 1, 'UNL:GLU:VdWContact': 2, 'UNL:HIS:HBAcceptor': 2, 'UNL:HIS:Hydrophobic': 1, 'UNL:HIS:VdWContact': 3, 'UNL:MET:Hydrophobic': 1, 'UNL:MET:VdWContact': 1, 'UNL:PHE:Hydrophobic': 1, 'UNL:PHE:VdWContact': 3, 'UNL:TRP:Hydrophobic': 1, 'UNL:TRP:VdWContact': 1, 'UNL:VAL:Hydrophobic': 2, 'UNL:VAL:VdWContact': 2}","{'UNL:ALA:Hydrophobic': 1, 'UNL:ALA:VdWContact': 1, 'UNL:ARG:HBAcceptor': 1, 'UNL:ARG:VdWContact': 1, 'UNL:ASN:HBAcceptor': 1, 'UNL:ASN:HBDonor': 1, 'UNL:ASN:VdWContact': 1, 'UNL:GLU:HBDonor': 1, 'UNL:GLU:VdWContact': 1, 'UNL:HIS:Hydrophobic': 1, 'UNL:HIS:VdWContact': 2, 'UNL:MET:Hydrophobic': 1, 'UNL:PHE:Hydrophobic': 3, 'UNL:PHE:VdWContact': 1, 'UNL:TRP:Hydrophobic': 1, 'UNL:TRP:VdWContact': 1, 'UNL:VAL:Hydrophobic': 2, 'UNL:VAL:VdWContact': 1}"
205,DynamicBind,1YVF_PH7,,0.0,,
206,DynamicBind,1YQY_915,,0.0,,
207,DynamicBind,1HWW_SWA,,0.0,,
208,DynamicBind,1T40_ID5,0.5,0.8,"{'UNL:CYS:Hydrophobic': 1, 'UNL:CYS:VdWContact': 3, 'UNL:HIS:VdWContact': 1, 'UNL:LEU:Hydrophobic': 1, 'UNL:LEU:VdWContact': 1, 'UNL:PHE:Hydrophobic': 1, 'UNL:PHE:VdWContact': 2, 'UNL:SER:VdWContact': 1, 'UNL:TRP:Hydrophobic': 1, 'UNL:TRP:VdWContact': 4, 'UNL:TYR:VdWContact': 1, 'UNL:VAL:VdWContact': 1}","{'UNL:CYS:Hydrophobic': 1, 'UNL:CYS:VdWContact': 2, 'UNL:HIS:HBAcceptor': 1, 'UNL:HIS:HBDonor': 1, 'UNL:HIS:VdWContact': 1, 'UNL:LEU:HBAcceptor': 1, 'UNL:LEU:Hydrophobic': 1, 'UNL:LEU:VdWContact': 1, 'UNL:PHE:Hydrophobic': 2, 'UNL:THR:Hydrophobic': 1, 'UNL:THR:VdWContact': 1, 'UNL:TRP:HBAcceptor': 1, 'UNL:TRP:Hydrophobic': 4, 'UNL:TRP:VdWContact': 2, 'UNL:TYR:Hydrophobic': 2, 'UNL:TYR:VdWContact': 2, 'UNL:VAL:Hydrophobic': 1, 'UNL:VAL:VdWContact': 1}"
209,DynamicBind,1GKC_NFH,0.2727272727272727,0.8909090909090909,"{'UNL:ALA:VdWContact': 1, 'UNL:ARG:VdWContact': 2, 'UNL:GLU:VdWContact': 1, 'UNL:GLY:VdWContact': 1, 'UNL:HIS:HBAcceptor': 1, 'UNL:HIS:HBDonor': 1, 'UNL:HIS:VdWContact': 1, 'UNL:LEU:VdWContact': 1, 'UNL:MET:Hydrophobic': 2, 'UNL:MET:VdWContact': 2, 'UNL:PHE:VdWContact': 1, 'UNL:PRO:VdWContact': 1, 'UNL:TYR:HBAcceptor': 1, 'UNL:TYR:Hydrophobic': 1, 'UNL:TYR:VdWContact': 2, 'UNL:VAL:VdWContact': 1}","{'UNL:ALA:VdWContact': 1, 'UNL:GLU:VdWContact': 1, 'UNL:GLY:HBDonor': 1, 'UNL:GLY:VdWContact': 1, 'UNL:HIS:HBAcceptor': 1, 'UNL:HIS:Hydrophobic': 1, 'UNL:HIS:VdWContact': 2, 'UNL:LEU:HBAcceptor': 1, 'UNL:LEU:Hydrophobic': 1, 'UNL:LEU:VdWContact': 1, 'UNL:MET:Hydrophobic': 1, 'UNL:MET:VdWContact': 1, 'UNL:PRO:HBDonor': 1, 'UNL:PRO:VdWContact': 1, 'UNL:TYR:HBAcceptor': 1, 'UNL:TYR:Hydrophobic': 1, 'UNL:TYR:VdWContact': 1, 'UNL:VAL:Hydrophobic': 1, 'UNL:VAL:VdWContact': 1}"
210,DynamicBind,1N1M_A3M,,0.0,,
211,DynamicBind,1Z95_198,,0.0,,
212,DynamicBind,1HP0_AD3,0.41666666666666663,0.8333333333333334,"{'UNL:ASN:Hydrophobic': 1, 'UNL:ASN:VdWContact': 2, 'UNL:ASP:HBDonor': 1, 'UNL:ASP:VdWContact': 3, 'UNL:GLU:HBDonor': 1, 'UNL:GLU:VdWContact': 1, 'UNL:TRP:VdWContact': 1, 'UNL:TYR:VdWContact': 1}","{'UNL:ASN:HBAcceptor': 2, 'UNL:ASN:Hydrophobic': 1, 'UNL:ASN:VdWContact': 3, 'UNL:ASP:VdWContact': 3, 'UNL:GLU:VdWContact': 1, 'UNL:MET:VdWContact': 1, 'UNL:THR:VdWContact': 1, 'UNL:TRP:Hydrophobic': 2, 'UNL:TRP:VdWContact': 1, 'UNL:TYR:VdWContact': 1}"
213,DynamicBind,1OF1_SCT,0.6470588235294117,0.7411764705882353,"{'UNL:ALA:VdWContact': 2, 'UNL:ARG:HBAcceptor': 1, 'UNL:ARG:HBDonor': 1, 'UNL:ARG:VdWContact': 1, 'UNL:GLU:VdWContact': 1, 'UNL:HIS:VdWContact': 1, 'UNL:TRP:VdWContact': 1, 'UNL:TYR:VdWContact': 2}","{'UNL:ALA:Hydrophobic': 2, 'UNL:ALA:VdWContact': 1, 'UNL:ARG:HBAcceptor': 1, 'UNL:ARG:HBDonor': 1, 'UNL:ARG:VdWContact': 1, 'UNL:GLN:HBAcceptor': 1, 'UNL:GLN:HBDonor': 1, 'UNL:GLN:VdWContact': 1, 'UNL:GLU:VdWContact': 2, 'UNL:HIS:Hydrophobic': 1, 'UNL:HIS:VdWContact': 1, 'UNL:ILE:Hydrophobic': 2, 'UNL:MET:Hydrophobic': 1, 'UNL:TRP:Hydrophobic': 1, 'UNL:TYR:Hydrophobic': 2, 'UNL:TYR:VdWContact': 2}"
214,DynamicBind,1SJ0_E4D,,0.0,,
215,DynamicBind,1U4D_DBQ,0.1428571428571429,0.9428571428571428,"{'UNL:ALA:HBAcceptor': 1, 'UNL:ALA:VdWContact': 2, 'UNL:ARG:VdWContact': 1, 'UNL:ASP:HBDonor': 1, 'UNL:ASP:VdWContact': 1, 'UNL:GLU:HBDonor': 1, 'UNL:GLU:VdWContact': 1, 'UNL:GLY:VdWContact': 1, 'UNL:LEU:Hydrophobic': 2, 'UNL:LEU:VdWContact': 2, 'UNL:VAL:VdWContact': 1}","{'UNL:ALA:HBAcceptor': 1, 'UNL:ALA:Hydrophobic': 1, 'UNL:ALA:VdWContact': 1, 'UNL:ASP:HBDonor': 1, 'UNL:ASP:VdWContact': 1, 'UNL:GLU:HBDonor': 1, 'UNL:GLU:VdWContact': 1, 'UNL:LEU:Hydrophobic': 2, 'UNL:LEU:VdWContact': 1, 'UNL:LYS:VdWContact': 1, 'UNL:VAL:Hydrophobic': 1}"
216,DynamicBind,1Q41_IXM,0.17647058823529413,0.9294117647058824,"{'UNL:ARG:VdWContact': 1, 'UNL:ASP:HBDonor': 1, 'UNL:ASP:VdWContact': 1, 'UNL:CYS:Hydrophobic': 1, 'UNL:GLY:VdWContact': 1, 'UNL:LEU:Hydrophobic': 2, 'UNL:LEU:VdWContact': 2, 'UNL:PRO:VdWContact': 1, 'UNL:VAL:HBAcceptor': 1, 'UNL:VAL:HBDonor': 1, 'UNL:VAL:VdWContact': 1}","{'UNL:ALA:Hydrophobic': 1, 'UNL:ASP:HBDonor': 1, 'UNL:ASP:VdWContact': 1, 'UNL:CYS:Hydrophobic': 1, 'UNL:ILE:Hydrophobic': 1, 'UNL:LEU:Hydrophobic': 2, 'UNL:PRO:VdWContact': 1, 'UNL:THR:Hydrophobic': 1, 'UNL:TYR:Hydrophobic': 1, 'UNL:TYR:VdWContact': 1, 'UNL:VAL:HBAcceptor': 1, 'UNL:VAL:HBDonor': 1, 'UNL:VAL:Hydrophobic': 2, 'UNL:VAL:VdWContact': 1}"
217,DynamicBind,1OWE_675,0.1538461538461539,0.9384615384615385,"{'UNL:CYS:VdWContact': 1, 'UNL:GLN:Hydrophobic': 1, 'UNL:GLN:VdWContact': 1, 'UNL:GLY:HBDonor': 1, 'UNL:GLY:VdWContact': 1, 'UNL:HIS:VdWContact': 1, 'UNL:SER:HBAcceptor': 2, 'UNL:SER:VdWContact': 2, 'UNL:VAL:VdWContact': 1}","{'UNL:ASP:HBDonor': 1, 'UNL:ASP:VdWContact': 1, 'UNL:GLN:Hydrophobic': 1, 'UNL:GLN:VdWContact': 1, 'UNL:GLY:HBDonor': 1, 'UNL:GLY:VdWContact': 1, 'UNL:HIS:Hydrophobic': 1, 'UNL:HIS:VdWContact': 1, 'UNL:SER:VdWContact': 2, 'UNL:VAL:Hydrophobic': 1}"
218,DynamicBind,1OQ5_CEL,0.29999999999999993,0.88,"{'UNL:ASN:VdWContact': 1, 'UNL:GLN:HBAcceptor': 1, 'UNL:GLN:VdWContact': 1, 'UNL:LEU:Hydrophobic': 1, 'UNL:LEU:VdWContact': 2, 'UNL:PHE:VdWContact': 1, 'UNL:PRO:VdWContact': 1, 'UNL:THR:HBDonor': 1, 'UNL:THR:VdWContact': 2, 'UNL:VAL:Hydrophobic': 1, 'UNL:VAL:VdWContact': 1}","{'UNL:ASN:Hydrophobic': 1, 'UNL:ASN:VdWContact': 1, 'UNL:GLN:Hydrophobic': 1, 'UNL:GLN:VdWContact': 1, 'UNL:GLU:Hydrophobic': 1, 'UNL:GLU:VdWContact': 1, 'UNL:HIS:HBDonor': 1, 'UNL:HIS:VdWContact': 1, 'UNL:LEU:Hydrophobic': 1, 'UNL:LEU:VdWContact': 1, 'UNL:PHE:Hydrophobic': 1, 'UNL:THR:HBAcceptor': 1, 'UNL:THR:HBDonor': 1, 'UNL:THR:Hydrophobic': 1, 'UNL:THR:VdWContact': 2, 'UNL:VAL:Hydrophobic': 1}"
219,DynamicBind,1SG0_STL,,0.0,,
220,DynamicBind,2BR1_PFP,,0.0,,
221,DynamicBind,1UOU_CMU,0.6428571428571428,0.7428571428571429,"{'UNL:ARG:HBAcceptor': 1, 'UNL:ARG:VdWContact': 1, 'UNL:HIS:VdWContact': 1, 'UNL:ILE:Hydrophobic': 1, 'UNL:LYS:VdWContact': 1, 'UNL:SER:HBDonor': 1, 'UNL:SER:VdWContact': 2, 'UNL:THR:VdWContact': 1}","{'UNL:ARG:HBAcceptor': 1, 'UNL:ARG:VdWContact': 2, 'UNL:GLY:VdWContact': 1, 'UNL:HIS:HBDonor': 1, 'UNL:HIS:VdWContact': 1, 'UNL:ILE:Hydrophobic': 2, 'UNL:LEU:Hydrophobic': 1, 'UNL:LEU:VdWContact': 1, 'UNL:LYS:VdWContact': 1, 'UNL:SER:HBDonor': 1, 'UNL:SER:VdWContact': 2, 'UNL:THR:VdWContact': 2, 'UNL:TYR:Hydrophobic': 1, 'UNL:TYR:VdWContact': 1}"
222,DynamicBind,1TZ8_DES,,0.0,,
223,DynamicBind,1R9O_FLP,,0.0,,
224,DynamicBind,1P2Y_NCT,,0.0,,
225,DynamicBind,1V0P_PVB,,0.0,,
226,DynamicBind,1XOZ_CIA,,0.0,,
227,DynamicBind,1R55_097,0.75,0.7,"{'UNL:ALA:VdWContact': 4, 'UNL:GLU:HBDonor': 1, 'UNL:GLU:VdWContact': 1, 'UNL:HIS:VdWContact': 3, 'UNL:THR:HBAcceptor': 1, 'UNL:THR:VdWContact': 2, 'UNL:VAL:HBAcceptor': 1, 'UNL:VAL:VdWContact': 1}","{'UNL:ALA:HBDonor': 2, 'UNL:ALA:Hydrophobic': 2, 'UNL:ALA:VdWContact': 2, 'UNL:GLU:VdWContact': 1, 'UNL:GLY:HBDonor': 1, 'UNL:GLY:VdWContact': 1, 'UNL:HIS:HBAcceptor': 1, 'UNL:HIS:Hydrophobic': 1, 'UNL:HIS:VdWContact': 3, 'UNL:THR:HBAcceptor': 1, 'UNL:THR:Hydrophobic': 2, 'UNL:THR:VdWContact': 2, 'UNL:VAL:HBAcceptor': 1, 'UNL:VAL:Hydrophobic': 1, 'UNL:VAL:VdWContact': 1}"
228,DynamicBind,1YWR_LI9,,0.0,,
229,DynamicBind,1HQ2_PH2,0.4117647058823529,0.8352941176470589,"{'UNL:ASN:HBDonor': 1, 'UNL:ASN:VdWContact': 1, 'UNL:LEU:VdWContact': 1, 'UNL:PHE:VdWContact': 1, 'UNL:PRO:HBDonor': 1, 'UNL:PRO:VdWContact': 1, 'UNL:THR:VdWContact': 1, 'UNL:TRP:VdWContact': 1, 'UNL:TYR:VdWContact': 1}","{'UNL:ASN:HBAcceptor': 1, 'UNL:ASN:HBDonor': 1, 'UNL:ASN:VdWContact': 1, 'UNL:ASP:VdWContact': 1, 'UNL:LEU:HBAcceptor': 1, 'UNL:LEU:HBDonor': 1, 'UNL:LEU:Hydrophobic': 1, 'UNL:LEU:VdWContact': 1, 'UNL:PHE:Hydrophobic': 1, 'UNL:PHE:VdWContact': 1, 'UNL:PRO:HBDonor': 1, 'UNL:PRO:VdWContact': 1, 'UNL:THR:HBDonor': 1, 'UNL:THR:VdWContact': 1, 'UNL:TYR:Hydrophobic': 1, 'UNL:TYR:VdWContact': 1}"
230,DynamicBind,1MZC_BNE,0.8571428571428571,0.6571428571428571,"{'UNL:HIS:VdWContact': 1, 'UNL:TRP:HBAcceptor': 1, 'UNL:TRP:Hydrophobic': 1, 'UNL:TRP:VdWContact': 3, 'UNL:TYR:VdWContact': 5}","{'UNL:ALA:Hydrophobic': 1, 'UNL:ARG:HBAcceptor': 1, 'UNL:ARG:VdWContact': 1, 'UNL:ASP:VdWContact': 1, 'UNL:CYS:HBAcceptor': 1, 'UNL:CYS:VdWContact': 1, 'UNL:LEU:Hydrophobic': 1, 'UNL:SER:VdWContact': 1, 'UNL:TRP:Hydrophobic': 3, 'UNL:TRP:VdWContact': 2, 'UNL:TYR:Hydrophobic': 2, 'UNL:TYR:VdWContact': 2}"
231,DynamicBind,1V4S_MRK,,0.0,,
232,DynamicBind,1NAV_IH5,,0.0,,
233,DynamicBind,1JJE_BYS,0.23809523809523814,0.9047619047619048,"{'UNL:ASP:Hydrophobic': 1, 'UNL:ASP:VdWContact': 1, 'UNL:CYS:VdWContact': 1, 'UNL:GLU:Hydrophobic': 1, 'UNL:GLU:VdWContact': 1, 'UNL:GLY:VdWContact': 1, 'UNL:HIS:Hydrophobic': 1, 'UNL:HIS:VdWContact': 2, 'UNL:LYS:HBAcceptor': 1, 'UNL:LYS:HBDonor': 1, 'UNL:LYS:VdWContact': 1, 'UNL:PHE:VdWContact': 1, 'UNL:TRP:Hydrophobic': 1, 'UNL:TRP:VdWContact': 1, 'UNL:VAL:VdWContact': 1}","{'UNL:ASN:HBAcceptor': 1, 'UNL:ASN:Hydrophobic': 1, 'UNL:ASN:VdWContact': 1, 'UNL:ASP:Hydrophobic': 1, 'UNL:ASP:VdWContact': 1, 'UNL:CYS:VdWContact': 1, 'UNL:GLY:VdWContact': 1, 'UNL:HIS:HBDonor': 1, 'UNL:HIS:Hydrophobic': 2, 'UNL:HIS:VdWContact': 3, 'UNL:LYS:HBDonor': 1, 'UNL:LYS:VdWContact': 1, 'UNL:PHE:Hydrophobic': 1, 'UNL:TRP:Hydrophobic': 1, 'UNL:TRP:VdWContact': 1, 'UNL:VAL:Hydrophobic': 2, 'UNL:VAL:VdWContact': 1}"
234,DynamicBind,1GM8_SOX,0.16666666666666663,0.9333333333333333,"{'UNL:ALA:VdWContact': 1, 'UNL:ARG:HBAcceptor': 1, 'UNL:ARG:VdWContact': 1, 'UNL:GLN:VdWContact': 1, 'UNL:MET:Hydrophobic': 1, 'UNL:MET:VdWContact': 1, 'UNL:PHE:VdWContact': 3, 'UNL:SER:VdWContact': 2, 'UNL:TRP:Hydrophobic': 1, 'UNL:TRP:VdWContact': 1, 'UNL:VAL:Hydrophobic': 1, 'UNL:VAL:VdWContact': 1}","{'UNL:ALA:Hydrophobic': 1, 'UNL:ALA:VdWContact': 1, 'UNL:GLN:VdWContact': 1, 'UNL:ILE:Hydrophobic': 1, 'UNL:ILE:VdWContact': 1, 'UNL:LEU:Hydrophobic': 1, 'UNL:MET:Hydrophobic': 1, 'UNL:PHE:Hydrophobic': 3, 'UNL:PHE:VdWContact': 3, 'UNL:PRO:Hydrophobic': 1, 'UNL:SER:VdWContact': 2}"
235,DynamicBind,1J3J_CP6,0.7142857142857144,0.7142857142857142,"{'UNL:CYS:VdWContact': 1, 'UNL:GLY:VdWContact': 1, 'UNL:ILE:Hydrophobic': 1, 'UNL:ILE:VdWContact': 2, 'UNL:PHE:Hydrophobic': 1}","{'UNL:ALA:Hydrophobic': 1, 'UNL:ASN:Hydrophobic': 1, 'UNL:ASN:VdWContact': 1, 'UNL:ASP:HBDonor': 1, 'UNL:ASP:VdWContact': 1, 'UNL:CYS:VdWContact': 1, 'UNL:ILE:HBDonor': 2, 'UNL:ILE:Hydrophobic': 2, 'UNL:ILE:VdWContact': 2, 'UNL:LEU:Hydrophobic': 1, 'UNL:MET:Hydrophobic': 1, 'UNL:PHE:Hydrophobic': 1, 'UNL:PHE:VdWContact': 1}"
236,DynamicBind,1T9B_1CS,,0.0,,
237,DynamicBind,1PMN_984,0.47058823529411764,0.8117647058823529,"{'UNL:ALA:VdWContact': 1, 'UNL:ASN:Hydrophobic': 1, 'UNL:ASN:VdWContact': 1, 'UNL:GLY:VdWContact': 1, 'UNL:ILE:VdWContact': 1, 'UNL:LEU:Hydrophobic': 1, 'UNL:LEU:VdWContact': 1, 'UNL:LYS:Hydrophobic': 1, 'UNL:MET:HBDonor': 1, 'UNL:MET:Hydrophobic': 1, 'UNL:MET:VdWContact': 2, 'UNL:SER:VdWContact': 2, 'UNL:VAL:Hydrophobic': 1, 'UNL:VAL:VdWContact': 2}","{'UNL:ALA:Hydrophobic': 1, 'UNL:ALA:VdWContact': 2, 'UNL:ASN:VdWContact': 1, 'UNL:ILE:Hydrophobic': 2, 'UNL:ILE:VdWContact': 2, 'UNL:LEU:Hydrophobic': 3, 'UNL:LEU:VdWContact': 2, 'UNL:LYS:Hydrophobic': 1, 'UNL:MET:HBAcceptor': 1, 'UNL:MET:Hydrophobic': 2, 'UNL:MET:VdWContact': 2, 'UNL:VAL:Hydrophobic': 2}"
238,DynamicBind,1N2V_BDI,0.3076923076923077,0.8769230769230769,"{'UNL:ASP:HBDonor': 2, 'UNL:ASP:VdWContact': 2, 'UNL:CYS:VdWContact': 1, 'UNL:GLY:HBAcceptor': 1, 'UNL:GLY:VdWContact': 2, 'UNL:MET:Hydrophobic': 1, 'UNL:MET:VdWContact': 1, 'UNL:TYR:Hydrophobic': 1, 'UNL:TYR:VdWContact': 1}","{'UNL:ALA:Hydrophobic': 1, 'UNL:ASP:HBDonor': 1, 'UNL:ASP:VdWContact': 1, 'UNL:CYS:Hydrophobic': 1, 'UNL:GLN:HBAcceptor': 1, 'UNL:GLN:VdWContact': 1, 'UNL:GLY:HBAcceptor': 1, 'UNL:GLY:VdWContact': 2, 'UNL:MET:Hydrophobic': 1, 'UNL:TYR:Hydrophobic': 1, 'UNL:TYR:VdWContact': 1}"
239,DynamicBind,1GPK_HUP,0.8888888888888888,0.6444444444444445,"{'UNL:GLY:VdWContact': 2, 'UNL:PHE:VdWContact': 2, 'UNL:TRP:Hydrophobic': 1, 'UNL:TRP:VdWContact': 1, 'UNL:TYR:VdWContact': 1}","{'UNL:GLY:VdWContact': 3, 'UNL:HIS:VdWContact': 1, 'UNL:LEU:Hydrophobic': 1, 'UNL:PHE:Hydrophobic': 3, 'UNL:PHE:VdWContact': 2, 'UNL:TRP:Hydrophobic': 1, 'UNL:TRP:VdWContact': 1, 'UNL:TYR:Hydrophobic': 2, 'UNL:TYR:VdWContact': 1}"
240,DynamicBind,1W1P_GIO,,0.0,,
241,DynamicBind,1OF6_DTY,,0.0,,
242,DynamicBind,1S3V_TQD,,0.0,,
243,DynamicBind,1Y6B_AAX,0.45,0.8200000000000001,"{'UNL:ARG:VdWContact': 1, 'UNL:ASN:Hydrophobic': 1, 'UNL:ASN:VdWContact': 1, 'UNL:ASP:VdWContact': 1, 'UNL:CYS:HBAcceptor': 1, 'UNL:CYS:HBDonor': 1, 'UNL:CYS:VdWContact': 1, 'UNL:GLU:VdWContact': 1, 'UNL:GLY:VdWContact': 1, 'UNL:LEU:VdWContact': 1, 'UNL:LYS:VdWContact': 1, 'UNL:VAL:Hydrophobic': 1, 'UNL:VAL:VdWContact': 1}","{'UNL:ALA:Hydrophobic': 1, 'UNL:ASN:HBAcceptor': 1, 'UNL:ASN:VdWContact': 1, 'UNL:CYS:HBAcceptor': 1, 'UNL:CYS:HBDonor': 1, 'UNL:CYS:Hydrophobic': 1, 'UNL:CYS:VdWContact': 1, 'UNL:GLU:VdWContact': 2, 'UNL:GLY:VdWContact': 1, 'UNL:LEU:Hydrophobic': 2, 'UNL:LYS:Hydrophobic': 1, 'UNL:LYS:VdWContact': 1, 'UNL:PHE:Hydrophobic': 2, 'UNL:PHE:VdWContact': 1, 'UNL:VAL:Hydrophobic': 3, 'UNL:VAL:VdWContact': 2}"
244,DynamicBind,1L2S_STC,0.375,0.85,"{'UNL:ALA:HBDonor': 1, 'UNL:ALA:VdWContact': 1, 'UNL:ASN:VdWContact': 1, 'UNL:LEU:Hydrophobic': 1, 'UNL:LEU:VdWContact': 1, 'UNL:SER:VdWContact': 1, 'UNL:THR:VdWContact': 1, 'UNL:TYR:Hydrophobic': 1, 'UNL:TYR:VdWContact': 2}","{'UNL:ALA:HBAcceptor': 1, 'UNL:ALA:HBDonor': 1, 'UNL:ALA:VdWContact': 1, 'UNL:ASN:HBAcceptor': 1, 'UNL:ASN:VdWContact': 1, 'UNL:GLN:VdWContact': 1, 'UNL:GLY:VdWContact': 1, 'UNL:LEU:Hydrophobic': 2, 'UNL:SER:HBAcceptor': 1, 'UNL:SER:VdWContact': 1, 'UNL:THR:Hydrophobic': 1, 'UNL:THR:VdWContact': 1, 'UNL:TYR:Hydrophobic': 2, 'UNL:VAL:Hydrophobic': 1}"
245,DynamicBind,1W2G_THM,,0.0,,
246,DynamicBind,1TOW_CRZ,0.5625,0.775,"{'UNL:ALA:VdWContact': 1, 'UNL:ARG:VdWContact': 1, 'UNL:ASP:Hydrophobic': 1, 'UNL:ASP:VdWContact': 1, 'UNL:MET:Hydrophobic': 1, 'UNL:PHE:VdWContact': 1, 'UNL:PRO:VdWContact': 1, 'UNL:TYR:VdWContact': 1}","{'UNL:ALA:Hydrophobic': 3, 'UNL:ARG:HBAcceptor': 1, 'UNL:ARG:HBDonor': 1, 'UNL:ARG:VdWContact': 1, 'UNL:ASP:Hydrophobic': 1, 'UNL:CYS:VdWContact': 1, 'UNL:ILE:Hydrophobic': 1, 'UNL:MET:Hydrophobic': 1, 'UNL:PHE:Hydrophobic': 2, 'UNL:PHE:VdWContact': 1, 'UNL:PRO:Hydrophobic': 1, 'UNL:PRO:VdWContact': 1, 'UNL:TYR:VdWContact': 1, 'UNL:VAL:Hydrophobic': 1}"
247,DynamicBind,1XM6_5RM,,0.0,,
248,DynamicBind,1YGC_905,0.21052631578947356,0.9157894736842106,"{'UNL:ASP:HBDonor': 1, 'UNL:ASP:Hydrophobic': 1, 'UNL:ASP:VdWContact': 3, 'UNL:CYS:VdWContact': 1, 'UNL:GLY:HBDonor': 1, 'UNL:GLY:VdWContact': 2, 'UNL:HIS:Hydrophobic': 1, 'UNL:HIS:VdWContact': 1, 'UNL:SER:HBAcceptor': 1, 'UNL:SER:HBDonor': 1, 'UNL:SER:VdWContact': 3, 'UNL:THR:VdWContact': 2, 'UNL:TRP:Hydrophobic': 1, 'UNL:TYR:VdWContact': 1}","{'UNL:ASP:HBDonor': 1, 'UNL:ASP:Hydrophobic': 2, 'UNL:ASP:VdWContact': 2, 'UNL:GLY:HBDonor': 1, 'UNL:GLY:VdWContact': 1, 'UNL:HIS:Hydrophobic': 1, 'UNL:HIS:VdWContact': 1, 'UNL:LYS:Hydrophobic': 1, 'UNL:LYS:VdWContact': 1, 'UNL:SER:HBDonor': 1, 'UNL:SER:VdWContact': 3, 'UNL:THR:Hydrophobic': 1, 'UNL:THR:VdWContact': 1, 'UNL:TRP:Hydrophobic': 1, 'UNL:TRP:VdWContact': 1, 'UNL:VAL:Hydrophobic': 1}"
249,DynamicBind,1R58_AO5,,0.0,,
250,DynamicBind,1HNN_SKF,,0.0,,
251,DynamicBind,1HVY_D16,0.7142857142857142,0.7142857142857143,"{'UNL:ASN:VdWContact': 1, 'UNL:ILE:Hydrophobic': 1, 'UNL:ILE:VdWContact': 1, 'UNL:PHE:Hydrophobic': 2, 'UNL:PHE:VdWContact': 2}","{'UNL:ALA:Hydrophobic': 1, 'UNL:ALA:VdWContact': 1, 'UNL:ASP:Hydrophobic': 1, 'UNL:ASP:VdWContact': 1, 'UNL:GLU:VdWContact': 1, 'UNL:GLY:VdWContact': 1, 'UNL:ILE:Hydrophobic': 1, 'UNL:ILE:VdWContact': 1, 'UNL:LEU:Hydrophobic': 1, 'UNL:MET:Hydrophobic': 1, 'UNL:MET:VdWContact': 1, 'UNL:PHE:Hydrophobic': 2, 'UNL:PHE:VdWContact': 2, 'UNL:THR:Hydrophobic': 1, 'UNL:TRP:Hydrophobic': 1, 'UNL:TRP:VdWContact': 1, 'UNL:TYR:Hydrophobic': 1, 'UNL:TYR:VdWContact': 1, 'UNL:UMP:Hydrophobic': 1, 'UNL:UMP:VdWContact': 1}"
252,DynamicBind,1OPK_P16,,0.0,,
253,DynamicBind,1MMV_3AR,0.2692307692307693,0.8923076923076922,"{'UNL:ALA:VdWContact': 1, 'UNL:ARG:VdWContact': 1, 'UNL:ASN:VdWContact': 1, 'UNL:CYS:VdWContact': 1, 'UNL:GLN:Hydrophobic': 1, 'UNL:GLN:VdWContact': 1, 'UNL:ILE:Hydrophobic': 1, 'UNL:ILE:VdWContact': 1, 'UNL:LEU:Hydrophobic': 1, 'UNL:LEU:VdWContact': 2, 'UNL:MET:VdWContact': 1, 'UNL:PHE:VdWContact': 1, 'UNL:PRO:HBDonor': 2, 'UNL:PRO:VdWContact': 2, 'UNL:SER:VdWContact': 2, 'UNL:VAL:Hydrophobic': 1, 'UNL:VAL:VdWContact': 1}","{'UNL:ASP:VdWContact': 1, 'UNL:GLN:HBAcceptor': 1, 'UNL:GLN:VdWContact': 1, 'UNL:GLU:HBDonor': 1, 'UNL:GLU:VdWContact': 1, 'UNL:PHE:Hydrophobic': 1, 'UNL:PHE:VdWContact': 1, 'UNL:PRO:Hydrophobic': 1, 'UNL:SER:VdWContact': 1, 'UNL:TRP:VdWContact': 1, 'UNL:TYR:Hydrophobic': 1, 'UNL:TYR:VdWContact': 1, 'UNL:VAL:Hydrophobic': 1, 'UNL:VAL:VdWContact': 1}"
254,DynamicBind,1SQN_NDR,0.6875,0.725,"{'UNL:ASN:VdWContact': 1, 'UNL:CYS:VdWContact': 1, 'UNL:GLN:VdWContact': 1, 'UNL:GLY:VdWContact': 1, 'UNL:LEU:VdWContact': 4, 'UNL:MET:Hydrophobic': 2, 'UNL:MET:VdWContact': 3}","{'UNL:ARG:VdWContact': 1, 'UNL:CYS:Hydrophobic': 1, 'UNL:CYS:VdWContact': 1, 'UNL:GLN:HBAcceptor': 1, 'UNL:GLN:VdWContact': 1, 'UNL:LEU:Hydrophobic': 5, 'UNL:LEU:VdWContact': 3, 'UNL:MET:Hydrophobic': 4, 'UNL:MET:VdWContact': 2, 'UNL:PHE:Hydrophobic': 1, 'UNL:TRP:Hydrophobic': 1, 'UNL:TYR:Hydrophobic': 1, 'UNL:TYR:VdWContact': 1, 'UNL:VAL:Hydrophobic': 1}"
255,NeuralPLexer,2BM2_PM2,0.5294117647058825,0.788235294117647,"{'UNL:CYS:Hydrophobic': 1, 'UNL:CYS:VdWContact': 2, 'UNL:GLN:Hydrophobic': 2, 'UNL:GLN:VdWContact': 4, 'UNL:GLY:VdWContact': 2, 'UNL:SER:HBDonor': 1, 'UNL:SER:VdWContact': 1, 'UNL:TRP:Hydrophobic': 1, 'UNL:TRP:VdWContact': 1}","{'UNL:ASP:VdWContact': 1, 'UNL:GLN:Hydrophobic': 2, 'UNL:GLN:VdWContact': 1, 'UNL:GLU:Hydrophobic': 1, 'UNL:GLU:VdWContact': 1, 'UNL:GLY:HBAcceptor': 1, 'UNL:GLY:VdWContact': 1, 'UNL:PRO:Hydrophobic': 1, 'UNL:SER:VdWContact': 1, 'UNL:THR:Hydrophobic': 1, 'UNL:TRP:Hydrophobic': 1, 'UNL:TYR:Hydrophobic': 1, 'UNL:VAL:Hydrophobic': 1}"
256,NeuralPLexer,1XOQ_ROF,0.5714285714285714,0.7714285714285715,"{'UNL:ASN:VdWContact': 1, 'UNL:ILE:VdWContact': 1, 'UNL:LEU:Hydrophobic': 1, 'UNL:LEU:VdWContact': 1, 'UNL:MET:Hydrophobic': 1, 'UNL:MET:VdWContact': 1, 'UNL:PHE:Hydrophobic': 1, 'UNL:PHE:VdWContact': 2}","{'UNL:ASN:VdWContact': 1, 'UNL:GLN:HBAcceptor': 1, 'UNL:GLN:VdWContact': 1, 'UNL:ILE:Hydrophobic': 1, 'UNL:LEU:VdWContact': 1, 'UNL:MET:Hydrophobic': 3, 'UNL:MET:VdWContact': 2, 'UNL:PHE:Hydrophobic': 2, 'UNL:PHE:VdWContact': 1, 'UNL:THR:VdWContact': 2, 'UNL:TYR:Hydrophobic': 1, 'UNL:TYR:VdWContact': 1}"
257,NeuralPLexer,1M2Z_DEX,0.6666666666666666,0.7333333333333334,"{'UNL:ASN:VdWContact': 1, 'UNL:GLN:HBAcceptor': 1, 'UNL:GLN:VdWContact': 1, 'UNL:LEU:Hydrophobic': 1, 'UNL:LEU:VdWContact': 2, 'UNL:MET:Hydrophobic': 1, 'UNL:MET:VdWContact': 4, 'UNL:PHE:VdWContact': 1, 'UNL:TYR:VdWContact': 1}","{'UNL:ALA:Hydrophobic': 1, 'UNL:ARG:HBAcceptor': 1, 'UNL:ARG:VdWContact': 1, 'UNL:ASN:HBAcceptor': 1, 'UNL:ASN:VdWContact': 1, 'UNL:CYS:Hydrophobic': 1, 'UNL:CYS:VdWContact': 1, 'UNL:GLN:HBAcceptor': 1, 'UNL:GLN:HBDonor': 1, 'UNL:GLN:Hydrophobic': 1, 'UNL:GLN:VdWContact': 2, 'UNL:GLY:VdWContact': 1, 'UNL:LEU:Hydrophobic': 4, 'UNL:LEU:VdWContact': 1, 'UNL:MET:Hydrophobic': 3, 'UNL:MET:VdWContact': 1, 'UNL:PHE:Hydrophobic': 1, 'UNL:PHE:VdWContact': 1, 'UNL:TRP:Hydrophobic': 1, 'UNL:TYR:Hydrophobic': 1, 'UNL:TYR:VdWContact': 1}"
258,NeuralPLexer,1P62_GEO,0.3333333333333333,0.8666666666666667,"{'UNL:ASP:VdWContact': 1, 'UNL:GLU:VdWContact': 2, 'UNL:ILE:VdWContact': 1, 'UNL:LEU:VdWContact': 1, 'UNL:PHE:Hydrophobic': 1, 'UNL:PHE:VdWContact': 2, 'UNL:TYR:VdWContact': 1}","{'UNL:ARG:HBAcceptor': 1, 'UNL:ARG:VdWContact': 1, 'UNL:ASP:HBDonor': 1, 'UNL:ASP:VdWContact': 1, 'UNL:GLN:HBAcceptor': 1, 'UNL:GLN:HBDonor': 1, 'UNL:GLN:VdWContact': 1, 'UNL:GLU:VdWContact': 2, 'UNL:MET:VdWContact': 1, 'UNL:PHE:Hydrophobic': 2, 'UNL:TRP:Hydrophobic': 1, 'UNL:TYR:VdWContact': 1}"
259,NeuralPLexer,1KE5_LS1,,0.0,,
260,NeuralPLexer,1TT1_KAI,0.5294117647058824,0.788235294117647,"{'UNL:ALA:VdWContact': 2, 'UNL:GLU:Hydrophobic': 1, 'UNL:GLU:VdWContact': 3, 'UNL:LYS:VdWContact': 1, 'UNL:PRO:Hydrophobic': 1, 'UNL:PRO:VdWContact': 1, 'UNL:TYR:VdWContact': 2}","{'UNL:ALA:HBAcceptor': 2, 'UNL:ALA:VdWContact': 2, 'UNL:ARG:HBAcceptor': 1, 'UNL:ARG:HBDonor': 1, 'UNL:ARG:VdWContact': 1, 'UNL:GLU:Hydrophobic': 2, 'UNL:GLU:VdWContact': 1, 'UNL:PRO:HBDonor': 1, 'UNL:PRO:VdWContact': 1, 'UNL:THR:HBAcceptor': 1, 'UNL:THR:VdWContact': 1, 'UNL:TYR:Hydrophobic': 1, 'UNL:TYR:VdWContact': 1, 'UNL:VAL:Hydrophobic': 1, 'UNL:VAL:VdWContact': 1}"
261,NeuralPLexer,1VCJ_IBA,,0.0,,
262,NeuralPLexer,1HWI_115,0.4999999999999999,0.8,"{'UNL:ALA:VdWContact': 3, 'UNL:ASN:VdWContact': 1, 'UNL:GLY:VdWContact': 3, 'UNL:LYS:Hydrophobic': 1, 'UNL:LYS:VdWContact': 1, 'UNL:PRO:VdWContact': 1, 'UNL:SER:VdWContact': 2, 'UNL:THR:HBAcceptor': 1, 'UNL:THR:VdWContact': 1, 'UNL:TYR:Hydrophobic': 2, 'UNL:TYR:VdWContact': 2}","{'UNL:ALA:Hydrophobic': 1, 'UNL:ALA:VdWContact': 1, 'UNL:ARG:HBAcceptor': 1, 'UNL:ARG:VdWContact': 1, 'UNL:ASN:HBAcceptor': 1, 'UNL:ASN:VdWContact': 1, 'UNL:ASP:Hydrophobic': 1, 'UNL:ASP:VdWContact': 1, 'UNL:CYS:Hydrophobic': 1, 'UNL:CYS:VdWContact': 1, 'UNL:GLU:VdWContact': 1, 'UNL:GLY:VdWContact': 1, 'UNL:HIS:Hydrophobic': 1, 'UNL:HIS:VdWContact': 1, 'UNL:LEU:Hydrophobic': 4, 'UNL:LEU:VdWContact': 2, 'UNL:LYS:Hydrophobic': 1, 'UNL:LYS:VdWContact': 3, 'UNL:SER:VdWContact': 1, 'UNL:VAL:Hydrophobic': 1, 'UNL:VAL:VdWContact': 1}"
263,NeuralPLexer,1UML_FR4,0.20000000000000007,0.9199999999999999,"{'UNL:ASP:HBDonor': 1, 'UNL:ASP:Hydrophobic': 1, 'UNL:ASP:VdWContact': 4, 'UNL:GLY:VdWContact': 1, 'UNL:HIS:VdWContact': 1, 'UNL:LEU:Hydrophobic': 2, 'UNL:LEU:VdWContact': 3, 'UNL:MET:VdWContact': 1, 'UNL:PHE:VdWContact': 1, 'UNL:VAL:Hydrophobic': 1, 'UNL:VAL:VdWContact': 1}","{'UNL:ASP:HBDonor': 2, 'UNL:ASP:Hydrophobic': 1, 'UNL:ASP:VdWContact': 3, 'UNL:GLY:VdWContact': 1, 'UNL:HIS:Hydrophobic': 1, 'UNL:HIS:VdWContact': 1, 'UNL:LEU:Hydrophobic': 3, 'UNL:LEU:VdWContact': 1, 'UNL:MET:Hydrophobic': 1, 'UNL:PHE:Hydrophobic': 2, 'UNL:THR:Hydrophobic': 1, 'UNL:VAL:Hydrophobic': 1}"
264,NeuralPLexer,1JLA_TNK,0.18518518518518517,0.9259259259259259,"{'UNL:ASN:HBAcceptor': 1, 'UNL:ASN:VdWContact': 1, 'UNL:ASP:Hydrophobic': 2, 'UNL:ASP:VdWContact': 2, 'UNL:GLN:VdWContact': 1, 'UNL:GLY:VdWContact': 1, 'UNL:ILE:VdWContact': 1, 'UNL:LEU:Hydrophobic': 1, 'UNL:LEU:VdWContact': 1, 'UNL:MET:Hydrophobic': 1, 'UNL:MET:VdWContact': 1, 'UNL:PHE:Hydrophobic': 1, 'UNL:PHE:VdWContact': 1, 'UNL:PRO:Hydrophobic': 1, 'UNL:PRO:VdWContact': 1, 'UNL:SER:VdWContact': 1, 'UNL:TRP:Hydrophobic': 1, 'UNL:TRP:VdWContact': 2, 'UNL:TYR:Hydrophobic': 1, 'UNL:TYR:VdWContact': 1, 'UNL:VAL:VdWContact': 1}","{'UNL:CYS:Hydrophobic': 1, 'UNL:CYS:VdWContact': 1, 'UNL:GLY:VdWContact': 1, 'UNL:LEU:Hydrophobic': 2, 'UNL:LYS:HBDonor': 1, 'UNL:LYS:Hydrophobic': 1, 'UNL:LYS:VdWContact': 2, 'UNL:PHE:Hydrophobic': 1, 'UNL:PHE:VdWContact': 1, 'UNL:PRO:Hydrophobic': 2, 'UNL:PRO:VdWContact': 1, 'UNL:TRP:Hydrophobic': 1, 'UNL:TRP:VdWContact': 1, 'UNL:TYR:Hydrophobic': 1, 'UNL:TYR:VdWContact': 1, 'UNL:VAL:Hydrophobic': 1}"
265,NeuralPLexer,1N46_PFA,0.9047619047619047,0.6380952380952382,"{'UNL:ALA:VdWContact': 1, 'UNL:ARG:HBAcceptor': 1, 'UNL:ARG:HBDonor': 1, 'UNL:ARG:VdWContact': 1, 'UNL:ASN:HBAcceptor': 1, 'UNL:ASN:VdWContact': 1, 'UNL:LEU:Hydrophobic': 2, 'UNL:LEU:VdWContact': 1, 'UNL:MET:Hydrophobic': 2, 'UNL:MET:VdWContact': 2, 'UNL:PHE:Hydrophobic': 1, 'UNL:PHE:VdWContact': 2}","{'UNL:ALA:Hydrophobic': 2, 'UNL:ALA:VdWContact': 2, 'UNL:ARG:HBAcceptor': 2, 'UNL:ARG:HBDonor': 1, 'UNL:ARG:Hydrophobic': 1, 'UNL:ARG:VdWContact': 2, 'UNL:ASN:HBAcceptor': 1, 'UNL:ASN:VdWContact': 1, 'UNL:GLY:VdWContact': 1, 'UNL:HIS:HBAcceptor': 1, 'UNL:HIS:HBDonor': 1, 'UNL:HIS:VdWContact': 1, 'UNL:ILE:Hydrophobic': 3, 'UNL:ILE:VdWContact': 1, 'UNL:LEU:Hydrophobic': 3, 'UNL:LEU:VdWContact': 2, 'UNL:MET:Hydrophobic': 3, 'UNL:MET:VdWContact': 2, 'UNL:PHE:Hydrophobic': 3, 'UNL:PHE:VdWContact': 1, 'UNL:THR:Hydrophobic': 1}"
266,NeuralPLexer,1LRH_NLA,0.3636363636363635,0.8545454545454546,"{'UNL:ASN:VdWContact': 1, 'UNL:ASP:Hydrophobic': 1, 'UNL:ASP:VdWContact': 1, 'UNL:CYS:Hydrophobic': 1, 'UNL:CYS:VdWContact': 1, 'UNL:SER:VdWContact': 1, 'UNL:TRP:VdWContact': 1, 'UNL:TYR:VdWContact': 1, 'UNL:VAL:Hydrophobic': 1, 'UNL:VAL:VdWContact': 1}","{'UNL:GLN:VdWContact': 1, 'UNL:GLU:VdWContact': 1, 'UNL:HIS:HBAcceptor': 1, 'UNL:HIS:VdWContact': 2, 'UNL:ILE:Hydrophobic': 3, 'UNL:ILE:VdWContact': 1, 'UNL:LEU:Hydrophobic': 1, 'UNL:PHE:Hydrophobic': 2, 'UNL:PHE:VdWContact': 1, 'UNL:PRO:Hydrophobic': 1, 'UNL:THR:Hydrophobic': 1, 'UNL:TRP:Hydrophobic': 2, 'UNL:TRP:VdWContact': 1}"
267,NeuralPLexer,1KZK_JE2,0.8666666666666667,0.6533333333333333,"{'UNL:ALA:VdWContact': 2, 'UNL:ASP:HBAcceptor': 1, 'UNL:ASP:HBDonor': 1, 'UNL:ASP:Hydrophobic': 1, 'UNL:ASP:VdWContact': 3, 'UNL:GLY:VdWContact': 5, 'UNL:ILE:VdWContact': 1, 'UNL:PRO:Hydrophobic': 1, 'UNL:VAL:VdWContact': 1}","{'UNL:ALA:Hydrophobic': 2, 'UNL:ASP:Hydrophobic': 3, 'UNL:ASP:VdWContact': 4, 'UNL:GLY:HBDonor': 1, 'UNL:GLY:VdWContact': 3, 'UNL:ILE:Hydrophobic': 6, 'UNL:LEU:Hydrophobic': 3, 'UNL:PRO:Hydrophobic': 2, 'UNL:PRO:VdWContact': 1, 'UNL:VAL:Hydrophobic': 4}"
268,NeuralPLexer,1N2J_PAF,0.8,0.6799999999999999,"{'UNL:GLN:HBDonor': 1, 'UNL:GLN:VdWContact': 1, 'UNL:MET:VdWContact': 1, 'UNL:VAL:VdWContact': 1}","{'UNL:GLN:HBAcceptor': 2, 'UNL:GLN:VdWContact': 2, 'UNL:MET:Hydrophobic': 1, 'UNL:MET:VdWContact': 1, 'UNL:PHE:Hydrophobic': 1, 'UNL:PRO:Hydrophobic': 1, 'UNL:PRO:VdWContact': 1, 'UNL:VAL:Hydrophobic': 2, 'UNL:VAL:VdWContact': 1}"
269,NeuralPLexer,1MEH_MOA,0.07692307692307693,0.9692307692307692,"{'UNL:ASP:VdWContact': 1, 'UNL:CYS:Hydrophobic': 1, 'UNL:CYS:VdWContact': 1, 'UNL:GLU:Hydrophobic': 1, 'UNL:GLY:VdWContact': 1, 'UNL:MET:Hydrophobic': 1, 'UNL:SER:VdWContact': 2, 'UNL:TYR:VdWContact': 1}","{'UNL:ASP:VdWContact': 1, 'UNL:GLU:Hydrophobic': 1, 'UNL:GLU:VdWContact': 1, 'UNL:GLY:HBAcceptor': 1, 'UNL:GLY:VdWContact': 1, 'UNL:ILE:VdWContact': 1, 'UNL:SER:HBAcceptor': 1, 'UNL:SER:HBDonor': 1, 'UNL:SER:VdWContact': 2}"
270,NeuralPLexer,2BSM_BSM,0.3500000000000001,0.86,"{'UNL:ALA:VdWContact': 1, 'UNL:ASN:Hydrophobic': 2, 'UNL:ASP:VdWContact': 2, 'UNL:GLY:HBDonor': 1, 'UNL:GLY:VdWContact': 1, 'UNL:LEU:VdWContact': 2, 'UNL:MET:Hydrophobic': 1, 'UNL:PHE:VdWContact': 1, 'UNL:SER:VdWContact': 1, 'UNL:THR:HBDonor': 1, 'UNL:THR:VdWContact': 1, 'UNL:VAL:VdWContact': 1}","{'UNL:ALA:Hydrophobic': 1, 'UNL:ASN:Hydrophobic': 1, 'UNL:ASN:VdWContact': 1, 'UNL:ASP:HBDonor': 1, 'UNL:ASP:Hydrophobic': 1, 'UNL:ASP:VdWContact': 1, 'UNL:GLY:HBDonor': 1, 'UNL:GLY:VdWContact': 2, 'UNL:ILE:Hydrophobic': 1, 'UNL:LYS:VdWContact': 1, 'UNL:MET:Hydrophobic': 1, 'UNL:PHE:VdWContact': 1, 'UNL:SER:VdWContact': 1, 'UNL:THR:HBDonor': 1, 'UNL:THR:Hydrophobic': 2, 'UNL:THR:VdWContact': 1, 'UNL:VAL:Hydrophobic': 1, 'UNL:VAL:VdWContact': 1}"
271,NeuralPLexer,1V48_HA1,0.2173913043478262,0.9130434782608695,"{'UNL:ALA:VdWContact': 1, 'UNL:ARG:VdWContact': 1, 'UNL:ASN:HBAcceptor': 1, 'UNL:ASN:VdWContact': 1, 'UNL:GLU:HBDonor': 1, 'UNL:GLU:VdWContact': 1, 'UNL:GLY:VdWContact': 1, 'UNL:HIS:HBAcceptor': 1, 'UNL:HIS:VdWContact': 1, 'UNL:MET:VdWContact': 1, 'UNL:PHE:VdWContact': 1, 'UNL:SER:VdWContact': 2, 'UNL:THR:VdWContact': 1, 'UNL:TYR:VdWContact': 1}","{'UNL:ALA:HBAcceptor': 1, 'UNL:ALA:Hydrophobic': 1, 'UNL:ALA:VdWContact': 1, 'UNL:ARG:HBAcceptor': 1, 'UNL:ARG:VdWContact': 1, 'UNL:ASN:HBAcceptor': 1, 'UNL:ASN:VdWContact': 2, 'UNL:GLU:HBDonor': 1, 'UNL:GLU:VdWContact': 1, 'UNL:HIS:VdWContact': 1, 'UNL:MET:Hydrophobic': 1, 'UNL:PHE:Hydrophobic': 1, 'UNL:PHE:VdWContact': 1, 'UNL:SER:HBAcceptor': 1, 'UNL:SER:HBDonor': 1, 'UNL:SER:VdWContact': 2, 'UNL:VAL:Hydrophobic': 1, 'UNL:VAL:VdWContact': 1}"
272,NeuralPLexer,1L7F_BCZ,0.5555555555555555,0.7777777777777778,"{'UNL:ALA:VdWContact': 1, 'UNL:ARG:VdWContact': 2, 'UNL:ASN:HBAcceptor': 1, 'UNL:ASN:VdWContact': 1, 'UNL:ASP:Hydrophobic': 1, 'UNL:ASP:VdWContact': 1, 'UNL:GLU:HBDonor': 1, 'UNL:GLU:Hydrophobic': 1, 'UNL:GLU:VdWContact': 3, 'UNL:TYR:VdWContact': 1}","{'UNL:ALA:Hydrophobic': 1, 'UNL:ARG:HBAcceptor': 4, 'UNL:ARG:HBDonor': 1, 'UNL:ARG:Hydrophobic': 2, 'UNL:ARG:VdWContact': 4, 'UNL:ASP:VdWContact': 1, 'UNL:GLU:HBDonor': 1, 'UNL:GLU:Hydrophobic': 1, 'UNL:GLU:VdWContact': 3, 'UNL:ILE:Hydrophobic': 1, 'UNL:TRP:HBDonor': 1, 'UNL:TRP:Hydrophobic': 1, 'UNL:TRP:VdWContact': 1, 'UNL:TYR:VdWContact': 1}"
273,NeuralPLexer,1JD0_AZM,0.5454545454545453,0.7818181818181819,"{'UNL:HIS:HBAcceptor': 1, 'UNL:HIS:VdWContact': 1, 'UNL:LEU:Hydrophobic': 1, 'UNL:LEU:VdWContact': 1, 'UNL:THR:VdWContact': 2}","{'UNL:GLN:Hydrophobic': 1, 'UNL:HIS:HBDonor': 2, 'UNL:HIS:VdWContact': 1, 'UNL:LEU:Hydrophobic': 1, 'UNL:LEU:VdWContact': 1, 'UNL:THR:HBAcceptor': 1, 'UNL:THR:HBDonor': 1, 'UNL:THR:VdWContact': 2, 'UNL:VAL:Hydrophobic': 1, 'UNL:VAL:VdWContact': 1}"
274,NeuralPLexer,1S19_MC9,0.7727272727272727,0.6909090909090909,"{'UNL:CYS:VdWContact': 1, 'UNL:HIS:VdWContact': 2, 'UNL:ILE:VdWContact': 1, 'UNL:LEU:VdWContact': 1, 'UNL:PHE:VdWContact': 1, 'UNL:SER:VdWContact': 3, 'UNL:TRP:Hydrophobic': 1, 'UNL:TRP:VdWContact': 1, 'UNL:TYR:VdWContact': 2, 'UNL:VAL:VdWContact': 1}","{'UNL:ALA:Hydrophobic': 1, 'UNL:ALA:VdWContact': 1, 'UNL:ARG:HBAcceptor': 1, 'UNL:ARG:VdWContact': 1, 'UNL:CYS:VdWContact': 1, 'UNL:HIS:HBAcceptor': 2, 'UNL:HIS:HBDonor': 1, 'UNL:HIS:VdWContact': 2, 'UNL:ILE:Hydrophobic': 2, 'UNL:LEU:Hydrophobic': 6, 'UNL:MET:Hydrophobic': 1, 'UNL:PHE:Hydrophobic': 1, 'UNL:SER:VdWContact': 3, 'UNL:TRP:Hydrophobic': 1, 'UNL:TRP:VdWContact': 1, 'UNL:TYR:Hydrophobic': 2, 'UNL:TYR:VdWContact': 1, 'UNL:VAL:Hydrophobic': 2, 'UNL:VAL:VdWContact': 1}"
275,NeuralPLexer,1LPZ_CMB,,0.0,,
276,NeuralPLexer,1X8X_TYR,0.5833333333333333,0.7666666666666667,"{'UNL:ASP:HBDonor': 1, 'UNL:ASP:Hydrophobic': 1, 'UNL:ASP:VdWContact': 2, 'UNL:GLN:HBAcceptor': 2, 'UNL:GLN:Hydrophobic': 1, 'UNL:GLN:VdWContact': 2, 'UNL:GLY:VdWContact': 1, 'UNL:TYR:VdWContact': 1}","{'UNL:ASP:HBDonor': 2, 'UNL:ASP:Hydrophobic': 1, 'UNL:ASP:VdWContact': 3, 'UNL:GLN:HBDonor': 2, 'UNL:GLN:Hydrophobic': 1, 'UNL:GLN:VdWContact': 3, 'UNL:GLY:VdWContact': 1, 'UNL:LEU:Hydrophobic': 1, 'UNL:THR:Hydrophobic': 1, 'UNL:TYR:Hydrophobic': 1, 'UNL:TYR:VdWContact': 2}"
277,NeuralPLexer,1T46_STI,0.40740740740740733,0.837037037037037,"{'UNL:ALA:VdWContact': 1, 'UNL:ASP:HBDonor': 1, 'UNL:ASP:Hydrophobic': 1, 'UNL:ASP:VdWContact': 1, 'UNL:CYS:Hydrophobic': 2, 'UNL:CYS:VdWContact': 2, 'UNL:GLU:Hydrophobic': 1, 'UNL:GLU:VdWContact': 2, 'UNL:LEU:Hydrophobic': 2, 'UNL:LEU:VdWContact': 3, 'UNL:LYS:Hydrophobic': 1, 'UNL:LYS:VdWContact': 1, 'UNL:PHE:Hydrophobic': 1, 'UNL:PHE:VdWContact': 1, 'UNL:TYR:VdWContact': 1, 'UNL:VAL:Hydrophobic': 1, 'UNL:VAL:VdWContact': 1}","{'UNL:ALA:Hydrophobic': 1, 'UNL:ARG:VdWContact': 1, 'UNL:ASP:HBAcceptor': 1, 'UNL:ASP:Hydrophobic': 1, 'UNL:ASP:VdWContact': 1, 'UNL:CYS:HBAcceptor': 1, 'UNL:CYS:Hydrophobic': 1, 'UNL:CYS:VdWContact': 2, 'UNL:GLU:Hydrophobic': 1, 'UNL:GLU:VdWContact': 1, 'UNL:HIS:VdWContact': 1, 'UNL:ILE:VdWContact': 1, 'UNL:LEU:Hydrophobic': 4, 'UNL:LEU:VdWContact': 1, 'UNL:LYS:Hydrophobic': 1, 'UNL:LYS:VdWContact': 1, 'UNL:PHE:Hydrophobic': 1, 'UNL:PHE:VdWContact': 1, 'UNL:THR:HBDonor': 1, 'UNL:THR:Hydrophobic': 1, 'UNL:THR:VdWContact': 1, 'UNL:TYR:Hydrophobic': 1, 'UNL:VAL:Hydrophobic': 4}"
278,NeuralPLexer,1IG3_VIB,0.3571428571428572,0.8571428571428571,"{'UNL:ASP:HBDonor': 1, 'UNL:ASP:VdWContact': 1, 'UNL:GLN:Hydrophobic': 1, 'UNL:GLN:VdWContact': 1, 'UNL:HIS:VdWContact': 1, 'UNL:SER:VdWContact': 2, 'UNL:TRP:VdWContact': 1, 'UNL:VAL:VdWContact': 1}","{'UNL:ASN:Hydrophobic': 1, 'UNL:ASP:HBDonor': 1, 'UNL:ASP:VdWContact': 1, 'UNL:GLN:HBDonor': 1, 'UNL:GLN:Hydrophobic': 1, 'UNL:GLN:VdWContact': 1, 'UNL:LEU:Hydrophobic': 2, 'UNL:SER:VdWContact': 2, 'UNL:THR:Hydrophobic': 1, 'UNL:THR:VdWContact': 2, 'UNL:TRP:Hydrophobic': 1}"
279,NeuralPLexer,1SQ5_PAU,0.35294117647058826,0.8588235294117648,"{'UNL:ASP:HBDonor': 1, 'UNL:ASP:VdWContact': 1, 'UNL:HIS:VdWContact': 1, 'UNL:LYS:VdWContact': 1, 'UNL:MET:HBDonor': 1, 'UNL:MET:VdWContact': 1, 'UNL:TYR:HBAcceptor': 1, 'UNL:TYR:VdWContact': 1}","{'UNL:ASN:HBAcceptor': 1, 'UNL:ASN:HBDonor': 1, 'UNL:ASN:VdWContact': 1, 'UNL:ASP:VdWContact': 1, 'UNL:GLY:VdWContact': 1, 'UNL:HIS:HBAcceptor': 1, 'UNL:HIS:VdWContact': 1, 'UNL:ILE:Hydrophobic': 1, 'UNL:LEU:Hydrophobic': 2, 'UNL:LEU:VdWContact': 1, 'UNL:LYS:VdWContact': 1, 'UNL:TYR:VdWContact': 1, 'UNL:VAL:Hydrophobic': 1}"
280,NeuralPLexer,1Q4G_BFL,0.35294117647058826,0.8588235294117648,"{'UNL:ALA:VdWContact': 1, 'UNL:ARG:Hydrophobic': 1, 'UNL:ARG:VdWContact': 1, 'UNL:GLU:VdWContact': 1, 'UNL:LEU:Hydrophobic': 2, 'UNL:LEU:VdWContact': 2, 'UNL:SER:VdWContact': 1, 'UNL:TYR:VdWContact': 1, 'UNL:VAL:Hydrophobic': 1, 'UNL:VAL:VdWContact': 1}","{'UNL:ALA:Hydrophobic': 1, 'UNL:ALA:VdWContact': 1, 'UNL:ARG:HBAcceptor': 1, 'UNL:ARG:HBDonor': 1, 'UNL:ARG:VdWContact': 1, 'UNL:ILE:Hydrophobic': 1, 'UNL:LEU:Hydrophobic': 4, 'UNL:TRP:Hydrophobic': 1, 'UNL:TYR:HBAcceptor': 1, 'UNL:TYR:Hydrophobic': 2, 'UNL:TYR:VdWContact': 2, 'UNL:VAL:Hydrophobic': 2}"
281,NeuralPLexer,1OYT_FSN,0.3125,0.875,"{'UNL:ASP:HBDonor': 1, 'UNL:ASP:VdWContact': 1, 'UNL:GLU:VdWContact': 1, 'UNL:GLY:HBAcceptor': 1, 'UNL:GLY:HBDonor': 1, 'UNL:GLY:VdWContact': 2, 'UNL:HIS:VdWContact': 1, 'UNL:SER:VdWContact': 1, 'UNL:TRP:Hydrophobic': 1, 'UNL:TRP:VdWContact': 2}","{'UNL:ALA:VdWContact': 1, 'UNL:ASN:VdWContact': 1, 'UNL:ASP:HBDonor': 1, 'UNL:ASP:VdWContact': 1, 'UNL:GLU:Hydrophobic': 1, 'UNL:GLY:HBAcceptor': 1, 'UNL:GLY:HBDonor': 1, 'UNL:GLY:VdWContact': 2, 'UNL:HIS:VdWContact': 1, 'UNL:ILE:Hydrophobic': 1, 'UNL:LEU:Hydrophobic': 1, 'UNL:SER:VdWContact': 1, 'UNL:TRP:Hydrophobic': 2, 'UNL:TRP:VdWContact': 1, 'UNL:VAL:Hydrophobic': 1}"
282,NeuralPLexer,1UNL_RRC,0.8095238095238095,0.6761904761904762,"{'UNL:ASP:VdWContact': 1, 'UNL:GLY:HBDonor': 1, 'UNL:GLY:VdWContact': 1, 'UNL:LEU:VdWContact': 1, 'UNL:LYS:Hydrophobic': 1, 'UNL:LYS:VdWContact': 1, 'UNL:VAL:VdWContact': 1}","{'UNL:ALA:Hydrophobic': 2, 'UNL:ALA:VdWContact': 1, 'UNL:ASP:VdWContact': 1, 'UNL:CYS:HBAcceptor': 1, 'UNL:CYS:HBDonor': 1, 'UNL:CYS:VdWContact': 1, 'UNL:GLN:HBDonor': 1, 'UNL:GLN:VdWContact': 2, 'UNL:GLU:VdWContact': 2, 'UNL:ILE:Hydrophobic': 1, 'UNL:ILE:VdWContact': 1, 'UNL:LEU:Hydrophobic': 1, 'UNL:LYS:Hydrophobic': 2, 'UNL:PHE:Hydrophobic': 2, 'UNL:PHE:VdWContact': 1, 'UNL:VAL:Hydrophobic': 2, 'UNL:VAL:VdWContact': 2}"
283,NeuralPLexer,1U1C_BAU,0.3684210526315789,0.8526315789473684,"{'UNL:ARG:Hydrophobic': 1, 'UNL:ARG:VdWContact': 1, 'UNL:GLY:VdWContact': 1, 'UNL:HIS:VdWContact': 1, 'UNL:MET:VdWContact': 1, 'UNL:PHE:Hydrophobic': 1, 'UNL:PHE:VdWContact': 2, 'UNL:THR:VdWContact': 1, 'UNL:VAL:VdWContact': 1}","{'UNL:ARG:HBAcceptor': 1, 'UNL:ARG:VdWContact': 1, 'UNL:GLN:HBAcceptor': 1, 'UNL:GLN:HBDonor': 1, 'UNL:GLN:VdWContact': 1, 'UNL:GLU:VdWContact': 1, 'UNL:HIS:HBDonor': 1, 'UNL:HIS:VdWContact': 1, 'UNL:ILE:Hydrophobic': 1, 'UNL:ILE:VdWContact': 1, 'UNL:MET:VdWContact': 1, 'UNL:PHE:Hydrophobic': 2, 'UNL:PHE:VdWContact': 1, 'UNL:PRO:Hydrophobic': 1, 'UNL:THR:VdWContact': 1, 'UNL:VAL:Hydrophobic': 1}"
284,NeuralPLexer,1K3U_IAD,0.5517241379310346,0.7793103448275862,"{'UNL:ALA:VdWContact': 1, 'UNL:CYS:VdWContact': 1, 'UNL:GLN:Hydrophobic': 1, 'UNL:GLU:Hydrophobic': 1, 'UNL:GLU:VdWContact': 1, 'UNL:GLY:HBAcceptor': 1, 'UNL:GLY:VdWContact': 3, 'UNL:HIS:Hydrophobic': 1, 'UNL:LEU:Hydrophobic': 1, 'UNL:LEU:VdWContact': 1, 'UNL:LYS:Hydrophobic': 1, 'UNL:LYS:VdWContact': 1, 'UNL:PHE:Hydrophobic': 1, 'UNL:PHE:VdWContact': 2}","{'UNL:ALA:Hydrophobic': 2, 'UNL:ASP:HBDonor': 1, 'UNL:ASP:VdWContact': 1, 'UNL:GLY:HBAcceptor': 3, 'UNL:GLY:HBDonor': 1, 'UNL:GLY:VdWContact': 4, 'UNL:ILE:HBAcceptor': 1, 'UNL:ILE:Hydrophobic': 3, 'UNL:ILE:VdWContact': 3, 'UNL:LEU:Hydrophobic': 2, 'UNL:PHE:HBAcceptor': 1, 'UNL:PHE:HBDonor': 1, 'UNL:PHE:Hydrophobic': 2, 'UNL:PHE:VdWContact': 2, 'UNL:SER:HBAcceptor': 1, 'UNL:SER:VdWContact': 1, 'UNL:THR:Hydrophobic': 1, 'UNL:THR:VdWContact': 1, 'UNL:TYR:Hydrophobic': 1, 'UNL:TYR:VdWContact': 1}"
285,NeuralPLexer,1G9V_RQ3,0.1363636363636364,0.9454545454545454,"{'UNL:ASN:Hydrophobic': 1, 'UNL:ASN:VdWContact': 1, 'UNL:ASP:VdWContact': 2, 'UNL:GLU:Hydrophobic': 1, 'UNL:GLU:VdWContact': 1, 'UNL:LEU:Hydrophobic': 1, 'UNL:LEU:VdWContact': 1, 'UNL:PRO:Hydrophobic': 1, 'UNL:PRO:VdWContact': 1, 'UNL:THR:HBDonor': 1, 'UNL:THR:VdWContact': 1, 'UNL:TYR:VdWContact': 1, 'UNL:VAL:Hydrophobic': 1, 'UNL:VAL:VdWContact': 1}","{'UNL:ARG:Hydrophobic': 1, 'UNL:ARG:VdWContact': 1, 'UNL:ASN:VdWContact': 1, 'UNL:HIS:Hydrophobic': 1, 'UNL:LEU:Hydrophobic': 2, 'UNL:LYS:Hydrophobic': 1, 'UNL:LYS:VdWContact': 1, 'UNL:PHE:Hydrophobic': 1, 'UNL:PRO:Hydrophobic': 1, 'UNL:TRP:Hydrophobic': 1, 'UNL:TYR:Hydrophobic': 2, 'UNL:VAL:Hydrophobic': 1}"
286,NeuralPLexer,1YV3_BIT,0.6086956521739131,0.7565217391304347,"{'UNL:ARG:Hydrophobic': 1, 'UNL:ASP:Hydrophobic': 1, 'UNL:ASP:VdWContact': 1, 'UNL:GLY:VdWContact': 1, 'UNL:ILE:VdWContact': 1, 'UNL:LYS:Hydrophobic': 1, 'UNL:LYS:VdWContact': 1, 'UNL:TYR:VdWContact': 1}","{'UNL:CYS:Hydrophobic': 1, 'UNL:GLN:Hydrophobic': 1, 'UNL:GLU:Hydrophobic': 1, 'UNL:GLY:HBAcceptor': 1, 'UNL:GLY:HBDonor': 1, 'UNL:GLY:VdWContact': 1, 'UNL:ILE:Hydrophobic': 2, 'UNL:ILE:VdWContact': 1, 'UNL:LEU:Hydrophobic': 3, 'UNL:LEU:VdWContact': 1, 'UNL:PHE:Hydrophobic': 1, 'UNL:PHE:VdWContact': 1, 'UNL:SER:HBAcceptor': 1, 'UNL:SER:VdWContact': 1, 'UNL:THR:Hydrophobic': 1, 'UNL:TYR:Hydrophobic': 2, 'UNL:TYR:VdWContact': 1, 'UNL:VAL:Hydrophobic': 1}"
287,NeuralPLexer,1IA1_TQ3,0.6153846153846154,0.7538461538461538,"{'UNL:ALA:VdWContact': 1, 'UNL:GLU:HBDonor': 1, 'UNL:GLU:VdWContact': 1, 'UNL:ILE:VdWContact': 1, 'UNL:MET:Hydrophobic': 1, 'UNL:MET:VdWContact': 1, 'UNL:PHE:Hydrophobic': 1, 'UNL:PHE:VdWContact': 1}","{'UNL:ALA:Hydrophobic': 1, 'UNL:GLU:HBDonor': 1, 'UNL:GLU:VdWContact': 1, 'UNL:ILE:HBDonor': 1, 'UNL:ILE:Hydrophobic': 4, 'UNL:ILE:VdWContact': 3, 'UNL:LEU:Hydrophobic': 1, 'UNL:MET:Hydrophobic': 1, 'UNL:MET:VdWContact': 1, 'UNL:PHE:Hydrophobic': 1, 'UNL:THR:Hydrophobic': 1}"
288,NeuralPLexer,1Q1G_MTI,0.19999999999999998,0.92,"{'UNL:ASP:VdWContact': 1, 'UNL:CYS:VdWContact': 1, 'UNL:GLY:VdWContact': 1, 'UNL:HIS:HBDonor': 1, 'UNL:HIS:VdWContact': 1, 'UNL:MET:Hydrophobic': 1, 'UNL:MET:VdWContact': 1, 'UNL:PHE:VdWContact': 1, 'UNL:SER:VdWContact': 1, 'UNL:TYR:Hydrophobic': 1, 'UNL:TYR:VdWContact': 2, 'UNL:VAL:Hydrophobic': 1, 'UNL:VAL:VdWContact': 3}","{'UNL:ASP:HBDonor': 1, 'UNL:ASP:VdWContact': 1, 'UNL:CYS:VdWContact': 1, 'UNL:GLU:HBDonor': 1, 'UNL:GLU:Hydrophobic': 1, 'UNL:GLU:VdWContact': 2, 'UNL:GLY:VdWContact': 1, 'UNL:MET:HBAcceptor': 1, 'UNL:MET:Hydrophobic': 1, 'UNL:MET:VdWContact': 1, 'UNL:SER:VdWContact': 1, 'UNL:TRP:Hydrophobic': 1, 'UNL:TRP:VdWContact': 1, 'UNL:TYR:Hydrophobic': 1, 'UNL:TYR:VdWContact': 1, 'UNL:VAL:Hydrophobic': 3, 'UNL:VAL:VdWContact': 1}"
289,NeuralPLexer,1R1H_BIR,,0.0,,
290,NeuralPLexer,1YVF_PH7,0.31818181818181823,0.8727272727272727,"{'UNL:ARG:Hydrophobic': 1, 'UNL:GLU:Hydrophobic': 1, 'UNL:GLU:VdWContact': 1, 'UNL:ILE:VdWContact': 1, 'UNL:LEU:Hydrophobic': 1, 'UNL:LEU:VdWContact': 2, 'UNL:TYR:Hydrophobic': 1, 'UNL:TYR:VdWContact': 1, 'UNL:VAL:Hydrophobic': 1, 'UNL:VAL:VdWContact': 1}","{'UNL:ARG:Hydrophobic': 1, 'UNL:ASN:Hydrophobic': 1, 'UNL:ASN:VdWContact': 1, 'UNL:CYS:Hydrophobic': 1, 'UNL:CYS:VdWContact': 1, 'UNL:GLN:VdWContact': 1, 'UNL:LEU:Hydrophobic': 1, 'UNL:MET:Hydrophobic': 1, 'UNL:MET:VdWContact': 1, 'UNL:PHE:Hydrophobic': 1, 'UNL:PRO:Hydrophobic': 1, 'UNL:PRO:VdWContact': 1, 'UNL:SER:VdWContact': 2, 'UNL:TYR:HBAcceptor': 1, 'UNL:TYR:Hydrophobic': 2, 'UNL:TYR:VdWContact': 1}"
291,NeuralPLexer,1YQY_915,0.09523809523809518,0.9619047619047619,"{'UNL:ARG:VdWContact': 1, 'UNL:GLU:VdWContact': 2, 'UNL:GLY:HBAcceptor': 1, 'UNL:GLY:VdWContact': 2, 'UNL:HIS:HBAcceptor': 1, 'UNL:HIS:Hydrophobic': 1, 'UNL:HIS:VdWContact': 3, 'UNL:LEU:Hydrophobic': 1, 'UNL:LEU:VdWContact': 1, 'UNL:LYS:Hydrophobic': 1, 'UNL:LYS:VdWContact': 1, 'UNL:PHE:VdWContact': 1, 'UNL:SER:VdWContact': 1, 'UNL:TYR:HBDonor': 1, 'UNL:TYR:Hydrophobic': 1, 'UNL:TYR:VdWContact': 1, 'UNL:VAL:VdWContact': 1}","{'UNL:ASP:Hydrophobic': 1, 'UNL:GLU:VdWContact': 3, 'UNL:GLY:HBAcceptor': 1, 'UNL:GLY:HBDonor': 1, 'UNL:GLY:VdWContact': 1, 'UNL:HIS:HBAcceptor': 1, 'UNL:HIS:HBDonor': 1, 'UNL:HIS:Hydrophobic': 1, 'UNL:HIS:VdWContact': 1, 'UNL:LEU:Hydrophobic': 2, 'UNL:LEU:VdWContact': 2, 'UNL:LYS:Hydrophobic': 1, 'UNL:SER:VdWContact': 1, 'UNL:TYR:HBDonor': 1, 'UNL:TYR:Hydrophobic': 1, 'UNL:TYR:VdWContact': 1, 'UNL:VAL:Hydrophobic': 2, 'UNL:VAL:VdWContact': 1}"
292,NeuralPLexer,1HWW_SWA,0.3846153846153846,0.8461538461538461,"{'UNL:ARG:VdWContact': 1, 'UNL:ASP:VdWContact': 4, 'UNL:HIS:HBAcceptor': 2, 'UNL:HIS:HBDonor': 1, 'UNL:HIS:VdWContact': 2, 'UNL:PHE:VdWContact': 1, 'UNL:TRP:VdWContact': 1}","{'UNL:ARG:VdWContact': 1, 'UNL:ASP:HBDonor': 1, 'UNL:ASP:VdWContact': 3, 'UNL:HIS:VdWContact': 1, 'UNL:PHE:Hydrophobic': 1, 'UNL:PHE:VdWContact': 1, 'UNL:TRP:HBDonor': 1, 'UNL:TRP:Hydrophobic': 1, 'UNL:TRP:VdWContact': 2, 'UNL:TYR:Hydrophobic': 1, 'UNL:TYR:VdWContact': 2}"
293,NeuralPLexer,1T40_ID5,0.5714285714285714,0.7714285714285715,"{'UNL:CYS:Hydrophobic': 1, 'UNL:CYS:VdWContact': 2, 'UNL:LEU:Hydrophobic': 1, 'UNL:LEU:VdWContact': 1, 'UNL:PHE:VdWContact': 1, 'UNL:SER:VdWContact': 1, 'UNL:TRP:HBAcceptor': 2, 'UNL:TRP:HBDonor': 1, 'UNL:TRP:VdWContact': 2, 'UNL:TYR:Hydrophobic': 1, 'UNL:TYR:VdWContact': 1}","{'UNL:CYS:Hydrophobic': 1, 'UNL:CYS:VdWContact': 2, 'UNL:HIS:HBAcceptor': 1, 'UNL:HIS:HBDonor': 1, 'UNL:HIS:VdWContact': 1, 'UNL:LEU:HBAcceptor': 1, 'UNL:LEU:Hydrophobic': 1, 'UNL:LEU:VdWContact': 1, 'UNL:PHE:Hydrophobic': 2, 'UNL:THR:Hydrophobic': 1, 'UNL:THR:VdWContact': 1, 'UNL:TRP:HBAcceptor': 1, 'UNL:TRP:Hydrophobic': 4, 'UNL:TRP:VdWContact': 2, 'UNL:TYR:Hydrophobic': 2, 'UNL:TYR:VdWContact': 2, 'UNL:VAL:Hydrophobic': 1, 'UNL:VAL:VdWContact': 1}"
294,NeuralPLexer,1GKC_NFH,0.4285714285714286,0.8285714285714285,"{'UNL:ALA:VdWContact': 1, 'UNL:ARG:Hydrophobic': 1, 'UNL:ARG:VdWContact': 2, 'UNL:GLU:VdWContact': 1, 'UNL:GLY:VdWContact': 1, 'UNL:HIS:HBAcceptor': 1, 'UNL:HIS:VdWContact': 3, 'UNL:LEU:Hydrophobic': 1, 'UNL:LEU:VdWContact': 2, 'UNL:MET:Hydrophobic': 1, 'UNL:MET:VdWContact': 2, 'UNL:PRO:VdWContact': 1, 'UNL:TYR:HBAcceptor': 1, 'UNL:TYR:Hydrophobic': 1, 'UNL:TYR:VdWContact': 2}","{'UNL:ALA:VdWContact': 1, 'UNL:GLU:VdWContact': 1, 'UNL:GLY:HBDonor': 1, 'UNL:GLY:VdWContact': 1, 'UNL:HIS:HBAcceptor': 1, 'UNL:HIS:Hydrophobic': 1, 'UNL:HIS:VdWContact': 2, 'UNL:LEU:HBAcceptor': 1, 'UNL:LEU:Hydrophobic': 1, 'UNL:LEU:VdWContact': 1, 'UNL:MET:Hydrophobic': 1, 'UNL:MET:VdWContact': 1, 'UNL:PRO:HBDonor': 1, 'UNL:PRO:VdWContact': 1, 'UNL:TYR:HBAcceptor': 1, 'UNL:TYR:Hydrophobic': 1, 'UNL:TYR:VdWContact': 1, 'UNL:VAL:Hydrophobic': 1, 'UNL:VAL:VdWContact': 1}"
295,NeuralPLexer,1N1M_A3M,0.42857142857142855,0.8285714285714285,"{'UNL:ARG:VdWContact': 1, 'UNL:ASN:VdWContact': 1, 'UNL:ASP:VdWContact': 1, 'UNL:GLU:VdWContact': 2, 'UNL:HIS:VdWContact': 1, 'UNL:SER:VdWContact': 1, 'UNL:TYR:HBAcceptor': 1, 'UNL:TYR:VdWContact': 3}","{'UNL:ASN:HBAcceptor': 1, 'UNL:ASN:VdWContact': 1, 'UNL:GLU:HBDonor': 2, 'UNL:GLU:VdWContact': 2, 'UNL:PHE:Hydrophobic': 1, 'UNL:SER:VdWContact': 1, 'UNL:TRP:Hydrophobic': 1, 'UNL:TYR:Hydrophobic': 3, 'UNL:TYR:VdWContact': 3, 'UNL:VAL:Hydrophobic': 2}"
296,NeuralPLexer,1Z95_198,0.38888888888888895,0.8444444444444444,"{'UNL:ASN:VdWContact': 1, 'UNL:GLN:HBAcceptor': 1, 'UNL:GLN:VdWContact': 1, 'UNL:GLY:VdWContact': 1, 'UNL:ILE:VdWContact': 1, 'UNL:LEU:Hydrophobic': 2, 'UNL:LEU:VdWContact': 3, 'UNL:MET:HBAcceptor': 1, 'UNL:MET:Hydrophobic': 4, 'UNL:MET:VdWContact': 5, 'UNL:PHE:VdWContact': 1, 'UNL:THR:VdWContact': 1}","{'UNL:ARG:VdWContact': 1, 'UNL:ASN:VdWContact': 1, 'UNL:GLY:VdWContact': 1, 'UNL:ILE:Hydrophobic': 2, 'UNL:ILE:VdWContact': 1, 'UNL:LEU:HBDonor': 1, 'UNL:LEU:Hydrophobic': 4, 'UNL:LEU:VdWContact': 2, 'UNL:MET:Hydrophobic': 3, 'UNL:MET:VdWContact': 3, 'UNL:PHE:Hydrophobic': 2, 'UNL:PHE:VdWContact': 1, 'UNL:THR:Hydrophobic': 1, 'UNL:THR:VdWContact': 1, 'UNL:VAL:Hydrophobic': 1}"
297,NeuralPLexer,1HP0_AD3,,0.0,,
298,NeuralPLexer,1OF1_SCT,0.5263157894736842,0.7894736842105263,"{'UNL:ALA:VdWContact': 1, 'UNL:ARG:VdWContact': 1, 'UNL:GLU:VdWContact': 2, 'UNL:HIS:VdWContact': 1, 'UNL:ILE:VdWContact': 1, 'UNL:MET:Hydrophobic': 1, 'UNL:MET:VdWContact': 1, 'UNL:TRP:Hydrophobic': 1, 'UNL:TRP:VdWContact': 1, 'UNL:TYR:VdWContact': 1}","{'UNL:ALA:Hydrophobic': 2, 'UNL:ALA:VdWContact': 1, 'UNL:ARG:HBAcceptor': 1, 'UNL:ARG:HBDonor': 1, 'UNL:ARG:VdWContact': 1, 'UNL:GLN:HBAcceptor': 1, 'UNL:GLN:HBDonor': 1, 'UNL:GLN:VdWContact': 1, 'UNL:GLU:VdWContact': 2, 'UNL:HIS:Hydrophobic': 1, 'UNL:HIS:VdWContact': 1, 'UNL:ILE:Hydrophobic': 2, 'UNL:MET:Hydrophobic': 1, 'UNL:TRP:Hydrophobic': 1, 'UNL:TYR:Hydrophobic': 2, 'UNL:TYR:VdWContact': 2}"
299,NeuralPLexer,1SJ0_E4D,0.48000000000000015,0.8079999999999999,"{'UNL:ALA:VdWContact': 1, 'UNL:ARG:VdWContact': 1, 'UNL:CYS:VdWContact': 1, 'UNL:GLU:VdWContact': 1, 'UNL:GLY:VdWContact': 1, 'UNL:ILE:VdWContact': 1, 'UNL:LEU:Hydrophobic': 3, 'UNL:LEU:VdWContact': 4, 'UNL:MET:VdWContact': 1, 'UNL:PHE:VdWContact': 1, 'UNL:THR:VdWContact': 1, 'UNL:TRP:VdWContact': 1, 'UNL:VAL:VdWContact': 1}","{'UNL:ALA:Hydrophobic': 1, 'UNL:ARG:HBAcceptor': 1, 'UNL:ARG:VdWContact': 1, 'UNL:ASP:VdWContact': 1, 'UNL:CYS:Hydrophobic': 1, 'UNL:CYS:VdWContact': 1, 'UNL:GLU:VdWContact': 1, 'UNL:HIS:HBDonor': 1, 'UNL:HIS:Hydrophobic': 1, 'UNL:HIS:VdWContact': 1, 'UNL:ILE:Hydrophobic': 1, 'UNL:LEU:HBDonor': 1, 'UNL:LEU:Hydrophobic': 7, 'UNL:LEU:VdWContact': 3, 'UNL:MET:Hydrophobic': 3, 'UNL:MET:VdWContact': 1, 'UNL:PHE:Hydrophobic': 1, 'UNL:THR:VdWContact': 1, 'UNL:TRP:Hydrophobic': 1, 'UNL:TRP:VdWContact': 1}"
300,NeuralPLexer,1U4D_DBQ,0.21428571428571438,0.9142857142857143,"{'UNL:ALA:VdWContact': 2, 'UNL:GLU:VdWContact': 1, 'UNL:LEU:Hydrophobic': 1, 'UNL:LEU:VdWContact': 2, 'UNL:LYS:VdWContact': 1, 'UNL:PRO:VdWContact': 1, 'UNL:THR:VdWContact': 1, 'UNL:VAL:Hydrophobic': 1, 'UNL:VAL:VdWContact': 1}","{'UNL:ALA:HBAcceptor': 1, 'UNL:ALA:Hydrophobic': 1, 'UNL:ALA:VdWContact': 1, 'UNL:ASP:HBDonor': 1, 'UNL:ASP:VdWContact': 1, 'UNL:GLU:HBDonor': 1, 'UNL:GLU:VdWContact': 1, 'UNL:LEU:Hydrophobic': 2, 'UNL:LEU:VdWContact': 1, 'UNL:LYS:VdWContact': 1, 'UNL:VAL:Hydrophobic': 1}"
301,NeuralPLexer,1Q41_IXM,0.18181818181818188,0.9272727272727272,"{'UNL:ALA:VdWContact': 1, 'UNL:ASN:HBAcceptor': 1, 'UNL:ASN:Hydrophobic': 1, 'UNL:ASN:VdWContact': 1, 'UNL:ASP:HBDonor': 1, 'UNL:ASP:VdWContact': 2, 'UNL:CYS:Hydrophobic': 1, 'UNL:GLY:VdWContact': 1, 'UNL:LEU:VdWContact': 1, 'UNL:LYS:HBAcceptor': 1, 'UNL:LYS:VdWContact': 1}","{'UNL:ALA:Hydrophobic': 1, 'UNL:ASP:HBDonor': 1, 'UNL:ASP:VdWContact': 1, 'UNL:CYS:Hydrophobic': 1, 'UNL:ILE:Hydrophobic': 1, 'UNL:LEU:Hydrophobic': 2, 'UNL:PRO:VdWContact': 1, 'UNL:THR:Hydrophobic': 1, 'UNL:TYR:Hydrophobic': 1, 'UNL:TYR:VdWContact': 1, 'UNL:VAL:HBAcceptor': 1, 'UNL:VAL:HBDonor': 1, 'UNL:VAL:Hydrophobic': 2, 'UNL:VAL:VdWContact': 1}"
302,NeuralPLexer,1OWE_675,0.1818181818181818,0.9272727272727272,"{'UNL:ASP:VdWContact': 1, 'UNL:GLN:Hydrophobic': 1, 'UNL:GLN:VdWContact': 1, 'UNL:GLY:HBDonor': 1, 'UNL:GLY:VdWContact': 2, 'UNL:HIS:HBDonor': 1, 'UNL:HIS:VdWContact': 1, 'UNL:SER:VdWContact': 1}","{'UNL:ASP:HBDonor': 1, 'UNL:ASP:VdWContact': 1, 'UNL:GLN:Hydrophobic': 1, 'UNL:GLN:VdWContact': 1, 'UNL:GLY:HBDonor': 1, 'UNL:GLY:VdWContact': 1, 'UNL:HIS:Hydrophobic': 1, 'UNL:HIS:VdWContact': 1, 'UNL:SER:VdWContact': 2, 'UNL:VAL:Hydrophobic': 1}"
303,NeuralPLexer,1OQ5_CEL,,0.0,,
304,NeuralPLexer,1SG0_STL,0.5555555555555556,0.7777777777777778,"{'UNL:GLY:VdWContact': 2, 'UNL:MET:Hydrophobic': 1, 'UNL:PHE:Hydrophobic': 1, 'UNL:PHE:VdWContact': 2}","{'UNL:ASN:HBAcceptor': 1, 'UNL:ASN:VdWContact': 1, 'UNL:GLY:HBDonor': 1, 'UNL:GLY:VdWContact': 1, 'UNL:PHE:Hydrophobic': 3, 'UNL:PHE:VdWContact': 2, 'UNL:TRP:Hydrophobic': 1, 'UNL:TRP:VdWContact': 1}"
305,NeuralPLexer,2BR1_PFP,0.22222222222222215,0.9111111111111111,"{'UNL:ALA:VdWContact': 1, 'UNL:ASN:VdWContact': 1, 'UNL:ASP:VdWContact': 2, 'UNL:GLU:Hydrophobic': 1, 'UNL:GLU:VdWContact': 2, 'UNL:GLY:VdWContact': 2, 'UNL:LEU:Hydrophobic': 2, 'UNL:LEU:VdWContact': 2, 'UNL:LYS:HBAcceptor': 1, 'UNL:LYS:VdWContact': 1, 'UNL:SER:VdWContact': 1, 'UNL:VAL:Hydrophobic': 1, 'UNL:VAL:VdWContact': 1}","{'UNL:ALA:Hydrophobic': 1, 'UNL:ALA:VdWContact': 1, 'UNL:CYS:HBAcceptor': 1, 'UNL:CYS:Hydrophobic': 1, 'UNL:CYS:VdWContact': 1, 'UNL:GLU:Hydrophobic': 1, 'UNL:GLU:VdWContact': 2, 'UNL:LEU:Hydrophobic': 2, 'UNL:LEU:VdWContact': 1, 'UNL:SER:VdWContact': 1, 'UNL:TYR:Hydrophobic': 1, 'UNL:VAL:Hydrophobic': 1}"
306,NeuralPLexer,1UOU_CMU,,0.0,,
307,NeuralPLexer,1TZ8_DES,1.3333333333333335,0.46666666666666656,"{'UNL:LEU:Hydrophobic': 1, 'UNL:LEU:VdWContact': 2, 'UNL:SER:VdWContact': 5}","{'UNL:ALA:Hydrophobic': 2, 'UNL:LEU:Hydrophobic': 4, 'UNL:LEU:VdWContact': 2, 'UNL:LYS:Hydrophobic': 2, 'UNL:LYS:VdWContact': 1, 'UNL:SER:HBAcceptor': 2, 'UNL:SER:HBDonor': 1, 'UNL:SER:VdWContact': 2, 'UNL:THR:Hydrophobic': 2}"
308,NeuralPLexer,1R9O_FLP,0.5555555555555557,0.7777777777777777,"{'UNL:ALA:VdWContact': 1, 'UNL:ASP:Hydrophobic': 1, 'UNL:ASP:VdWContact': 1, 'UNL:GLY:VdWContact': 1, 'UNL:LEU:Hydrophobic': 1, 'UNL:LEU:VdWContact': 1, 'UNL:PHE:VdWContact': 1, 'UNL:VAL:VdWContact': 1}","{'UNL:ALA:Hydrophobic': 1, 'UNL:ARG:HBAcceptor': 1, 'UNL:ARG:VdWContact': 1, 'UNL:ASN:HBAcceptor': 1, 'UNL:ASN:VdWContact': 1, 'UNL:ASP:VdWContact': 1, 'UNL:GLY:VdWContact': 1, 'UNL:ILE:Hydrophobic': 1, 'UNL:LEU:Hydrophobic': 4, 'UNL:MET:Hydrophobic': 1, 'UNL:MET:VdWContact': 1, 'UNL:THR:Hydrophobic': 1, 'UNL:VAL:Hydrophobic': 2, 'UNL:VAL:VdWContact': 1}"
309,NeuralPLexer,1P2Y_NCT,0.4545454545454545,0.8181818181818182,"{'UNL:ASP:Hydrophobic': 1, 'UNL:ASP:VdWContact': 1, 'UNL:LEU:VdWContact': 1, 'UNL:TYR:VdWContact': 1, 'UNL:VAL:Hydrophobic': 1, 'UNL:VAL:VdWContact': 1}","{'UNL:ASP:Hydrophobic': 1, 'UNL:ILE:Hydrophobic': 1, 'UNL:LEU:Hydrophobic': 1, 'UNL:LEU:VdWContact': 1, 'UNL:PHE:Hydrophobic': 1, 'UNL:PHE:VdWContact': 1, 'UNL:THR:Hydrophobic': 1, 'UNL:VAL:Hydrophobic': 2, 'UNL:VAL:VdWContact': 2}"
310,NeuralPLexer,1V0P_PVB,0.4117647058823529,0.8352941176470589,"{'UNL:ALA:VdWContact': 1, 'UNL:ASP:VdWContact': 1, 'UNL:GLN:VdWContact': 1, 'UNL:GLU:VdWContact': 1, 'UNL:LEU:VdWContact': 1, 'UNL:LYS:Hydrophobic': 1, 'UNL:LYS:VdWContact': 1, 'UNL:PHE:Hydrophobic': 1, 'UNL:PHE:VdWContact': 1, 'UNL:VAL:Hydrophobic': 1, 'UNL:VAL:VdWContact': 2}","{'UNL:ALA:Hydrophobic': 2, 'UNL:ALA:VdWContact': 2, 'UNL:GLN:VdWContact': 1, 'UNL:GLU:VdWContact': 1, 'UNL:GLY:VdWContact': 2, 'UNL:ILE:Hydrophobic': 1, 'UNL:LEU:HBAcceptor': 1, 'UNL:LEU:HBDonor': 1, 'UNL:LEU:Hydrophobic': 1, 'UNL:LEU:VdWContact': 2, 'UNL:PHE:Hydrophobic': 1, 'UNL:VAL:Hydrophobic': 2, 'UNL:VAL:VdWContact': 2}"
311,NeuralPLexer,1XOZ_CIA,0.2777777777777778,0.8888888888888888,"{'UNL:ALA:VdWContact': 1, 'UNL:GLN:HBAcceptor': 1, 'UNL:GLN:Hydrophobic': 1, 'UNL:GLN:VdWContact': 1, 'UNL:ILE:VdWContact': 1, 'UNL:LEU:VdWContact': 1, 'UNL:MET:Hydrophobic': 1, 'UNL:MET:VdWContact': 1, 'UNL:PHE:Hydrophobic': 1, 'UNL:PHE:VdWContact': 2, 'UNL:TYR:VdWContact': 1, 'UNL:VAL:Hydrophobic': 1, 'UNL:VAL:VdWContact': 1}","{'UNL:ALA:Hydrophobic': 2, 'UNL:GLN:HBDonor': 1, 'UNL:GLN:Hydrophobic': 1, 'UNL:GLN:VdWContact': 2, 'UNL:ILE:Hydrophobic': 2, 'UNL:ILE:VdWContact': 1, 'UNL:LEU:Hydrophobic': 1, 'UNL:LEU:VdWContact': 1, 'UNL:MET:Hydrophobic': 1, 'UNL:MET:VdWContact': 1, 'UNL:PHE:Hydrophobic': 2, 'UNL:PHE:VdWContact': 1, 'UNL:TYR:Hydrophobic': 1, 'UNL:VAL:Hydrophobic': 1, 'UNL:VAL:VdWContact': 1}"
312,NeuralPLexer,1R55_097,0.75,0.7,"{'UNL:ALA:VdWContact': 1, 'UNL:GLU:HBDonor': 1, 'UNL:GLU:VdWContact': 1, 'UNL:GLY:HBDonor': 1, 'UNL:HIS:HBAcceptor': 2, 'UNL:HIS:VdWContact': 3, 'UNL:VAL:VdWContact': 1}","{'UNL:ALA:HBDonor': 2, 'UNL:ALA:Hydrophobic': 2, 'UNL:ALA:VdWContact': 2, 'UNL:GLU:VdWContact': 1, 'UNL:GLY:HBDonor': 1, 'UNL:GLY:VdWContact': 1, 'UNL:HIS:HBAcceptor': 1, 'UNL:HIS:Hydrophobic': 1, 'UNL:HIS:VdWContact': 3, 'UNL:THR:HBAcceptor': 1, 'UNL:THR:Hydrophobic': 2, 'UNL:THR:VdWContact': 2, 'UNL:VAL:HBAcceptor': 1, 'UNL:VAL:Hydrophobic': 1, 'UNL:VAL:VdWContact': 1}"
313,NeuralPLexer,1YWR_LI9,0.7000000000000002,0.72,"{'UNL:ALA:VdWContact': 1, 'UNL:ASP:VdWContact': 1, 'UNL:HIS:VdWContact': 1, 'UNL:LEU:Hydrophobic': 1, 'UNL:LYS:Hydrophobic': 1, 'UNL:LYS:VdWContact': 1, 'UNL:MET:HBAcceptor': 1, 'UNL:MET:VdWContact': 1, 'UNL:THR:VdWContact': 1, 'UNL:VAL:Hydrophobic': 1, 'UNL:VAL:VdWContact': 1}","{'UNL:ALA:Hydrophobic': 1, 'UNL:ALA:VdWContact': 1, 'UNL:ASP:Hydrophobic': 1, 'UNL:ASP:VdWContact': 1, 'UNL:HIS:VdWContact': 1, 'UNL:ILE:Hydrophobic': 1, 'UNL:LEU:Hydrophobic': 4, 'UNL:LEU:VdWContact': 2, 'UNL:LYS:Hydrophobic': 1, 'UNL:LYS:VdWContact': 1, 'UNL:MET:HBAcceptor': 1, 'UNL:MET:HBDonor': 1, 'UNL:MET:Hydrophobic': 1, 'UNL:MET:VdWContact': 1, 'UNL:THR:Hydrophobic': 1, 'UNL:THR:VdWContact': 1, 'UNL:TYR:Hydrophobic': 1, 'UNL:TYR:VdWContact': 1, 'UNL:VAL:Hydrophobic': 2, 'UNL:VAL:VdWContact': 1}"
314,NeuralPLexer,1HQ2_PH2,0.4117647058823529,0.8352941176470589,"{'UNL:ASN:HBDonor': 1, 'UNL:ASN:VdWContact': 1, 'UNL:LEU:VdWContact': 1, 'UNL:PHE:VdWContact': 1, 'UNL:PRO:VdWContact': 1, 'UNL:THR:HBDonor': 1, 'UNL:THR:VdWContact': 1, 'UNL:TRP:VdWContact': 1, 'UNL:TYR:VdWContact': 1}","{'UNL:ASN:HBAcceptor': 1, 'UNL:ASN:HBDonor': 1, 'UNL:ASN:VdWContact': 1, 'UNL:ASP:VdWContact': 1, 'UNL:LEU:HBAcceptor': 1, 'UNL:LEU:HBDonor': 1, 'UNL:LEU:Hydrophobic': 1, 'UNL:LEU:VdWContact': 1, 'UNL:PHE:Hydrophobic': 1, 'UNL:PHE:VdWContact': 1, 'UNL:PRO:HBDonor': 1, 'UNL:PRO:VdWContact': 1, 'UNL:THR:HBDonor': 1, 'UNL:THR:VdWContact': 1, 'UNL:TYR:Hydrophobic': 1, 'UNL:TYR:VdWContact': 1}"
315,NeuralPLexer,1MZC_BNE,0.21052631578947367,0.9157894736842105,"{'UNL:ALA:VdWContact': 3, 'UNL:ASN:VdWContact': 1, 'UNL:CYS:VdWContact': 1, 'UNL:GLN:HBAcceptor': 1, 'UNL:GLN:VdWContact': 1, 'UNL:HIS:VdWContact': 1, 'UNL:LYS:VdWContact': 1, 'UNL:SER:VdWContact': 1, 'UNL:TYR:HBAcceptor': 1, 'UNL:TYR:VdWContact': 2}","{'UNL:ALA:Hydrophobic': 1, 'UNL:ARG:HBAcceptor': 1, 'UNL:ARG:VdWContact': 1, 'UNL:ASP:VdWContact': 1, 'UNL:CYS:HBAcceptor': 1, 'UNL:CYS:VdWContact': 1, 'UNL:LEU:Hydrophobic': 1, 'UNL:SER:VdWContact': 1, 'UNL:TRP:Hydrophobic': 3, 'UNL:TRP:VdWContact': 2, 'UNL:TYR:Hydrophobic': 2, 'UNL:TYR:VdWContact': 2}"
316,NeuralPLexer,1V4S_MRK,0.125,0.95,"{'UNL:ARG:Hydrophobic': 1, 'UNL:ARG:VdWContact': 1, 'UNL:CYS:Hydrophobic': 1, 'UNL:CYS:VdWContact': 2, 'UNL:ILE:VdWContact': 1, 'UNL:LEU:VdWContact': 1, 'UNL:MET:Hydrophobic': 1, 'UNL:MET:VdWContact': 2, 'UNL:SER:HBDonor': 1, 'UNL:SER:VdWContact': 2, 'UNL:TYR:Hydrophobic': 1, 'UNL:TYR:VdWContact': 1, 'UNL:VAL:Hydrophobic': 2, 'UNL:VAL:VdWContact': 3}","{'UNL:ALA:Hydrophobic': 1, 'UNL:ARG:HBAcceptor': 1, 'UNL:ARG:HBDonor': 1, 'UNL:ARG:Hydrophobic': 1, 'UNL:ARG:VdWContact': 1, 'UNL:GLU:Hydrophobic': 1, 'UNL:ILE:Hydrophobic': 2, 'UNL:MET:Hydrophobic': 2, 'UNL:MET:VdWContact': 1, 'UNL:PRO:Hydrophobic': 1, 'UNL:THR:HBAcceptor': 1, 'UNL:THR:Hydrophobic': 1, 'UNL:THR:VdWContact': 1, 'UNL:TYR:HBDonor': 1, 'UNL:TYR:Hydrophobic': 2, 'UNL:TYR:VdWContact': 2, 'UNL:VAL:Hydrophobic': 3}"
317,NeuralPLexer,1NAV_IH5,0.6875,0.725,"{'UNL:ALA:VdWContact': 2, 'UNL:GLY:VdWContact': 1, 'UNL:LEU:Hydrophobic': 2, 'UNL:LEU:VdWContact': 3, 'UNL:MET:Hydrophobic': 1, 'UNL:MET:VdWContact': 1, 'UNL:PHE:Hydrophobic': 1, 'UNL:PHE:VdWContact': 1, 'UNL:SER:VdWContact': 1}","{'UNL:ALA:Hydrophobic': 2, 'UNL:GLY:VdWContact': 1, 'UNL:HIS:HBAcceptor': 1, 'UNL:HIS:VdWContact': 1, 'UNL:ILE:Hydrophobic': 1, 'UNL:ILE:VdWContact': 1, 'UNL:LEU:Hydrophobic': 3, 'UNL:LEU:VdWContact': 2, 'UNL:MET:Hydrophobic': 3, 'UNL:MET:VdWContact': 2, 'UNL:PHE:Hydrophobic': 3, 'UNL:PHE:VdWContact': 1, 'UNL:SER:HBAcceptor': 1, 'UNL:SER:VdWContact': 1, 'UNL:THR:Hydrophobic': 1}"
318,NeuralPLexer,1JJE_BYS,0.823529411764706,0.6705882352941176,"{'UNL:ASP:VdWContact': 1, 'UNL:HIS:Hydrophobic': 1, 'UNL:HIS:VdWContact': 1, 'UNL:TRP:Hydrophobic': 1, 'UNL:TRP:VdWContact': 1, 'UNL:VAL:VdWContact': 4}","{'UNL:ASN:HBAcceptor': 1, 'UNL:ASN:Hydrophobic': 1, 'UNL:ASN:VdWContact': 1, 'UNL:ASP:Hydrophobic': 1, 'UNL:ASP:VdWContact': 1, 'UNL:CYS:VdWContact': 1, 'UNL:GLY:VdWContact': 1, 'UNL:HIS:HBDonor': 1, 'UNL:HIS:Hydrophobic': 2, 'UNL:HIS:VdWContact': 3, 'UNL:LYS:HBDonor': 1, 'UNL:LYS:VdWContact': 1, 'UNL:PHE:Hydrophobic': 1, 'UNL:TRP:Hydrophobic': 1, 'UNL:TRP:VdWContact': 1, 'UNL:VAL:Hydrophobic': 2, 'UNL:VAL:VdWContact': 1}"
319,NeuralPLexer,1GM8_SOX,0.16666666666666663,0.9333333333333333,"{'UNL:ALA:VdWContact': 2, 'UNL:ARG:VdWContact': 1, 'UNL:ASN:Hydrophobic': 1, 'UNL:ASN:VdWContact': 1, 'UNL:GLN:VdWContact': 1, 'UNL:GLY:VdWContact': 1, 'UNL:MET:VdWContact': 1, 'UNL:PHE:VdWContact': 2, 'UNL:SER:VdWContact': 1, 'UNL:TRP:Hydrophobic': 1, 'UNL:TRP:VdWContact': 1}","{'UNL:ALA:Hydrophobic': 1, 'UNL:ALA:VdWContact': 1, 'UNL:GLN:VdWContact': 1, 'UNL:ILE:Hydrophobic': 1, 'UNL:ILE:VdWContact': 1, 'UNL:LEU:Hydrophobic': 1, 'UNL:MET:Hydrophobic': 1, 'UNL:PHE:Hydrophobic': 3, 'UNL:PHE:VdWContact': 3, 'UNL:PRO:Hydrophobic': 1, 'UNL:SER:VdWContact': 2}"
320,NeuralPLexer,1J3J_CP6,0.375,0.85,"{'UNL:ASN:VdWContact': 1, 'UNL:ASP:HBDonor': 1, 'UNL:ASP:VdWContact': 1, 'UNL:LEU:Hydrophobic': 2, 'UNL:LEU:VdWContact': 1, 'UNL:MET:Hydrophobic': 1, 'UNL:MET:VdWContact': 1, 'UNL:PHE:VdWContact': 1, 'UNL:SER:VdWContact': 1}","{'UNL:ALA:Hydrophobic': 1, 'UNL:ASN:Hydrophobic': 1, 'UNL:ASN:VdWContact': 1, 'UNL:ASP:HBDonor': 1, 'UNL:ASP:VdWContact': 1, 'UNL:CYS:VdWContact': 1, 'UNL:ILE:HBDonor': 2, 'UNL:ILE:Hydrophobic': 2, 'UNL:ILE:VdWContact': 2, 'UNL:LEU:Hydrophobic': 1, 'UNL:MET:Hydrophobic': 1, 'UNL:PHE:Hydrophobic': 1, 'UNL:PHE:VdWContact': 1}"
321,NeuralPLexer,1T9B_1CS,0.5625,0.775,"{'UNL:ARG:HBAcceptor': 1, 'UNL:ARG:VdWContact': 1, 'UNL:GLY:VdWContact': 1, 'UNL:LYS:Hydrophobic': 1, 'UNL:TRP:Hydrophobic': 1, 'UNL:TRP:VdWContact': 1}","{'UNL:ALA:Hydrophobic': 2, 'UNL:ALA:VdWContact': 1, 'UNL:ARG:HBAcceptor': 1, 'UNL:ARG:VdWContact': 1, 'UNL:ASP:VdWContact': 1, 'UNL:MET:Hydrophobic': 1, 'UNL:MET:VdWContact': 1, 'UNL:PHE:Hydrophobic': 1, 'UNL:PHE:VdWContact': 1, 'UNL:PRO:Hydrophobic': 1, 'UNL:TRP:Hydrophobic': 1, 'UNL:VAL:Hydrophobic': 2, 'UNL:VAL:VdWContact': 1}"
322,NeuralPLexer,1PMN_984,0.23529411764705876,0.9058823529411765,"{'UNL:ALA:VdWContact': 1, 'UNL:ASN:VdWContact': 2, 'UNL:GLU:VdWContact': 1, 'UNL:GLY:VdWContact': 1, 'UNL:LEU:Hydrophobic': 2, 'UNL:LEU:VdWContact': 2, 'UNL:LYS:Hydrophobic': 1, 'UNL:LYS:VdWContact': 1, 'UNL:MET:Hydrophobic': 1, 'UNL:MET:VdWContact': 3, 'UNL:SER:VdWContact': 1, 'UNL:VAL:VdWContact': 1}","{'UNL:ALA:Hydrophobic': 1, 'UNL:ALA:VdWContact': 2, 'UNL:ASN:VdWContact': 1, 'UNL:ILE:Hydrophobic': 2, 'UNL:ILE:VdWContact': 2, 'UNL:LEU:Hydrophobic': 3, 'UNL:LEU:VdWContact': 2, 'UNL:LYS:Hydrophobic': 1, 'UNL:MET:HBAcceptor': 1, 'UNL:MET:Hydrophobic': 2, 'UNL:MET:VdWContact': 2, 'UNL:VAL:Hydrophobic': 2}"
323,NeuralPLexer,1N2V_BDI,0.23076923076923073,0.9076923076923077,"{'UNL:ASP:HBDonor': 1, 'UNL:ASP:VdWContact': 1, 'UNL:CYS:VdWContact': 1, 'UNL:GLN:VdWContact': 1, 'UNL:GLY:VdWContact': 1, 'UNL:MET:Hydrophobic': 1, 'UNL:MET:VdWContact': 1, 'UNL:TYR:Hydrophobic': 1, 'UNL:TYR:VdWContact': 1}","{'UNL:ALA:Hydrophobic': 1, 'UNL:ASP:HBDonor': 1, 'UNL:ASP:VdWContact': 1, 'UNL:CYS:Hydrophobic': 1, 'UNL:GLN:HBAcceptor': 1, 'UNL:GLN:VdWContact': 1, 'UNL:GLY:HBAcceptor': 1, 'UNL:GLY:VdWContact': 2, 'UNL:MET:Hydrophobic': 1, 'UNL:TYR:Hydrophobic': 1, 'UNL:TYR:VdWContact': 1}"
324,NeuralPLexer,1GPK_HUP,0.5454545454545454,0.7818181818181819,"{'UNL:GLY:VdWContact': 2, 'UNL:HIS:VdWContact': 1, 'UNL:PHE:VdWContact': 1, 'UNL:SER:HBDonor': 1, 'UNL:SER:VdWContact': 1, 'UNL:TRP:Hydrophobic': 1, 'UNL:TRP:VdWContact': 1, 'UNL:TYR:VdWContact': 1}","{'UNL:GLY:VdWContact': 3, 'UNL:HIS:VdWContact': 1, 'UNL:LEU:Hydrophobic': 1, 'UNL:PHE:Hydrophobic': 3, 'UNL:PHE:VdWContact': 2, 'UNL:TRP:Hydrophobic': 1, 'UNL:TRP:VdWContact': 1, 'UNL:TYR:Hydrophobic': 2, 'UNL:TYR:VdWContact': 1}"
325,NeuralPLexer,1W1P_GIO,0.9166666666666666,0.6333333333333333,"{'UNL:GLU:VdWContact': 1, 'UNL:MET:VdWContact': 1, 'UNL:TYR:VdWContact': 1}","{'UNL:ALA:Hydrophobic': 1, 'UNL:ASP:Hydrophobic': 1, 'UNL:GLU:VdWContact': 1, 'UNL:MET:Hydrophobic': 1, 'UNL:MET:VdWContact': 1, 'UNL:PHE:Hydrophobic': 1, 'UNL:PHE:VdWContact': 1, 'UNL:TRP:HBAcceptor': 1, 'UNL:TRP:Hydrophobic': 1, 'UNL:TRP:VdWContact': 2, 'UNL:TYR:Hydrophobic': 1, 'UNL:TYR:VdWContact': 2}"
326,NeuralPLexer,1OF6_DTY,,0.0,,
327,NeuralPLexer,1S3V_TQD,0.0,1.0,"{'UNL:ALA:VdWContact': 1, 'UNL:GLN:HBAcceptor': 1, 'UNL:GLN:VdWContact': 1, 'UNL:GLU:HBDonor': 1, 'UNL:GLU:VdWContact': 1, 'UNL:LEU:VdWContact': 1, 'UNL:PHE:Hydrophobic': 1, 'UNL:PHE:VdWContact': 2, 'UNL:SER:VdWContact': 1, 'UNL:VAL:VdWContact': 1}","{'UNL:GLU:HBDonor': 1, 'UNL:GLU:VdWContact': 1, 'UNL:ILE:HBDonor': 1, 'UNL:ILE:Hydrophobic': 1, 'UNL:ILE:VdWContact': 1, 'UNL:PHE:Hydrophobic': 2, 'UNL:PHE:VdWContact': 1, 'UNL:PRO:Hydrophobic': 1, 'UNL:SER:VdWContact': 1, 'UNL:VAL:VdWContact': 1}"
328,NeuralPLexer,1Y6B_AAX,0.55,0.78,"{'UNL:ALA:VdWContact': 1, 'UNL:ARG:VdWContact': 1, 'UNL:ASN:HBAcceptor': 1, 'UNL:ASN:VdWContact': 1, 'UNL:ASP:VdWContact': 1, 'UNL:CYS:Hydrophobic': 1, 'UNL:CYS:VdWContact': 1, 'UNL:LEU:Hydrophobic': 1, 'UNL:LEU:VdWContact': 1, 'UNL:PHE:Hydrophobic': 1, 'UNL:PHE:VdWContact': 1}","{'UNL:ALA:Hydrophobic': 1, 'UNL:ASN:HBAcceptor': 1, 'UNL:ASN:VdWContact': 1, 'UNL:CYS:HBAcceptor': 1, 'UNL:CYS:HBDonor': 1, 'UNL:CYS:Hydrophobic': 1, 'UNL:CYS:VdWContact': 1, 'UNL:GLU:VdWContact': 2, 'UNL:GLY:VdWContact': 1, 'UNL:LEU:Hydrophobic': 2, 'UNL:LYS:Hydrophobic': 1, 'UNL:LYS:VdWContact': 1, 'UNL:PHE:Hydrophobic': 2, 'UNL:PHE:VdWContact': 1, 'UNL:VAL:Hydrophobic': 3, 'UNL:VAL:VdWContact': 2}"
329,NeuralPLexer,1L2S_STC,0.44444444444444453,0.8222222222222222,"{'UNL:ALA:VdWContact': 1, 'UNL:ASN:Hydrophobic': 1, 'UNL:ASN:VdWContact': 1, 'UNL:LEU:VdWContact': 2, 'UNL:TYR:Hydrophobic': 1, 'UNL:TYR:VdWContact': 1, 'UNL:VAL:VdWContact': 1}","{'UNL:ALA:HBAcceptor': 1, 'UNL:ALA:HBDonor': 1, 'UNL:ALA:VdWContact': 1, 'UNL:ASN:HBAcceptor': 1, 'UNL:ASN:VdWContact': 1, 'UNL:GLN:VdWContact': 1, 'UNL:GLY:VdWContact': 1, 'UNL:LEU:Hydrophobic': 2, 'UNL:SER:HBAcceptor': 1, 'UNL:SER:VdWContact': 1, 'UNL:THR:Hydrophobic': 1, 'UNL:THR:VdWContact': 1, 'UNL:TYR:Hydrophobic': 2, 'UNL:VAL:Hydrophobic': 1}"
330,NeuralPLexer,1W2G_THM,0.3125,0.875,"{'UNL:ARG:HBAcceptor': 1, 'UNL:ARG:VdWContact': 2, 'UNL:ASN:VdWContact': 1, 'UNL:ASP:HBDonor': 1, 'UNL:ASP:VdWContact': 1, 'UNL:LEU:VdWContact': 1, 'UNL:PHE:Hydrophobic': 1, 'UNL:PHE:VdWContact': 2, 'UNL:SER:VdWContact': 1}","{'UNL:ARG:HBAcceptor': 1, 'UNL:ARG:Hydrophobic': 1, 'UNL:ARG:VdWContact': 1, 'UNL:ASN:HBDonor': 1, 'UNL:ASN:Hydrophobic': 1, 'UNL:ASN:VdWContact': 1, 'UNL:ASP:VdWContact': 1, 'UNL:PHE:Hydrophobic': 2, 'UNL:PRO:Hydrophobic': 1, 'UNL:PRO:VdWContact': 1, 'UNL:TYR:Hydrophobic': 2, 'UNL:TYR:VdWContact': 3}"
331,NeuralPLexer,1TOW_CRZ,,0.0,,
332,NeuralPLexer,1XM6_5RM,0.8666666666666667,0.6533333333333333,"{'UNL:ASN:VdWContact': 1, 'UNL:MET:VdWContact': 1, 'UNL:PHE:Hydrophobic': 1, 'UNL:PHE:VdWContact': 1, 'UNL:PRO:Hydrophobic': 1, 'UNL:VAL:VdWContact': 1}","{'UNL:ASN:VdWContact': 1, 'UNL:GLN:HBAcceptor': 1, 'UNL:GLN:VdWContact': 1, 'UNL:ILE:Hydrophobic': 1, 'UNL:ILE:VdWContact': 1, 'UNL:LEU:Hydrophobic': 2, 'UNL:LEU:VdWContact': 1, 'UNL:MET:Hydrophobic': 3, 'UNL:MET:VdWContact': 1, 'UNL:PHE:Hydrophobic': 3, 'UNL:PHE:VdWContact': 2, 'UNL:THR:VdWContact': 1, 'UNL:TYR:Hydrophobic': 1}"
333,NeuralPLexer,1YGC_905,0.08695652173913049,0.9652173913043478,"{'UNL:ASP:VdWContact': 1, 'UNL:CYS:HBDonor': 1, 'UNL:CYS:VdWContact': 4, 'UNL:GLN:VdWContact': 1, 'UNL:GLY:VdWContact': 2, 'UNL:HIS:Hydrophobic': 1, 'UNL:HIS:VdWContact': 1, 'UNL:LEU:VdWContact': 1, 'UNL:LYS:HBAcceptor': 1, 'UNL:LYS:Hydrophobic': 1, 'UNL:LYS:VdWContact': 1, 'UNL:SER:VdWContact': 3, 'UNL:TRP:HBDonor': 1, 'UNL:TRP:Hydrophobic': 1, 'UNL:TRP:VdWContact': 1, 'UNL:VAL:VdWContact': 1}","{'UNL:ASP:HBDonor': 1, 'UNL:ASP:Hydrophobic': 2, 'UNL:ASP:VdWContact': 2, 'UNL:GLY:HBDonor': 1, 'UNL:GLY:VdWContact': 1, 'UNL:HIS:Hydrophobic': 1, 'UNL:HIS:VdWContact': 1, 'UNL:LYS:Hydrophobic': 1, 'UNL:LYS:VdWContact': 1, 'UNL:SER:HBDonor': 1, 'UNL:SER:VdWContact': 3, 'UNL:THR:Hydrophobic': 1, 'UNL:THR:VdWContact': 1, 'UNL:TRP:Hydrophobic': 1, 'UNL:TRP:VdWContact': 1, 'UNL:VAL:Hydrophobic': 1}"
334,NeuralPLexer,1R58_AO5,0.27777777777777785,0.8888888888888888,"{'UNL:ASN:HBAcceptor': 1, 'UNL:ASN:Hydrophobic': 1, 'UNL:ASN:VdWContact': 1, 'UNL:ASP:HBDonor': 1, 'UNL:ASP:VdWContact': 2, 'UNL:GLU:HBDonor': 1, 'UNL:GLU:VdWContact': 2, 'UNL:HIS:HBAcceptor': 1, 'UNL:HIS:HBDonor': 1, 'UNL:HIS:Hydrophobic': 1, 'UNL:HIS:VdWContact': 3}","{'UNL:ALA:Hydrophobic': 1, 'UNL:ALA:VdWContact': 1, 'UNL:ASP:HBDonor': 2, 'UNL:ASP:VdWContact': 2, 'UNL:GLU:HBDonor': 1, 'UNL:GLU:VdWContact': 1, 'UNL:HIS:HBDonor': 1, 'UNL:HIS:Hydrophobic': 2, 'UNL:HIS:VdWContact': 2, 'UNL:MET:Hydrophobic': 1, 'UNL:PHE:Hydrophobic': 1, 'UNL:PHE:VdWContact': 1, 'UNL:TYR:Hydrophobic': 1, 'UNL:TYR:VdWContact': 1}"
335,NeuralPLexer,1HNN_SKF,0.05882352941176472,0.9764705882352941,"{'UNL:ALA:VdWContact': 2, 'UNL:ARG:HBAcceptor': 1, 'UNL:ARG:VdWContact': 1, 'UNL:ASN:Hydrophobic': 1, 'UNL:ASN:VdWContact': 1, 'UNL:ASP:VdWContact': 1, 'UNL:GLU:VdWContact': 2, 'UNL:PHE:HBDonor': 1, 'UNL:PHE:Hydrophobic': 1, 'UNL:PHE:VdWContact': 1, 'UNL:TYR:VdWContact': 2, 'UNL:VAL:VdWContact': 1}","{'UNL:ARG:VdWContact': 1, 'UNL:ASN:Hydrophobic': 1, 'UNL:ASP:VdWContact': 1, 'UNL:GLU:HBDonor': 1, 'UNL:GLU:VdWContact': 1, 'UNL:LYS:VdWContact': 1, 'UNL:MET:Hydrophobic': 1, 'UNL:MET:VdWContact': 1, 'UNL:PHE:Hydrophobic': 1, 'UNL:TYR:Hydrophobic': 2, 'UNL:TYR:VdWContact': 2, 'UNL:VAL:VdWContact': 1}"
336,NeuralPLexer,1HVY_D16,0.30434782608695654,0.8782608695652174,"{'UNL:ASP:Hydrophobic': 1, 'UNL:ASP:VdWContact': 1, 'UNL:GLU:VdWContact': 1, 'UNL:GLY:VdWContact': 2, 'UNL:HIS:VdWContact': 1, 'UNL:ILE:VdWContact': 1, 'UNL:LEU:Hydrophobic': 1, 'UNL:LEU:VdWContact': 1, 'UNL:MET:VdWContact': 1, 'UNL:PHE:Hydrophobic': 1, 'UNL:PHE:VdWContact': 2, 'UNL:TYR:VdWContact': 1, 'UNL:VAL:VdWContact': 1}","{'UNL:ALA:Hydrophobic': 1, 'UNL:ALA:VdWContact': 1, 'UNL:ASP:Hydrophobic': 1, 'UNL:ASP:VdWContact': 1, 'UNL:GLU:VdWContact': 1, 'UNL:GLY:VdWContact': 1, 'UNL:ILE:Hydrophobic': 1, 'UNL:ILE:VdWContact': 1, 'UNL:LEU:Hydrophobic': 1, 'UNL:MET:Hydrophobic': 1, 'UNL:MET:VdWContact': 1, 'UNL:PHE:Hydrophobic': 2, 'UNL:PHE:VdWContact': 2, 'UNL:THR:Hydrophobic': 1, 'UNL:TRP:Hydrophobic': 1, 'UNL:TRP:VdWContact': 1, 'UNL:TYR:Hydrophobic': 1, 'UNL:TYR:VdWContact': 1, 'UNL:UMP:Hydrophobic': 1, 'UNL:UMP:VdWContact': 1}"
337,NeuralPLexer,1OPK_P16,0.3181818181818182,0.8727272727272728,"{'UNL:ALA:VdWContact': 1, 'UNL:ASN:VdWContact': 1, 'UNL:ASP:VdWContact': 1, 'UNL:GLY:VdWContact': 1, 'UNL:LEU:VdWContact': 2, 'UNL:LYS:Hydrophobic': 1, 'UNL:LYS:VdWContact': 1, 'UNL:MET:VdWContact': 1, 'UNL:VAL:Hydrophobic': 2, 'UNL:VAL:VdWContact': 2}","{'UNL:ALA:Hydrophobic': 1, 'UNL:GLU:VdWContact': 1, 'UNL:ILE:Hydrophobic': 1, 'UNL:LEU:Hydrophobic': 2, 'UNL:LYS:Hydrophobic': 1, 'UNL:MET:HBAcceptor': 1, 'UNL:MET:HBDonor': 1, 'UNL:MET:Hydrophobic': 2, 'UNL:MET:VdWContact': 2, 'UNL:PHE:Hydrophobic': 2, 'UNL:THR:Hydrophobic': 1, 'UNL:THR:VdWContact': 1, 'UNL:TYR:Hydrophobic': 1, 'UNL:TYR:VdWContact': 1, 'UNL:VAL:Hydrophobic': 2}"
338,NeuralPLexer,1MMV_3AR,0.5625,0.775,"{'UNL:GLU:VdWContact': 1, 'UNL:MET:Hydrophobic': 1, 'UNL:MET:VdWContact': 1, 'UNL:TRP:VdWContact': 1, 'UNL:TYR:VdWContact': 1}","{'UNL:ASP:VdWContact': 1, 'UNL:GLN:HBAcceptor': 1, 'UNL:GLN:VdWContact': 1, 'UNL:GLU:HBDonor': 1, 'UNL:GLU:VdWContact': 1, 'UNL:PHE:Hydrophobic': 1, 'UNL:PHE:VdWContact': 1, 'UNL:PRO:Hydrophobic': 1, 'UNL:SER:VdWContact': 1, 'UNL:TRP:VdWContact': 1, 'UNL:TYR:Hydrophobic': 1, 'UNL:TYR:VdWContact': 1, 'UNL:VAL:Hydrophobic': 1, 'UNL:VAL:VdWContact': 1}"
339,NeuralPLexer,1SQN_NDR,0.5625,0.775,"{'UNL:ASN:VdWContact': 1, 'UNL:CYS:VdWContact': 1, 'UNL:GLN:VdWContact': 1, 'UNL:LEU:Hydrophobic': 1, 'UNL:LEU:VdWContact': 4, 'UNL:MET:Hydrophobic': 2, 'UNL:MET:VdWContact': 3, 'UNL:THR:VdWContact': 1, 'UNL:TYR:VdWContact': 1}","{'UNL:ARG:VdWContact': 1, 'UNL:CYS:Hydrophobic': 1, 'UNL:CYS:VdWContact': 1, 'UNL:GLN:HBAcceptor': 1, 'UNL:GLN:VdWContact': 1, 'UNL:LEU:Hydrophobic': 5, 'UNL:LEU:VdWContact': 3, 'UNL:MET:Hydrophobic': 4, 'UNL:MET:VdWContact': 2, 'UNL:PHE:Hydrophobic': 1, 'UNL:TRP:Hydrophobic': 1, 'UNL:TYR:Hydrophobic': 1, 'UNL:TYR:VdWContact': 1, 'UNL:VAL:Hydrophobic': 1}"
340,RFAA,2BM2_PM2,,0.0,,
341,RFAA,1XOQ_ROF,0.55,0.78,"{'UNL:ALA:VdWContact': 3, 'UNL:ASN:VdWContact': 1, 'UNL:ASP:VdWContact': 1, 'UNL:GLN:VdWContact': 1, 'UNL:HIS:HBDonor': 1, 'UNL:HIS:VdWContact': 3, 'UNL:ILE:Hydrophobic': 1, 'UNL:ILE:VdWContact': 3, 'UNL:LEU:VdWContact': 1, 'UNL:MET:VdWContact': 2, 'UNL:PHE:VdWContact': 3, 'UNL:SER:VdWContact': 2, 'UNL:VAL:Hydrophobic': 2, 'UNL:VAL:VdWContact': 4}","{'UNL:ASN:VdWContact': 1, 'UNL:GLN:HBAcceptor': 1, 'UNL:GLN:VdWContact': 1, 'UNL:ILE:Hydrophobic': 1, 'UNL:LEU:VdWContact': 1, 'UNL:MET:Hydrophobic': 3, 'UNL:MET:VdWContact': 2, 'UNL:PHE:Hydrophobic': 2, 'UNL:PHE:VdWContact': 1, 'UNL:THR:VdWContact': 2, 'UNL:TYR:Hydrophobic': 1, 'UNL:TYR:VdWContact': 1}"
342,RFAA,1M2Z_DEX,,0.0,,
343,RFAA,1P62_GEO,,0.0,,
344,RFAA,1KE5_LS1,0.7058823529411764,0.7176470588235294,"{'UNL:ASP:VdWContact': 1, 'UNL:GLU:HBDonor': 1, 'UNL:GLU:VdWContact': 1, 'UNL:LEU:HBAcceptor': 1, 'UNL:LEU:Hydrophobic': 1, 'UNL:LEU:VdWContact': 2, 'UNL:LYS:VdWContact': 1, 'UNL:PHE:Hydrophobic': 1, 'UNL:PHE:VdWContact': 2}","{'UNL:ALA:Hydrophobic': 2, 'UNL:ASP:HBAcceptor': 1, 'UNL:ASP:Hydrophobic': 1, 'UNL:ASP:VdWContact': 2, 'UNL:GLU:HBDonor': 1, 'UNL:GLU:VdWContact': 1, 'UNL:HIS:VdWContact': 1, 'UNL:ILE:Hydrophobic': 1, 'UNL:ILE:VdWContact': 1, 'UNL:LEU:HBAcceptor': 1, 'UNL:LEU:HBDonor': 1, 'UNL:LEU:Hydrophobic': 1, 'UNL:LEU:VdWContact': 2, 'UNL:LYS:VdWContact': 1, 'UNL:PHE:Hydrophobic': 2, 'UNL:PHE:VdWContact': 2, 'UNL:VAL:Hydrophobic': 2}"
345,RFAA,1TT1_KAI,0.24,0.904,"{'UNL:GLN:VdWContact': 1, 'UNL:HIS:VdWContact': 1, 'UNL:LEU:HBDonor': 1, 'UNL:LEU:Hydrophobic': 1, 'UNL:LEU:VdWContact': 1, 'UNL:LYS:VdWContact': 1, 'UNL:MET:VdWContact': 1, 'UNL:PHE:Hydrophobic': 1, 'UNL:PHE:VdWContact': 1, 'UNL:SER:VdWContact': 1, 'UNL:THR:VdWContact': 1, 'UNL:TYR:VdWContact': 1}","{'UNL:ALA:HBAcceptor': 2, 'UNL:ALA:VdWContact': 2, 'UNL:ARG:HBAcceptor': 1, 'UNL:ARG:HBDonor': 1, 'UNL:ARG:VdWContact': 1, 'UNL:GLU:Hydrophobic': 2, 'UNL:GLU:VdWContact': 1, 'UNL:PRO:HBDonor': 1, 'UNL:PRO:VdWContact': 1, 'UNL:THR:HBAcceptor': 1, 'UNL:THR:VdWContact': 1, 'UNL:TYR:Hydrophobic': 1, 'UNL:TYR:VdWContact': 1, 'UNL:VAL:Hydrophobic': 1, 'UNL:VAL:VdWContact': 1}"
346,RFAA,1VCJ_IBA,0.7222222222222222,0.7111111111111111,"{'UNL:ARG:HBAcceptor': 1, 'UNL:ARG:HBDonor': 1, 'UNL:ARG:VdWContact': 3, 'UNL:ASP:VdWContact': 1, 'UNL:GLU:HBDonor': 1, 'UNL:GLU:VdWContact': 2, 'UNL:ILE:VdWContact': 1, 'UNL:SER:VdWContact': 1, 'UNL:TRP:VdWContact': 1}","{'UNL:ALA:Hydrophobic': 1, 'UNL:ALA:VdWContact': 1, 'UNL:ARG:HBAcceptor': 3, 'UNL:ARG:Hydrophobic': 2, 'UNL:ARG:VdWContact': 5, 'UNL:ASN:Hydrophobic': 1, 'UNL:ASP:Hydrophobic': 1, 'UNL:ASP:VdWContact': 1, 'UNL:GLU:Hydrophobic': 1, 'UNL:GLU:VdWContact': 4, 'UNL:ILE:Hydrophobic': 1, 'UNL:SER:VdWContact': 1, 'UNL:TRP:Hydrophobic': 1, 'UNL:TRP:VdWContact': 1, 'UNL:TYR:VdWContact': 1}"
347,RFAA,1HWI_115,,0.0,,
348,RFAA,1UML_FR4,0.17647058823529416,0.9294117647058824,"{'UNL:ASP:VdWContact': 3, 'UNL:HIS:VdWContact': 2, 'UNL:LEU:Hydrophobic': 1, 'UNL:LEU:VdWContact': 2, 'UNL:MET:Hydrophobic': 1, 'UNL:MET:VdWContact': 1, 'UNL:PHE:Hydrophobic': 1, 'UNL:PHE:VdWContact': 1, 'UNL:PRO:VdWContact': 1, 'UNL:SER:VdWContact': 1, 'UNL:TYR:VdWContact': 1}","{'UNL:ASP:HBDonor': 2, 'UNL:ASP:Hydrophobic': 1, 'UNL:ASP:VdWContact': 3, 'UNL:GLY:VdWContact': 1, 'UNL:HIS:Hydrophobic': 1, 'UNL:HIS:VdWContact': 1, 'UNL:LEU:Hydrophobic': 3, 'UNL:LEU:VdWContact': 1, 'UNL:MET:Hydrophobic': 1, 'UNL:PHE:Hydrophobic': 2, 'UNL:THR:Hydrophobic': 1, 'UNL:VAL:Hydrophobic': 1}"
349,RFAA,1JLA_TNK,0.16666666666666663,0.9333333333333333,"{'UNL:ARG:VdWContact': 2, 'UNL:ASN:VdWContact': 1, 'UNL:ASP:VdWContact': 1, 'UNL:GLN:VdWContact': 1, 'UNL:GLU:VdWContact': 1, 'UNL:LEU:Hydrophobic': 1, 'UNL:LEU:VdWContact': 1, 'UNL:LYS:VdWContact': 2, 'UNL:PHE:Hydrophobic': 1, 'UNL:PHE:VdWContact': 1, 'UNL:PRO:VdWContact': 2, 'UNL:THR:VdWContact': 2, 'UNL:TRP:VdWContact': 2, 'UNL:TYR:VdWContact': 1, 'UNL:VAL:Hydrophobic': 2, 'UNL:VAL:VdWContact': 2}","{'UNL:CYS:Hydrophobic': 1, 'UNL:CYS:VdWContact': 1, 'UNL:GLY:VdWContact': 1, 'UNL:LEU:Hydrophobic': 2, 'UNL:LYS:HBDonor': 1, 'UNL:LYS:Hydrophobic': 1, 'UNL:LYS:VdWContact': 2, 'UNL:PHE:Hydrophobic': 1, 'UNL:PHE:VdWContact': 1, 'UNL:PRO:Hydrophobic': 2, 'UNL:PRO:VdWContact': 1, 'UNL:TRP:Hydrophobic': 1, 'UNL:TRP:VdWContact': 1, 'UNL:TYR:Hydrophobic': 1, 'UNL:TYR:VdWContact': 1, 'UNL:VAL:Hydrophobic': 1}"
350,RFAA,1N46_PFA,0.7916666666666666,0.6833333333333333,"{'UNL:ARG:VdWContact': 1, 'UNL:CYS:VdWContact': 1, 'UNL:HIS:VdWContact': 1, 'UNL:ILE:VdWContact': 2, 'UNL:LEU:Hydrophobic': 1, 'UNL:LEU:VdWContact': 1, 'UNL:MET:Hydrophobic': 2, 'UNL:MET:VdWContact': 2, 'UNL:PHE:VdWContact': 3, 'UNL:SER:VdWContact': 1, 'UNL:VAL:VdWContact': 1}","{'UNL:ALA:Hydrophobic': 2, 'UNL:ALA:VdWContact': 2, 'UNL:ARG:HBAcceptor': 2, 'UNL:ARG:HBDonor': 1, 'UNL:ARG:Hydrophobic': 1, 'UNL:ARG:VdWContact': 2, 'UNL:ASN:HBAcceptor': 1, 'UNL:ASN:VdWContact': 1, 'UNL:GLY:VdWContact': 1, 'UNL:HIS:HBAcceptor': 1, 'UNL:HIS:HBDonor': 1, 'UNL:HIS:VdWContact': 1, 'UNL:ILE:Hydrophobic': 3, 'UNL:ILE:VdWContact': 1, 'UNL:LEU:Hydrophobic': 3, 'UNL:LEU:VdWContact': 2, 'UNL:MET:Hydrophobic': 3, 'UNL:MET:VdWContact': 2, 'UNL:PHE:Hydrophobic': 3, 'UNL:PHE:VdWContact': 1, 'UNL:THR:Hydrophobic': 1}"
351,RFAA,1LRH_NLA,,0.0,,
352,RFAA,1KZK_JE2,,0.0,,
353,RFAA,1N2J_PAF,,0.0,,
354,RFAA,1MEH_MOA,0.25,0.9,"{'UNL:ALA:VdWContact': 1, 'UNL:ARG:VdWContact': 1, 'UNL:ASN:HBAcceptor': 1, 'UNL:ASN:VdWContact': 1, 'UNL:ASP:VdWContact': 2, 'UNL:GLY:VdWContact': 2, 'UNL:ILE:VdWContact': 1, 'UNL:MET:Hydrophobic': 1, 'UNL:MET:VdWContact': 1, 'UNL:SER:VdWContact': 2, 'UNL:TYR:VdWContact': 1}","{'UNL:ASP:VdWContact': 1, 'UNL:GLU:Hydrophobic': 1, 'UNL:GLU:VdWContact': 1, 'UNL:GLY:HBAcceptor': 1, 'UNL:GLY:VdWContact': 1, 'UNL:ILE:VdWContact': 1, 'UNL:SER:HBAcceptor': 1, 'UNL:SER:HBDonor': 1, 'UNL:SER:VdWContact': 2}"
355,RFAA,2BSM_BSM,0.30434782608695665,0.8782608695652173,"{'UNL:ALA:VdWContact': 1, 'UNL:ASN:VdWContact': 2, 'UNL:GLY:VdWContact': 1, 'UNL:ILE:Hydrophobic': 1, 'UNL:ILE:VdWContact': 1, 'UNL:LEU:Hydrophobic': 1, 'UNL:LEU:VdWContact': 1, 'UNL:MET:Hydrophobic': 1, 'UNL:PHE:Hydrophobic': 1, 'UNL:PHE:VdWContact': 1, 'UNL:THR:VdWContact': 1, 'UNL:VAL:VdWContact': 1}","{'UNL:ALA:Hydrophobic': 1, 'UNL:ASN:Hydrophobic': 1, 'UNL:ASN:VdWContact': 1, 'UNL:ASP:HBDonor': 1, 'UNL:ASP:Hydrophobic': 1, 'UNL:ASP:VdWContact': 1, 'UNL:GLY:HBDonor': 1, 'UNL:GLY:VdWContact': 2, 'UNL:ILE:Hydrophobic': 1, 'UNL:LYS:VdWContact': 1, 'UNL:MET:Hydrophobic': 1, 'UNL:PHE:VdWContact': 1, 'UNL:SER:VdWContact': 1, 'UNL:THR:HBDonor': 1, 'UNL:THR:Hydrophobic': 2, 'UNL:THR:VdWContact': 1, 'UNL:VAL:Hydrophobic': 1, 'UNL:VAL:VdWContact': 1}"
356,RFAA,1V48_HA1,,0.0,,
357,RFAA,1L7F_BCZ,0.5294117647058824,0.788235294117647,"{'UNL:ALA:VdWContact': 1, 'UNL:ARG:HBAcceptor': 1, 'UNL:ARG:HBDonor': 1, 'UNL:ARG:VdWContact': 2, 'UNL:ASN:VdWContact': 1, 'UNL:ASP:VdWContact': 1, 'UNL:GLU:HBDonor': 2, 'UNL:GLU:VdWContact': 3, 'UNL:ILE:VdWContact': 1, 'UNL:TYR:VdWContact': 1}","{'UNL:ALA:Hydrophobic': 1, 'UNL:ARG:HBAcceptor': 4, 'UNL:ARG:HBDonor': 1, 'UNL:ARG:Hydrophobic': 2, 'UNL:ARG:VdWContact': 4, 'UNL:ASP:VdWContact': 1, 'UNL:GLU:HBDonor': 1, 'UNL:GLU:Hydrophobic': 1, 'UNL:GLU:VdWContact': 3, 'UNL:ILE:Hydrophobic': 1, 'UNL:TRP:HBDonor': 1, 'UNL:TRP:Hydrophobic': 1, 'UNL:TRP:VdWContact': 1, 'UNL:TYR:VdWContact': 1}"
358,RFAA,1JD0_AZM,0.7857142857142857,0.6857142857142857,"{'UNL:GLN:HBDonor': 1, 'UNL:GLN:VdWContact': 2, 'UNL:HIS:VdWContact': 3, 'UNL:ILE:VdWContact': 1, 'UNL:LEU:VdWContact': 1, 'UNL:THR:VdWContact': 3, 'UNL:TRP:VdWContact': 2, 'UNL:VAL:Hydrophobic': 4, 'UNL:VAL:VdWContact': 4}","{'UNL:GLN:Hydrophobic': 1, 'UNL:HIS:HBDonor': 2, 'UNL:HIS:VdWContact': 1, 'UNL:LEU:Hydrophobic': 1, 'UNL:LEU:VdWContact': 1, 'UNL:THR:HBAcceptor': 1, 'UNL:THR:HBDonor': 1, 'UNL:THR:VdWContact': 2, 'UNL:VAL:Hydrophobic': 1, 'UNL:VAL:VdWContact': 1}"
359,RFAA,1S19_MC9,0.8260869565217391,0.6695652173913044,"{'UNL:ARG:HBDonor': 1, 'UNL:ARG:VdWContact': 1, 'UNL:CYS:VdWContact': 1, 'UNL:HIS:VdWContact': 1, 'UNL:ILE:VdWContact': 1, 'UNL:LEU:VdWContact': 2, 'UNL:SER:VdWContact': 2, 'UNL:TYR:HBAcceptor': 1, 'UNL:TYR:VdWContact': 2}","{'UNL:ALA:Hydrophobic': 1, 'UNL:ALA:VdWContact': 1, 'UNL:ARG:HBAcceptor': 1, 'UNL:ARG:VdWContact': 1, 'UNL:CYS:VdWContact': 1, 'UNL:HIS:HBAcceptor': 2, 'UNL:HIS:HBDonor': 1, 'UNL:HIS:VdWContact': 2, 'UNL:ILE:Hydrophobic': 2, 'UNL:LEU:Hydrophobic': 6, 'UNL:MET:Hydrophobic': 1, 'UNL:PHE:Hydrophobic': 1, 'UNL:SER:VdWContact': 3, 'UNL:TRP:Hydrophobic': 1, 'UNL:TRP:VdWContact': 1, 'UNL:TYR:Hydrophobic': 2, 'UNL:TYR:VdWContact': 1, 'UNL:VAL:Hydrophobic': 2, 'UNL:VAL:VdWContact': 1}"
360,RFAA,1LPZ_CMB,,0.0,,
361,RFAA,1X8X_TYR,0.5714285714285714,0.7714285714285715,"{'UNL:ASP:HBAcceptor': 1, 'UNL:ASP:VdWContact': 3, 'UNL:GLN:VdWContact': 1, 'UNL:GLY:VdWContact': 1, 'UNL:THR:VdWContact': 1, 'UNL:TYR:HBDonor': 1, 'UNL:TYR:VdWContact': 2}","{'UNL:ASP:HBDonor': 2, 'UNL:ASP:Hydrophobic': 1, 'UNL:ASP:VdWContact': 3, 'UNL:GLN:HBDonor': 2, 'UNL:GLN:Hydrophobic': 1, 'UNL:GLN:VdWContact': 3, 'UNL:GLY:VdWContact': 1, 'UNL:LEU:Hydrophobic': 1, 'UNL:THR:Hydrophobic': 1, 'UNL:TYR:Hydrophobic': 1, 'UNL:TYR:VdWContact': 2}"
362,RFAA,1T46_STI,,0.0,,
363,RFAA,1IG3_VIB,,0.0,,
364,RFAA,1SQ5_PAU,,0.0,,
365,RFAA,1Q4G_BFL,,0.0,,
366,RFAA,1OYT_FSN,,0.0,,
367,RFAA,1UNL_RRC,0.6363636363636362,0.7454545454545455,"{'UNL:ALA:VdWContact': 3, 'UNL:ASN:VdWContact': 4, 'UNL:GLU:VdWContact': 2, 'UNL:GLY:VdWContact': 2, 'UNL:LEU:VdWContact': 2, 'UNL:LYS:VdWContact': 2, 'UNL:PHE:HBDonor': 1, 'UNL:PHE:VdWContact': 3, 'UNL:VAL:VdWContact': 3}","{'UNL:ALA:Hydrophobic': 2, 'UNL:ALA:VdWContact': 1, 'UNL:ASP:VdWContact': 1, 'UNL:CYS:HBAcceptor': 1, 'UNL:CYS:HBDonor': 1, 'UNL:CYS:VdWContact': 1, 'UNL:GLN:HBDonor': 1, 'UNL:GLN:VdWContact': 2, 'UNL:GLU:VdWContact': 2, 'UNL:ILE:Hydrophobic': 1, 'UNL:ILE:VdWContact': 1, 'UNL:LEU:Hydrophobic': 1, 'UNL:LYS:Hydrophobic': 2, 'UNL:PHE:Hydrophobic': 2, 'UNL:PHE:VdWContact': 1, 'UNL:VAL:Hydrophobic': 2, 'UNL:VAL:VdWContact': 2}"
368,RFAA,1U1C_BAU,,0.0,,
369,RFAA,1K3U_IAD,,0.0,,
370,RFAA,1G9V_RQ3,,0.0,,
371,RFAA,1YV3_BIT,,0.0,,
372,RFAA,1IA1_TQ3,0.5882352941176471,0.7647058823529411,"{'UNL:ALA:HBAcceptor': 1, 'UNL:ALA:VdWContact': 2, 'UNL:GLU:VdWContact': 1, 'UNL:ILE:Hydrophobic': 4, 'UNL:ILE:VdWContact': 6, 'UNL:LYS:VdWContact': 1, 'UNL:MET:Hydrophobic': 2, 'UNL:MET:VdWContact': 1, 'UNL:PHE:Hydrophobic': 2, 'UNL:PHE:VdWContact': 2, 'UNL:TYR:VdWContact': 2, 'UNL:VAL:VdWContact': 2}","{'UNL:ALA:Hydrophobic': 1, 'UNL:GLU:HBDonor': 1, 'UNL:GLU:VdWContact': 1, 'UNL:ILE:HBDonor': 1, 'UNL:ILE:Hydrophobic': 4, 'UNL:ILE:VdWContact': 3, 'UNL:LEU:Hydrophobic': 1, 'UNL:MET:Hydrophobic': 1, 'UNL:MET:VdWContact': 1, 'UNL:PHE:Hydrophobic': 1, 'UNL:THR:Hydrophobic': 1}"
373,RFAA,1Q1G_MTI,,0.0,,
374,RFAA,1R1H_BIR,0.26315789473684215,0.8947368421052632,"{'UNL:ALA:VdWContact': 1, 'UNL:ARG:HBAcceptor': 1, 'UNL:ARG:VdWContact': 1, 'UNL:ASN:HBDonor': 1, 'UNL:ASN:VdWContact': 1, 'UNL:GLU:VdWContact': 1, 'UNL:HIS:VdWContact': 1, 'UNL:MET:Hydrophobic': 1, 'UNL:MET:VdWContact': 1, 'UNL:PHE:VdWContact': 2, 'UNL:TRP:Hydrophobic': 1, 'UNL:TRP:VdWContact': 1, 'UNL:VAL:Hydrophobic': 2, 'UNL:VAL:VdWContact': 2}","{'UNL:ALA:Hydrophobic': 1, 'UNL:ALA:VdWContact': 1, 'UNL:ARG:HBAcceptor': 1, 'UNL:ARG:VdWContact': 1, 'UNL:ASN:HBAcceptor': 1, 'UNL:ASN:HBDonor': 1, 'UNL:ASN:VdWContact': 1, 'UNL:GLU:HBDonor': 1, 'UNL:GLU:VdWContact': 1, 'UNL:HIS:Hydrophobic': 1, 'UNL:HIS:VdWContact': 2, 'UNL:MET:Hydrophobic': 1, 'UNL:PHE:Hydrophobic': 3, 'UNL:PHE:VdWContact': 1, 'UNL:TRP:Hydrophobic': 1, 'UNL:TRP:VdWContact': 1, 'UNL:VAL:Hydrophobic': 2, 'UNL:VAL:VdWContact': 1}"
375,RFAA,1YVF_PH7,,0.0,,
376,RFAA,1YQY_915,0.368421052631579,0.8526315789473684,"{'UNL:GLU:VdWContact': 2, 'UNL:GLY:HBAcceptor': 1, 'UNL:GLY:HBDonor': 1, 'UNL:GLY:VdWContact': 2, 'UNL:HIS:HBDonor': 1, 'UNL:HIS:VdWContact': 2, 'UNL:LEU:Hydrophobic': 1, 'UNL:LEU:VdWContact': 2, 'UNL:LYS:VdWContact': 1, 'UNL:SER:VdWContact': 1, 'UNL:TYR:VdWContact': 1, 'UNL:VAL:VdWContact': 1}","{'UNL:ASP:Hydrophobic': 1, 'UNL:GLU:VdWContact': 3, 'UNL:GLY:HBAcceptor': 1, 'UNL:GLY:HBDonor': 1, 'UNL:GLY:VdWContact': 1, 'UNL:HIS:HBAcceptor': 1, 'UNL:HIS:HBDonor': 1, 'UNL:HIS:Hydrophobic': 1, 'UNL:HIS:VdWContact': 1, 'UNL:LEU:Hydrophobic': 2, 'UNL:LEU:VdWContact': 2, 'UNL:LYS:Hydrophobic': 1, 'UNL:SER:VdWContact': 1, 'UNL:TYR:HBDonor': 1, 'UNL:TYR:Hydrophobic': 1, 'UNL:TYR:VdWContact': 1, 'UNL:VAL:Hydrophobic': 2, 'UNL:VAL:VdWContact': 1}"
377,RFAA,1HWW_SWA,,0.0,,
378,RFAA,1T40_ID5,0.5000000000000001,0.7999999999999999,"{'UNL:CYS:VdWContact': 1, 'UNL:HIS:VdWContact': 1, 'UNL:LEU:Hydrophobic': 1, 'UNL:LEU:VdWContact': 1, 'UNL:PHE:Hydrophobic': 1, 'UNL:PHE:VdWContact': 2, 'UNL:SER:VdWContact': 1, 'UNL:TRP:Hydrophobic': 1, 'UNL:TRP:VdWContact': 3, 'UNL:TYR:Hydrophobic': 1, 'UNL:TYR:VdWContact': 2, 'UNL:VAL:VdWContact': 1}","{'UNL:CYS:Hydrophobic': 1, 'UNL:CYS:VdWContact': 2, 'UNL:HIS:HBAcceptor': 1, 'UNL:HIS:HBDonor': 1, 'UNL:HIS:VdWContact': 1, 'UNL:LEU:HBAcceptor': 1, 'UNL:LEU:Hydrophobic': 1, 'UNL:LEU:VdWContact': 1, 'UNL:PHE:Hydrophobic': 2, 'UNL:THR:Hydrophobic': 1, 'UNL:THR:VdWContact': 1, 'UNL:TRP:HBAcceptor': 1, 'UNL:TRP:Hydrophobic': 4, 'UNL:TRP:VdWContact': 2, 'UNL:TYR:Hydrophobic': 2, 'UNL:TYR:VdWContact': 2, 'UNL:VAL:Hydrophobic': 1, 'UNL:VAL:VdWContact': 1}"
379,RFAA,1GKC_NFH,0.35000000000000003,0.86,"{'UNL:ALA:VdWContact': 1, 'UNL:ASP:VdWContact': 1, 'UNL:GLU:VdWContact': 1, 'UNL:GLY:HBDonor': 1, 'UNL:GLY:VdWContact': 1, 'UNL:HIS:VdWContact': 4, 'UNL:LEU:HBAcceptor': 1, 'UNL:LEU:VdWContact': 2, 'UNL:MET:Hydrophobic': 1, 'UNL:MET:VdWContact': 1, 'UNL:PRO:HBDonor': 1, 'UNL:PRO:VdWContact': 1, 'UNL:TYR:HBAcceptor': 1, 'UNL:TYR:VdWContact': 1, 'UNL:VAL:VdWContact': 1}","{'UNL:ALA:VdWContact': 1, 'UNL:GLU:VdWContact': 1, 'UNL:GLY:HBDonor': 1, 'UNL:GLY:VdWContact': 1, 'UNL:HIS:HBAcceptor': 1, 'UNL:HIS:Hydrophobic': 1, 'UNL:HIS:VdWContact': 2, 'UNL:LEU:HBAcceptor': 1, 'UNL:LEU:Hydrophobic': 1, 'UNL:LEU:VdWContact': 1, 'UNL:MET:Hydrophobic': 1, 'UNL:MET:VdWContact': 1, 'UNL:PRO:HBDonor': 1, 'UNL:PRO:VdWContact': 1, 'UNL:TYR:HBAcceptor': 1, 'UNL:TYR:Hydrophobic': 1, 'UNL:TYR:VdWContact': 1, 'UNL:VAL:Hydrophobic': 1, 'UNL:VAL:VdWContact': 1}"
380,RFAA,1N1M_A3M,,0.0,,
381,RFAA,1Z95_198,0.5625,0.775,"{'UNL:ASN:VdWContact': 1, 'UNL:GLN:VdWContact': 1, 'UNL:ILE:VdWContact': 2, 'UNL:LEU:Hydrophobic': 1, 'UNL:LEU:VdWContact': 3, 'UNL:MET:Hydrophobic': 2, 'UNL:MET:VdWContact': 4, 'UNL:PHE:VdWContact': 1, 'UNL:THR:VdWContact': 1}","{'UNL:ARG:VdWContact': 1, 'UNL:ASN:VdWContact': 1, 'UNL:GLY:VdWContact': 1, 'UNL:ILE:Hydrophobic': 2, 'UNL:ILE:VdWContact': 1, 'UNL:LEU:HBDonor': 1, 'UNL:LEU:Hydrophobic': 4, 'UNL:LEU:VdWContact': 2, 'UNL:MET:Hydrophobic': 3, 'UNL:MET:VdWContact': 3, 'UNL:PHE:Hydrophobic': 2, 'UNL:PHE:VdWContact': 1, 'UNL:THR:Hydrophobic': 1, 'UNL:THR:VdWContact': 1, 'UNL:VAL:Hydrophobic': 1}"
382,RFAA,1HP0_AD3,,0.0,,
383,RFAA,1OF1_SCT,0.5999999999999999,0.76,"{'UNL:ALA:HBDonor': 1, 'UNL:ALA:VdWContact': 1, 'UNL:GLN:VdWContact': 1, 'UNL:ILE:VdWContact': 2, 'UNL:MET:Hydrophobic': 1, 'UNL:MET:VdWContact': 1, 'UNL:TRP:Hydrophobic': 1, 'UNL:TRP:VdWContact': 1}","{'UNL:ALA:Hydrophobic': 2, 'UNL:ALA:VdWContact': 1, 'UNL:ARG:HBAcceptor': 1, 'UNL:ARG:HBDonor': 1, 'UNL:ARG:VdWContact': 1, 'UNL:GLN:HBAcceptor': 1, 'UNL:GLN:HBDonor': 1, 'UNL:GLN:VdWContact': 1, 'UNL:GLU:VdWContact': 2, 'UNL:HIS:Hydrophobic': 1, 'UNL:HIS:VdWContact': 1, 'UNL:ILE:Hydrophobic': 2, 'UNL:MET:Hydrophobic': 1, 'UNL:TRP:Hydrophobic': 1, 'UNL:TYR:Hydrophobic': 2, 'UNL:TYR:VdWContact': 2}"
384,RFAA,1SJ0_E4D,0.41666666666666663,0.8333333333333334,"{'UNL:ALA:VdWContact': 1, 'UNL:ARG:HBDonor': 1, 'UNL:ARG:VdWContact': 1, 'UNL:ASP:VdWContact': 1, 'UNL:GLU:VdWContact': 1, 'UNL:LEU:Hydrophobic': 3, 'UNL:LEU:VdWContact': 6, 'UNL:MET:Hydrophobic': 2, 'UNL:MET:VdWContact': 2, 'UNL:PHE:HBDonor': 1, 'UNL:PHE:Hydrophobic': 1, 'UNL:PHE:VdWContact': 2, 'UNL:THR:VdWContact': 1, 'UNL:TRP:VdWContact': 1}","{'UNL:ALA:Hydrophobic': 1, 'UNL:ARG:HBAcceptor': 1, 'UNL:ARG:VdWContact': 1, 'UNL:ASP:VdWContact': 1, 'UNL:CYS:Hydrophobic': 1, 'UNL:CYS:VdWContact': 1, 'UNL:GLU:VdWContact': 1, 'UNL:HIS:HBDonor': 1, 'UNL:HIS:Hydrophobic': 1, 'UNL:HIS:VdWContact': 1, 'UNL:ILE:Hydrophobic': 1, 'UNL:LEU:HBDonor': 1, 'UNL:LEU:Hydrophobic': 7, 'UNL:LEU:VdWContact': 3, 'UNL:MET:Hydrophobic': 3, 'UNL:MET:VdWContact': 1, 'UNL:PHE:Hydrophobic': 1, 'UNL:THR:VdWContact': 1, 'UNL:TRP:Hydrophobic': 1, 'UNL:TRP:VdWContact': 1}"
385,RFAA,1U4D_DBQ,0.5217391304347827,0.7913043478260869,"{'UNL:ALA:VdWContact': 1, 'UNL:ARG:VdWContact': 1, 'UNL:ASP:VdWContact': 1, 'UNL:GLU:VdWContact': 2, 'UNL:GLY:HBAcceptor': 1, 'UNL:GLY:HBDonor': 1, 'UNL:GLY:VdWContact': 2, 'UNL:HIS:VdWContact': 1, 'UNL:ILE:VdWContact': 3, 'UNL:LEU:VdWContact': 1, 'UNL:MET:VdWContact': 2, 'UNL:PHE:VdWContact': 1, 'UNL:THR:VdWContact': 2, 'UNL:TRP:VdWContact': 1, 'UNL:TYR:VdWContact': 1, 'UNL:VAL:Hydrophobic': 2, 'UNL:VAL:VdWContact': 1}","{'UNL:ALA:HBAcceptor': 1, 'UNL:ALA:Hydrophobic': 1, 'UNL:ALA:VdWContact': 1, 'UNL:ASP:HBDonor': 1, 'UNL:ASP:VdWContact': 1, 'UNL:GLU:HBDonor': 1, 'UNL:GLU:VdWContact': 1, 'UNL:LEU:Hydrophobic': 2, 'UNL:LEU:VdWContact': 1, 'UNL:LYS:VdWContact': 1, 'UNL:VAL:Hydrophobic': 1}"
386,RFAA,1Q41_IXM,0.6818181818181818,0.7272727272727273,"{'UNL:ALA:VdWContact': 2, 'UNL:ASN:VdWContact': 1, 'UNL:ASP:VdWContact': 3, 'UNL:CYS:VdWContact': 2, 'UNL:HIS:VdWContact': 2, 'UNL:ILE:HBDonor': 1, 'UNL:ILE:VdWContact': 1, 'UNL:LEU:Hydrophobic': 4, 'UNL:LEU:VdWContact': 6, 'UNL:MET:VdWContact': 1, 'UNL:VAL:HBAcceptor': 1, 'UNL:VAL:HBDonor': 1, 'UNL:VAL:Hydrophobic': 3, 'UNL:VAL:VdWContact': 3}","{'UNL:ALA:Hydrophobic': 1, 'UNL:ASP:HBDonor': 1, 'UNL:ASP:VdWContact': 1, 'UNL:CYS:Hydrophobic': 1, 'UNL:ILE:Hydrophobic': 1, 'UNL:LEU:Hydrophobic': 2, 'UNL:PRO:VdWContact': 1, 'UNL:THR:Hydrophobic': 1, 'UNL:TYR:Hydrophobic': 1, 'UNL:TYR:VdWContact': 1, 'UNL:VAL:HBAcceptor': 1, 'UNL:VAL:HBDonor': 1, 'UNL:VAL:Hydrophobic': 2, 'UNL:VAL:VdWContact': 1}"
387,RFAA,1OWE_675,,0.0,,
388,RFAA,1OQ5_CEL,0.36842105263157887,0.8526315789473684,"{'UNL:ASN:HBAcceptor': 1, 'UNL:ASN:VdWContact': 2, 'UNL:GLN:VdWContact': 1, 'UNL:HIS:VdWContact': 2, 'UNL:LEU:Hydrophobic': 1, 'UNL:LEU:VdWContact': 1, 'UNL:PRO:VdWContact': 1, 'UNL:THR:VdWContact': 1, 'UNL:VAL:Hydrophobic': 1, 'UNL:VAL:VdWContact': 1}","{'UNL:ASN:Hydrophobic': 1, 'UNL:ASN:VdWContact': 1, 'UNL:GLN:Hydrophobic': 1, 'UNL:GLN:VdWContact': 1, 'UNL:GLU:Hydrophobic': 1, 'UNL:GLU:VdWContact': 1, 'UNL:HIS:HBDonor': 1, 'UNL:HIS:VdWContact': 1, 'UNL:LEU:Hydrophobic': 1, 'UNL:LEU:VdWContact': 1, 'UNL:PHE:Hydrophobic': 1, 'UNL:THR:HBAcceptor': 1, 'UNL:THR:HBDonor': 1, 'UNL:THR:Hydrophobic': 1, 'UNL:THR:VdWContact': 2, 'UNL:VAL:Hydrophobic': 1}"
389,RFAA,1SG0_STL,0.39999999999999997,0.8400000000000001,"{'UNL:ASP:HBDonor': 1, 'UNL:ASP:VdWContact': 1, 'UNL:LEU:Hydrophobic': 1, 'UNL:LEU:VdWContact': 1, 'UNL:LYS:VdWContact': 1, 'UNL:PHE:Hydrophobic': 1, 'UNL:PHE:VdWContact': 1, 'UNL:SER:VdWContact': 1, 'UNL:TRP:Hydrophobic': 1, 'UNL:TRP:VdWContact': 1, 'UNL:TYR:VdWContact': 1}","{'UNL:ASN:HBAcceptor': 1, 'UNL:ASN:VdWContact': 1, 'UNL:GLY:HBDonor': 1, 'UNL:GLY:VdWContact': 1, 'UNL:PHE:Hydrophobic': 3, 'UNL:PHE:VdWContact': 2, 'UNL:TRP:Hydrophobic': 1, 'UNL:TRP:VdWContact': 1}"
390,RFAA,2BR1_PFP,0.125,0.95,"{'UNL:ALA:VdWContact': 1, 'UNL:CYS:HBAcceptor': 1, 'UNL:CYS:VdWContact': 1, 'UNL:GLU:VdWContact': 2, 'UNL:GLY:VdWContact': 1, 'UNL:LEU:Hydrophobic': 2, 'UNL:LEU:VdWContact': 2, 'UNL:LYS:VdWContact': 1, 'UNL:TYR:VdWContact': 1, 'UNL:VAL:Hydrophobic': 1, 'UNL:VAL:VdWContact': 1}","{'UNL:ALA:Hydrophobic': 1, 'UNL:ALA:VdWContact': 1, 'UNL:CYS:HBAcceptor': 1, 'UNL:CYS:Hydrophobic': 1, 'UNL:CYS:VdWContact': 1, 'UNL:GLU:Hydrophobic': 1, 'UNL:GLU:VdWContact': 2, 'UNL:LEU:Hydrophobic': 2, 'UNL:LEU:VdWContact': 1, 'UNL:SER:VdWContact': 1, 'UNL:TYR:Hydrophobic': 1, 'UNL:VAL:Hydrophobic': 1}"
391,RFAA,1UOU_CMU,,0.0,,
392,RFAA,1TZ8_DES,0.6666666666666666,0.7333333333333334,"{'UNL:ALA:VdWContact': 1, 'UNL:LEU:Hydrophobic': 2, 'UNL:LEU:VdWContact': 2, 'UNL:SER:VdWContact': 3, 'UNL:THR:VdWContact': 3, 'UNL:TYR:VdWContact': 1}","{'UNL:ALA:Hydrophobic': 2, 'UNL:LEU:Hydrophobic': 4, 'UNL:LEU:VdWContact': 2, 'UNL:LYS:Hydrophobic': 2, 'UNL:LYS:VdWContact': 1, 'UNL:SER:HBAcceptor': 2, 'UNL:SER:HBDonor': 1, 'UNL:SER:VdWContact': 2, 'UNL:THR:Hydrophobic': 2}"
393,RFAA,1R9O_FLP,,0.0,,
394,RFAA,1P2Y_NCT,,0.0,,
395,RFAA,1V0P_PVB,0.6111111111111112,0.7555555555555555,"{'UNL:ALA:VdWContact': 3, 'UNL:ASN:VdWContact': 2, 'UNL:ASP:VdWContact': 3, 'UNL:GLN:VdWContact': 2, 'UNL:GLU:VdWContact': 3, 'UNL:GLY:VdWContact': 2, 'UNL:HIS:VdWContact': 1, 'UNL:ILE:Hydrophobic': 1, 'UNL:ILE:VdWContact': 2, 'UNL:LEU:Hydrophobic': 1, 'UNL:LEU:VdWContact': 5, 'UNL:PRO:VdWContact': 1, 'UNL:VAL:Hydrophobic': 1, 'UNL:VAL:VdWContact': 3}","{'UNL:ALA:Hydrophobic': 2, 'UNL:ALA:VdWContact': 2, 'UNL:GLN:VdWContact': 1, 'UNL:GLU:VdWContact': 1, 'UNL:GLY:VdWContact': 2, 'UNL:ILE:Hydrophobic': 1, 'UNL:LEU:HBAcceptor': 1, 'UNL:LEU:HBDonor': 1, 'UNL:LEU:Hydrophobic': 1, 'UNL:LEU:VdWContact': 2, 'UNL:PHE:Hydrophobic': 1, 'UNL:VAL:Hydrophobic': 2, 'UNL:VAL:VdWContact': 2}"
396,RFAA,1XOZ_CIA,0.5882352941176471,0.7647058823529411,"{'UNL:ALA:VdWContact': 1, 'UNL:GLN:VdWContact': 1, 'UNL:ILE:VdWContact': 1, 'UNL:LEU:Hydrophobic': 1, 'UNL:LEU:VdWContact': 1, 'UNL:PHE:Hydrophobic': 1, 'UNL:PHE:VdWContact': 2, 'UNL:TYR:VdWContact': 1}","{'UNL:ALA:Hydrophobic': 2, 'UNL:GLN:HBDonor': 1, 'UNL:GLN:Hydrophobic': 1, 'UNL:GLN:VdWContact': 2, 'UNL:ILE:Hydrophobic': 2, 'UNL:ILE:VdWContact': 1, 'UNL:LEU:Hydrophobic': 1, 'UNL:LEU:VdWContact': 1, 'UNL:MET:Hydrophobic': 1, 'UNL:MET:VdWContact': 1, 'UNL:PHE:Hydrophobic': 2, 'UNL:PHE:VdWContact': 1, 'UNL:TYR:Hydrophobic': 1, 'UNL:VAL:Hydrophobic': 1, 'UNL:VAL:VdWContact': 1}"
397,RFAA,1R55_097,,0.0,,
398,RFAA,1YWR_LI9,0.6666666666666667,0.7333333333333333,"{'UNL:ASN:VdWContact': 1, 'UNL:ASP:VdWContact': 1, 'UNL:HIS:VdWContact': 1, 'UNL:LYS:VdWContact': 1, 'UNL:MET:HBAcceptor': 1, 'UNL:MET:HBDonor': 1, 'UNL:MET:VdWContact': 1, 'UNL:THR:VdWContact': 1, 'UNL:VAL:Hydrophobic': 1, 'UNL:VAL:VdWContact': 2}","{'UNL:ALA:Hydrophobic': 1, 'UNL:ALA:VdWContact': 1, 'UNL:ASP:Hydrophobic': 1, 'UNL:ASP:VdWContact': 1, 'UNL:HIS:VdWContact': 1, 'UNL:ILE:Hydrophobic': 1, 'UNL:LEU:Hydrophobic': 4, 'UNL:LEU:VdWContact': 2, 'UNL:LYS:Hydrophobic': 1, 'UNL:LYS:VdWContact': 1, 'UNL:MET:HBAcceptor': 1, 'UNL:MET:HBDonor': 1, 'UNL:MET:Hydrophobic': 1, 'UNL:MET:VdWContact': 1, 'UNL:THR:Hydrophobic': 1, 'UNL:THR:VdWContact': 1, 'UNL:TYR:Hydrophobic': 1, 'UNL:TYR:VdWContact': 1, 'UNL:VAL:Hydrophobic': 2, 'UNL:VAL:VdWContact': 1}"
399,RFAA,1HQ2_PH2,,0.0,,
400,RFAA,1MZC_BNE,0.3529411764705883,0.8588235294117647,"{'UNL:ALA:VdWContact': 1, 'UNL:ARG:VdWContact': 1, 'UNL:CYS:VdWContact': 3, 'UNL:GLY:VdWContact': 1, 'UNL:HIS:VdWContact': 1, 'UNL:TRP:Hydrophobic': 2, 'UNL:TRP:VdWContact': 3, 'UNL:TYR:HBAcceptor': 1, 'UNL:TYR:HBDonor': 1, 'UNL:TYR:Hydrophobic': 1, 'UNL:TYR:VdWContact': 6}","{'UNL:ALA:Hydrophobic': 1, 'UNL:ARG:HBAcceptor': 1, 'UNL:ARG:VdWContact': 1, 'UNL:ASP:VdWContact': 1, 'UNL:CYS:HBAcceptor': 1, 'UNL:CYS:VdWContact': 1, 'UNL:LEU:Hydrophobic': 1, 'UNL:SER:VdWContact': 1, 'UNL:TRP:Hydrophobic': 3, 'UNL:TRP:VdWContact': 2, 'UNL:TYR:Hydrophobic': 2, 'UNL:TYR:VdWContact': 2}"
401,RFAA,1V4S_MRK,,0.0,,
402,RFAA,1NAV_IH5,0.5555555555555556,0.7777777777777778,"{'UNL:ALA:VdWContact': 1, 'UNL:ARG:HBAcceptor': 1, 'UNL:ARG:VdWContact': 1, 'UNL:HIS:VdWContact': 1, 'UNL:ILE:VdWContact': 2, 'UNL:LEU:Hydrophobic': 1, 'UNL:LEU:VdWContact': 2, 'UNL:MET:VdWContact': 1, 'UNL:PHE:Hydrophobic': 1, 'UNL:PHE:VdWContact': 1, 'UNL:SER:VdWContact': 2}","{'UNL:ALA:Hydrophobic': 2, 'UNL:GLY:VdWContact': 1, 'UNL:HIS:HBAcceptor': 1, 'UNL:HIS:VdWContact': 1, 'UNL:ILE:Hydrophobic': 1, 'UNL:ILE:VdWContact': 1, 'UNL:LEU:Hydrophobic': 3, 'UNL:LEU:VdWContact': 2, 'UNL:MET:Hydrophobic': 3, 'UNL:MET:VdWContact': 2, 'UNL:PHE:Hydrophobic': 3, 'UNL:PHE:VdWContact': 1, 'UNL:SER:HBAcceptor': 1, 'UNL:SER:VdWContact': 1, 'UNL:THR:Hydrophobic': 1}"
403,RFAA,1JJE_BYS,,0.0,,
404,RFAA,1GM8_SOX,0.23529411764705888,0.9058823529411765,"{'UNL:ALA:VdWContact': 1, 'UNL:ARG:HBAcceptor': 1, 'UNL:ARG:HBDonor': 1, 'UNL:ARG:VdWContact': 1, 'UNL:ASN:VdWContact': 1, 'UNL:GLN:VdWContact': 1, 'UNL:ILE:VdWContact': 1, 'UNL:MET:Hydrophobic': 1, 'UNL:MET:VdWContact': 1, 'UNL:PHE:Hydrophobic': 2, 'UNL:PHE:VdWContact': 4, 'UNL:SER:HBAcceptor': 1, 'UNL:SER:VdWContact': 2}","{'UNL:ALA:Hydrophobic': 1, 'UNL:ALA:VdWContact': 1, 'UNL:GLN:VdWContact': 1, 'UNL:ILE:Hydrophobic': 1, 'UNL:ILE:VdWContact': 1, 'UNL:LEU:Hydrophobic': 1, 'UNL:MET:Hydrophobic': 1, 'UNL:PHE:Hydrophobic': 3, 'UNL:PHE:VdWContact': 3, 'UNL:PRO:Hydrophobic': 1, 'UNL:SER:VdWContact': 2}"
405,RFAA,1J3J_CP6,,0.0,,
406,RFAA,1T9B_1CS,,0.0,,
407,RFAA,1PMN_984,0.375,0.85,"{'UNL:ALA:VdWContact': 1, 'UNL:ASP:VdWContact': 1, 'UNL:GLU:VdWContact': 1, 'UNL:ILE:VdWContact': 2, 'UNL:LEU:Hydrophobic': 1, 'UNL:LEU:VdWContact': 1, 'UNL:MET:HBAcceptor': 1, 'UNL:MET:HBDonor': 1, 'UNL:MET:Hydrophobic': 2, 'UNL:MET:VdWContact': 3, 'UNL:SER:VdWContact': 1}","{'UNL:ALA:Hydrophobic': 1, 'UNL:ALA:VdWContact': 2, 'UNL:ASN:VdWContact': 1, 'UNL:ILE:Hydrophobic': 2, 'UNL:ILE:VdWContact': 2, 'UNL:LEU:Hydrophobic': 3, 'UNL:LEU:VdWContact': 2, 'UNL:LYS:Hydrophobic': 1, 'UNL:MET:HBAcceptor': 1, 'UNL:MET:Hydrophobic': 2, 'UNL:MET:VdWContact': 2, 'UNL:VAL:Hydrophobic': 2}"
408,RFAA,1N2V_BDI,0.30769230769230765,0.8769230769230769,"{'UNL:ASP:HBDonor': 1, 'UNL:ASP:VdWContact': 1, 'UNL:GLY:HBAcceptor': 1, 'UNL:GLY:VdWContact': 3, 'UNL:MET:VdWContact': 1, 'UNL:TYR:HBAcceptor': 1, 'UNL:TYR:Hydrophobic': 1, 'UNL:TYR:VdWContact': 1}","{'UNL:ALA:Hydrophobic': 1, 'UNL:ASP:HBDonor': 1, 'UNL:ASP:VdWContact': 1, 'UNL:CYS:Hydrophobic': 1, 'UNL:GLN:HBAcceptor': 1, 'UNL:GLN:VdWContact': 1, 'UNL:GLY:HBAcceptor': 1, 'UNL:GLY:VdWContact': 2, 'UNL:MET:Hydrophobic': 1, 'UNL:TYR:Hydrophobic': 1, 'UNL:TYR:VdWContact': 1}"
409,RFAA,1GPK_HUP,0.07692307692307698,0.9692307692307692,"{'UNL:ALA:VdWContact': 1, 'UNL:GLU:VdWContact': 1, 'UNL:GLY:HBAcceptor': 2, 'UNL:GLY:VdWContact': 3, 'UNL:HIS:VdWContact': 1, 'UNL:PHE:VdWContact': 2, 'UNL:SER:VdWContact': 1, 'UNL:TRP:VdWContact': 2, 'UNL:TYR:VdWContact': 1}","{'UNL:GLY:VdWContact': 3, 'UNL:HIS:VdWContact': 1, 'UNL:LEU:Hydrophobic': 1, 'UNL:PHE:Hydrophobic': 3, 'UNL:PHE:VdWContact': 2, 'UNL:TRP:Hydrophobic': 1, 'UNL:TRP:VdWContact': 1, 'UNL:TYR:Hydrophobic': 2, 'UNL:TYR:VdWContact': 1}"
410,RFAA,1W1P_GIO,0.5333333333333332,0.7866666666666667,"{'UNL:GLY:VdWContact': 1, 'UNL:ILE:VdWContact': 1, 'UNL:MET:VdWContact': 3, 'UNL:PHE:VdWContact': 1, 'UNL:TRP:VdWContact': 1, 'UNL:TYR:VdWContact': 2, 'UNL:VAL:VdWContact': 3}","{'UNL:ALA:Hydrophobic': 1, 'UNL:ASP:Hydrophobic': 1, 'UNL:GLU:VdWContact': 1, 'UNL:MET:Hydrophobic': 1, 'UNL:MET:VdWContact': 1, 'UNL:PHE:Hydrophobic': 1, 'UNL:PHE:VdWContact': 1, 'UNL:TRP:HBAcceptor': 1, 'UNL:TRP:Hydrophobic': 1, 'UNL:TRP:VdWContact': 2, 'UNL:TYR:Hydrophobic': 1, 'UNL:TYR:VdWContact': 2}"
411,RFAA,1OF6_DTY,,0.0,,
412,RFAA,1S3V_TQD,0.1333333333333333,0.9466666666666667,"{'UNL:ALA:VdWContact': 1, 'UNL:ASN:HBAcceptor': 1, 'UNL:ASN:VdWContact': 1, 'UNL:GLU:HBDonor': 1, 'UNL:GLU:VdWContact': 1, 'UNL:ILE:HBDonor': 1, 'UNL:ILE:VdWContact': 1, 'UNL:LEU:VdWContact': 1, 'UNL:PHE:Hydrophobic': 1, 'UNL:PHE:VdWContact': 2, 'UNL:PRO:VdWContact': 1, 'UNL:VAL:VdWContact': 1}","{'UNL:GLU:HBDonor': 1, 'UNL:GLU:VdWContact': 1, 'UNL:ILE:HBDonor': 1, 'UNL:ILE:Hydrophobic': 1, 'UNL:ILE:VdWContact': 1, 'UNL:PHE:Hydrophobic': 2, 'UNL:PHE:VdWContact': 1, 'UNL:PRO:Hydrophobic': 1, 'UNL:SER:VdWContact': 1, 'UNL:VAL:VdWContact': 1}"
413,RFAA,1Y6B_AAX,0.47058823529411753,0.8117647058823529,"{'UNL:CYS:HBAcceptor': 1, 'UNL:CYS:HBDonor': 1, 'UNL:CYS:VdWContact': 1, 'UNL:GLU:VdWContact': 2, 'UNL:GLY:VdWContact': 1, 'UNL:LEU:Hydrophobic': 1, 'UNL:LEU:VdWContact': 2, 'UNL:LYS:VdWContact': 1, 'UNL:VAL:Hydrophobic': 2, 'UNL:VAL:VdWContact': 2}","{'UNL:ALA:Hydrophobic': 1, 'UNL:ASN:HBAcceptor': 1, 'UNL:ASN:VdWContact': 1, 'UNL:CYS:HBAcceptor': 1, 'UNL:CYS:HBDonor': 1, 'UNL:CYS:Hydrophobic': 1, 'UNL:CYS:VdWContact': 1, 'UNL:GLU:VdWContact': 2, 'UNL:GLY:VdWContact': 1, 'UNL:LEU:Hydrophobic': 2, 'UNL:LYS:Hydrophobic': 1, 'UNL:LYS:VdWContact': 1, 'UNL:PHE:Hydrophobic': 2, 'UNL:PHE:VdWContact': 1, 'UNL:VAL:Hydrophobic': 3, 'UNL:VAL:VdWContact': 2}"
414,RFAA,1L2S_STC,0.6521739130434782,0.7391304347826088,"{'UNL:ALA:VdWContact': 2, 'UNL:ARG:HBAcceptor': 1, 'UNL:ARG:VdWContact': 1, 'UNL:ASN:VdWContact': 2, 'UNL:GLN:VdWContact': 1, 'UNL:GLY:VdWContact': 3, 'UNL:LEU:VdWContact': 1, 'UNL:LYS:VdWContact': 1, 'UNL:MET:VdWContact': 1, 'UNL:SER:HBAcceptor': 1, 'UNL:SER:VdWContact': 3, 'UNL:THR:HBDonor': 2, 'UNL:THR:VdWContact': 3, 'UNL:TYR:HBDonor': 1, 'UNL:TYR:Hydrophobic': 2, 'UNL:TYR:VdWContact': 4, 'UNL:VAL:Hydrophobic': 1, 'UNL:VAL:VdWContact': 1}","{'UNL:ALA:HBAcceptor': 1, 'UNL:ALA:HBDonor': 1, 'UNL:ALA:VdWContact': 1, 'UNL:ASN:HBAcceptor': 1, 'UNL:ASN:VdWContact': 1, 'UNL:GLN:VdWContact': 1, 'UNL:GLY:VdWContact': 1, 'UNL:LEU:Hydrophobic': 2, 'UNL:SER:HBAcceptor': 1, 'UNL:SER:VdWContact': 1, 'UNL:THR:Hydrophobic': 1, 'UNL:THR:VdWContact': 1, 'UNL:TYR:Hydrophobic': 2, 'UNL:VAL:Hydrophobic': 1}"
415,RFAA,1W2G_THM,,0.0,,
416,RFAA,1TOW_CRZ,,0.0,,
417,RFAA,1XM6_5RM,0.29411764705882354,0.8823529411764706,"{'UNL:ASN:VdWContact': 1, 'UNL:ASP:VdWContact': 1, 'UNL:GLU:VdWContact': 1, 'UNL:ILE:VdWContact': 2, 'UNL:LEU:Hydrophobic': 1, 'UNL:LEU:VdWContact': 3, 'UNL:MET:VdWContact': 1, 'UNL:PHE:VdWContact': 2, 'UNL:PRO:VdWContact': 1, 'UNL:TYR:VdWContact': 1}","{'UNL:ASN:VdWContact': 1, 'UNL:GLN:HBAcceptor': 1, 'UNL:GLN:VdWContact': 1, 'UNL:ILE:Hydrophobic': 1, 'UNL:ILE:VdWContact': 1, 'UNL:LEU:Hydrophobic': 2, 'UNL:LEU:VdWContact': 1, 'UNL:MET:Hydrophobic': 3, 'UNL:MET:VdWContact': 1, 'UNL:PHE:Hydrophobic': 3, 'UNL:PHE:VdWContact': 2, 'UNL:THR:VdWContact': 1, 'UNL:TYR:Hydrophobic': 1}"
418,RFAA,1YGC_905,,0.0,,
419,RFAA,1R58_AO5,0.625,0.75,"{'UNL:ASN:HBAcceptor': 1, 'UNL:ASN:VdWContact': 1, 'UNL:ASP:HBDonor': 1, 'UNL:ASP:VdWContact': 2, 'UNL:GLU:HBDonor': 1, 'UNL:GLU:VdWContact': 1, 'UNL:HIS:VdWContact': 4, 'UNL:PHE:Hydrophobic': 1}","{'UNL:ALA:Hydrophobic': 1, 'UNL:ALA:VdWContact': 1, 'UNL:ASP:HBDonor': 2, 'UNL:ASP:VdWContact': 2, 'UNL:GLU:HBDonor': 1, 'UNL:GLU:VdWContact': 1, 'UNL:HIS:HBDonor': 1, 'UNL:HIS:Hydrophobic': 2, 'UNL:HIS:VdWContact': 2, 'UNL:MET:Hydrophobic': 1, 'UNL:PHE:Hydrophobic': 1, 'UNL:PHE:VdWContact': 1, 'UNL:TYR:Hydrophobic': 1, 'UNL:TYR:VdWContact': 1}"
420,RFAA,1HNN_SKF,0.1875,0.925,"{'UNL:ARG:HBAcceptor': 1, 'UNL:ARG:VdWContact': 1, 'UNL:ASN:VdWContact': 1, 'UNL:ASP:VdWContact': 1, 'UNL:GLU:HBDonor': 1, 'UNL:GLU:VdWContact': 1, 'UNL:GLY:VdWContact': 1, 'UNL:LYS:VdWContact': 2, 'UNL:PHE:Hydrophobic': 1, 'UNL:PHE:VdWContact': 1, 'UNL:TYR:VdWContact': 4, 'UNL:VAL:VdWContact': 2}","{'UNL:ARG:VdWContact': 1, 'UNL:ASN:Hydrophobic': 1, 'UNL:ASP:VdWContact': 1, 'UNL:GLU:HBDonor': 1, 'UNL:GLU:VdWContact': 1, 'UNL:LYS:VdWContact': 1, 'UNL:MET:Hydrophobic': 1, 'UNL:MET:VdWContact': 1, 'UNL:PHE:Hydrophobic': 1, 'UNL:TYR:Hydrophobic': 2, 'UNL:TYR:VdWContact': 2, 'UNL:VAL:VdWContact': 1}"
421,RFAA,1HVY_D16,,0.0,,
422,RFAA,1OPK_P16,0.22727272727272735,0.9090909090909091,"{'UNL:ALA:VdWContact': 1, 'UNL:ASN:VdWContact': 1, 'UNL:ASP:VdWContact': 1, 'UNL:GLU:VdWContact': 1, 'UNL:GLY:VdWContact': 1, 'UNL:LEU:Hydrophobic': 1, 'UNL:LEU:VdWContact': 2, 'UNL:LYS:VdWContact': 1, 'UNL:MET:HBAcceptor': 1, 'UNL:MET:HBDonor': 1, 'UNL:MET:Hydrophobic': 1, 'UNL:MET:VdWContact': 1, 'UNL:THR:VdWContact': 1, 'UNL:VAL:VdWContact': 1}","{'UNL:ALA:Hydrophobic': 1, 'UNL:GLU:VdWContact': 1, 'UNL:ILE:Hydrophobic': 1, 'UNL:LEU:Hydrophobic': 2, 'UNL:LYS:Hydrophobic': 1, 'UNL:MET:HBAcceptor': 1, 'UNL:MET:HBDonor': 1, 'UNL:MET:Hydrophobic': 2, 'UNL:MET:VdWContact': 2, 'UNL:PHE:Hydrophobic': 2, 'UNL:THR:Hydrophobic': 1, 'UNL:THR:VdWContact': 1, 'UNL:TYR:Hydrophobic': 1, 'UNL:TYR:VdWContact': 1, 'UNL:VAL:Hydrophobic': 2}"
423,RFAA,1MMV_3AR,,0.0,,
424,RFAA,1SQN_NDR,0.22727272727272735,0.9090909090909091,"{'UNL:ASN:VdWContact': 2, 'UNL:CYS:VdWContact': 1, 'UNL:GLN:VdWContact': 2, 'UNL:GLY:VdWContact': 1, 'UNL:ILE:VdWContact': 2, 'UNL:LEU:Hydrophobic': 1, 'UNL:LEU:VdWContact': 5, 'UNL:MET:Hydrophobic': 1, 'UNL:MET:VdWContact': 3, 'UNL:PHE:HBDonor': 1, 'UNL:PHE:VdWContact': 4, 'UNL:SER:VdWContact': 2, 'UNL:THR:VdWContact': 2, 'UNL:TYR:VdWContact': 1, 'UNL:VAL:VdWContact': 1}","{'UNL:ARG:VdWContact': 1, 'UNL:CYS:Hydrophobic': 1, 'UNL:CYS:VdWContact': 1, 'UNL:GLN:HBAcceptor': 1, 'UNL:GLN:VdWContact': 1, 'UNL:LEU:Hydrophobic': 5, 'UNL:LEU:VdWContact': 3, 'UNL:MET:Hydrophobic': 4, 'UNL:MET:VdWContact': 2, 'UNL:PHE:Hydrophobic': 1, 'UNL:TRP:Hydrophobic': 1, 'UNL:TYR:Hydrophobic': 1, 'UNL:TYR:VdWContact': 1, 'UNL:VAL:Hydrophobic': 1}"
425,Chai-1-Single-Seq,2BM2_PM2,0.19999999999999998,0.92,"{'UNL:ASP:VdWContact': 1, 'UNL:GLN:Hydrophobic': 2, 'UNL:GLN:VdWContact': 1, 'UNL:GLU:Hydrophobic': 1, 'UNL:GLU:VdWContact': 1, 'UNL:GLY:HBAcceptor': 1, 'UNL:GLY:VdWContact': 2, 'UNL:PRO:VdWContact': 1, 'UNL:SER:VdWContact': 1, 'UNL:TYR:Hydrophobic': 1, 'UNL:TYR:VdWContact': 1}","{'UNL:ASP:VdWContact': 1, 'UNL:GLN:Hydrophobic': 2, 'UNL:GLN:VdWContact': 1, 'UNL:GLU:Hydrophobic': 1, 'UNL:GLU:VdWContact': 1, 'UNL:GLY:HBAcceptor': 1, 'UNL:GLY:VdWContact': 1, 'UNL:PRO:Hydrophobic': 1, 'UNL:SER:VdWContact': 1, 'UNL:THR:Hydrophobic': 1, 'UNL:TRP:Hydrophobic': 1, 'UNL:TYR:Hydrophobic': 1, 'UNL:VAL:Hydrophobic': 1}"
426,Chai-1-Single-Seq,1XOQ_ROF,0.4285714285714285,0.8285714285714286,"{'UNL:GLN:HBAcceptor': 1, 'UNL:GLN:VdWContact': 1, 'UNL:HIS:VdWContact': 1, 'UNL:ILE:Hydrophobic': 1, 'UNL:ILE:VdWContact': 1, 'UNL:LEU:VdWContact': 1, 'UNL:MET:Hydrophobic': 2, 'UNL:MET:VdWContact': 2, 'UNL:PHE:Hydrophobic': 1}","{'UNL:ASN:VdWContact': 1, 'UNL:GLN:HBAcceptor': 1, 'UNL:GLN:VdWContact': 1, 'UNL:ILE:Hydrophobic': 1, 'UNL:LEU:VdWContact': 1, 'UNL:MET:Hydrophobic': 3, 'UNL:MET:VdWContact': 2, 'UNL:PHE:Hydrophobic': 2, 'UNL:PHE:VdWContact': 1, 'UNL:THR:VdWContact': 2, 'UNL:TYR:Hydrophobic': 1, 'UNL:TYR:VdWContact': 1}"
427,Chai-1-Single-Seq,1M2Z_DEX,0.4583333333333333,0.8166666666666667,"{'UNL:ARG:VdWContact': 1, 'UNL:ASN:HBDonor': 1, 'UNL:ASN:VdWContact': 1, 'UNL:CYS:Hydrophobic': 1, 'UNL:CYS:VdWContact': 1, 'UNL:GLN:HBAcceptor': 1, 'UNL:GLN:VdWContact': 2, 'UNL:ILE:VdWContact': 1, 'UNL:LEU:VdWContact': 1, 'UNL:MET:Hydrophobic': 2, 'UNL:MET:VdWContact': 1, 'UNL:PHE:VdWContact': 1, 'UNL:THR:VdWContact': 1, 'UNL:TYR:VdWContact': 1}","{'UNL:ALA:Hydrophobic': 1, 'UNL:ARG:HBAcceptor': 1, 'UNL:ARG:VdWContact': 1, 'UNL:ASN:HBAcceptor': 1, 'UNL:ASN:VdWContact': 1, 'UNL:CYS:Hydrophobic': 1, 'UNL:CYS:VdWContact': 1, 'UNL:GLN:HBAcceptor': 1, 'UNL:GLN:HBDonor': 1, 'UNL:GLN:Hydrophobic': 1, 'UNL:GLN:VdWContact': 2, 'UNL:GLY:VdWContact': 1, 'UNL:LEU:Hydrophobic': 4, 'UNL:LEU:VdWContact': 1, 'UNL:MET:Hydrophobic': 3, 'UNL:MET:VdWContact': 1, 'UNL:PHE:Hydrophobic': 1, 'UNL:PHE:VdWContact': 1, 'UNL:TRP:Hydrophobic': 1, 'UNL:TYR:Hydrophobic': 1, 'UNL:TYR:VdWContact': 1}"
428,Chai-1-Single-Seq,1P62_GEO,0.1875,0.925,"{'UNL:ARG:HBAcceptor': 1, 'UNL:ARG:VdWContact': 2, 'UNL:ASP:HBDonor': 1, 'UNL:ASP:VdWContact': 1, 'UNL:GLN:HBAcceptor': 1, 'UNL:GLN:HBDonor': 1, 'UNL:GLN:VdWContact': 1, 'UNL:GLU:HBDonor': 1, 'UNL:GLU:VdWContact': 2, 'UNL:LEU:VdWContact': 1, 'UNL:PHE:Hydrophobic': 1, 'UNL:PHE:VdWContact': 2, 'UNL:TRP:VdWContact': 1, 'UNL:TYR:VdWContact': 1}","{'UNL:ARG:HBAcceptor': 1, 'UNL:ARG:VdWContact': 1, 'UNL:ASP:HBDonor': 1, 'UNL:ASP:VdWContact': 1, 'UNL:GLN:HBAcceptor': 1, 'UNL:GLN:HBDonor': 1, 'UNL:GLN:VdWContact': 1, 'UNL:GLU:VdWContact': 2, 'UNL:MET:VdWContact': 1, 'UNL:PHE:Hydrophobic': 2, 'UNL:TRP:Hydrophobic': 1, 'UNL:TYR:VdWContact': 1}"
429,Chai-1-Single-Seq,1KE5_LS1,0.20000000000000007,0.9199999999999999,"{'UNL:ALA:VdWContact': 1, 'UNL:ASP:HBAcceptor': 1, 'UNL:ASP:Hydrophobic': 1, 'UNL:ASP:VdWContact': 1, 'UNL:GLN:VdWContact': 1, 'UNL:GLU:HBDonor': 1, 'UNL:GLU:VdWContact': 1, 'UNL:HIS:VdWContact': 1, 'UNL:ILE:VdWContact': 1, 'UNL:LEU:HBAcceptor': 1, 'UNL:LEU:HBDonor': 1, 'UNL:LEU:Hydrophobic': 1, 'UNL:LEU:VdWContact': 2, 'UNL:LYS:VdWContact': 1, 'UNL:PHE:Hydrophobic': 1, 'UNL:PHE:VdWContact': 2, 'UNL:VAL:VdWContact': 1}","{'UNL:ALA:Hydrophobic': 2, 'UNL:ASP:HBAcceptor': 1, 'UNL:ASP:Hydrophobic': 1, 'UNL:ASP:VdWContact': 2, 'UNL:GLU:HBDonor': 1, 'UNL:GLU:VdWContact': 1, 'UNL:HIS:VdWContact': 1, 'UNL:ILE:Hydrophobic': 1, 'UNL:ILE:VdWContact': 1, 'UNL:LEU:HBAcceptor': 1, 'UNL:LEU:HBDonor': 1, 'UNL:LEU:Hydrophobic': 1, 'UNL:LEU:VdWContact': 2, 'UNL:LYS:VdWContact': 1, 'UNL:PHE:Hydrophobic': 2, 'UNL:PHE:VdWContact': 2, 'UNL:VAL:Hydrophobic': 2}"
430,Chai-1-Single-Seq,1TT1_KAI,0.125,0.95,"{'UNL:ALA:HBAcceptor': 2, 'UNL:ALA:VdWContact': 2, 'UNL:ARG:HBAcceptor': 1, 'UNL:ARG:HBDonor': 1, 'UNL:ARG:VdWContact': 1, 'UNL:GLU:VdWContact': 1, 'UNL:PRO:HBDonor': 1, 'UNL:PRO:VdWContact': 1, 'UNL:THR:HBAcceptor': 1, 'UNL:THR:HBDonor': 1, 'UNL:THR:VdWContact': 1, 'UNL:TYR:Hydrophobic': 1, 'UNL:TYR:VdWContact': 1, 'UNL:VAL:VdWContact': 1}","{'UNL:ALA:HBAcceptor': 2, 'UNL:ALA:VdWContact': 2, 'UNL:ARG:HBAcceptor': 1, 'UNL:ARG:HBDonor': 1, 'UNL:ARG:VdWContact': 1, 'UNL:GLU:Hydrophobic': 2, 'UNL:GLU:VdWContact': 1, 'UNL:PRO:HBDonor': 1, 'UNL:PRO:VdWContact': 1, 'UNL:THR:HBAcceptor': 1, 'UNL:THR:VdWContact': 1, 'UNL:TYR:Hydrophobic': 1, 'UNL:TYR:VdWContact': 1, 'UNL:VAL:Hydrophobic': 1, 'UNL:VAL:VdWContact': 1}"
431,Chai-1-Single-Seq,1VCJ_IBA,0.823529411764706,0.6705882352941176,"{'UNL:ALA:VdWContact': 1, 'UNL:ARG:Hydrophobic': 1, 'UNL:ARG:VdWContact': 3, 'UNL:GLU:VdWContact': 1, 'UNL:ILE:VdWContact': 1, 'UNL:SER:VdWContact': 1, 'UNL:THR:VdWContact': 1, 'UNL:TRP:VdWContact': 1, 'UNL:TYR:VdWContact': 1}","{'UNL:ALA:Hydrophobic': 1, 'UNL:ALA:VdWContact': 1, 'UNL:ARG:HBAcceptor': 3, 'UNL:ARG:Hydrophobic': 2, 'UNL:ARG:VdWContact': 5, 'UNL:ASN:Hydrophobic': 1, 'UNL:ASP:Hydrophobic': 1, 'UNL:ASP:VdWContact': 1, 'UNL:GLU:Hydrophobic': 1, 'UNL:GLU:VdWContact': 4, 'UNL:ILE:Hydrophobic': 1, 'UNL:SER:VdWContact': 1, 'UNL:TRP:Hydrophobic': 1, 'UNL:TRP:VdWContact': 1, 'UNL:TYR:VdWContact': 1}"
432,Chai-1-Single-Seq,1HWI_115,,0.0,,
433,Chai-1-Single-Seq,1UML_FR4,0.23076923076923078,0.9076923076923077,"{'UNL:ASP:HBDonor': 1, 'UNL:ASP:Hydrophobic': 1, 'UNL:ASP:VdWContact': 3, 'UNL:GLY:VdWContact': 1, 'UNL:HIS:VdWContact': 1, 'UNL:LEU:Hydrophobic': 2, 'UNL:LEU:VdWContact': 3, 'UNL:PHE:Hydrophobic': 1, 'UNL:PHE:VdWContact': 2}","{'UNL:ASP:HBDonor': 2, 'UNL:ASP:Hydrophobic': 1, 'UNL:ASP:VdWContact': 3, 'UNL:GLY:VdWContact': 1, 'UNL:HIS:Hydrophobic': 1, 'UNL:HIS:VdWContact': 1, 'UNL:LEU:Hydrophobic': 3, 'UNL:LEU:VdWContact': 1, 'UNL:MET:Hydrophobic': 1, 'UNL:PHE:Hydrophobic': 2, 'UNL:THR:Hydrophobic': 1, 'UNL:VAL:Hydrophobic': 1}"
434,Chai-1-Single-Seq,1JLA_TNK,0.3684210526315789,0.8526315789473684,"{'UNL:CYS:Hydrophobic': 1, 'UNL:CYS:VdWContact': 1, 'UNL:ILE:VdWContact': 1, 'UNL:LEU:VdWContact': 2, 'UNL:LYS:Hydrophobic': 1, 'UNL:LYS:VdWContact': 1, 'UNL:TRP:HBAcceptor': 1, 'UNL:TYR:Hydrophobic': 2, 'UNL:TYR:VdWContact': 2}","{'UNL:CYS:Hydrophobic': 1, 'UNL:CYS:VdWContact': 1, 'UNL:GLY:VdWContact': 1, 'UNL:LEU:Hydrophobic': 2, 'UNL:LYS:HBDonor': 1, 'UNL:LYS:Hydrophobic': 1, 'UNL:LYS:VdWContact': 2, 'UNL:PHE:Hydrophobic': 1, 'UNL:PHE:VdWContact': 1, 'UNL:PRO:Hydrophobic': 2, 'UNL:PRO:VdWContact': 1, 'UNL:TRP:Hydrophobic': 1, 'UNL:TRP:VdWContact': 1, 'UNL:TYR:Hydrophobic': 1, 'UNL:TYR:VdWContact': 1, 'UNL:VAL:Hydrophobic': 1}"
435,Chai-1-Single-Seq,1N46_PFA,0.857142857142857,0.6571428571428573,"{'UNL:ARG:VdWContact': 2, 'UNL:ASN:HBAcceptor': 1, 'UNL:ASN:VdWContact': 1, 'UNL:HIS:HBAcceptor': 1, 'UNL:HIS:VdWContact': 1, 'UNL:ILE:VdWContact': 1, 'UNL:LEU:Hydrophobic': 2, 'UNL:LEU:VdWContact': 2, 'UNL:MET:Hydrophobic': 2, 'UNL:MET:VdWContact': 1, 'UNL:PHE:Hydrophobic': 1, 'UNL:PHE:VdWContact': 2}","{'UNL:ALA:Hydrophobic': 2, 'UNL:ALA:VdWContact': 2, 'UNL:ARG:HBAcceptor': 2, 'UNL:ARG:HBDonor': 1, 'UNL:ARG:Hydrophobic': 1, 'UNL:ARG:VdWContact': 2, 'UNL:ASN:HBAcceptor': 1, 'UNL:ASN:VdWContact': 1, 'UNL:GLY:VdWContact': 1, 'UNL:HIS:HBAcceptor': 1, 'UNL:HIS:HBDonor': 1, 'UNL:HIS:VdWContact': 1, 'UNL:ILE:Hydrophobic': 3, 'UNL:ILE:VdWContact': 1, 'UNL:LEU:Hydrophobic': 3, 'UNL:LEU:VdWContact': 2, 'UNL:MET:Hydrophobic': 3, 'UNL:MET:VdWContact': 2, 'UNL:PHE:Hydrophobic': 3, 'UNL:PHE:VdWContact': 1, 'UNL:THR:Hydrophobic': 1}"
436,Chai-1-Single-Seq,1LRH_NLA,0.2631578947368421,0.8947368421052632,"{'UNL:GLN:HBDonor': 1, 'UNL:GLN:Hydrophobic': 1, 'UNL:GLN:VdWContact': 1, 'UNL:GLU:VdWContact': 1, 'UNL:HIS:Hydrophobic': 2, 'UNL:HIS:VdWContact': 1, 'UNL:ILE:VdWContact': 1, 'UNL:LEU:Hydrophobic': 1, 'UNL:LEU:VdWContact': 1, 'UNL:TRP:VdWContact': 1, 'UNL:TYR:Hydrophobic': 1, 'UNL:TYR:VdWContact': 1}","{'UNL:GLN:VdWContact': 1, 'UNL:GLU:VdWContact': 1, 'UNL:HIS:HBAcceptor': 1, 'UNL:HIS:VdWContact': 2, 'UNL:ILE:Hydrophobic': 3, 'UNL:ILE:VdWContact': 1, 'UNL:LEU:Hydrophobic': 1, 'UNL:PHE:Hydrophobic': 2, 'UNL:PHE:VdWContact': 1, 'UNL:PRO:Hydrophobic': 1, 'UNL:THR:Hydrophobic': 1, 'UNL:TRP:Hydrophobic': 2, 'UNL:TRP:VdWContact': 1}"
437,Chai-1-Single-Seq,1KZK_JE2,0.5714285714285715,0.7714285714285714,"{'UNL:ALA:VdWContact': 1, 'UNL:ASP:HBAcceptor': 1, 'UNL:ASP:Hydrophobic': 3, 'UNL:ASP:VdWContact': 5, 'UNL:GLY:HBDonor': 1, 'UNL:GLY:VdWContact': 4, 'UNL:ILE:Hydrophobic': 2, 'UNL:ILE:VdWContact': 1, 'UNL:PRO:VdWContact': 1, 'UNL:VAL:Hydrophobic': 1, 'UNL:VAL:VdWContact': 3}","{'UNL:ALA:Hydrophobic': 2, 'UNL:ASP:Hydrophobic': 3, 'UNL:ASP:VdWContact': 4, 'UNL:GLY:HBDonor': 1, 'UNL:GLY:VdWContact': 3, 'UNL:ILE:Hydrophobic': 6, 'UNL:LEU:Hydrophobic': 3, 'UNL:PRO:Hydrophobic': 2, 'UNL:PRO:VdWContact': 1, 'UNL:VAL:Hydrophobic': 4}"
438,Chai-1-Single-Seq,1N2J_PAF,0.5000000000000001,0.7999999999999999,"{'UNL:GLN:HBAcceptor': 2, 'UNL:GLN:VdWContact': 2, 'UNL:MET:VdWContact': 1, 'UNL:PHE:VdWContact': 1, 'UNL:PRO:VdWContact': 1}","{'UNL:GLN:HBAcceptor': 2, 'UNL:GLN:VdWContact': 2, 'UNL:MET:Hydrophobic': 1, 'UNL:MET:VdWContact': 1, 'UNL:PHE:Hydrophobic': 1, 'UNL:PRO:Hydrophobic': 1, 'UNL:PRO:VdWContact': 1, 'UNL:VAL:Hydrophobic': 2, 'UNL:VAL:VdWContact': 1}"
439,Chai-1-Single-Seq,1MEH_MOA,,0.0,,
440,Chai-1-Single-Seq,2BSM_BSM,0.09090909090909088,0.9636363636363636,"{'UNL:ALA:VdWContact': 1, 'UNL:ASN:Hydrophobic': 2, 'UNL:ASN:VdWContact': 1, 'UNL:ASP:HBDonor': 1, 'UNL:ASP:Hydrophobic': 1, 'UNL:ASP:VdWContact': 2, 'UNL:GLY:HBDonor': 1, 'UNL:GLY:VdWContact': 1, 'UNL:ILE:VdWContact': 1, 'UNL:LYS:HBAcceptor': 1, 'UNL:LYS:VdWContact': 1, 'UNL:MET:Hydrophobic': 1, 'UNL:MET:VdWContact': 1, 'UNL:PHE:VdWContact': 1, 'UNL:THR:HBDonor': 1, 'UNL:THR:VdWContact': 1}","{'UNL:ALA:Hydrophobic': 1, 'UNL:ASN:Hydrophobic': 1, 'UNL:ASN:VdWContact': 1, 'UNL:ASP:HBDonor': 1, 'UNL:ASP:Hydrophobic': 1, 'UNL:ASP:VdWContact': 1, 'UNL:GLY:HBDonor': 1, 'UNL:GLY:VdWContact': 2, 'UNL:ILE:Hydrophobic': 1, 'UNL:LYS:VdWContact': 1, 'UNL:MET:Hydrophobic': 1, 'UNL:PHE:VdWContact': 1, 'UNL:SER:VdWContact': 1, 'UNL:THR:HBDonor': 1, 'UNL:THR:Hydrophobic': 2, 'UNL:THR:VdWContact': 1, 'UNL:VAL:Hydrophobic': 1, 'UNL:VAL:VdWContact': 1}"
441,Chai-1-Single-Seq,1V48_HA1,0.3157894736842105,0.8736842105263158,"{'UNL:ALA:HBAcceptor': 1, 'UNL:ALA:VdWContact': 1, 'UNL:ARG:HBAcceptor': 1, 'UNL:ARG:VdWContact': 1, 'UNL:ASN:VdWContact': 1, 'UNL:GLU:HBDonor': 1, 'UNL:GLU:VdWContact': 1, 'UNL:GLY:VdWContact': 2, 'UNL:HIS:VdWContact': 1, 'UNL:MET:Hydrophobic': 1, 'UNL:SER:HBAcceptor': 1, 'UNL:SER:VdWContact': 2}","{'UNL:ALA:HBAcceptor': 1, 'UNL:ALA:Hydrophobic': 1, 'UNL:ALA:VdWContact': 1, 'UNL:ARG:HBAcceptor': 1, 'UNL:ARG:VdWContact': 1, 'UNL:ASN:HBAcceptor': 1, 'UNL:ASN:VdWContact': 2, 'UNL:GLU:HBDonor': 1, 'UNL:GLU:VdWContact': 1, 'UNL:HIS:VdWContact': 1, 'UNL:MET:Hydrophobic': 1, 'UNL:PHE:Hydrophobic': 1, 'UNL:PHE:VdWContact': 1, 'UNL:SER:HBAcceptor': 1, 'UNL:SER:HBDonor': 1, 'UNL:SER:VdWContact': 2, 'UNL:VAL:Hydrophobic': 1, 'UNL:VAL:VdWContact': 1}"
442,Chai-1-Single-Seq,1L7F_BCZ,0.5333333333333333,0.7866666666666666,"{'UNL:ARG:HBAcceptor': 2, 'UNL:ARG:Hydrophobic': 1, 'UNL:ARG:VdWContact': 4, 'UNL:ASP:VdWContact': 1, 'UNL:GLU:HBDonor': 2, 'UNL:GLU:VdWContact': 2, 'UNL:ILE:VdWContact': 1, 'UNL:TRP:VdWContact': 1, 'UNL:TYR:VdWContact': 1}","{'UNL:ALA:Hydrophobic': 1, 'UNL:ARG:HBAcceptor': 4, 'UNL:ARG:HBDonor': 1, 'UNL:ARG:Hydrophobic': 2, 'UNL:ARG:VdWContact': 4, 'UNL:ASP:VdWContact': 1, 'UNL:GLU:HBDonor': 1, 'UNL:GLU:Hydrophobic': 1, 'UNL:GLU:VdWContact': 3, 'UNL:ILE:Hydrophobic': 1, 'UNL:TRP:HBDonor': 1, 'UNL:TRP:Hydrophobic': 1, 'UNL:TRP:VdWContact': 1, 'UNL:TYR:VdWContact': 1}"
443,Chai-1-Single-Seq,1JD0_AZM,0.5,0.8,"{'UNL:HIS:HBDonor': 1, 'UNL:HIS:VdWContact': 1, 'UNL:LEU:VdWContact': 1, 'UNL:THR:HBAcceptor': 1, 'UNL:THR:VdWContact': 2, 'UNL:VAL:VdWContact': 1}","{'UNL:GLN:Hydrophobic': 1, 'UNL:HIS:HBDonor': 2, 'UNL:HIS:VdWContact': 1, 'UNL:LEU:Hydrophobic': 1, 'UNL:LEU:VdWContact': 1, 'UNL:THR:HBAcceptor': 1, 'UNL:THR:HBDonor': 1, 'UNL:THR:VdWContact': 2, 'UNL:VAL:Hydrophobic': 1, 'UNL:VAL:VdWContact': 1}"
444,Chai-1-Single-Seq,1S19_MC9,0.6500000000000001,0.74,"{'UNL:ALA:VdWContact': 1, 'UNL:ARG:HBAcceptor': 1, 'UNL:ARG:VdWContact': 1, 'UNL:CYS:VdWContact': 1, 'UNL:HIS:HBAcceptor': 2, 'UNL:HIS:VdWContact': 2, 'UNL:ILE:VdWContact': 1, 'UNL:LEU:Hydrophobic': 1, 'UNL:SER:VdWContact': 3, 'UNL:TRP:Hydrophobic': 1, 'UNL:TRP:VdWContact': 1, 'UNL:TYR:VdWContact': 2, 'UNL:VAL:VdWContact': 1}","{'UNL:ALA:Hydrophobic': 1, 'UNL:ALA:VdWContact': 1, 'UNL:ARG:HBAcceptor': 1, 'UNL:ARG:VdWContact': 1, 'UNL:CYS:VdWContact': 1, 'UNL:HIS:HBAcceptor': 2, 'UNL:HIS:HBDonor': 1, 'UNL:HIS:VdWContact': 2, 'UNL:ILE:Hydrophobic': 2, 'UNL:LEU:Hydrophobic': 6, 'UNL:MET:Hydrophobic': 1, 'UNL:PHE:Hydrophobic': 1, 'UNL:SER:VdWContact': 3, 'UNL:TRP:Hydrophobic': 1, 'UNL:TRP:VdWContact': 1, 'UNL:TYR:Hydrophobic': 2, 'UNL:TYR:VdWContact': 1, 'UNL:VAL:Hydrophobic': 2, 'UNL:VAL:VdWContact': 1}"
445,Chai-1-Single-Seq,1LPZ_CMB,0.2272727272727273,0.9090909090909091,"{'UNL:ALA:VdWContact': 1, 'UNL:ASP:HBDonor': 1, 'UNL:ASP:VdWContact': 1, 'UNL:GLN:Hydrophobic': 2, 'UNL:GLN:VdWContact': 1, 'UNL:GLU:VdWContact': 1, 'UNL:GLY:VdWContact': 2, 'UNL:HIS:VdWContact': 1, 'UNL:PHE:VdWContact': 1, 'UNL:SER:HBAcceptor': 1, 'UNL:SER:VdWContact': 2, 'UNL:TRP:Hydrophobic': 1, 'UNL:TRP:VdWContact': 1, 'UNL:TYR:VdWContact': 1}","{'UNL:ALA:Hydrophobic': 1, 'UNL:ARG:VdWContact': 1, 'UNL:ASP:HBDonor': 1, 'UNL:ASP:VdWContact': 1, 'UNL:CYS:VdWContact': 1, 'UNL:GLN:Hydrophobic': 1, 'UNL:GLN:VdWContact': 1, 'UNL:GLU:Hydrophobic': 1, 'UNL:GLY:HBDonor': 1, 'UNL:GLY:VdWContact': 3, 'UNL:PHE:Hydrophobic': 1, 'UNL:TRP:Hydrophobic': 1, 'UNL:TRP:VdWContact': 1, 'UNL:TYR:Hydrophobic': 1, 'UNL:TYR:VdWContact': 1, 'UNL:VAL:Hydrophobic': 1}"
446,Chai-1-Single-Seq,1X8X_TYR,0.41666666666666663,0.8333333333333334,"{'UNL:ASP:Hydrophobic': 1, 'UNL:ASP:VdWContact': 3, 'UNL:GLN:HBDonor': 1, 'UNL:GLN:Hydrophobic': 1, 'UNL:GLN:VdWContact': 3, 'UNL:GLY:VdWContact': 1, 'UNL:TYR:HBDonor': 1, 'UNL:TYR:VdWContact': 2}","{'UNL:ASP:HBDonor': 2, 'UNL:ASP:Hydrophobic': 1, 'UNL:ASP:VdWContact': 3, 'UNL:GLN:HBDonor': 2, 'UNL:GLN:Hydrophobic': 1, 'UNL:GLN:VdWContact': 3, 'UNL:GLY:VdWContact': 1, 'UNL:LEU:Hydrophobic': 1, 'UNL:THR:Hydrophobic': 1, 'UNL:TYR:Hydrophobic': 1, 'UNL:TYR:VdWContact': 2}"
447,Chai-1-Single-Seq,1T46_STI,0.5357142857142856,0.7857142857142858,"{'UNL:ALA:VdWContact': 2, 'UNL:CYS:HBAcceptor': 1, 'UNL:CYS:HBDonor': 1, 'UNL:CYS:VdWContact': 2, 'UNL:GLU:VdWContact': 1, 'UNL:GLY:VdWContact': 1, 'UNL:LEU:Hydrophobic': 1, 'UNL:LEU:VdWContact': 1, 'UNL:PHE:Hydrophobic': 1, 'UNL:PHE:VdWContact': 1, 'UNL:TYR:VdWContact': 1, 'UNL:VAL:Hydrophobic': 1, 'UNL:VAL:VdWContact': 1}","{'UNL:ALA:Hydrophobic': 1, 'UNL:ARG:VdWContact': 1, 'UNL:ASP:HBAcceptor': 1, 'UNL:ASP:Hydrophobic': 1, 'UNL:ASP:VdWContact': 1, 'UNL:CYS:HBAcceptor': 1, 'UNL:CYS:Hydrophobic': 1, 'UNL:CYS:VdWContact': 2, 'UNL:GLU:Hydrophobic': 1, 'UNL:GLU:VdWContact': 1, 'UNL:HIS:VdWContact': 1, 'UNL:ILE:VdWContact': 1, 'UNL:LEU:Hydrophobic': 4, 'UNL:LEU:VdWContact': 1, 'UNL:LYS:Hydrophobic': 1, 'UNL:LYS:VdWContact': 1, 'UNL:PHE:Hydrophobic': 1, 'UNL:PHE:VdWContact': 1, 'UNL:THR:HBDonor': 1, 'UNL:THR:Hydrophobic': 1, 'UNL:THR:VdWContact': 1, 'UNL:TYR:Hydrophobic': 1, 'UNL:VAL:Hydrophobic': 4}"
448,Chai-1-Single-Seq,1IG3_VIB,0.21428571428571433,0.9142857142857143,"{'UNL:ASP:HBDonor': 1, 'UNL:ASP:VdWContact': 1, 'UNL:GLN:HBDonor': 1, 'UNL:GLN:VdWContact': 1, 'UNL:HIS:VdWContact': 1, 'UNL:LEU:VdWContact': 1, 'UNL:SER:VdWContact': 2, 'UNL:THR:VdWContact': 1, 'UNL:TRP:Hydrophobic': 1, 'UNL:TRP:VdWContact': 1}","{'UNL:ASN:Hydrophobic': 1, 'UNL:ASP:HBDonor': 1, 'UNL:ASP:VdWContact': 1, 'UNL:GLN:HBDonor': 1, 'UNL:GLN:Hydrophobic': 1, 'UNL:GLN:VdWContact': 1, 'UNL:LEU:Hydrophobic': 2, 'UNL:SER:VdWContact': 2, 'UNL:THR:Hydrophobic': 1, 'UNL:THR:VdWContact': 2, 'UNL:TRP:Hydrophobic': 1}"
449,Chai-1-Single-Seq,1SQ5_PAU,0.5714285714285715,0.7714285714285714,"{'UNL:ASN:HBAcceptor': 1, 'UNL:ASN:VdWContact': 1, 'UNL:ASP:VdWContact': 1, 'UNL:TYR:HBAcceptor': 1, 'UNL:TYR:VdWContact': 2}","{'UNL:ASN:HBAcceptor': 1, 'UNL:ASN:HBDonor': 1, 'UNL:ASN:VdWContact': 1, 'UNL:ASP:VdWContact': 1, 'UNL:GLY:VdWContact': 1, 'UNL:HIS:HBAcceptor': 1, 'UNL:HIS:VdWContact': 1, 'UNL:ILE:Hydrophobic': 1, 'UNL:LEU:Hydrophobic': 2, 'UNL:LEU:VdWContact': 1, 'UNL:LYS:VdWContact': 1, 'UNL:TYR:VdWContact': 1, 'UNL:VAL:Hydrophobic': 1}"
450,Chai-1-Single-Seq,1Q4G_BFL,0.17647058823529416,0.9294117647058824,"{'UNL:ARG:HBAcceptor': 1, 'UNL:ARG:HBDonor': 1, 'UNL:ARG:VdWContact': 1, 'UNL:ILE:VdWContact': 1, 'UNL:LEU:Hydrophobic': 2, 'UNL:LEU:VdWContact': 2, 'UNL:PHE:VdWContact': 1, 'UNL:SER:VdWContact': 1, 'UNL:TRP:VdWContact': 1, 'UNL:TYR:VdWContact': 3, 'UNL:VAL:Hydrophobic': 1}","{'UNL:ALA:Hydrophobic': 1, 'UNL:ALA:VdWContact': 1, 'UNL:ARG:HBAcceptor': 1, 'UNL:ARG:HBDonor': 1, 'UNL:ARG:VdWContact': 1, 'UNL:ILE:Hydrophobic': 1, 'UNL:LEU:Hydrophobic': 4, 'UNL:TRP:Hydrophobic': 1, 'UNL:TYR:HBAcceptor': 1, 'UNL:TYR:Hydrophobic': 2, 'UNL:TYR:VdWContact': 2, 'UNL:VAL:Hydrophobic': 2}"
451,Chai-1-Single-Seq,1OYT_FSN,0.0,1.0,"{'UNL:ALA:VdWContact': 1, 'UNL:ASN:VdWContact': 1, 'UNL:ASP:HBDonor': 1, 'UNL:ASP:VdWContact': 1, 'UNL:GLU:VdWContact': 1, 'UNL:GLY:HBAcceptor': 1, 'UNL:GLY:HBDonor': 1, 'UNL:GLY:VdWContact': 2, 'UNL:HIS:VdWContact': 1, 'UNL:LEU:Hydrophobic': 1, 'UNL:LEU:VdWContact': 1, 'UNL:SER:VdWContact': 2, 'UNL:TRP:Hydrophobic': 1, 'UNL:TRP:VdWContact': 1, 'UNL:TYR:VdWContact': 1}","{'UNL:ALA:VdWContact': 1, 'UNL:ASN:VdWContact': 1, 'UNL:ASP:HBDonor': 1, 'UNL:ASP:VdWContact': 1, 'UNL:GLU:Hydrophobic': 1, 'UNL:GLY:HBAcceptor': 1, 'UNL:GLY:HBDonor': 1, 'UNL:GLY:VdWContact': 2, 'UNL:HIS:VdWContact': 1, 'UNL:ILE:Hydrophobic': 1, 'UNL:LEU:Hydrophobic': 1, 'UNL:SER:VdWContact': 1, 'UNL:TRP:Hydrophobic': 2, 'UNL:TRP:VdWContact': 1, 'UNL:VAL:Hydrophobic': 1}"
452,Chai-1-Single-Seq,1UNL_RRC,0.7368421052631579,0.7052631578947368,"{'UNL:CYS:HBAcceptor': 1, 'UNL:CYS:HBDonor': 1, 'UNL:CYS:VdWContact': 1, 'UNL:GLN:VdWContact': 2, 'UNL:GLU:VdWContact': 1, 'UNL:GLY:VdWContact': 1, 'UNL:ILE:Hydrophobic': 1, 'UNL:LEU:VdWContact': 1, 'UNL:VAL:VdWContact': 1}","{'UNL:ALA:Hydrophobic': 2, 'UNL:ALA:VdWContact': 1, 'UNL:ASP:VdWContact': 1, 'UNL:CYS:HBAcceptor': 1, 'UNL:CYS:HBDonor': 1, 'UNL:CYS:VdWContact': 1, 'UNL:GLN:HBDonor': 1, 'UNL:GLN:VdWContact': 2, 'UNL:GLU:VdWContact': 2, 'UNL:ILE:Hydrophobic': 1, 'UNL:ILE:VdWContact': 1, 'UNL:LEU:Hydrophobic': 1, 'UNL:LYS:Hydrophobic': 2, 'UNL:PHE:Hydrophobic': 2, 'UNL:PHE:VdWContact': 1, 'UNL:VAL:Hydrophobic': 2, 'UNL:VAL:VdWContact': 2}"
453,Chai-1-Single-Seq,1U1C_BAU,0.23529411764705888,0.9058823529411765,"{'UNL:ARG:HBAcceptor': 1, 'UNL:ARG:VdWContact': 2, 'UNL:GLN:HBAcceptor': 1, 'UNL:GLN:HBDonor': 1, 'UNL:GLN:VdWContact': 1, 'UNL:GLU:VdWContact': 2, 'UNL:HIS:VdWContact': 1, 'UNL:ILE:Hydrophobic': 1, 'UNL:ILE:VdWContact': 1, 'UNL:MET:VdWContact': 1, 'UNL:PHE:Hydrophobic': 1, 'UNL:PHE:VdWContact': 2, 'UNL:THR:VdWContact': 1, 'UNL:VAL:VdWContact': 1}","{'UNL:ARG:HBAcceptor': 1, 'UNL:ARG:VdWContact': 1, 'UNL:GLN:HBAcceptor': 1, 'UNL:GLN:HBDonor': 1, 'UNL:GLN:VdWContact': 1, 'UNL:GLU:VdWContact': 1, 'UNL:HIS:HBDonor': 1, 'UNL:HIS:VdWContact': 1, 'UNL:ILE:Hydrophobic': 1, 'UNL:ILE:VdWContact': 1, 'UNL:MET:VdWContact': 1, 'UNL:PHE:Hydrophobic': 2, 'UNL:PHE:VdWContact': 1, 'UNL:PRO:Hydrophobic': 1, 'UNL:THR:VdWContact': 1, 'UNL:VAL:Hydrophobic': 1}"
454,Chai-1-Single-Seq,1K3U_IAD,0.5238095238095237,0.7904761904761906,"{'UNL:ASP:HBDonor': 1, 'UNL:ASP:VdWContact': 1, 'UNL:GLU:Hydrophobic': 1, 'UNL:GLY:HBAcceptor': 3, 'UNL:GLY:HBDonor': 1, 'UNL:GLY:VdWContact': 4, 'UNL:ILE:VdWContact': 2, 'UNL:LEU:Hydrophobic': 1, 'UNL:PHE:HBAcceptor': 1, 'UNL:PHE:Hydrophobic': 1, 'UNL:PHE:VdWContact': 2, 'UNL:SER:HBAcceptor': 1, 'UNL:SER:VdWContact': 1, 'UNL:THR:VdWContact': 1, 'UNL:TYR:VdWContact': 1}","{'UNL:ALA:Hydrophobic': 2, 'UNL:ASP:HBDonor': 1, 'UNL:ASP:VdWContact': 1, 'UNL:GLY:HBAcceptor': 3, 'UNL:GLY:HBDonor': 1, 'UNL:GLY:VdWContact': 4, 'UNL:ILE:HBAcceptor': 1, 'UNL:ILE:Hydrophobic': 3, 'UNL:ILE:VdWContact': 3, 'UNL:LEU:Hydrophobic': 2, 'UNL:PHE:HBAcceptor': 1, 'UNL:PHE:HBDonor': 1, 'UNL:PHE:Hydrophobic': 2, 'UNL:PHE:VdWContact': 2, 'UNL:SER:HBAcceptor': 1, 'UNL:SER:VdWContact': 1, 'UNL:THR:Hydrophobic': 1, 'UNL:THR:VdWContact': 1, 'UNL:TYR:Hydrophobic': 1, 'UNL:TYR:VdWContact': 1}"
455,Chai-1-Single-Seq,1G9V_RQ3,0.5999999999999999,0.76,"{'UNL:ARG:VdWContact': 2, 'UNL:ASN:HBDonor': 1, 'UNL:ASN:Hydrophobic': 1, 'UNL:ASN:VdWContact': 1, 'UNL:HIS:VdWContact': 4, 'UNL:LYS:VdWContact': 2}","{'UNL:ARG:Hydrophobic': 1, 'UNL:ARG:VdWContact': 1, 'UNL:ASN:VdWContact': 1, 'UNL:HIS:Hydrophobic': 1, 'UNL:LEU:Hydrophobic': 2, 'UNL:LYS:Hydrophobic': 1, 'UNL:LYS:VdWContact': 1, 'UNL:PHE:Hydrophobic': 1, 'UNL:PRO:Hydrophobic': 1, 'UNL:TRP:Hydrophobic': 1, 'UNL:TYR:Hydrophobic': 2, 'UNL:VAL:Hydrophobic': 1}"
456,Chai-1-Single-Seq,1YV3_BIT,0.625,0.75,"{'UNL:ARG:Hydrophobic': 1, 'UNL:ARG:VdWContact': 1, 'UNL:ASN:Hydrophobic': 1, 'UNL:ASN:VdWContact': 1, 'UNL:LYS:VdWContact': 2, 'UNL:THR:VdWContact': 1}","{'UNL:CYS:Hydrophobic': 1, 'UNL:GLN:Hydrophobic': 1, 'UNL:GLU:Hydrophobic': 1, 'UNL:GLY:HBAcceptor': 1, 'UNL:GLY:HBDonor': 1, 'UNL:GLY:VdWContact': 1, 'UNL:ILE:Hydrophobic': 2, 'UNL:ILE:VdWContact': 1, 'UNL:LEU:Hydrophobic': 3, 'UNL:LEU:VdWContact': 1, 'UNL:PHE:Hydrophobic': 1, 'UNL:PHE:VdWContact': 1, 'UNL:SER:HBAcceptor': 1, 'UNL:SER:VdWContact': 1, 'UNL:THR:Hydrophobic': 1, 'UNL:TYR:Hydrophobic': 2, 'UNL:TYR:VdWContact': 1, 'UNL:VAL:Hydrophobic': 1}"
457,Chai-1-Single-Seq,1IA1_TQ3,0.1333333333333333,0.9466666666666667,"{'UNL:GLU:HBDonor': 1, 'UNL:GLU:VdWContact': 1, 'UNL:ILE:HBDonor': 1, 'UNL:ILE:Hydrophobic': 3, 'UNL:ILE:VdWContact': 3, 'UNL:MET:Hydrophobic': 1, 'UNL:MET:VdWContact': 1, 'UNL:PHE:Hydrophobic': 1, 'UNL:PHE:VdWContact': 1, 'UNL:SER:VdWContact': 1, 'UNL:THR:VdWContact': 1, 'UNL:TYR:VdWContact': 1}","{'UNL:ALA:Hydrophobic': 1, 'UNL:GLU:HBDonor': 1, 'UNL:GLU:VdWContact': 1, 'UNL:ILE:HBDonor': 1, 'UNL:ILE:Hydrophobic': 4, 'UNL:ILE:VdWContact': 3, 'UNL:LEU:Hydrophobic': 1, 'UNL:MET:Hydrophobic': 1, 'UNL:MET:VdWContact': 1, 'UNL:PHE:Hydrophobic': 1, 'UNL:THR:Hydrophobic': 1}"
458,Chai-1-Single-Seq,1Q1G_MTI,,0.0,,
459,Chai-1-Single-Seq,1R1H_BIR,0.052631578947368474,0.9789473684210526,"{'UNL:ALA:VdWContact': 1, 'UNL:ARG:HBAcceptor': 1, 'UNL:ARG:VdWContact': 1, 'UNL:ASN:HBAcceptor': 1, 'UNL:ASN:HBDonor': 1, 'UNL:ASN:VdWContact': 1, 'UNL:GLU:HBDonor': 1, 'UNL:GLU:VdWContact': 2, 'UNL:HIS:Hydrophobic': 1, 'UNL:HIS:VdWContact': 2, 'UNL:MET:Hydrophobic': 1, 'UNL:MET:VdWContact': 1, 'UNL:PHE:Hydrophobic': 1, 'UNL:PHE:VdWContact': 4, 'UNL:TRP:Hydrophobic': 1, 'UNL:TRP:VdWContact': 1, 'UNL:VAL:Hydrophobic': 1, 'UNL:VAL:VdWContact': 1}","{'UNL:ALA:Hydrophobic': 1, 'UNL:ALA:VdWContact': 1, 'UNL:ARG:HBAcceptor': 1, 'UNL:ARG:VdWContact': 1, 'UNL:ASN:HBAcceptor': 1, 'UNL:ASN:HBDonor': 1, 'UNL:ASN:VdWContact': 1, 'UNL:GLU:HBDonor': 1, 'UNL:GLU:VdWContact': 1, 'UNL:HIS:Hydrophobic': 1, 'UNL:HIS:VdWContact': 2, 'UNL:MET:Hydrophobic': 1, 'UNL:PHE:Hydrophobic': 3, 'UNL:PHE:VdWContact': 1, 'UNL:TRP:Hydrophobic': 1, 'UNL:TRP:VdWContact': 1, 'UNL:VAL:Hydrophobic': 2, 'UNL:VAL:VdWContact': 1}"
460,Chai-1-Single-Seq,1YVF_PH7,0.17391304347826086,0.9304347826086956,"{'UNL:ALA:VdWContact': 1, 'UNL:ARG:VdWContact': 1, 'UNL:ASN:Hydrophobic': 1, 'UNL:ASN:VdWContact': 1, 'UNL:CYS:Hydrophobic': 1, 'UNL:CYS:VdWContact': 1, 'UNL:GLY:VdWContact': 1, 'UNL:ILE:Hydrophobic': 1, 'UNL:LEU:Hydrophobic': 3, 'UNL:LEU:VdWContact': 3, 'UNL:SER:VdWContact': 2, 'UNL:TYR:Hydrophobic': 1, 'UNL:TYR:VdWContact': 1, 'UNL:VAL:Hydrophobic': 1, 'UNL:VAL:VdWContact': 1}","{'UNL:ARG:Hydrophobic': 1, 'UNL:ASN:Hydrophobic': 1, 'UNL:ASN:VdWContact': 1, 'UNL:CYS:Hydrophobic': 1, 'UNL:CYS:VdWContact': 1, 'UNL:GLN:VdWContact': 1, 'UNL:LEU:Hydrophobic': 1, 'UNL:MET:Hydrophobic': 1, 'UNL:MET:VdWContact': 1, 'UNL:PHE:Hydrophobic': 1, 'UNL:PRO:Hydrophobic': 1, 'UNL:PRO:VdWContact': 1, 'UNL:SER:VdWContact': 2, 'UNL:TYR:HBAcceptor': 1, 'UNL:TYR:Hydrophobic': 2, 'UNL:TYR:VdWContact': 1}"
461,Chai-1-Single-Seq,1YQY_915,0.14999999999999994,0.9400000000000001,"{'UNL:GLU:VdWContact': 3, 'UNL:GLY:HBAcceptor': 1, 'UNL:GLY:HBDonor': 1, 'UNL:GLY:VdWContact': 1, 'UNL:HIS:HBAcceptor': 1, 'UNL:HIS:HBDonor': 1, 'UNL:HIS:Hydrophobic': 2, 'UNL:HIS:VdWContact': 3, 'UNL:LEU:Hydrophobic': 1, 'UNL:LEU:VdWContact': 2, 'UNL:LYS:Hydrophobic': 1, 'UNL:LYS:VdWContact': 1, 'UNL:SER:VdWContact': 1, 'UNL:TYR:HBAcceptor': 1, 'UNL:TYR:VdWContact': 1, 'UNL:VAL:VdWContact': 1}","{'UNL:ASP:Hydrophobic': 1, 'UNL:GLU:VdWContact': 3, 'UNL:GLY:HBAcceptor': 1, 'UNL:GLY:HBDonor': 1, 'UNL:GLY:VdWContact': 1, 'UNL:HIS:HBAcceptor': 1, 'UNL:HIS:HBDonor': 1, 'UNL:HIS:Hydrophobic': 1, 'UNL:HIS:VdWContact': 1, 'UNL:LEU:Hydrophobic': 2, 'UNL:LEU:VdWContact': 2, 'UNL:LYS:Hydrophobic': 1, 'UNL:SER:VdWContact': 1, 'UNL:TYR:HBDonor': 1, 'UNL:TYR:Hydrophobic': 1, 'UNL:TYR:VdWContact': 1, 'UNL:VAL:Hydrophobic': 2, 'UNL:VAL:VdWContact': 1}"
462,Chai-1-Single-Seq,1HWW_SWA,,0.0,,
463,Chai-1-Single-Seq,1T40_ID5,0.7777777777777778,0.6888888888888889,"{'UNL:CYS:Hydrophobic': 1, 'UNL:HIS:VdWContact': 1, 'UNL:LEU:HBAcceptor': 1, 'UNL:LEU:Hydrophobic': 1, 'UNL:LEU:VdWContact': 1, 'UNL:THR:VdWContact': 1, 'UNL:TRP:HBAcceptor': 1, 'UNL:TRP:Hydrophobic': 2, 'UNL:TRP:VdWContact': 2, 'UNL:TYR:VdWContact': 1}","{'UNL:CYS:Hydrophobic': 1, 'UNL:CYS:VdWContact': 2, 'UNL:HIS:HBAcceptor': 1, 'UNL:HIS:HBDonor': 1, 'UNL:HIS:VdWContact': 1, 'UNL:LEU:HBAcceptor': 1, 'UNL:LEU:Hydrophobic': 1, 'UNL:LEU:VdWContact': 1, 'UNL:PHE:Hydrophobic': 2, 'UNL:THR:Hydrophobic': 1, 'UNL:THR:VdWContact': 1, 'UNL:TRP:HBAcceptor': 1, 'UNL:TRP:Hydrophobic': 4, 'UNL:TRP:VdWContact': 2, 'UNL:TYR:Hydrophobic': 2, 'UNL:TYR:VdWContact': 2, 'UNL:VAL:Hydrophobic': 1, 'UNL:VAL:VdWContact': 1}"
464,Chai-1-Single-Seq,1GKC_NFH,0.42105263157894735,0.8315789473684211,"{'UNL:ALA:VdWContact': 1, 'UNL:GLY:HBDonor': 1, 'UNL:GLY:VdWContact': 1, 'UNL:HIS:VdWContact': 2, 'UNL:LEU:HBAcceptor': 1, 'UNL:LEU:VdWContact': 1, 'UNL:PRO:HBDonor': 1, 'UNL:PRO:VdWContact': 1, 'UNL:TYR:HBAcceptor': 1, 'UNL:TYR:Hydrophobic': 1, 'UNL:TYR:VdWContact': 1}","{'UNL:ALA:VdWContact': 1, 'UNL:GLU:VdWContact': 1, 'UNL:GLY:HBDonor': 1, 'UNL:GLY:VdWContact': 1, 'UNL:HIS:HBAcceptor': 1, 'UNL:HIS:Hydrophobic': 1, 'UNL:HIS:VdWContact': 2, 'UNL:LEU:HBAcceptor': 1, 'UNL:LEU:Hydrophobic': 1, 'UNL:LEU:VdWContact': 1, 'UNL:MET:Hydrophobic': 1, 'UNL:MET:VdWContact': 1, 'UNL:PRO:HBDonor': 1, 'UNL:PRO:VdWContact': 1, 'UNL:TYR:HBAcceptor': 1, 'UNL:TYR:Hydrophobic': 1, 'UNL:TYR:VdWContact': 1, 'UNL:VAL:Hydrophobic': 1, 'UNL:VAL:VdWContact': 1}"
465,Chai-1-Single-Seq,1N1M_A3M,,0.0,,
466,Chai-1-Single-Seq,1Z95_198,0.39999999999999997,0.8400000000000001,"{'UNL:ARG:VdWContact': 1, 'UNL:ASN:VdWContact': 1, 'UNL:GLY:VdWContact': 1, 'UNL:ILE:Hydrophobic': 1, 'UNL:ILE:VdWContact': 1, 'UNL:LEU:HBDonor': 1, 'UNL:LEU:Hydrophobic': 3, 'UNL:LEU:VdWContact': 2, 'UNL:MET:Hydrophobic': 2, 'UNL:MET:VdWContact': 4, 'UNL:PHE:VdWContact': 1, 'UNL:THR:VdWContact': 1}","{'UNL:ARG:VdWContact': 1, 'UNL:ASN:VdWContact': 1, 'UNL:GLY:VdWContact': 1, 'UNL:ILE:Hydrophobic': 2, 'UNL:ILE:VdWContact': 1, 'UNL:LEU:HBDonor': 1, 'UNL:LEU:Hydrophobic': 4, 'UNL:LEU:VdWContact': 2, 'UNL:MET:Hydrophobic': 3, 'UNL:MET:VdWContact': 3, 'UNL:PHE:Hydrophobic': 2, 'UNL:PHE:VdWContact': 1, 'UNL:THR:Hydrophobic': 1, 'UNL:THR:VdWContact': 1, 'UNL:VAL:Hydrophobic': 1}"
467,Chai-1-Single-Seq,1HP0_AD3,0.2727272727272727,0.8909090909090909,"{'UNL:ASN:HBAcceptor': 2, 'UNL:ASN:HBDonor': 1, 'UNL:ASN:VdWContact': 3, 'UNL:ASP:VdWContact': 3, 'UNL:GLU:VdWContact': 1, 'UNL:TRP:Hydrophobic': 1, 'UNL:TRP:VdWContact': 1, 'UNL:TYR:VdWContact': 1}","{'UNL:ASN:HBAcceptor': 2, 'UNL:ASN:Hydrophobic': 1, 'UNL:ASN:VdWContact': 3, 'UNL:ASP:VdWContact': 3, 'UNL:GLU:VdWContact': 1, 'UNL:MET:VdWContact': 1, 'UNL:THR:VdWContact': 1, 'UNL:TRP:Hydrophobic': 2, 'UNL:TRP:VdWContact': 1, 'UNL:TYR:VdWContact': 1}"
468,Chai-1-Single-Seq,1OF1_SCT,0.39999999999999997,0.8400000000000001,"{'UNL:ALA:VdWContact': 1, 'UNL:GLN:HBAcceptor': 1, 'UNL:GLN:HBDonor': 1, 'UNL:GLN:VdWContact': 1, 'UNL:HIS:HBDonor': 1, 'UNL:HIS:VdWContact': 1, 'UNL:ILE:Hydrophobic': 1, 'UNL:ILE:VdWContact': 1, 'UNL:MET:VdWContact': 1, 'UNL:TRP:VdWContact': 1, 'UNL:TYR:Hydrophobic': 1, 'UNL:TYR:VdWContact': 2}","{'UNL:ALA:Hydrophobic': 2, 'UNL:ALA:VdWContact': 1, 'UNL:ARG:HBAcceptor': 1, 'UNL:ARG:HBDonor': 1, 'UNL:ARG:VdWContact': 1, 'UNL:GLN:HBAcceptor': 1, 'UNL:GLN:HBDonor': 1, 'UNL:GLN:VdWContact': 1, 'UNL:GLU:VdWContact': 2, 'UNL:HIS:Hydrophobic': 1, 'UNL:HIS:VdWContact': 1, 'UNL:ILE:Hydrophobic': 2, 'UNL:MET:Hydrophobic': 1, 'UNL:TRP:Hydrophobic': 1, 'UNL:TYR:Hydrophobic': 2, 'UNL:TYR:VdWContact': 2}"
469,Chai-1-Single-Seq,1SJ0_E4D,0.3478260869565216,0.8608695652173913,"{'UNL:ARG:HBAcceptor': 1, 'UNL:ARG:VdWContact': 1, 'UNL:ASP:VdWContact': 1, 'UNL:CYS:VdWContact': 1, 'UNL:GLU:HBDonor': 1, 'UNL:GLU:VdWContact': 1, 'UNL:GLY:VdWContact': 1, 'UNL:HIS:VdWContact': 1, 'UNL:ILE:VdWContact': 1, 'UNL:LEU:Hydrophobic': 5, 'UNL:LEU:VdWContact': 3, 'UNL:MET:Hydrophobic': 2, 'UNL:MET:VdWContact': 1, 'UNL:THR:VdWContact': 1, 'UNL:TRP:VdWContact': 1}","{'UNL:ALA:Hydrophobic': 1, 'UNL:ARG:HBAcceptor': 1, 'UNL:ARG:VdWContact': 1, 'UNL:ASP:VdWContact': 1, 'UNL:CYS:Hydrophobic': 1, 'UNL:CYS:VdWContact': 1, 'UNL:GLU:VdWContact': 1, 'UNL:HIS:HBDonor': 1, 'UNL:HIS:Hydrophobic': 1, 'UNL:HIS:VdWContact': 1, 'UNL:ILE:Hydrophobic': 1, 'UNL:LEU:HBDonor': 1, 'UNL:LEU:Hydrophobic': 7, 'UNL:LEU:VdWContact': 3, 'UNL:MET:Hydrophobic': 3, 'UNL:MET:VdWContact': 1, 'UNL:PHE:Hydrophobic': 1, 'UNL:THR:VdWContact': 1, 'UNL:TRP:Hydrophobic': 1, 'UNL:TRP:VdWContact': 1}"
470,Chai-1-Single-Seq,1U4D_DBQ,0.21428571428571436,0.9142857142857143,"{'UNL:ALA:HBAcceptor': 1, 'UNL:ALA:VdWContact': 1, 'UNL:ASN:VdWContact': 1, 'UNL:ASP:HBDonor': 1, 'UNL:ASP:VdWContact': 1, 'UNL:GLU:HBDonor': 1, 'UNL:GLU:VdWContact': 1, 'UNL:LEU:Hydrophobic': 2, 'UNL:LEU:VdWContact': 2, 'UNL:LYS:HBAcceptor': 1, 'UNL:LYS:VdWContact': 1, 'UNL:VAL:Hydrophobic': 1, 'UNL:VAL:VdWContact': 1}","{'UNL:ALA:HBAcceptor': 1, 'UNL:ALA:Hydrophobic': 1, 'UNL:ALA:VdWContact': 1, 'UNL:ASP:HBDonor': 1, 'UNL:ASP:VdWContact': 1, 'UNL:GLU:HBDonor': 1, 'UNL:GLU:VdWContact': 1, 'UNL:LEU:Hydrophobic': 2, 'UNL:LEU:VdWContact': 1, 'UNL:LYS:VdWContact': 1, 'UNL:VAL:Hydrophobic': 1}"
471,Chai-1-Single-Seq,1Q41_IXM,0.17647058823529413,0.9294117647058824,"{'UNL:ALA:VdWContact': 1, 'UNL:ARG:VdWContact': 1, 'UNL:ASP:HBDonor': 1, 'UNL:ASP:VdWContact': 1, 'UNL:CYS:Hydrophobic': 1, 'UNL:LEU:Hydrophobic': 2, 'UNL:LEU:VdWContact': 1, 'UNL:PRO:VdWContact': 1, 'UNL:TYR:VdWContact': 1, 'UNL:VAL:HBAcceptor': 1, 'UNL:VAL:HBDonor': 1, 'UNL:VAL:VdWContact': 1}","{'UNL:ALA:Hydrophobic': 1, 'UNL:ASP:HBDonor': 1, 'UNL:ASP:VdWContact': 1, 'UNL:CYS:Hydrophobic': 1, 'UNL:ILE:Hydrophobic': 1, 'UNL:LEU:Hydrophobic': 2, 'UNL:PRO:VdWContact': 1, 'UNL:THR:Hydrophobic': 1, 'UNL:TYR:Hydrophobic': 1, 'UNL:TYR:VdWContact': 1, 'UNL:VAL:HBAcceptor': 1, 'UNL:VAL:HBDonor': 1, 'UNL:VAL:Hydrophobic': 2, 'UNL:VAL:VdWContact': 1}"
472,Chai-1-Single-Seq,1OWE_675,0.3,0.88,"{'UNL:ASP:HBDonor': 1, 'UNL:ASP:VdWContact': 1, 'UNL:GLN:Hydrophobic': 1, 'UNL:GLN:VdWContact': 1, 'UNL:GLY:HBDonor': 1, 'UNL:GLY:VdWContact': 2, 'UNL:HIS:VdWContact': 1, 'UNL:SER:VdWContact': 2}","{'UNL:ASP:HBDonor': 1, 'UNL:ASP:VdWContact': 1, 'UNL:GLN:Hydrophobic': 1, 'UNL:GLN:VdWContact': 1, 'UNL:GLY:HBDonor': 1, 'UNL:GLY:VdWContact': 1, 'UNL:HIS:Hydrophobic': 1, 'UNL:HIS:VdWContact': 1, 'UNL:SER:VdWContact': 2, 'UNL:VAL:Hydrophobic': 1}"
473,Chai-1-Single-Seq,1OQ5_CEL,0.38888888888888895,0.8444444444444444,"{'UNL:ASN:VdWContact': 1, 'UNL:GLN:VdWContact': 1, 'UNL:HIS:HBDonor': 1, 'UNL:HIS:VdWContact': 3, 'UNL:LEU:Hydrophobic': 1, 'UNL:LEU:VdWContact': 1, 'UNL:PHE:VdWContact': 1, 'UNL:THR:HBAcceptor': 1, 'UNL:THR:HBDonor': 1, 'UNL:THR:VdWContact': 2, 'UNL:TRP:VdWContact': 1}","{'UNL:ASN:Hydrophobic': 1, 'UNL:ASN:VdWContact': 1, 'UNL:GLN:Hydrophobic': 1, 'UNL:GLN:VdWContact': 1, 'UNL:GLU:Hydrophobic': 1, 'UNL:GLU:VdWContact': 1, 'UNL:HIS:HBDonor': 1, 'UNL:HIS:VdWContact': 1, 'UNL:LEU:Hydrophobic': 1, 'UNL:LEU:VdWContact': 1, 'UNL:PHE:Hydrophobic': 1, 'UNL:THR:HBAcceptor': 1, 'UNL:THR:HBDonor': 1, 'UNL:THR:Hydrophobic': 1, 'UNL:THR:VdWContact': 2, 'UNL:VAL:Hydrophobic': 1}"
474,Chai-1-Single-Seq,1SG0_STL,0.75,0.7,"{'UNL:ASN:VdWContact': 1, 'UNL:PHE:VdWContact': 3, 'UNL:TRP:VdWContact': 1}","{'UNL:ASN:HBAcceptor': 1, 'UNL:ASN:VdWContact': 1, 'UNL:GLY:HBDonor': 1, 'UNL:GLY:VdWContact': 1, 'UNL:PHE:Hydrophobic': 3, 'UNL:PHE:VdWContact': 2, 'UNL:TRP:Hydrophobic': 1, 'UNL:TRP:VdWContact': 1}"
475,Chai-1-Single-Seq,2BR1_PFP,0.26666666666666666,0.8933333333333333,"{'UNL:CYS:HBAcceptor': 1, 'UNL:CYS:VdWContact': 1, 'UNL:GLU:Hydrophobic': 1, 'UNL:GLU:VdWContact': 2, 'UNL:GLY:VdWContact': 1, 'UNL:LEU:Hydrophobic': 1, 'UNL:TYR:VdWContact': 1, 'UNL:VAL:Hydrophobic': 1, 'UNL:VAL:VdWContact': 1}","{'UNL:ALA:Hydrophobic': 1, 'UNL:ALA:VdWContact': 1, 'UNL:CYS:HBAcceptor': 1, 'UNL:CYS:Hydrophobic': 1, 'UNL:CYS:VdWContact': 1, 'UNL:GLU:Hydrophobic': 1, 'UNL:GLU:VdWContact': 2, 'UNL:LEU:Hydrophobic': 2, 'UNL:LEU:VdWContact': 1, 'UNL:SER:VdWContact': 1, 'UNL:TYR:Hydrophobic': 1, 'UNL:VAL:Hydrophobic': 1}"
476,Chai-1-Single-Seq,1UOU_CMU,0.11111111111111105,0.9555555555555556,"{'UNL:ARG:HBAcceptor': 1, 'UNL:ARG:VdWContact': 1, 'UNL:HIS:HBAcceptor': 1, 'UNL:HIS:VdWContact': 1, 'UNL:ILE:Hydrophobic': 1, 'UNL:ILE:VdWContact': 1, 'UNL:LEU:VdWContact': 1, 'UNL:LYS:HBAcceptor': 1, 'UNL:LYS:VdWContact': 1, 'UNL:SER:HBDonor': 1, 'UNL:SER:VdWContact': 2, 'UNL:THR:VdWContact': 1, 'UNL:TYR:VdWContact': 1, 'UNL:VAL:VdWContact': 2}","{'UNL:ARG:HBAcceptor': 1, 'UNL:ARG:VdWContact': 2, 'UNL:GLY:VdWContact': 1, 'UNL:HIS:HBDonor': 1, 'UNL:HIS:VdWContact': 1, 'UNL:ILE:Hydrophobic': 2, 'UNL:LEU:Hydrophobic': 1, 'UNL:LEU:VdWContact': 1, 'UNL:LYS:VdWContact': 1, 'UNL:SER:HBDonor': 1, 'UNL:SER:VdWContact': 2, 'UNL:THR:VdWContact': 2, 'UNL:TYR:Hydrophobic': 1, 'UNL:TYR:VdWContact': 1}"
477,Chai-1-Single-Seq,1TZ8_DES,0.5454545454545453,0.7818181818181819,"{'UNL:ALA:VdWContact': 3, 'UNL:LEU:Hydrophobic': 4, 'UNL:LEU:VdWContact': 4, 'UNL:LYS:Hydrophobic': 2, 'UNL:LYS:VdWContact': 2, 'UNL:SER:VdWContact': 1, 'UNL:THR:VdWContact': 2}","{'UNL:ALA:Hydrophobic': 2, 'UNL:LEU:Hydrophobic': 4, 'UNL:LEU:VdWContact': 2, 'UNL:LYS:Hydrophobic': 2, 'UNL:LYS:VdWContact': 1, 'UNL:SER:HBAcceptor': 2, 'UNL:SER:HBDonor': 1, 'UNL:SER:VdWContact': 2, 'UNL:THR:Hydrophobic': 2}"
478,Chai-1-Single-Seq,1R9O_FLP,0.4117647058823529,0.8352941176470589,"{'UNL:ALA:VdWContact': 1, 'UNL:ARG:VdWContact': 1, 'UNL:ASN:HBAcceptor': 1, 'UNL:ASN:VdWContact': 1, 'UNL:ASP:VdWContact': 1, 'UNL:ILE:VdWContact': 1, 'UNL:LEU:VdWContact': 2, 'UNL:MET:VdWContact': 1, 'UNL:VAL:VdWContact': 2}","{'UNL:ALA:Hydrophobic': 1, 'UNL:ARG:HBAcceptor': 1, 'UNL:ARG:VdWContact': 1, 'UNL:ASN:HBAcceptor': 1, 'UNL:ASN:VdWContact': 1, 'UNL:ASP:VdWContact': 1, 'UNL:GLY:VdWContact': 1, 'UNL:ILE:Hydrophobic': 1, 'UNL:LEU:Hydrophobic': 4, 'UNL:MET:Hydrophobic': 1, 'UNL:MET:VdWContact': 1, 'UNL:THR:Hydrophobic': 1, 'UNL:VAL:Hydrophobic': 2, 'UNL:VAL:VdWContact': 1}"
479,Chai-1-Single-Seq,1P2Y_NCT,0.5,0.8,"{'UNL:ASP:VdWContact': 1, 'UNL:GLY:VdWContact': 1, 'UNL:ILE:VdWContact': 1, 'UNL:PHE:VdWContact': 1, 'UNL:VAL:Hydrophobic': 1}","{'UNL:ASP:Hydrophobic': 1, 'UNL:ILE:Hydrophobic': 1, 'UNL:LEU:Hydrophobic': 1, 'UNL:LEU:VdWContact': 1, 'UNL:PHE:Hydrophobic': 1, 'UNL:PHE:VdWContact': 1, 'UNL:THR:Hydrophobic': 1, 'UNL:VAL:Hydrophobic': 2, 'UNL:VAL:VdWContact': 2}"
480,Chai-1-Single-Seq,1V0P_PVB,0.17647058823529405,0.9294117647058824,"{'UNL:ALA:VdWContact': 1, 'UNL:ASP:VdWContact': 2, 'UNL:GLN:VdWContact': 1, 'UNL:GLU:VdWContact': 1, 'UNL:GLY:VdWContact': 1, 'UNL:HIS:VdWContact': 1, 'UNL:ILE:Hydrophobic': 1, 'UNL:LEU:HBAcceptor': 1, 'UNL:LEU:HBDonor': 1, 'UNL:LEU:VdWContact': 2, 'UNL:LYS:VdWContact': 1, 'UNL:PHE:VdWContact': 1, 'UNL:VAL:VdWContact': 2}","{'UNL:ALA:Hydrophobic': 2, 'UNL:ALA:VdWContact': 2, 'UNL:GLN:VdWContact': 1, 'UNL:GLU:VdWContact': 1, 'UNL:GLY:VdWContact': 2, 'UNL:ILE:Hydrophobic': 1, 'UNL:LEU:HBAcceptor': 1, 'UNL:LEU:HBDonor': 1, 'UNL:LEU:Hydrophobic': 1, 'UNL:LEU:VdWContact': 2, 'UNL:PHE:Hydrophobic': 1, 'UNL:VAL:Hydrophobic': 2, 'UNL:VAL:VdWContact': 2}"
481,Chai-1-Single-Seq,1XOZ_CIA,0.5,0.8,"{'UNL:ALA:VdWContact': 2, 'UNL:GLN:HBDonor': 1, 'UNL:GLN:Hydrophobic': 1, 'UNL:GLN:VdWContact': 1, 'UNL:LEU:VdWContact': 1, 'UNL:MET:Hydrophobic': 1, 'UNL:MET:VdWContact': 1, 'UNL:PHE:VdWContact': 1, 'UNL:VAL:Hydrophobic': 1, 'UNL:VAL:VdWContact': 1}","{'UNL:ALA:Hydrophobic': 2, 'UNL:GLN:HBDonor': 1, 'UNL:GLN:Hydrophobic': 1, 'UNL:GLN:VdWContact': 2, 'UNL:ILE:Hydrophobic': 2, 'UNL:ILE:VdWContact': 1, 'UNL:LEU:Hydrophobic': 1, 'UNL:LEU:VdWContact': 1, 'UNL:MET:Hydrophobic': 1, 'UNL:MET:VdWContact': 1, 'UNL:PHE:Hydrophobic': 2, 'UNL:PHE:VdWContact': 1, 'UNL:TYR:Hydrophobic': 1, 'UNL:VAL:Hydrophobic': 1, 'UNL:VAL:VdWContact': 1}"
482,Chai-1-Single-Seq,1R55_097,0.4666666666666666,0.8133333333333334,"{'UNL:ALA:HBDonor': 2, 'UNL:ALA:VdWContact': 2, 'UNL:GLU:VdWContact': 1, 'UNL:GLY:HBDonor': 1, 'UNL:GLY:VdWContact': 1, 'UNL:HIS:HBAcceptor': 1, 'UNL:HIS:VdWContact': 3, 'UNL:THR:HBAcceptor': 1, 'UNL:THR:VdWContact': 3, 'UNL:VAL:HBAcceptor': 1, 'UNL:VAL:VdWContact': 1}","{'UNL:ALA:HBDonor': 2, 'UNL:ALA:Hydrophobic': 2, 'UNL:ALA:VdWContact': 2, 'UNL:GLU:VdWContact': 1, 'UNL:GLY:HBDonor': 1, 'UNL:GLY:VdWContact': 1, 'UNL:HIS:HBAcceptor': 1, 'UNL:HIS:Hydrophobic': 1, 'UNL:HIS:VdWContact': 3, 'UNL:THR:HBAcceptor': 1, 'UNL:THR:Hydrophobic': 2, 'UNL:THR:VdWContact': 2, 'UNL:VAL:HBAcceptor': 1, 'UNL:VAL:Hydrophobic': 1, 'UNL:VAL:VdWContact': 1}"
483,Chai-1-Single-Seq,1YWR_LI9,0.34782608695652173,0.8608695652173913,"{'UNL:ALA:VdWContact': 2, 'UNL:ASN:VdWContact': 1, 'UNL:ASP:HBDonor': 1, 'UNL:ASP:Hydrophobic': 1, 'UNL:ASP:VdWContact': 1, 'UNL:HIS:VdWContact': 1, 'UNL:LEU:Hydrophobic': 1, 'UNL:LEU:VdWContact': 1, 'UNL:LYS:HBAcceptor': 1, 'UNL:LYS:Hydrophobic': 1, 'UNL:LYS:VdWContact': 1, 'UNL:MET:HBAcceptor': 1, 'UNL:MET:HBDonor': 1, 'UNL:MET:VdWContact': 1, 'UNL:THR:VdWContact': 1, 'UNL:TYR:VdWContact': 1}","{'UNL:ALA:Hydrophobic': 1, 'UNL:ALA:VdWContact': 1, 'UNL:ASP:Hydrophobic': 1, 'UNL:ASP:VdWContact': 1, 'UNL:HIS:VdWContact': 1, 'UNL:ILE:Hydrophobic': 1, 'UNL:LEU:Hydrophobic': 4, 'UNL:LEU:VdWContact': 2, 'UNL:LYS:Hydrophobic': 1, 'UNL:LYS:VdWContact': 1, 'UNL:MET:HBAcceptor': 1, 'UNL:MET:HBDonor': 1, 'UNL:MET:Hydrophobic': 1, 'UNL:MET:VdWContact': 1, 'UNL:THR:Hydrophobic': 1, 'UNL:THR:VdWContact': 1, 'UNL:TYR:Hydrophobic': 1, 'UNL:TYR:VdWContact': 1, 'UNL:VAL:Hydrophobic': 2, 'UNL:VAL:VdWContact': 1}"
484,Chai-1-Single-Seq,1HQ2_PH2,0.16666666666666669,0.9333333333333333,"{'UNL:ARG:VdWContact': 1, 'UNL:ASN:HBAcceptor': 1, 'UNL:ASN:HBDonor': 1, 'UNL:ASN:VdWContact': 1, 'UNL:LEU:HBAcceptor': 1, 'UNL:LEU:HBDonor': 1, 'UNL:LEU:VdWContact': 1, 'UNL:PHE:VdWContact': 1, 'UNL:PRO:HBDonor': 1, 'UNL:PRO:VdWContact': 1, 'UNL:THR:HBDonor': 1, 'UNL:THR:VdWContact': 1, 'UNL:TRP:VdWContact': 1}","{'UNL:ASN:HBAcceptor': 1, 'UNL:ASN:HBDonor': 1, 'UNL:ASN:VdWContact': 1, 'UNL:ASP:VdWContact': 1, 'UNL:LEU:HBAcceptor': 1, 'UNL:LEU:HBDonor': 1, 'UNL:LEU:Hydrophobic': 1, 'UNL:LEU:VdWContact': 1, 'UNL:PHE:Hydrophobic': 1, 'UNL:PHE:VdWContact': 1, 'UNL:PRO:HBDonor': 1, 'UNL:PRO:VdWContact': 1, 'UNL:THR:HBDonor': 1, 'UNL:THR:VdWContact': 1, 'UNL:TYR:Hydrophobic': 1, 'UNL:TYR:VdWContact': 1}"
485,Chai-1-Single-Seq,1MZC_BNE,0.6428571428571428,0.7428571428571429,"{'UNL:ASP:VdWContact': 2, 'UNL:HIS:VdWContact': 1, 'UNL:LEU:VdWContact': 1, 'UNL:TRP:VdWContact': 1, 'UNL:TYR:Hydrophobic': 1, 'UNL:TYR:VdWContact': 2}","{'UNL:ALA:Hydrophobic': 1, 'UNL:ARG:HBAcceptor': 1, 'UNL:ARG:VdWContact': 1, 'UNL:ASP:VdWContact': 1, 'UNL:CYS:HBAcceptor': 1, 'UNL:CYS:VdWContact': 1, 'UNL:LEU:Hydrophobic': 1, 'UNL:SER:VdWContact': 1, 'UNL:TRP:Hydrophobic': 3, 'UNL:TRP:VdWContact': 2, 'UNL:TYR:Hydrophobic': 2, 'UNL:TYR:VdWContact': 2}"
486,Chai-1-Single-Seq,1V4S_MRK,0.25,0.9,"{'UNL:ARG:Hydrophobic': 1, 'UNL:ARG:VdWContact': 2, 'UNL:CYS:HBAcceptor': 1, 'UNL:CYS:Hydrophobic': 1, 'UNL:CYS:VdWContact': 1, 'UNL:ILE:Hydrophobic': 1, 'UNL:ILE:VdWContact': 1, 'UNL:MET:Hydrophobic': 3, 'UNL:MET:VdWContact': 1, 'UNL:SER:HBDonor': 1, 'UNL:SER:VdWContact': 1, 'UNL:TYR:Hydrophobic': 1, 'UNL:TYR:VdWContact': 1, 'UNL:VAL:VdWContact': 1}","{'UNL:ALA:Hydrophobic': 1, 'UNL:ARG:HBAcceptor': 1, 'UNL:ARG:HBDonor': 1, 'UNL:ARG:Hydrophobic': 1, 'UNL:ARG:VdWContact': 1, 'UNL:GLU:Hydrophobic': 1, 'UNL:ILE:Hydrophobic': 2, 'UNL:MET:Hydrophobic': 2, 'UNL:MET:VdWContact': 1, 'UNL:PRO:Hydrophobic': 1, 'UNL:THR:HBAcceptor': 1, 'UNL:THR:Hydrophobic': 1, 'UNL:THR:VdWContact': 1, 'UNL:TYR:HBDonor': 1, 'UNL:TYR:Hydrophobic': 2, 'UNL:TYR:VdWContact': 2, 'UNL:VAL:Hydrophobic': 3}"
487,Chai-1-Single-Seq,1NAV_IH5,0.25,0.9,"{'UNL:ALA:VdWContact': 1, 'UNL:ARG:HBAcceptor': 1, 'UNL:ARG:Hydrophobic': 1, 'UNL:ARG:VdWContact': 1, 'UNL:GLY:VdWContact': 1, 'UNL:HIS:HBAcceptor': 1, 'UNL:HIS:HBDonor': 1, 'UNL:HIS:VdWContact': 1, 'UNL:LEU:Hydrophobic': 2, 'UNL:LEU:VdWContact': 2, 'UNL:MET:Hydrophobic': 3, 'UNL:MET:VdWContact': 1, 'UNL:PHE:Hydrophobic': 1, 'UNL:SER:HBAcceptor': 1, 'UNL:SER:VdWContact': 1}","{'UNL:ALA:Hydrophobic': 2, 'UNL:GLY:VdWContact': 1, 'UNL:HIS:HBAcceptor': 1, 'UNL:HIS:VdWContact': 1, 'UNL:ILE:Hydrophobic': 1, 'UNL:ILE:VdWContact': 1, 'UNL:LEU:Hydrophobic': 3, 'UNL:LEU:VdWContact': 2, 'UNL:MET:Hydrophobic': 3, 'UNL:MET:VdWContact': 2, 'UNL:PHE:Hydrophobic': 3, 'UNL:PHE:VdWContact': 1, 'UNL:SER:HBAcceptor': 1, 'UNL:SER:VdWContact': 1, 'UNL:THR:Hydrophobic': 1}"
488,Chai-1-Single-Seq,1JJE_BYS,0.2631578947368422,0.8947368421052632,"{'UNL:ASN:HBAcceptor': 1, 'UNL:ASN:Hydrophobic': 1, 'UNL:ASN:VdWContact': 1, 'UNL:ASP:Hydrophobic': 1, 'UNL:GLY:VdWContact': 1, 'UNL:HIS:Hydrophobic': 2, 'UNL:HIS:VdWContact': 2, 'UNL:LYS:HBAcceptor': 1, 'UNL:LYS:VdWContact': 1, 'UNL:SER:VdWContact': 1, 'UNL:TRP:Hydrophobic': 1, 'UNL:TRP:VdWContact': 1, 'UNL:VAL:Hydrophobic': 1, 'UNL:VAL:VdWContact': 1}","{'UNL:ASN:HBAcceptor': 1, 'UNL:ASN:Hydrophobic': 1, 'UNL:ASN:VdWContact': 1, 'UNL:ASP:Hydrophobic': 1, 'UNL:ASP:VdWContact': 1, 'UNL:CYS:VdWContact': 1, 'UNL:GLY:VdWContact': 1, 'UNL:HIS:HBDonor': 1, 'UNL:HIS:Hydrophobic': 2, 'UNL:HIS:VdWContact': 3, 'UNL:LYS:HBDonor': 1, 'UNL:LYS:VdWContact': 1, 'UNL:PHE:Hydrophobic': 1, 'UNL:TRP:Hydrophobic': 1, 'UNL:TRP:VdWContact': 1, 'UNL:VAL:Hydrophobic': 2, 'UNL:VAL:VdWContact': 1}"
489,Chai-1-Single-Seq,1GM8_SOX,0.38461538461538464,0.8461538461538461,"{'UNL:ALA:HBAcceptor': 1, 'UNL:ALA:VdWContact': 1, 'UNL:GLN:VdWContact': 1, 'UNL:MET:Hydrophobic': 1, 'UNL:PHE:Hydrophobic': 2, 'UNL:PHE:VdWContact': 4, 'UNL:SER:HBAcceptor': 1, 'UNL:SER:VdWContact': 2}","{'UNL:ALA:Hydrophobic': 1, 'UNL:ALA:VdWContact': 1, 'UNL:GLN:VdWContact': 1, 'UNL:ILE:Hydrophobic': 1, 'UNL:ILE:VdWContact': 1, 'UNL:LEU:Hydrophobic': 1, 'UNL:MET:Hydrophobic': 1, 'UNL:PHE:Hydrophobic': 3, 'UNL:PHE:VdWContact': 3, 'UNL:PRO:Hydrophobic': 1, 'UNL:SER:VdWContact': 2}"
490,Chai-1-Single-Seq,1J3J_CP6,0.05882352941176472,0.9764705882352941,"{'UNL:ASN:VdWContact': 1, 'UNL:ASP:HBDonor': 1, 'UNL:ASP:VdWContact': 1, 'UNL:CYS:VdWContact': 1, 'UNL:ILE:HBDonor': 2, 'UNL:ILE:VdWContact': 2, 'UNL:LEU:VdWContact': 1, 'UNL:MET:Hydrophobic': 1, 'UNL:MET:VdWContact': 1, 'UNL:PHE:Hydrophobic': 1, 'UNL:PHE:VdWContact': 1, 'UNL:SER:VdWContact': 1, 'UNL:TYR:VdWContact': 1}","{'UNL:ALA:Hydrophobic': 1, 'UNL:ASN:Hydrophobic': 1, 'UNL:ASN:VdWContact': 1, 'UNL:ASP:HBDonor': 1, 'UNL:ASP:VdWContact': 1, 'UNL:CYS:VdWContact': 1, 'UNL:ILE:HBDonor': 2, 'UNL:ILE:Hydrophobic': 2, 'UNL:ILE:VdWContact': 2, 'UNL:LEU:Hydrophobic': 1, 'UNL:MET:Hydrophobic': 1, 'UNL:PHE:Hydrophobic': 1, 'UNL:PHE:VdWContact': 1}"
491,Chai-1-Single-Seq,1T9B_1CS,0.05882352941176472,0.9764705882352941,"{'UNL:ALA:VdWContact': 2, 'UNL:ARG:HBAcceptor': 1, 'UNL:ARG:VdWContact': 1, 'UNL:GLY:VdWContact': 1, 'UNL:HIS:VdWContact': 1, 'UNL:LYS:VdWContact': 1, 'UNL:MET:VdWContact': 2, 'UNL:PHE:Hydrophobic': 1, 'UNL:PHE:VdWContact': 1, 'UNL:PRO:VdWContact': 1, 'UNL:VAL:Hydrophobic': 1, 'UNL:VAL:VdWContact': 1}","{'UNL:ALA:Hydrophobic': 2, 'UNL:ALA:VdWContact': 1, 'UNL:ARG:HBAcceptor': 1, 'UNL:ARG:VdWContact': 1, 'UNL:ASP:VdWContact': 1, 'UNL:MET:Hydrophobic': 1, 'UNL:MET:VdWContact': 1, 'UNL:PHE:Hydrophobic': 1, 'UNL:PHE:VdWContact': 1, 'UNL:PRO:Hydrophobic': 1, 'UNL:TRP:Hydrophobic': 1, 'UNL:VAL:Hydrophobic': 2, 'UNL:VAL:VdWContact': 1}"
492,Chai-1-Single-Seq,1PMN_984,0.2941176470588236,0.8823529411764706,"{'UNL:ALA:VdWContact': 1, 'UNL:ASN:VdWContact': 1, 'UNL:GLU:VdWContact': 2, 'UNL:GLY:VdWContact': 2, 'UNL:ILE:Hydrophobic': 2, 'UNL:ILE:VdWContact': 2, 'UNL:LEU:Hydrophobic': 1, 'UNL:LEU:VdWContact': 2, 'UNL:LYS:Hydrophobic': 1, 'UNL:MET:HBAcceptor': 1, 'UNL:MET:HBDonor': 1, 'UNL:MET:Hydrophobic': 1, 'UNL:MET:VdWContact': 2, 'UNL:SER:VdWContact': 2, 'UNL:VAL:VdWContact': 1}","{'UNL:ALA:Hydrophobic': 1, 'UNL:ALA:VdWContact': 2, 'UNL:ASN:VdWContact': 1, 'UNL:ILE:Hydrophobic': 2, 'UNL:ILE:VdWContact': 2, 'UNL:LEU:Hydrophobic': 3, 'UNL:LEU:VdWContact': 2, 'UNL:LYS:Hydrophobic': 1, 'UNL:MET:HBAcceptor': 1, 'UNL:MET:Hydrophobic': 2, 'UNL:MET:VdWContact': 2, 'UNL:VAL:Hydrophobic': 2}"
493,Chai-1-Single-Seq,1N2V_BDI,0.0,1.0,"{'UNL:ALA:VdWContact': 1, 'UNL:ASP:HBDonor': 1, 'UNL:ASP:VdWContact': 1, 'UNL:CYS:VdWContact': 1, 'UNL:GLN:HBAcceptor': 1, 'UNL:GLN:VdWContact': 1, 'UNL:GLY:HBAcceptor': 1, 'UNL:GLY:VdWContact': 2, 'UNL:MET:Hydrophobic': 1, 'UNL:MET:VdWContact': 1, 'UNL:TYR:VdWContact': 1}","{'UNL:ALA:Hydrophobic': 1, 'UNL:ASP:HBDonor': 1, 'UNL:ASP:VdWContact': 1, 'UNL:CYS:Hydrophobic': 1, 'UNL:GLN:HBAcceptor': 1, 'UNL:GLN:VdWContact': 1, 'UNL:GLY:HBAcceptor': 1, 'UNL:GLY:VdWContact': 2, 'UNL:MET:Hydrophobic': 1, 'UNL:TYR:Hydrophobic': 1, 'UNL:TYR:VdWContact': 1}"
494,Chai-1-Single-Seq,1GPK_HUP,0.9999999999999999,0.6000000000000001,"{'UNL:GLY:VdWContact': 1, 'UNL:HIS:VdWContact': 1, 'UNL:PHE:VdWContact': 2, 'UNL:TRP:Hydrophobic': 1, 'UNL:TRP:VdWContact': 1}","{'UNL:GLY:VdWContact': 3, 'UNL:HIS:VdWContact': 1, 'UNL:LEU:Hydrophobic': 1, 'UNL:PHE:Hydrophobic': 3, 'UNL:PHE:VdWContact': 2, 'UNL:TRP:Hydrophobic': 1, 'UNL:TRP:VdWContact': 1, 'UNL:TYR:Hydrophobic': 2, 'UNL:TYR:VdWContact': 1}"
495,Chai-1-Single-Seq,1W1P_GIO,1.0833333333333333,0.5666666666666667,{'UNL:TRP:VdWContact': 1},"{'UNL:ALA:Hydrophobic': 1, 'UNL:ASP:Hydrophobic': 1, 'UNL:GLU:VdWContact': 1, 'UNL:MET:Hydrophobic': 1, 'UNL:MET:VdWContact': 1, 'UNL:PHE:Hydrophobic': 1, 'UNL:PHE:VdWContact': 1, 'UNL:TRP:HBAcceptor': 1, 'UNL:TRP:Hydrophobic': 1, 'UNL:TRP:VdWContact': 2, 'UNL:TYR:Hydrophobic': 1, 'UNL:TYR:VdWContact': 2}"
496,Chai-1-Single-Seq,1OF6_DTY,,0.0,,
497,Chai-1-Single-Seq,1S3V_TQD,0.3125,0.875,"{'UNL:ALA:VdWContact': 1, 'UNL:ASN:VdWContact': 1, 'UNL:GLU:HBDonor': 1, 'UNL:GLU:VdWContact': 1, 'UNL:ILE:HBDonor': 1, 'UNL:ILE:Hydrophobic': 1, 'UNL:ILE:VdWContact': 1, 'UNL:LEU:Hydrophobic': 1, 'UNL:LEU:VdWContact': 1, 'UNL:PHE:Hydrophobic': 1, 'UNL:PHE:VdWContact': 2, 'UNL:PRO:VdWContact': 1, 'UNL:SER:VdWContact': 1, 'UNL:VAL:HBDonor': 1, 'UNL:VAL:VdWContact': 1}","{'UNL:GLU:HBDonor': 1, 'UNL:GLU:VdWContact': 1, 'UNL:ILE:HBDonor': 1, 'UNL:ILE:Hydrophobic': 1, 'UNL:ILE:VdWContact': 1, 'UNL:PHE:Hydrophobic': 2, 'UNL:PHE:VdWContact': 1, 'UNL:PRO:Hydrophobic': 1, 'UNL:SER:VdWContact': 1, 'UNL:VAL:VdWContact': 1}"
498,Chai-1-Single-Seq,1Y6B_AAX,0.3333333333333334,0.8666666666666667,"{'UNL:ARG:HBAcceptor': 1, 'UNL:ARG:Hydrophobic': 1, 'UNL:ARG:VdWContact': 1, 'UNL:CYS:HBAcceptor': 1, 'UNL:CYS:HBDonor': 1, 'UNL:CYS:VdWContact': 2, 'UNL:GLU:Hydrophobic': 1, 'UNL:GLU:VdWContact': 2, 'UNL:GLY:VdWContact': 2, 'UNL:LEU:VdWContact': 1, 'UNL:LYS:VdWContact': 2}","{'UNL:ALA:Hydrophobic': 1, 'UNL:ASN:HBAcceptor': 1, 'UNL:ASN:VdWContact': 1, 'UNL:CYS:HBAcceptor': 1, 'UNL:CYS:HBDonor': 1, 'UNL:CYS:Hydrophobic': 1, 'UNL:CYS:VdWContact': 1, 'UNL:GLU:VdWContact': 2, 'UNL:GLY:VdWContact': 1, 'UNL:LEU:Hydrophobic': 2, 'UNL:LYS:Hydrophobic': 1, 'UNL:LYS:VdWContact': 1, 'UNL:PHE:Hydrophobic': 2, 'UNL:PHE:VdWContact': 1, 'UNL:VAL:Hydrophobic': 3, 'UNL:VAL:VdWContact': 2}"
499,Chai-1-Single-Seq,1L2S_STC,0.39999999999999997,0.8400000000000001,"{'UNL:ALA:HBAcceptor': 1, 'UNL:ALA:HBDonor': 1, 'UNL:ALA:VdWContact': 1, 'UNL:ASN:HBAcceptor': 1, 'UNL:ASN:VdWContact': 1, 'UNL:LEU:Hydrophobic': 1, 'UNL:SER:HBAcceptor': 1, 'UNL:SER:VdWContact': 1, 'UNL:TYR:Hydrophobic': 1, 'UNL:TYR:VdWContact': 1}","{'UNL:ALA:HBAcceptor': 1, 'UNL:ALA:HBDonor': 1, 'UNL:ALA:VdWContact': 1, 'UNL:ASN:HBAcceptor': 1, 'UNL:ASN:VdWContact': 1, 'UNL:GLN:VdWContact': 1, 'UNL:GLY:VdWContact': 1, 'UNL:LEU:Hydrophobic': 2, 'UNL:SER:HBAcceptor': 1, 'UNL:SER:VdWContact': 1, 'UNL:THR:Hydrophobic': 1, 'UNL:THR:VdWContact': 1, 'UNL:TYR:Hydrophobic': 2, 'UNL:VAL:Hydrophobic': 1}"
500,Chai-1-Single-Seq,1W2G_THM,0.38461538461538464,0.8461538461538461,"{'UNL:ARG:HBAcceptor': 1, 'UNL:ARG:VdWContact': 1, 'UNL:ASN:HBDonor': 1, 'UNL:ASN:VdWContact': 1, 'UNL:ASP:VdWContact': 1, 'UNL:PHE:Hydrophobic': 1, 'UNL:PHE:VdWContact': 1, 'UNL:PRO:VdWContact': 1, 'UNL:TYR:VdWContact': 3}","{'UNL:ARG:HBAcceptor': 1, 'UNL:ARG:Hydrophobic': 1, 'UNL:ARG:VdWContact': 1, 'UNL:ASN:HBDonor': 1, 'UNL:ASN:Hydrophobic': 1, 'UNL:ASN:VdWContact': 1, 'UNL:ASP:VdWContact': 1, 'UNL:PHE:Hydrophobic': 2, 'UNL:PRO:Hydrophobic': 1, 'UNL:PRO:VdWContact': 1, 'UNL:TYR:Hydrophobic': 2, 'UNL:TYR:VdWContact': 3}"
501,Chai-1-Single-Seq,1TOW_CRZ,0.5333333333333333,0.7866666666666666,"{'UNL:ALA:VdWContact': 1, 'UNL:ARG:HBAcceptor': 1, 'UNL:ARG:VdWContact': 1, 'UNL:ASP:Hydrophobic': 1, 'UNL:CYS:VdWContact': 1, 'UNL:MET:Hydrophobic': 1, 'UNL:PHE:VdWContact': 1, 'UNL:PRO:VdWContact': 1, 'UNL:TYR:VdWContact': 1}","{'UNL:ALA:Hydrophobic': 3, 'UNL:ARG:HBAcceptor': 1, 'UNL:ARG:HBDonor': 1, 'UNL:ARG:VdWContact': 1, 'UNL:ASP:Hydrophobic': 1, 'UNL:CYS:VdWContact': 1, 'UNL:ILE:Hydrophobic': 1, 'UNL:MET:Hydrophobic': 1, 'UNL:PHE:Hydrophobic': 2, 'UNL:PHE:VdWContact': 1, 'UNL:PRO:Hydrophobic': 1, 'UNL:PRO:VdWContact': 1, 'UNL:TYR:VdWContact': 1, 'UNL:VAL:Hydrophobic': 1}"
502,Chai-1-Single-Seq,1XM6_5RM,0.25,0.9,"{'UNL:GLN:HBAcceptor': 1, 'UNL:GLN:VdWContact': 1, 'UNL:HIS:HBDonor': 1, 'UNL:HIS:VdWContact': 1, 'UNL:ILE:Hydrophobic': 1, 'UNL:ILE:VdWContact': 1, 'UNL:LEU:VdWContact': 1, 'UNL:MET:Hydrophobic': 1, 'UNL:MET:VdWContact': 1, 'UNL:PHE:Hydrophobic': 1, 'UNL:PHE:VdWContact': 3, 'UNL:SER:VdWContact': 1, 'UNL:THR:VdWContact': 1}","{'UNL:ASN:VdWContact': 1, 'UNL:GLN:HBAcceptor': 1, 'UNL:GLN:VdWContact': 1, 'UNL:ILE:Hydrophobic': 1, 'UNL:ILE:VdWContact': 1, 'UNL:LEU:Hydrophobic': 2, 'UNL:LEU:VdWContact': 1, 'UNL:MET:Hydrophobic': 3, 'UNL:MET:VdWContact': 1, 'UNL:PHE:Hydrophobic': 3, 'UNL:PHE:VdWContact': 2, 'UNL:THR:VdWContact': 1, 'UNL:TYR:Hydrophobic': 1}"
503,Chai-1-Single-Seq,1YGC_905,0.3125,0.875,"{'UNL:ASP:HBDonor': 1, 'UNL:ASP:Hydrophobic': 1, 'UNL:ASP:VdWContact': 3, 'UNL:GLY:VdWContact': 1, 'UNL:HIS:Hydrophobic': 1, 'UNL:HIS:VdWContact': 1, 'UNL:LYS:VdWContact': 1, 'UNL:SER:HBDonor': 1, 'UNL:SER:VdWContact': 2, 'UNL:THR:VdWContact': 1, 'UNL:TRP:Hydrophobic': 1, 'UNL:TRP:VdWContact': 1}","{'UNL:ASP:HBDonor': 1, 'UNL:ASP:Hydrophobic': 2, 'UNL:ASP:VdWContact': 2, 'UNL:GLY:HBDonor': 1, 'UNL:GLY:VdWContact': 1, 'UNL:HIS:Hydrophobic': 1, 'UNL:HIS:VdWContact': 1, 'UNL:LYS:Hydrophobic': 1, 'UNL:LYS:VdWContact': 1, 'UNL:SER:HBDonor': 1, 'UNL:SER:VdWContact': 3, 'UNL:THR:Hydrophobic': 1, 'UNL:THR:VdWContact': 1, 'UNL:TRP:Hydrophobic': 1, 'UNL:TRP:VdWContact': 1, 'UNL:VAL:Hydrophobic': 1}"
504,Chai-1-Single-Seq,1R58_AO5,0.27777777777777785,0.8888888888888888,"{'UNL:ASN:VdWContact': 1, 'UNL:ASP:HBDonor': 2, 'UNL:ASP:VdWContact': 2, 'UNL:GLU:HBDonor': 1, 'UNL:GLU:VdWContact': 1, 'UNL:HIS:HBAcceptor': 1, 'UNL:HIS:VdWContact': 3, 'UNL:ILE:Hydrophobic': 1, 'UNL:PHE:Hydrophobic': 1, 'UNL:PHE:VdWContact': 1, 'UNL:THR:VdWContact': 1}","{'UNL:ALA:Hydrophobic': 1, 'UNL:ALA:VdWContact': 1, 'UNL:ASP:HBDonor': 2, 'UNL:ASP:VdWContact': 2, 'UNL:GLU:HBDonor': 1, 'UNL:GLU:VdWContact': 1, 'UNL:HIS:HBDonor': 1, 'UNL:HIS:Hydrophobic': 2, 'UNL:HIS:VdWContact': 2, 'UNL:MET:Hydrophobic': 1, 'UNL:PHE:Hydrophobic': 1, 'UNL:PHE:VdWContact': 1, 'UNL:TYR:Hydrophobic': 1, 'UNL:TYR:VdWContact': 1}"
505,Chai-1-Single-Seq,1HNN_SKF,0.3846153846153847,0.8461538461538461,"{'UNL:ASN:Hydrophobic': 1, 'UNL:ASP:VdWContact': 1, 'UNL:GLU:HBDonor': 1, 'UNL:GLU:VdWContact': 1, 'UNL:LYS:HBAcceptor': 1, 'UNL:LYS:VdWContact': 1, 'UNL:PHE:Hydrophobic': 1, 'UNL:TYR:VdWContact': 2}","{'UNL:ARG:VdWContact': 1, 'UNL:ASN:Hydrophobic': 1, 'UNL:ASP:VdWContact': 1, 'UNL:GLU:HBDonor': 1, 'UNL:GLU:VdWContact': 1, 'UNL:LYS:VdWContact': 1, 'UNL:MET:Hydrophobic': 1, 'UNL:MET:VdWContact': 1, 'UNL:PHE:Hydrophobic': 1, 'UNL:TYR:Hydrophobic': 2, 'UNL:TYR:VdWContact': 2, 'UNL:VAL:VdWContact': 1}"
506,Chai-1-Single-Seq,1HVY_D16,0.11538461538461536,0.9538461538461539,"{'UNL:ALA:VdWContact': 1, 'UNL:ARG:VdWContact': 1, 'UNL:ASN:HBDonor': 1, 'UNL:ASN:VdWContact': 1, 'UNL:ASP:VdWContact': 1, 'UNL:ILE:Hydrophobic': 1, 'UNL:ILE:VdWContact': 1, 'UNL:LEU:Hydrophobic': 1, 'UNL:LEU:VdWContact': 1, 'UNL:MET:Hydrophobic': 1, 'UNL:MET:VdWContact': 1, 'UNL:PHE:HBAcceptor': 1, 'UNL:PHE:Hydrophobic': 2, 'UNL:PHE:VdWContact': 2, 'UNL:TRP:Hydrophobic': 1, 'UNL:TRP:VdWContact': 1, 'UNL:VAL:VdWContact': 1}","{'UNL:ALA:Hydrophobic': 1, 'UNL:ALA:VdWContact': 1, 'UNL:ASP:Hydrophobic': 1, 'UNL:ASP:VdWContact': 1, 'UNL:GLU:VdWContact': 1, 'UNL:GLY:VdWContact': 1, 'UNL:ILE:Hydrophobic': 1, 'UNL:ILE:VdWContact': 1, 'UNL:LEU:Hydrophobic': 1, 'UNL:MET:Hydrophobic': 1, 'UNL:MET:VdWContact': 1, 'UNL:PHE:Hydrophobic': 2, 'UNL:PHE:VdWContact': 2, 'UNL:THR:Hydrophobic': 1, 'UNL:TRP:Hydrophobic': 1, 'UNL:TRP:VdWContact': 1, 'UNL:TYR:Hydrophobic': 1, 'UNL:TYR:VdWContact': 1, 'UNL:UMP:Hydrophobic': 1, 'UNL:UMP:VdWContact': 1}"
507,Chai-1-Single-Seq,1OPK_P16,,0.0,,
508,Chai-1-Single-Seq,1MMV_3AR,0.4444444444444444,0.8222222222222222,"{'UNL:ALA:VdWContact': 1, 'UNL:GLY:VdWContact': 1, 'UNL:LEU:VdWContact': 1, 'UNL:TRP:Hydrophobic': 1, 'UNL:TRP:VdWContact': 1, 'UNL:TYR:VdWContact': 1}","{'UNL:ASP:VdWContact': 1, 'UNL:GLN:HBAcceptor': 1, 'UNL:GLN:VdWContact': 1, 'UNL:GLU:HBDonor': 1, 'UNL:GLU:VdWContact': 1, 'UNL:PHE:Hydrophobic': 1, 'UNL:PHE:VdWContact': 1, 'UNL:PRO:Hydrophobic': 1, 'UNL:SER:VdWContact': 1, 'UNL:TRP:VdWContact': 1, 'UNL:TYR:Hydrophobic': 1, 'UNL:TYR:VdWContact': 1, 'UNL:VAL:Hydrophobic': 1, 'UNL:VAL:VdWContact': 1}"
509,Chai-1-Single-Seq,1SQN_NDR,0.6875,0.725,"{'UNL:ARG:HBAcceptor': 1, 'UNL:ARG:VdWContact': 1, 'UNL:ASN:VdWContact': 1, 'UNL:CYS:VdWContact': 1, 'UNL:GLN:HBAcceptor': 1, 'UNL:GLN:VdWContact': 1, 'UNL:LEU:VdWContact': 2, 'UNL:MET:Hydrophobic': 2, 'UNL:MET:VdWContact': 2, 'UNL:TYR:VdWContact': 1}","{'UNL:ARG:VdWContact': 1, 'UNL:CYS:Hydrophobic': 1, 'UNL:CYS:VdWContact': 1, 'UNL:GLN:HBAcceptor': 1, 'UNL:GLN:VdWContact': 1, 'UNL:LEU:Hydrophobic': 5, 'UNL:LEU:VdWContact': 3, 'UNL:MET:Hydrophobic': 4, 'UNL:MET:VdWContact': 2, 'UNL:PHE:Hydrophobic': 1, 'UNL:TRP:Hydrophobic': 1, 'UNL:TYR:Hydrophobic': 1, 'UNL:TYR:VdWContact': 1, 'UNL:VAL:Hydrophobic': 1}"
510,Chai-1,2BM2_PM2,0.23529411764705888,0.9058823529411765,"{'UNL:GLN:Hydrophobic': 2, 'UNL:GLN:VdWContact': 2, 'UNL:GLU:Hydrophobic': 1, 'UNL:GLU:VdWContact': 1, 'UNL:GLY:HBAcceptor': 1, 'UNL:GLY:HBDonor': 1, 'UNL:GLY:VdWContact': 2, 'UNL:SER:VdWContact': 1, 'UNL:THR:VdWContact': 1, 'UNL:TRP:VdWContact': 1, 'UNL:TYR:VdWContact': 1}","{'UNL:ASP:VdWContact': 1, 'UNL:GLN:Hydrophobic': 2, 'UNL:GLN:VdWContact': 1, 'UNL:GLU:Hydrophobic': 1, 'UNL:GLU:VdWContact': 1, 'UNL:GLY:HBAcceptor': 1, 'UNL:GLY:VdWContact': 1, 'UNL:PRO:Hydrophobic': 1, 'UNL:SER:VdWContact': 1, 'UNL:THR:Hydrophobic': 1, 'UNL:TRP:Hydrophobic': 1, 'UNL:TYR:Hydrophobic': 1, 'UNL:VAL:Hydrophobic': 1}"
511,Chai-1,1XOQ_ROF,0.3333333333333334,0.8666666666666667,"{'UNL:GLN:HBAcceptor': 1, 'UNL:GLN:VdWContact': 1, 'UNL:HIS:VdWContact': 1, 'UNL:ILE:Hydrophobic': 1, 'UNL:ILE:VdWContact': 1, 'UNL:LEU:VdWContact': 1, 'UNL:MET:Hydrophobic': 2, 'UNL:MET:VdWContact': 3, 'UNL:SER:VdWContact': 1}","{'UNL:ASN:VdWContact': 1, 'UNL:GLN:HBAcceptor': 1, 'UNL:GLN:VdWContact': 1, 'UNL:ILE:Hydrophobic': 1, 'UNL:LEU:VdWContact': 1, 'UNL:MET:Hydrophobic': 3, 'UNL:MET:VdWContact': 2, 'UNL:PHE:Hydrophobic': 2, 'UNL:PHE:VdWContact': 1, 'UNL:THR:VdWContact': 2, 'UNL:TYR:Hydrophobic': 1, 'UNL:TYR:VdWContact': 1}"
512,Chai-1,1M2Z_DEX,0.761904761904762,0.6952380952380952,"{'UNL:ARG:VdWContact': 1, 'UNL:ASN:HBAcceptor': 1, 'UNL:ASN:VdWContact': 1, 'UNL:CYS:VdWContact': 1, 'UNL:GLN:VdWContact': 1, 'UNL:LEU:VdWContact': 1, 'UNL:MET:Hydrophobic': 2, 'UNL:MET:VdWContact': 2, 'UNL:TYR:VdWContact': 1}","{'UNL:ALA:Hydrophobic': 1, 'UNL:ARG:HBAcceptor': 1, 'UNL:ARG:VdWContact': 1, 'UNL:ASN:HBAcceptor': 1, 'UNL:ASN:VdWContact': 1, 'UNL:CYS:Hydrophobic': 1, 'UNL:CYS:VdWContact': 1, 'UNL:GLN:HBAcceptor': 1, 'UNL:GLN:HBDonor': 1, 'UNL:GLN:Hydrophobic': 1, 'UNL:GLN:VdWContact': 2, 'UNL:GLY:VdWContact': 1, 'UNL:LEU:Hydrophobic': 4, 'UNL:LEU:VdWContact': 1, 'UNL:MET:Hydrophobic': 3, 'UNL:MET:VdWContact': 1, 'UNL:PHE:Hydrophobic': 1, 'UNL:PHE:VdWContact': 1, 'UNL:TRP:Hydrophobic': 1, 'UNL:TYR:Hydrophobic': 1, 'UNL:TYR:VdWContact': 1}"
513,Chai-1,1P62_GEO,0.23529411764705885,0.9058823529411765,"{'UNL:ARG:HBAcceptor': 1, 'UNL:ARG:VdWContact': 1, 'UNL:ASP:HBDonor': 1, 'UNL:ASP:VdWContact': 1, 'UNL:GLN:HBAcceptor': 1, 'UNL:GLN:HBDonor': 1, 'UNL:GLN:VdWContact': 1, 'UNL:GLU:VdWContact': 2, 'UNL:ILE:VdWContact': 1, 'UNL:LEU:VdWContact': 1, 'UNL:PHE:Hydrophobic': 1, 'UNL:PHE:VdWContact': 1, 'UNL:TRP:VdWContact': 1, 'UNL:TYR:HBAcceptor': 1, 'UNL:TYR:VdWContact': 1}","{'UNL:ARG:HBAcceptor': 1, 'UNL:ARG:VdWContact': 1, 'UNL:ASP:HBDonor': 1, 'UNL:ASP:VdWContact': 1, 'UNL:GLN:HBAcceptor': 1, 'UNL:GLN:HBDonor': 1, 'UNL:GLN:VdWContact': 1, 'UNL:GLU:VdWContact': 2, 'UNL:MET:VdWContact': 1, 'UNL:PHE:Hydrophobic': 2, 'UNL:TRP:Hydrophobic': 1, 'UNL:TYR:VdWContact': 1}"
514,Chai-1,1KE5_LS1,0.3157894736842105,0.8736842105263158,"{'UNL:ASP:HBAcceptor': 1, 'UNL:ASP:Hydrophobic': 1, 'UNL:ASP:VdWContact': 1, 'UNL:GLN:VdWContact': 1, 'UNL:GLU:HBDonor': 1, 'UNL:GLU:VdWContact': 1, 'UNL:HIS:VdWContact': 1, 'UNL:ILE:VdWContact': 1, 'UNL:LEU:HBAcceptor': 1, 'UNL:LEU:HBDonor': 1, 'UNL:LEU:VdWContact': 2, 'UNL:LYS:HBAcceptor': 1, 'UNL:LYS:VdWContact': 1, 'UNL:PHE:Hydrophobic': 1, 'UNL:PHE:VdWContact': 2}","{'UNL:ALA:Hydrophobic': 2, 'UNL:ASP:HBAcceptor': 1, 'UNL:ASP:Hydrophobic': 1, 'UNL:ASP:VdWContact': 2, 'UNL:GLU:HBDonor': 1, 'UNL:GLU:VdWContact': 1, 'UNL:HIS:VdWContact': 1, 'UNL:ILE:Hydrophobic': 1, 'UNL:ILE:VdWContact': 1, 'UNL:LEU:HBAcceptor': 1, 'UNL:LEU:HBDonor': 1, 'UNL:LEU:Hydrophobic': 1, 'UNL:LEU:VdWContact': 2, 'UNL:LYS:VdWContact': 1, 'UNL:PHE:Hydrophobic': 2, 'UNL:PHE:VdWContact': 2, 'UNL:VAL:Hydrophobic': 2}"
515,Chai-1,1TT1_KAI,0.11764705882352942,0.9529411764705882,"{'UNL:ALA:HBAcceptor': 2, 'UNL:ALA:VdWContact': 2, 'UNL:ARG:HBAcceptor': 1, 'UNL:ARG:HBDonor': 1, 'UNL:ARG:VdWContact': 1, 'UNL:ASN:VdWContact': 1, 'UNL:GLU:Hydrophobic': 1, 'UNL:GLU:VdWContact': 1, 'UNL:PRO:HBDonor': 1, 'UNL:PRO:VdWContact': 1, 'UNL:THR:HBAcceptor': 1, 'UNL:THR:HBDonor': 1, 'UNL:THR:VdWContact': 1, 'UNL:TYR:Hydrophobic': 1, 'UNL:TYR:VdWContact': 1, 'UNL:VAL:VdWContact': 1}","{'UNL:ALA:HBAcceptor': 2, 'UNL:ALA:VdWContact': 2, 'UNL:ARG:HBAcceptor': 1, 'UNL:ARG:HBDonor': 1, 'UNL:ARG:VdWContact': 1, 'UNL:GLU:Hydrophobic': 2, 'UNL:GLU:VdWContact': 1, 'UNL:PRO:HBDonor': 1, 'UNL:PRO:VdWContact': 1, 'UNL:THR:HBAcceptor': 1, 'UNL:THR:VdWContact': 1, 'UNL:TYR:Hydrophobic': 1, 'UNL:TYR:VdWContact': 1, 'UNL:VAL:Hydrophobic': 1, 'UNL:VAL:VdWContact': 1}"
516,Chai-1,1VCJ_IBA,0.5625,0.775,"{'UNL:ALA:VdWContact': 1, 'UNL:ARG:HBAcceptor': 3, 'UNL:ARG:HBDonor': 1, 'UNL:ARG:VdWContact': 4, 'UNL:ASP:Hydrophobic': 1, 'UNL:GLU:VdWContact': 3, 'UNL:SER:VdWContact': 1, 'UNL:TRP:VdWContact': 1, 'UNL:TYR:VdWContact': 1}","{'UNL:ALA:Hydrophobic': 1, 'UNL:ALA:VdWContact': 1, 'UNL:ARG:HBAcceptor': 3, 'UNL:ARG:Hydrophobic': 2, 'UNL:ARG:VdWContact': 5, 'UNL:ASN:Hydrophobic': 1, 'UNL:ASP:Hydrophobic': 1, 'UNL:ASP:VdWContact': 1, 'UNL:GLU:Hydrophobic': 1, 'UNL:GLU:VdWContact': 4, 'UNL:ILE:Hydrophobic': 1, 'UNL:SER:VdWContact': 1, 'UNL:TRP:Hydrophobic': 1, 'UNL:TRP:VdWContact': 1, 'UNL:TYR:VdWContact': 1}"
517,Chai-1,1HWI_115,0.29166666666666663,0.8833333333333333,"{'UNL:ARG:HBAcceptor': 1, 'UNL:ARG:VdWContact': 1, 'UNL:ASN:HBAcceptor': 1, 'UNL:ASN:VdWContact': 1, 'UNL:ASP:HBDonor': 1, 'UNL:ASP:Hydrophobic': 1, 'UNL:ASP:VdWContact': 1, 'UNL:CYS:Hydrophobic': 1, 'UNL:CYS:VdWContact': 1, 'UNL:GLU:VdWContact': 1, 'UNL:HIS:Hydrophobic': 1, 'UNL:LEU:VdWContact': 1, 'UNL:LYS:HBAcceptor': 2, 'UNL:LYS:Hydrophobic': 1, 'UNL:LYS:VdWContact': 2, 'UNL:SER:HBDonor': 1, 'UNL:SER:VdWContact': 1, 'UNL:VAL:VdWContact': 1}","{'UNL:ALA:Hydrophobic': 1, 'UNL:ALA:VdWContact': 1, 'UNL:ARG:HBAcceptor': 1, 'UNL:ARG:VdWContact': 1, 'UNL:ASN:HBAcceptor': 1, 'UNL:ASN:VdWContact': 1, 'UNL:ASP:Hydrophobic': 1, 'UNL:ASP:VdWContact': 1, 'UNL:CYS:Hydrophobic': 1, 'UNL:CYS:VdWContact': 1, 'UNL:GLU:VdWContact': 1, 'UNL:GLY:VdWContact': 1, 'UNL:HIS:Hydrophobic': 1, 'UNL:HIS:VdWContact': 1, 'UNL:LEU:Hydrophobic': 4, 'UNL:LEU:VdWContact': 2, 'UNL:LYS:Hydrophobic': 1, 'UNL:LYS:VdWContact': 3, 'UNL:SER:VdWContact': 1, 'UNL:VAL:Hydrophobic': 1, 'UNL:VAL:VdWContact': 1}"
518,Chai-1,1UML_FR4,0.21428571428571433,0.9142857142857143,"{'UNL:ASP:HBDonor': 2, 'UNL:ASP:Hydrophobic': 1, 'UNL:ASP:VdWContact': 2, 'UNL:GLY:VdWContact': 1, 'UNL:HIS:VdWContact': 1, 'UNL:LEU:Hydrophobic': 2, 'UNL:LEU:VdWContact': 2, 'UNL:MET:Hydrophobic': 1, 'UNL:MET:VdWContact': 1, 'UNL:PHE:Hydrophobic': 1, 'UNL:PHE:VdWContact': 1}","{'UNL:ASP:HBDonor': 2, 'UNL:ASP:Hydrophobic': 1, 'UNL:ASP:VdWContact': 3, 'UNL:GLY:VdWContact': 1, 'UNL:HIS:Hydrophobic': 1, 'UNL:HIS:VdWContact': 1, 'UNL:LEU:Hydrophobic': 3, 'UNL:LEU:VdWContact': 1, 'UNL:MET:Hydrophobic': 1, 'UNL:PHE:Hydrophobic': 2, 'UNL:THR:Hydrophobic': 1, 'UNL:VAL:Hydrophobic': 1}"
519,Chai-1,1JLA_TNK,0.16000000000000003,0.9359999999999999,"{'UNL:ALA:VdWContact': 1, 'UNL:GLN:Hydrophobic': 2, 'UNL:GLN:VdWContact': 2, 'UNL:GLU:HBAcceptor': 1, 'UNL:GLU:Hydrophobic': 1, 'UNL:GLU:VdWContact': 1, 'UNL:LYS:Hydrophobic': 1, 'UNL:LYS:VdWContact': 1, 'UNL:THR:HBDonor': 1, 'UNL:THR:VdWContact': 2, 'UNL:VAL:Hydrophobic': 1, 'UNL:VAL:VdWContact': 1}","{'UNL:CYS:Hydrophobic': 1, 'UNL:CYS:VdWContact': 1, 'UNL:GLY:VdWContact': 1, 'UNL:LEU:Hydrophobic': 2, 'UNL:LYS:HBDonor': 1, 'UNL:LYS:Hydrophobic': 1, 'UNL:LYS:VdWContact': 2, 'UNL:PHE:Hydrophobic': 1, 'UNL:PHE:VdWContact': 1, 'UNL:PRO:Hydrophobic': 2, 'UNL:PRO:VdWContact': 1, 'UNL:TRP:Hydrophobic': 1, 'UNL:TRP:VdWContact': 1, 'UNL:TYR:Hydrophobic': 1, 'UNL:TYR:VdWContact': 1, 'UNL:VAL:Hydrophobic': 1}"
520,Chai-1,1N46_PFA,0.7619047619047618,0.6952380952380953,"{'UNL:ARG:HBAcceptor': 2, 'UNL:ARG:VdWContact': 2, 'UNL:ASN:HBAcceptor': 1, 'UNL:ASN:VdWContact': 1, 'UNL:HIS:HBAcceptor': 1, 'UNL:HIS:VdWContact': 1, 'UNL:ILE:VdWContact': 1, 'UNL:LEU:Hydrophobic': 2, 'UNL:LEU:VdWContact': 1, 'UNL:MET:Hydrophobic': 3, 'UNL:MET:VdWContact': 1, 'UNL:PHE:Hydrophobic': 1, 'UNL:PHE:VdWContact': 2}","{'UNL:ALA:Hydrophobic': 2, 'UNL:ALA:VdWContact': 2, 'UNL:ARG:HBAcceptor': 2, 'UNL:ARG:HBDonor': 1, 'UNL:ARG:Hydrophobic': 1, 'UNL:ARG:VdWContact': 2, 'UNL:ASN:HBAcceptor': 1, 'UNL:ASN:VdWContact': 1, 'UNL:GLY:VdWContact': 1, 'UNL:HIS:HBAcceptor': 1, 'UNL:HIS:HBDonor': 1, 'UNL:HIS:VdWContact': 1, 'UNL:ILE:Hydrophobic': 3, 'UNL:ILE:VdWContact': 1, 'UNL:LEU:Hydrophobic': 3, 'UNL:LEU:VdWContact': 2, 'UNL:MET:Hydrophobic': 3, 'UNL:MET:VdWContact': 2, 'UNL:PHE:Hydrophobic': 3, 'UNL:PHE:VdWContact': 1, 'UNL:THR:Hydrophobic': 1}"
521,Chai-1,1LRH_NLA,0.9333333333333333,0.6266666666666667,"{'UNL:GLN:VdWContact': 1, 'UNL:LEU:Hydrophobic': 1, 'UNL:LEU:VdWContact': 1, 'UNL:THR:VdWContact': 1}","{'UNL:GLN:VdWContact': 1, 'UNL:GLU:VdWContact': 1, 'UNL:HIS:HBAcceptor': 1, 'UNL:HIS:VdWContact': 2, 'UNL:ILE:Hydrophobic': 3, 'UNL:ILE:VdWContact': 1, 'UNL:LEU:Hydrophobic': 1, 'UNL:PHE:Hydrophobic': 2, 'UNL:PHE:VdWContact': 1, 'UNL:PRO:Hydrophobic': 1, 'UNL:THR:Hydrophobic': 1, 'UNL:TRP:Hydrophobic': 2, 'UNL:TRP:VdWContact': 1}"
522,Chai-1,1KZK_JE2,0.769230769230769,0.6923076923076924,"{'UNL:ALA:VdWContact': 1, 'UNL:ASP:HBAcceptor': 1, 'UNL:ASP:Hydrophobic': 3, 'UNL:ASP:VdWContact': 4, 'UNL:GLY:HBDonor': 1, 'UNL:GLY:VdWContact': 4, 'UNL:ILE:Hydrophobic': 3, 'UNL:VAL:Hydrophobic': 1, 'UNL:VAL:VdWContact': 1}","{'UNL:ALA:Hydrophobic': 2, 'UNL:ASP:Hydrophobic': 3, 'UNL:ASP:VdWContact': 4, 'UNL:GLY:HBDonor': 1, 'UNL:GLY:VdWContact': 3, 'UNL:ILE:Hydrophobic': 6, 'UNL:LEU:Hydrophobic': 3, 'UNL:PRO:Hydrophobic': 2, 'UNL:PRO:VdWContact': 1, 'UNL:VAL:Hydrophobic': 4}"
523,Chai-1,1N2J_PAF,0.3846153846153846,0.8461538461538461,"{'UNL:GLN:VdWContact': 1, 'UNL:HIS:HBAcceptor': 1, 'UNL:HIS:VdWContact': 1, 'UNL:MET:HBAcceptor': 1, 'UNL:MET:VdWContact': 1, 'UNL:PRO:VdWContact': 1, 'UNL:THR:VdWContact': 1}","{'UNL:GLN:HBAcceptor': 2, 'UNL:GLN:VdWContact': 2, 'UNL:MET:Hydrophobic': 1, 'UNL:MET:VdWContact': 1, 'UNL:PHE:Hydrophobic': 1, 'UNL:PRO:Hydrophobic': 1, 'UNL:PRO:VdWContact': 1, 'UNL:VAL:Hydrophobic': 2, 'UNL:VAL:VdWContact': 1}"
524,Chai-1,1MEH_MOA,0.09090909090909091,0.9636363636363636,"{'UNL:ASP:VdWContact': 1, 'UNL:GLU:Hydrophobic': 1, 'UNL:GLU:VdWContact': 1, 'UNL:GLY:HBAcceptor': 1, 'UNL:GLY:VdWContact': 1, 'UNL:ILE:VdWContact': 1, 'UNL:SER:HBAcceptor': 1, 'UNL:SER:VdWContact': 2, 'UNL:TRP:Hydrophobic': 1, 'UNL:TRP:VdWContact': 1}","{'UNL:ASP:VdWContact': 1, 'UNL:GLU:Hydrophobic': 1, 'UNL:GLU:VdWContact': 1, 'UNL:GLY:HBAcceptor': 1, 'UNL:GLY:VdWContact': 1, 'UNL:ILE:VdWContact': 1, 'UNL:SER:HBAcceptor': 1, 'UNL:SER:HBDonor': 1, 'UNL:SER:VdWContact': 2}"
525,Chai-1,2BSM_BSM,0.1428571428571428,0.9428571428571428,"{'UNL:ALA:VdWContact': 1, 'UNL:ASN:Hydrophobic': 1, 'UNL:ASN:VdWContact': 1, 'UNL:ASP:HBDonor': 1, 'UNL:ASP:Hydrophobic': 1, 'UNL:ASP:VdWContact': 2, 'UNL:GLY:HBDonor': 1, 'UNL:GLY:VdWContact': 1, 'UNL:ILE:VdWContact': 1, 'UNL:LYS:VdWContact': 1, 'UNL:MET:Hydrophobic': 1, 'UNL:MET:VdWContact': 1, 'UNL:PHE:VdWContact': 1, 'UNL:THR:HBDonor': 1, 'UNL:THR:VdWContact': 1, 'UNL:VAL:VdWContact': 1}","{'UNL:ALA:Hydrophobic': 1, 'UNL:ASN:Hydrophobic': 1, 'UNL:ASN:VdWContact': 1, 'UNL:ASP:HBDonor': 1, 'UNL:ASP:Hydrophobic': 1, 'UNL:ASP:VdWContact': 1, 'UNL:GLY:HBDonor': 1, 'UNL:GLY:VdWContact': 2, 'UNL:ILE:Hydrophobic': 1, 'UNL:LYS:VdWContact': 1, 'UNL:MET:Hydrophobic': 1, 'UNL:PHE:VdWContact': 1, 'UNL:SER:VdWContact': 1, 'UNL:THR:HBDonor': 1, 'UNL:THR:Hydrophobic': 2, 'UNL:THR:VdWContact': 1, 'UNL:VAL:Hydrophobic': 1, 'UNL:VAL:VdWContact': 1}"
526,Chai-1,1V48_HA1,0.2631578947368421,0.8947368421052632,"{'UNL:ALA:HBAcceptor': 1, 'UNL:ALA:VdWContact': 1, 'UNL:ARG:HBAcceptor': 1, 'UNL:ARG:VdWContact': 1, 'UNL:ASN:HBAcceptor': 1, 'UNL:ASN:VdWContact': 2, 'UNL:GLU:HBDonor': 1, 'UNL:GLU:VdWContact': 1, 'UNL:HIS:VdWContact': 1, 'UNL:LEU:VdWContact': 1, 'UNL:MET:Hydrophobic': 1, 'UNL:SER:HBAcceptor': 1, 'UNL:SER:VdWContact': 2}","{'UNL:ALA:HBAcceptor': 1, 'UNL:ALA:Hydrophobic': 1, 'UNL:ALA:VdWContact': 1, 'UNL:ARG:HBAcceptor': 1, 'UNL:ARG:VdWContact': 1, 'UNL:ASN:HBAcceptor': 1, 'UNL:ASN:VdWContact': 2, 'UNL:GLU:HBDonor': 1, 'UNL:GLU:VdWContact': 1, 'UNL:HIS:VdWContact': 1, 'UNL:MET:Hydrophobic': 1, 'UNL:PHE:Hydrophobic': 1, 'UNL:PHE:VdWContact': 1, 'UNL:SER:HBAcceptor': 1, 'UNL:SER:HBDonor': 1, 'UNL:SER:VdWContact': 2, 'UNL:VAL:Hydrophobic': 1, 'UNL:VAL:VdWContact': 1}"
527,Chai-1,1L7F_BCZ,0.7142857142857142,0.7142857142857143,"{'UNL:ARG:HBAcceptor': 4, 'UNL:ARG:HBDonor': 1, 'UNL:ARG:VdWContact': 5, 'UNL:ASP:VdWContact': 1, 'UNL:GLU:VdWContact': 1, 'UNL:TRP:HBDonor': 1, 'UNL:TRP:VdWContact': 1, 'UNL:TYR:VdWContact': 1}","{'UNL:ALA:Hydrophobic': 1, 'UNL:ARG:HBAcceptor': 4, 'UNL:ARG:HBDonor': 1, 'UNL:ARG:Hydrophobic': 2, 'UNL:ARG:VdWContact': 4, 'UNL:ASP:VdWContact': 1, 'UNL:GLU:HBDonor': 1, 'UNL:GLU:Hydrophobic': 1, 'UNL:GLU:VdWContact': 3, 'UNL:ILE:Hydrophobic': 1, 'UNL:TRP:HBDonor': 1, 'UNL:TRP:Hydrophobic': 1, 'UNL:TRP:VdWContact': 1, 'UNL:TYR:VdWContact': 1}"
528,Chai-1,1JD0_AZM,0.2727272727272727,0.8909090909090909,"{'UNL:GLN:VdWContact': 1, 'UNL:HIS:HBDonor': 1, 'UNL:HIS:VdWContact': 2, 'UNL:LEU:VdWContact': 1, 'UNL:THR:HBAcceptor': 1, 'UNL:THR:HBDonor': 1, 'UNL:THR:VdWContact': 2}","{'UNL:GLN:Hydrophobic': 1, 'UNL:HIS:HBDonor': 2, 'UNL:HIS:VdWContact': 1, 'UNL:LEU:Hydrophobic': 1, 'UNL:LEU:VdWContact': 1, 'UNL:THR:HBAcceptor': 1, 'UNL:THR:HBDonor': 1, 'UNL:THR:VdWContact': 2, 'UNL:VAL:Hydrophobic': 1, 'UNL:VAL:VdWContact': 1}"
529,Chai-1,1S19_MC9,0.8095238095238096,0.6761904761904761,"{'UNL:ALA:VdWContact': 1, 'UNL:ARG:HBAcceptor': 1, 'UNL:ARG:VdWContact': 1, 'UNL:HIS:HBAcceptor': 1, 'UNL:HIS:VdWContact': 1, 'UNL:ILE:VdWContact': 1, 'UNL:LEU:Hydrophobic': 1, 'UNL:SER:VdWContact': 3, 'UNL:TRP:Hydrophobic': 1, 'UNL:TRP:VdWContact': 1, 'UNL:TYR:HBAcceptor': 1, 'UNL:TYR:VdWContact': 1}","{'UNL:ALA:Hydrophobic': 1, 'UNL:ALA:VdWContact': 1, 'UNL:ARG:HBAcceptor': 1, 'UNL:ARG:VdWContact': 1, 'UNL:CYS:VdWContact': 1, 'UNL:HIS:HBAcceptor': 2, 'UNL:HIS:HBDonor': 1, 'UNL:HIS:VdWContact': 2, 'UNL:ILE:Hydrophobic': 2, 'UNL:LEU:Hydrophobic': 6, 'UNL:MET:Hydrophobic': 1, 'UNL:PHE:Hydrophobic': 1, 'UNL:SER:VdWContact': 3, 'UNL:TRP:Hydrophobic': 1, 'UNL:TRP:VdWContact': 1, 'UNL:TYR:Hydrophobic': 2, 'UNL:TYR:VdWContact': 1, 'UNL:VAL:Hydrophobic': 2, 'UNL:VAL:VdWContact': 1}"
530,Chai-1,1LPZ_CMB,0.10526315789473689,0.9578947368421052,"{'UNL:ARG:VdWContact': 1, 'UNL:ASP:HBDonor': 1, 'UNL:ASP:VdWContact': 1, 'UNL:CYS:VdWContact': 1, 'UNL:GLN:Hydrophobic': 1, 'UNL:GLN:VdWContact': 1, 'UNL:GLU:Hydrophobic': 1, 'UNL:GLU:VdWContact': 1, 'UNL:GLY:VdWContact': 2, 'UNL:LYS:VdWContact': 1, 'UNL:SER:VdWContact': 1, 'UNL:TRP:Hydrophobic': 1, 'UNL:TRP:VdWContact': 1, 'UNL:TYR:Hydrophobic': 1, 'UNL:TYR:VdWContact': 1}","{'UNL:ALA:Hydrophobic': 1, 'UNL:ARG:VdWContact': 1, 'UNL:ASP:HBDonor': 1, 'UNL:ASP:VdWContact': 1, 'UNL:CYS:VdWContact': 1, 'UNL:GLN:Hydrophobic': 1, 'UNL:GLN:VdWContact': 1, 'UNL:GLU:Hydrophobic': 1, 'UNL:GLY:HBDonor': 1, 'UNL:GLY:VdWContact': 3, 'UNL:PHE:Hydrophobic': 1, 'UNL:TRP:Hydrophobic': 1, 'UNL:TRP:VdWContact': 1, 'UNL:TYR:Hydrophobic': 1, 'UNL:TYR:VdWContact': 1, 'UNL:VAL:Hydrophobic': 1}"
531,Chai-1,1X8X_TYR,0.4545454545454545,0.8181818181818182,"{'UNL:ASP:HBDonor': 2, 'UNL:ASP:Hydrophobic': 1, 'UNL:ASP:VdWContact': 3, 'UNL:GLN:HBDonor': 1, 'UNL:GLN:Hydrophobic': 1, 'UNL:GLN:VdWContact': 2, 'UNL:GLY:VdWContact': 1, 'UNL:TYR:VdWContact': 2}","{'UNL:ASP:HBDonor': 2, 'UNL:ASP:Hydrophobic': 1, 'UNL:ASP:VdWContact': 3, 'UNL:GLN:HBDonor': 2, 'UNL:GLN:Hydrophobic': 1, 'UNL:GLN:VdWContact': 3, 'UNL:GLY:VdWContact': 1, 'UNL:LEU:Hydrophobic': 1, 'UNL:THR:Hydrophobic': 1, 'UNL:TYR:Hydrophobic': 1, 'UNL:TYR:VdWContact': 2}"
532,Chai-1,1T46_STI,0.5357142857142856,0.7857142857142858,"{'UNL:ALA:VdWContact': 1, 'UNL:CYS:HBAcceptor': 1, 'UNL:CYS:HBDonor': 1, 'UNL:CYS:VdWContact': 2, 'UNL:GLU:VdWContact': 1, 'UNL:GLY:VdWContact': 2, 'UNL:LEU:Hydrophobic': 1, 'UNL:LEU:VdWContact': 1, 'UNL:PHE:Hydrophobic': 1, 'UNL:PHE:VdWContact': 1, 'UNL:TYR:VdWContact': 1, 'UNL:VAL:Hydrophobic': 1, 'UNL:VAL:VdWContact': 1}","{'UNL:ALA:Hydrophobic': 1, 'UNL:ARG:VdWContact': 1, 'UNL:ASP:HBAcceptor': 1, 'UNL:ASP:Hydrophobic': 1, 'UNL:ASP:VdWContact': 1, 'UNL:CYS:HBAcceptor': 1, 'UNL:CYS:Hydrophobic': 1, 'UNL:CYS:VdWContact': 2, 'UNL:GLU:Hydrophobic': 1, 'UNL:GLU:VdWContact': 1, 'UNL:HIS:VdWContact': 1, 'UNL:ILE:VdWContact': 1, 'UNL:LEU:Hydrophobic': 4, 'UNL:LEU:VdWContact': 1, 'UNL:LYS:Hydrophobic': 1, 'UNL:LYS:VdWContact': 1, 'UNL:PHE:Hydrophobic': 1, 'UNL:PHE:VdWContact': 1, 'UNL:THR:HBDonor': 1, 'UNL:THR:Hydrophobic': 1, 'UNL:THR:VdWContact': 1, 'UNL:TYR:Hydrophobic': 1, 'UNL:VAL:Hydrophobic': 4}"
533,Chai-1,1IG3_VIB,0.3076923076923077,0.8769230769230769,"{'UNL:ASP:HBDonor': 1, 'UNL:ASP:VdWContact': 1, 'UNL:GLN:HBDonor': 1, 'UNL:GLN:VdWContact': 1, 'UNL:LEU:VdWContact': 1, 'UNL:SER:VdWContact': 2, 'UNL:THR:VdWContact': 1, 'UNL:TRP:Hydrophobic': 1, 'UNL:TRP:VdWContact': 1}","{'UNL:ASN:Hydrophobic': 1, 'UNL:ASP:HBDonor': 1, 'UNL:ASP:VdWContact': 1, 'UNL:GLN:HBDonor': 1, 'UNL:GLN:Hydrophobic': 1, 'UNL:GLN:VdWContact': 1, 'UNL:LEU:Hydrophobic': 2, 'UNL:SER:VdWContact': 2, 'UNL:THR:Hydrophobic': 1, 'UNL:THR:VdWContact': 2, 'UNL:TRP:Hydrophobic': 1}"
534,Chai-1,1SQ5_PAU,0.5714285714285714,0.7714285714285715,"{'UNL:ARG:VdWContact': 1, 'UNL:ASP:VdWContact': 1, 'UNL:GLY:VdWContact': 1, 'UNL:HIS:VdWContact': 1, 'UNL:LEU:VdWContact': 1, 'UNL:TYR:VdWContact': 3}","{'UNL:ASN:HBAcceptor': 1, 'UNL:ASN:HBDonor': 1, 'UNL:ASN:VdWContact': 1, 'UNL:ASP:VdWContact': 1, 'UNL:GLY:VdWContact': 1, 'UNL:HIS:HBAcceptor': 1, 'UNL:HIS:VdWContact': 1, 'UNL:ILE:Hydrophobic': 1, 'UNL:LEU:Hydrophobic': 2, 'UNL:LEU:VdWContact': 1, 'UNL:LYS:VdWContact': 1, 'UNL:TYR:VdWContact': 1, 'UNL:VAL:Hydrophobic': 1}"
535,Chai-1,1Q4G_BFL,0.6000000000000001,0.76,"{'UNL:ALA:VdWContact': 1, 'UNL:ARG:HBAcceptor': 1, 'UNL:ARG:HBDonor': 1, 'UNL:ARG:VdWContact': 1, 'UNL:GLY:VdWContact': 1, 'UNL:TRP:VdWContact': 1, 'UNL:TYR:VdWContact': 2, 'UNL:VAL:VdWContact': 1}","{'UNL:ALA:Hydrophobic': 1, 'UNL:ALA:VdWContact': 1, 'UNL:ARG:HBAcceptor': 1, 'UNL:ARG:HBDonor': 1, 'UNL:ARG:VdWContact': 1, 'UNL:ILE:Hydrophobic': 1, 'UNL:LEU:Hydrophobic': 4, 'UNL:TRP:Hydrophobic': 1, 'UNL:TYR:HBAcceptor': 1, 'UNL:TYR:Hydrophobic': 2, 'UNL:TYR:VdWContact': 2, 'UNL:VAL:Hydrophobic': 2}"
536,Chai-1,1OYT_FSN,0.05555555555555555,0.9777777777777777,"{'UNL:ALA:VdWContact': 1, 'UNL:ASN:VdWContact': 1, 'UNL:ASP:HBDonor': 1, 'UNL:ASP:VdWContact': 1, 'UNL:GLU:VdWContact': 1, 'UNL:GLY:HBAcceptor': 1, 'UNL:GLY:VdWContact': 2, 'UNL:HIS:VdWContact': 1, 'UNL:LEU:Hydrophobic': 1, 'UNL:LEU:VdWContact': 1, 'UNL:SER:VdWContact': 2, 'UNL:TRP:Hydrophobic': 1, 'UNL:TRP:VdWContact': 1, 'UNL:TYR:VdWContact': 1}","{'UNL:ALA:VdWContact': 1, 'UNL:ASN:VdWContact': 1, 'UNL:ASP:HBDonor': 1, 'UNL:ASP:VdWContact': 1, 'UNL:GLU:Hydrophobic': 1, 'UNL:GLY:HBAcceptor': 1, 'UNL:GLY:HBDonor': 1, 'UNL:GLY:VdWContact': 2, 'UNL:HIS:VdWContact': 1, 'UNL:ILE:Hydrophobic': 1, 'UNL:LEU:Hydrophobic': 1, 'UNL:SER:VdWContact': 1, 'UNL:TRP:Hydrophobic': 2, 'UNL:TRP:VdWContact': 1, 'UNL:VAL:Hydrophobic': 1}"
537,Chai-1,1UNL_RRC,0.5263157894736843,0.7894736842105263,"{'UNL:ASP:VdWContact': 2, 'UNL:CYS:HBAcceptor': 1, 'UNL:CYS:HBDonor': 1, 'UNL:CYS:VdWContact': 1, 'UNL:GLN:VdWContact': 1, 'UNL:GLU:VdWContact': 1, 'UNL:GLY:VdWContact': 1, 'UNL:ILE:Hydrophobic': 1, 'UNL:LEU:VdWContact': 1, 'UNL:LYS:Hydrophobic': 1, 'UNL:PHE:VdWContact': 1, 'UNL:VAL:VdWContact': 2}","{'UNL:ALA:Hydrophobic': 2, 'UNL:ALA:VdWContact': 1, 'UNL:ASP:VdWContact': 1, 'UNL:CYS:HBAcceptor': 1, 'UNL:CYS:HBDonor': 1, 'UNL:CYS:VdWContact': 1, 'UNL:GLN:HBDonor': 1, 'UNL:GLN:VdWContact': 2, 'UNL:GLU:VdWContact': 2, 'UNL:ILE:Hydrophobic': 1, 'UNL:ILE:VdWContact': 1, 'UNL:LEU:Hydrophobic': 1, 'UNL:LYS:Hydrophobic': 2, 'UNL:PHE:Hydrophobic': 2, 'UNL:PHE:VdWContact': 1, 'UNL:VAL:Hydrophobic': 2, 'UNL:VAL:VdWContact': 2}"
538,Chai-1,1U1C_BAU,0.25,0.9,"{'UNL:ARG:HBAcceptor': 1, 'UNL:ARG:VdWContact': 1, 'UNL:GLN:HBAcceptor': 1, 'UNL:GLN:HBDonor': 1, 'UNL:GLN:VdWContact': 1, 'UNL:GLU:VdWContact': 1, 'UNL:HIS:VdWContact': 1, 'UNL:ILE:Hydrophobic': 1, 'UNL:MET:VdWContact': 1, 'UNL:PHE:Hydrophobic': 1, 'UNL:PHE:VdWContact': 2, 'UNL:THR:VdWContact': 1}","{'UNL:ARG:HBAcceptor': 1, 'UNL:ARG:VdWContact': 1, 'UNL:GLN:HBAcceptor': 1, 'UNL:GLN:HBDonor': 1, 'UNL:GLN:VdWContact': 1, 'UNL:GLU:VdWContact': 1, 'UNL:HIS:HBDonor': 1, 'UNL:HIS:VdWContact': 1, 'UNL:ILE:Hydrophobic': 1, 'UNL:ILE:VdWContact': 1, 'UNL:MET:VdWContact': 1, 'UNL:PHE:Hydrophobic': 2, 'UNL:PHE:VdWContact': 1, 'UNL:PRO:Hydrophobic': 1, 'UNL:THR:VdWContact': 1, 'UNL:VAL:Hydrophobic': 1}"
539,Chai-1,1K3U_IAD,0.1875,0.925,"{'UNL:ASN:HBAcceptor': 1, 'UNL:ASN:HBDonor': 1, 'UNL:ASN:VdWContact': 1, 'UNL:CYS:VdWContact': 1, 'UNL:GLU:HBDonor': 1, 'UNL:GLU:Hydrophobic': 1, 'UNL:GLU:VdWContact': 2, 'UNL:GLY:HBAcceptor': 1, 'UNL:GLY:VdWContact': 4, 'UNL:HIS:VdWContact': 1, 'UNL:LEU:Hydrophobic': 1, 'UNL:LEU:VdWContact': 2, 'UNL:LYS:VdWContact': 1, 'UNL:PHE:Hydrophobic': 1, 'UNL:PHE:VdWContact': 2, 'UNL:SER:HBAcceptor': 2, 'UNL:SER:HBDonor': 1, 'UNL:SER:VdWContact': 1, 'UNL:THR:HBAcceptor': 1, 'UNL:THR:VdWContact': 1}","{'UNL:ALA:Hydrophobic': 2, 'UNL:ASP:HBDonor': 1, 'UNL:ASP:VdWContact': 1, 'UNL:GLY:HBAcceptor': 3, 'UNL:GLY:HBDonor': 1, 'UNL:GLY:VdWContact': 4, 'UNL:ILE:HBAcceptor': 1, 'UNL:ILE:Hydrophobic': 3, 'UNL:ILE:VdWContact': 3, 'UNL:LEU:Hydrophobic': 2, 'UNL:PHE:HBAcceptor': 1, 'UNL:PHE:HBDonor': 1, 'UNL:PHE:Hydrophobic': 2, 'UNL:PHE:VdWContact': 2, 'UNL:SER:HBAcceptor': 1, 'UNL:SER:VdWContact': 1, 'UNL:THR:Hydrophobic': 1, 'UNL:THR:VdWContact': 1, 'UNL:TYR:Hydrophobic': 1, 'UNL:TYR:VdWContact': 1}"
540,Chai-1,1G9V_RQ3,0.42857142857142855,0.8285714285714285,"{'UNL:ARG:Hydrophobic': 1, 'UNL:ARG:VdWContact': 2, 'UNL:ASN:VdWContact': 1, 'UNL:GLU:VdWContact': 1, 'UNL:LEU:VdWContact': 2, 'UNL:LYS:Hydrophobic': 1}","{'UNL:ARG:Hydrophobic': 1, 'UNL:ARG:VdWContact': 1, 'UNL:ASN:VdWContact': 1, 'UNL:HIS:Hydrophobic': 1, 'UNL:LEU:Hydrophobic': 2, 'UNL:LYS:Hydrophobic': 1, 'UNL:LYS:VdWContact': 1, 'UNL:PHE:Hydrophobic': 1, 'UNL:PRO:Hydrophobic': 1, 'UNL:TRP:Hydrophobic': 1, 'UNL:TYR:Hydrophobic': 2, 'UNL:VAL:Hydrophobic': 1}"
541,Chai-1,1YV3_BIT,,0.0,,
542,Chai-1,1IA1_TQ3,0.1538461538461538,0.9384615384615385,"{'UNL:GLU:HBDonor': 1, 'UNL:GLU:VdWContact': 1, 'UNL:ILE:HBDonor': 1, 'UNL:ILE:Hydrophobic': 3, 'UNL:ILE:VdWContact': 3, 'UNL:MET:Hydrophobic': 1, 'UNL:MET:VdWContact': 1, 'UNL:PHE:Hydrophobic': 1, 'UNL:TYR:VdWContact': 1, 'UNL:VAL:VdWContact': 1}","{'UNL:ALA:Hydrophobic': 1, 'UNL:GLU:HBDonor': 1, 'UNL:GLU:VdWContact': 1, 'UNL:ILE:HBDonor': 1, 'UNL:ILE:Hydrophobic': 4, 'UNL:ILE:VdWContact': 3, 'UNL:LEU:Hydrophobic': 1, 'UNL:MET:Hydrophobic': 1, 'UNL:MET:VdWContact': 1, 'UNL:PHE:Hydrophobic': 1, 'UNL:THR:Hydrophobic': 1}"
543,Chai-1,1Q1G_MTI,0.38888888888888895,0.8444444444444444,"{'UNL:ASP:HBDonor': 1, 'UNL:ASP:VdWContact': 1, 'UNL:GLU:HBDonor': 1, 'UNL:GLU:Hydrophobic': 1, 'UNL:GLU:VdWContact': 2, 'UNL:HIS:VdWContact': 1, 'UNL:MET:HBAcceptor': 1, 'UNL:MET:VdWContact': 1, 'UNL:SER:VdWContact': 1, 'UNL:TRP:VdWContact': 1, 'UNL:TYR:VdWContact': 1, 'UNL:VAL:VdWContact': 1}","{'UNL:ASP:HBDonor': 1, 'UNL:ASP:VdWContact': 1, 'UNL:CYS:VdWContact': 1, 'UNL:GLU:HBDonor': 1, 'UNL:GLU:Hydrophobic': 1, 'UNL:GLU:VdWContact': 2, 'UNL:GLY:VdWContact': 1, 'UNL:MET:HBAcceptor': 1, 'UNL:MET:Hydrophobic': 1, 'UNL:MET:VdWContact': 1, 'UNL:SER:VdWContact': 1, 'UNL:TRP:Hydrophobic': 1, 'UNL:TRP:VdWContact': 1, 'UNL:TYR:Hydrophobic': 1, 'UNL:TYR:VdWContact': 1, 'UNL:VAL:Hydrophobic': 3, 'UNL:VAL:VdWContact': 1}"
544,Chai-1,1R1H_BIR,0.33333333333333326,0.8666666666666667,"{'UNL:ALA:VdWContact': 1, 'UNL:ARG:HBAcceptor': 1, 'UNL:ARG:VdWContact': 2, 'UNL:ASN:HBAcceptor': 1, 'UNL:ASN:HBDonor': 1, 'UNL:ASN:VdWContact': 1, 'UNL:GLU:VdWContact': 1, 'UNL:HIS:Hydrophobic': 1, 'UNL:HIS:VdWContact': 2, 'UNL:MET:Hydrophobic': 1, 'UNL:PHE:Hydrophobic': 1, 'UNL:PHE:VdWContact': 1, 'UNL:TRP:VdWContact': 1, 'UNL:VAL:Hydrophobic': 1}","{'UNL:ALA:Hydrophobic': 1, 'UNL:ALA:VdWContact': 1, 'UNL:ARG:HBAcceptor': 1, 'UNL:ARG:VdWContact': 1, 'UNL:ASN:HBAcceptor': 1, 'UNL:ASN:HBDonor': 1, 'UNL:ASN:VdWContact': 1, 'UNL:GLU:HBDonor': 1, 'UNL:GLU:VdWContact': 1, 'UNL:HIS:Hydrophobic': 1, 'UNL:HIS:VdWContact': 2, 'UNL:MET:Hydrophobic': 1, 'UNL:PHE:Hydrophobic': 3, 'UNL:PHE:VdWContact': 1, 'UNL:TRP:Hydrophobic': 1, 'UNL:TRP:VdWContact': 1, 'UNL:VAL:Hydrophobic': 2, 'UNL:VAL:VdWContact': 1}"
545,Chai-1,1YVF_PH7,0.0,1.0,"{'UNL:ARG:HBAcceptor': 1, 'UNL:ARG:Hydrophobic': 1, 'UNL:ARG:VdWContact': 1, 'UNL:ILE:Hydrophobic': 1, 'UNL:ILE:VdWContact': 1, 'UNL:LEU:Hydrophobic': 2, 'UNL:LEU:VdWContact': 2, 'UNL:MET:Hydrophobic': 1, 'UNL:MET:VdWContact': 1, 'UNL:SER:HBAcceptor': 1, 'UNL:SER:VdWContact': 1, 'UNL:TRP:Hydrophobic': 1, 'UNL:TRP:VdWContact': 1, 'UNL:TYR:VdWContact': 1, 'UNL:VAL:Hydrophobic': 1, 'UNL:VAL:VdWContact': 1}","{'UNL:ARG:Hydrophobic': 1, 'UNL:ASN:Hydrophobic': 1, 'UNL:ASN:VdWContact': 1, 'UNL:CYS:Hydrophobic': 1, 'UNL:CYS:VdWContact': 1, 'UNL:GLN:VdWContact': 1, 'UNL:LEU:Hydrophobic': 1, 'UNL:MET:Hydrophobic': 1, 'UNL:MET:VdWContact': 1, 'UNL:PHE:Hydrophobic': 1, 'UNL:PRO:Hydrophobic': 1, 'UNL:PRO:VdWContact': 1, 'UNL:SER:VdWContact': 2, 'UNL:TYR:HBAcceptor': 1, 'UNL:TYR:Hydrophobic': 2, 'UNL:TYR:VdWContact': 1}"
546,Chai-1,1YQY_915,0.21052631578947362,0.9157894736842106,"{'UNL:GLU:VdWContact': 3, 'UNL:GLY:HBAcceptor': 1, 'UNL:GLY:HBDonor': 1, 'UNL:GLY:VdWContact': 1, 'UNL:HIS:HBDonor': 1, 'UNL:HIS:Hydrophobic': 1, 'UNL:HIS:VdWContact': 2, 'UNL:LEU:Hydrophobic': 1, 'UNL:LEU:VdWContact': 1, 'UNL:LYS:Hydrophobic': 1, 'UNL:LYS:VdWContact': 1, 'UNL:SER:VdWContact': 1, 'UNL:TYR:VdWContact': 1, 'UNL:VAL:Hydrophobic': 1, 'UNL:VAL:VdWContact': 2}","{'UNL:ASP:Hydrophobic': 1, 'UNL:GLU:VdWContact': 3, 'UNL:GLY:HBAcceptor': 1, 'UNL:GLY:HBDonor': 1, 'UNL:GLY:VdWContact': 1, 'UNL:HIS:HBAcceptor': 1, 'UNL:HIS:HBDonor': 1, 'UNL:HIS:Hydrophobic': 1, 'UNL:HIS:VdWContact': 1, 'UNL:LEU:Hydrophobic': 2, 'UNL:LEU:VdWContact': 2, 'UNL:LYS:Hydrophobic': 1, 'UNL:SER:VdWContact': 1, 'UNL:TYR:HBDonor': 1, 'UNL:TYR:Hydrophobic': 1, 'UNL:TYR:VdWContact': 1, 'UNL:VAL:Hydrophobic': 2, 'UNL:VAL:VdWContact': 1}"
547,Chai-1,1HWW_SWA,0.5454545454545455,0.7818181818181817,"{'UNL:ARG:VdWContact': 1, 'UNL:ASP:HBDonor': 2, 'UNL:ASP:VdWContact': 4, 'UNL:HIS:VdWContact': 1, 'UNL:PHE:VdWContact': 1, 'UNL:TRP:VdWContact': 2, 'UNL:TYR:VdWContact': 2}","{'UNL:ARG:VdWContact': 1, 'UNL:ASP:HBDonor': 1, 'UNL:ASP:VdWContact': 3, 'UNL:HIS:VdWContact': 1, 'UNL:PHE:Hydrophobic': 1, 'UNL:PHE:VdWContact': 1, 'UNL:TRP:HBDonor': 1, 'UNL:TRP:Hydrophobic': 1, 'UNL:TRP:VdWContact': 2, 'UNL:TYR:Hydrophobic': 1, 'UNL:TYR:VdWContact': 2}"
548,Chai-1,1T40_ID5,0.7777777777777778,0.6888888888888889,"{'UNL:CYS:Hydrophobic': 1, 'UNL:HIS:VdWContact': 1, 'UNL:LEU:HBAcceptor': 1, 'UNL:LEU:Hydrophobic': 1, 'UNL:LEU:VdWContact': 1, 'UNL:THR:VdWContact': 1, 'UNL:TRP:HBAcceptor': 1, 'UNL:TRP:Hydrophobic': 2, 'UNL:TRP:VdWContact': 2, 'UNL:TYR:VdWContact': 1}","{'UNL:CYS:Hydrophobic': 1, 'UNL:CYS:VdWContact': 2, 'UNL:HIS:HBAcceptor': 1, 'UNL:HIS:HBDonor': 1, 'UNL:HIS:VdWContact': 1, 'UNL:LEU:HBAcceptor': 1, 'UNL:LEU:Hydrophobic': 1, 'UNL:LEU:VdWContact': 1, 'UNL:PHE:Hydrophobic': 2, 'UNL:THR:Hydrophobic': 1, 'UNL:THR:VdWContact': 1, 'UNL:TRP:HBAcceptor': 1, 'UNL:TRP:Hydrophobic': 4, 'UNL:TRP:VdWContact': 2, 'UNL:TYR:Hydrophobic': 2, 'UNL:TYR:VdWContact': 2, 'UNL:VAL:Hydrophobic': 1, 'UNL:VAL:VdWContact': 1}"
549,Chai-1,1GKC_NFH,0.36842105263157887,0.8526315789473684,"{'UNL:ALA:VdWContact': 1, 'UNL:GLU:VdWContact': 1, 'UNL:GLY:HBDonor': 1, 'UNL:GLY:VdWContact': 1, 'UNL:HIS:HBAcceptor': 2, 'UNL:HIS:VdWContact': 2, 'UNL:LEU:HBAcceptor': 1, 'UNL:LEU:VdWContact': 1, 'UNL:MET:VdWContact': 1, 'UNL:TYR:HBAcceptor': 1, 'UNL:TYR:Hydrophobic': 1, 'UNL:TYR:VdWContact': 1, 'UNL:VAL:VdWContact': 1}","{'UNL:ALA:VdWContact': 1, 'UNL:GLU:VdWContact': 1, 'UNL:GLY:HBDonor': 1, 'UNL:GLY:VdWContact': 1, 'UNL:HIS:HBAcceptor': 1, 'UNL:HIS:Hydrophobic': 1, 'UNL:HIS:VdWContact': 2, 'UNL:LEU:HBAcceptor': 1, 'UNL:LEU:Hydrophobic': 1, 'UNL:LEU:VdWContact': 1, 'UNL:MET:Hydrophobic': 1, 'UNL:MET:VdWContact': 1, 'UNL:PRO:HBDonor': 1, 'UNL:PRO:VdWContact': 1, 'UNL:TYR:HBAcceptor': 1, 'UNL:TYR:Hydrophobic': 1, 'UNL:TYR:VdWContact': 1, 'UNL:VAL:Hydrophobic': 1, 'UNL:VAL:VdWContact': 1}"
550,Chai-1,1N1M_A3M,,0.0,,
551,Chai-1,1Z95_198,0.5333333333333332,0.7866666666666667,"{'UNL:ARG:VdWContact': 1, 'UNL:ASN:VdWContact': 1, 'UNL:ILE:Hydrophobic': 1, 'UNL:ILE:VdWContact': 1, 'UNL:LEU:HBDonor': 1, 'UNL:LEU:Hydrophobic': 3, 'UNL:LEU:VdWContact': 2, 'UNL:MET:Hydrophobic': 2, 'UNL:MET:VdWContact': 3, 'UNL:PHE:VdWContact': 1, 'UNL:THR:VdWContact': 1}","{'UNL:ARG:VdWContact': 1, 'UNL:ASN:VdWContact': 1, 'UNL:GLY:VdWContact': 1, 'UNL:ILE:Hydrophobic': 2, 'UNL:ILE:VdWContact': 1, 'UNL:LEU:HBDonor': 1, 'UNL:LEU:Hydrophobic': 4, 'UNL:LEU:VdWContact': 2, 'UNL:MET:Hydrophobic': 3, 'UNL:MET:VdWContact': 3, 'UNL:PHE:Hydrophobic': 2, 'UNL:PHE:VdWContact': 1, 'UNL:THR:Hydrophobic': 1, 'UNL:THR:VdWContact': 1, 'UNL:VAL:Hydrophobic': 1}"
552,Chai-1,1HP0_AD3,0.24999999999999992,0.9,"{'UNL:ASN:HBAcceptor': 2, 'UNL:ASN:HBDonor': 1, 'UNL:ASN:VdWContact': 2, 'UNL:ASP:HBDonor': 1, 'UNL:ASP:VdWContact': 3, 'UNL:GLU:VdWContact': 1, 'UNL:MET:VdWContact': 1, 'UNL:TRP:VdWContact': 2}","{'UNL:ASN:HBAcceptor': 2, 'UNL:ASN:Hydrophobic': 1, 'UNL:ASN:VdWContact': 3, 'UNL:ASP:VdWContact': 3, 'UNL:GLU:VdWContact': 1, 'UNL:MET:VdWContact': 1, 'UNL:THR:VdWContact': 1, 'UNL:TRP:Hydrophobic': 2, 'UNL:TRP:VdWContact': 1, 'UNL:TYR:VdWContact': 1}"
553,Chai-1,1OF1_SCT,0.588235294117647,0.7647058823529412,"{'UNL:ALA:VdWContact': 1, 'UNL:ARG:VdWContact': 1, 'UNL:GLN:HBAcceptor': 1, 'UNL:GLN:HBDonor': 1, 'UNL:GLN:VdWContact': 1, 'UNL:HIS:VdWContact': 1, 'UNL:ILE:Hydrophobic': 1, 'UNL:TRP:VdWContact': 1, 'UNL:TYR:Hydrophobic': 1, 'UNL:TYR:VdWContact': 2}","{'UNL:ALA:Hydrophobic': 2, 'UNL:ALA:VdWContact': 1, 'UNL:ARG:HBAcceptor': 1, 'UNL:ARG:HBDonor': 1, 'UNL:ARG:VdWContact': 1, 'UNL:GLN:HBAcceptor': 1, 'UNL:GLN:HBDonor': 1, 'UNL:GLN:VdWContact': 1, 'UNL:GLU:VdWContact': 2, 'UNL:HIS:Hydrophobic': 1, 'UNL:HIS:VdWContact': 1, 'UNL:ILE:Hydrophobic': 2, 'UNL:MET:Hydrophobic': 1, 'UNL:TRP:Hydrophobic': 1, 'UNL:TYR:Hydrophobic': 2, 'UNL:TYR:VdWContact': 2}"
554,Chai-1,1SJ0_E4D,0.3478260869565216,0.8608695652173913,"{'UNL:ARG:HBAcceptor': 1, 'UNL:ARG:VdWContact': 1, 'UNL:ASP:VdWContact': 1, 'UNL:GLU:HBDonor': 1, 'UNL:GLU:VdWContact': 1, 'UNL:GLY:VdWContact': 1, 'UNL:HIS:VdWContact': 1, 'UNL:ILE:Hydrophobic': 1, 'UNL:ILE:VdWContact': 1, 'UNL:LEU:Hydrophobic': 5, 'UNL:LEU:VdWContact': 3, 'UNL:MET:Hydrophobic': 2, 'UNL:MET:VdWContact': 1, 'UNL:THR:VdWContact': 1, 'UNL:TRP:VdWContact': 1}","{'UNL:ALA:Hydrophobic': 1, 'UNL:ARG:HBAcceptor': 1, 'UNL:ARG:VdWContact': 1, 'UNL:ASP:VdWContact': 1, 'UNL:CYS:Hydrophobic': 1, 'UNL:CYS:VdWContact': 1, 'UNL:GLU:VdWContact': 1, 'UNL:HIS:HBDonor': 1, 'UNL:HIS:Hydrophobic': 1, 'UNL:HIS:VdWContact': 1, 'UNL:ILE:Hydrophobic': 1, 'UNL:LEU:HBDonor': 1, 'UNL:LEU:Hydrophobic': 7, 'UNL:LEU:VdWContact': 3, 'UNL:MET:Hydrophobic': 3, 'UNL:MET:VdWContact': 1, 'UNL:PHE:Hydrophobic': 1, 'UNL:THR:VdWContact': 1, 'UNL:TRP:Hydrophobic': 1, 'UNL:TRP:VdWContact': 1}"
555,Chai-1,1U4D_DBQ,0.07692307692307693,0.9692307692307692,"{'UNL:ALA:HBAcceptor': 1, 'UNL:ALA:VdWContact': 1, 'UNL:ASN:VdWContact': 1, 'UNL:ASP:VdWContact': 1, 'UNL:GLU:HBDonor': 1, 'UNL:GLU:VdWContact': 1, 'UNL:LEU:Hydrophobic': 1, 'UNL:LEU:VdWContact': 2, 'UNL:VAL:Hydrophobic': 1, 'UNL:VAL:VdWContact': 1}","{'UNL:ALA:HBAcceptor': 1, 'UNL:ALA:Hydrophobic': 1, 'UNL:ALA:VdWContact': 1, 'UNL:ASP:HBDonor': 1, 'UNL:ASP:VdWContact': 1, 'UNL:GLU:HBDonor': 1, 'UNL:GLU:VdWContact': 1, 'UNL:LEU:Hydrophobic': 2, 'UNL:LEU:VdWContact': 1, 'UNL:LYS:VdWContact': 1, 'UNL:VAL:Hydrophobic': 1}"
556,Chai-1,1Q41_IXM,0.4666666666666667,0.8133333333333334,"{'UNL:ASP:HBDonor': 1, 'UNL:ASP:VdWContact': 1, 'UNL:CYS:Hydrophobic': 1, 'UNL:LEU:Hydrophobic': 1, 'UNL:LEU:VdWContact': 1, 'UNL:PRO:VdWContact': 1, 'UNL:VAL:HBAcceptor': 1, 'UNL:VAL:HBDonor': 1, 'UNL:VAL:VdWContact': 1}","{'UNL:ALA:Hydrophobic': 1, 'UNL:ASP:HBDonor': 1, 'UNL:ASP:VdWContact': 1, 'UNL:CYS:Hydrophobic': 1, 'UNL:ILE:Hydrophobic': 1, 'UNL:LEU:Hydrophobic': 2, 'UNL:PRO:VdWContact': 1, 'UNL:THR:Hydrophobic': 1, 'UNL:TYR:Hydrophobic': 1, 'UNL:TYR:VdWContact': 1, 'UNL:VAL:HBAcceptor': 1, 'UNL:VAL:HBDonor': 1, 'UNL:VAL:Hydrophobic': 2, 'UNL:VAL:VdWContact': 1}"
557,Chai-1,1OWE_675,0.39999999999999997,0.8400000000000001,"{'UNL:ASP:HBDonor': 1, 'UNL:ASP:VdWContact': 1, 'UNL:GLN:Hydrophobic': 1, 'UNL:GLY:HBDonor': 1, 'UNL:GLY:VdWContact': 2, 'UNL:HIS:VdWContact': 1, 'UNL:SER:VdWContact': 2}","{'UNL:ASP:HBDonor': 1, 'UNL:ASP:VdWContact': 1, 'UNL:GLN:Hydrophobic': 1, 'UNL:GLN:VdWContact': 1, 'UNL:GLY:HBDonor': 1, 'UNL:GLY:VdWContact': 1, 'UNL:HIS:Hydrophobic': 1, 'UNL:HIS:VdWContact': 1, 'UNL:SER:VdWContact': 2, 'UNL:VAL:Hydrophobic': 1}"
558,Chai-1,1OQ5_CEL,0.3888888888888889,0.8444444444444444,"{'UNL:ASN:VdWContact': 1, 'UNL:HIS:HBDonor': 1, 'UNL:HIS:Hydrophobic': 1, 'UNL:HIS:VdWContact': 2, 'UNL:LEU:Hydrophobic': 1, 'UNL:LEU:VdWContact': 1, 'UNL:PHE:VdWContact': 1, 'UNL:THR:HBAcceptor': 1, 'UNL:THR:HBDonor': 1, 'UNL:THR:VdWContact': 2}","{'UNL:ASN:Hydrophobic': 1, 'UNL:ASN:VdWContact': 1, 'UNL:GLN:Hydrophobic': 1, 'UNL:GLN:VdWContact': 1, 'UNL:GLU:Hydrophobic': 1, 'UNL:GLU:VdWContact': 1, 'UNL:HIS:HBDonor': 1, 'UNL:HIS:VdWContact': 1, 'UNL:LEU:Hydrophobic': 1, 'UNL:LEU:VdWContact': 1, 'UNL:PHE:Hydrophobic': 1, 'UNL:THR:HBAcceptor': 1, 'UNL:THR:HBDonor': 1, 'UNL:THR:Hydrophobic': 1, 'UNL:THR:VdWContact': 2, 'UNL:VAL:Hydrophobic': 1}"
559,Chai-1,1SG0_STL,0.375,0.85,"{'UNL:ASN:HBAcceptor': 1, 'UNL:ASN:VdWContact': 1, 'UNL:PHE:Hydrophobic': 1, 'UNL:PHE:VdWContact': 3, 'UNL:TRP:Hydrophobic': 1, 'UNL:TRP:VdWContact': 1}","{'UNL:ASN:HBAcceptor': 1, 'UNL:ASN:VdWContact': 1, 'UNL:GLY:HBDonor': 1, 'UNL:GLY:VdWContact': 1, 'UNL:PHE:Hydrophobic': 3, 'UNL:PHE:VdWContact': 2, 'UNL:TRP:Hydrophobic': 1, 'UNL:TRP:VdWContact': 1}"
560,Chai-1,2BR1_PFP,0.1333333333333333,0.9466666666666667,"{'UNL:ALA:VdWContact': 1, 'UNL:ASP:VdWContact': 1, 'UNL:CYS:HBAcceptor': 1, 'UNL:CYS:VdWContact': 1, 'UNL:GLU:Hydrophobic': 1, 'UNL:GLU:VdWContact': 2, 'UNL:GLY:VdWContact': 1, 'UNL:LEU:Hydrophobic': 1, 'UNL:SER:VdWContact': 1, 'UNL:VAL:Hydrophobic': 1, 'UNL:VAL:VdWContact': 1}","{'UNL:ALA:Hydrophobic': 1, 'UNL:ALA:VdWContact': 1, 'UNL:CYS:HBAcceptor': 1, 'UNL:CYS:Hydrophobic': 1, 'UNL:CYS:VdWContact': 1, 'UNL:GLU:Hydrophobic': 1, 'UNL:GLU:VdWContact': 2, 'UNL:LEU:Hydrophobic': 2, 'UNL:LEU:VdWContact': 1, 'UNL:SER:VdWContact': 1, 'UNL:TYR:Hydrophobic': 1, 'UNL:VAL:Hydrophobic': 1}"
561,Chai-1,1UOU_CMU,0.20000000000000012,0.9199999999999999,"{'UNL:ARG:HBAcceptor': 1, 'UNL:ARG:VdWContact': 2, 'UNL:GLY:VdWContact': 1, 'UNL:HIS:VdWContact': 1, 'UNL:ILE:Hydrophobic': 1, 'UNL:ILE:VdWContact': 1, 'UNL:LEU:VdWContact': 1, 'UNL:LYS:VdWContact': 1, 'UNL:SER:HBDonor': 1, 'UNL:SER:VdWContact': 2, 'UNL:THR:VdWContact': 2, 'UNL:TYR:VdWContact': 1}","{'UNL:ARG:HBAcceptor': 1, 'UNL:ARG:VdWContact': 2, 'UNL:GLY:VdWContact': 1, 'UNL:HIS:HBDonor': 1, 'UNL:HIS:VdWContact': 1, 'UNL:ILE:Hydrophobic': 2, 'UNL:LEU:Hydrophobic': 1, 'UNL:LEU:VdWContact': 1, 'UNL:LYS:VdWContact': 1, 'UNL:SER:HBDonor': 1, 'UNL:SER:VdWContact': 2, 'UNL:THR:VdWContact': 2, 'UNL:TYR:Hydrophobic': 1, 'UNL:TYR:VdWContact': 1}"
562,Chai-1,1TZ8_DES,0.29999999999999993,0.88,"{'UNL:ALA:VdWContact': 3, 'UNL:LEU:Hydrophobic': 4, 'UNL:LEU:VdWContact': 2, 'UNL:LYS:Hydrophobic': 2, 'UNL:LYS:VdWContact': 2, 'UNL:SER:HBAcceptor': 2, 'UNL:SER:VdWContact': 2}","{'UNL:ALA:Hydrophobic': 2, 'UNL:LEU:Hydrophobic': 4, 'UNL:LEU:VdWContact': 2, 'UNL:LYS:Hydrophobic': 2, 'UNL:LYS:VdWContact': 1, 'UNL:SER:HBAcceptor': 2, 'UNL:SER:HBDonor': 1, 'UNL:SER:VdWContact': 2, 'UNL:THR:Hydrophobic': 2}"
563,Chai-1,1R9O_FLP,0.5625,0.775,"{'UNL:ARG:HBAcceptor': 1, 'UNL:ARG:VdWContact': 1, 'UNL:ASP:VdWContact': 1, 'UNL:LEU:Hydrophobic': 1, 'UNL:LEU:VdWContact': 3, 'UNL:PHE:VdWContact': 1, 'UNL:VAL:VdWContact': 1}","{'UNL:ALA:Hydrophobic': 1, 'UNL:ARG:HBAcceptor': 1, 'UNL:ARG:VdWContact': 1, 'UNL:ASN:HBAcceptor': 1, 'UNL:ASN:VdWContact': 1, 'UNL:ASP:VdWContact': 1, 'UNL:GLY:VdWContact': 1, 'UNL:ILE:Hydrophobic': 1, 'UNL:LEU:Hydrophobic': 4, 'UNL:MET:Hydrophobic': 1, 'UNL:MET:VdWContact': 1, 'UNL:THR:Hydrophobic': 1, 'UNL:VAL:Hydrophobic': 2, 'UNL:VAL:VdWContact': 1}"
564,Chai-1,1P2Y_NCT,0.16666666666666657,0.9333333333333333,"{'UNL:GLY:VdWContact': 1, 'UNL:LEU:Hydrophobic': 1, 'UNL:LEU:VdWContact': 1, 'UNL:PHE:VdWContact': 1, 'UNL:THR:VdWContact': 1, 'UNL:TYR:VdWContact': 1, 'UNL:VAL:Hydrophobic': 1, 'UNL:VAL:VdWContact': 2}","{'UNL:ASP:Hydrophobic': 1, 'UNL:ILE:Hydrophobic': 1, 'UNL:LEU:Hydrophobic': 1, 'UNL:LEU:VdWContact': 1, 'UNL:PHE:Hydrophobic': 1, 'UNL:PHE:VdWContact': 1, 'UNL:THR:Hydrophobic': 1, 'UNL:VAL:Hydrophobic': 2, 'UNL:VAL:VdWContact': 2}"
565,Chai-1,1V0P_PVB,0.09999999999999992,0.9600000000000001,"{'UNL:ALA:VdWContact': 2, 'UNL:ASP:VdWContact': 2, 'UNL:GLN:Hydrophobic': 1, 'UNL:GLN:VdWContact': 2, 'UNL:GLU:VdWContact': 2, 'UNL:GLY:VdWContact': 2, 'UNL:HIS:VdWContact': 1, 'UNL:ILE:VdWContact': 1, 'UNL:LEU:HBAcceptor': 1, 'UNL:LEU:VdWContact': 2, 'UNL:LYS:Hydrophobic': 1, 'UNL:LYS:VdWContact': 1, 'UNL:PHE:VdWContact': 1, 'UNL:VAL:VdWContact': 2}","{'UNL:ALA:Hydrophobic': 2, 'UNL:ALA:VdWContact': 2, 'UNL:GLN:VdWContact': 1, 'UNL:GLU:VdWContact': 1, 'UNL:GLY:VdWContact': 2, 'UNL:ILE:Hydrophobic': 1, 'UNL:LEU:HBAcceptor': 1, 'UNL:LEU:HBDonor': 1, 'UNL:LEU:Hydrophobic': 1, 'UNL:LEU:VdWContact': 2, 'UNL:PHE:Hydrophobic': 1, 'UNL:VAL:Hydrophobic': 2, 'UNL:VAL:VdWContact': 2}"
566,Chai-1,1XOZ_CIA,0.5,0.8,"{'UNL:ALA:VdWContact': 2, 'UNL:GLN:HBDonor': 1, 'UNL:GLN:Hydrophobic': 1, 'UNL:GLN:VdWContact': 1, 'UNL:LEU:VdWContact': 1, 'UNL:MET:Hydrophobic': 1, 'UNL:MET:VdWContact': 1, 'UNL:PHE:Hydrophobic': 1, 'UNL:PHE:VdWContact': 1, 'UNL:VAL:Hydrophobic': 1}","{'UNL:ALA:Hydrophobic': 2, 'UNL:GLN:HBDonor': 1, 'UNL:GLN:Hydrophobic': 1, 'UNL:GLN:VdWContact': 2, 'UNL:ILE:Hydrophobic': 2, 'UNL:ILE:VdWContact': 1, 'UNL:LEU:Hydrophobic': 1, 'UNL:LEU:VdWContact': 1, 'UNL:MET:Hydrophobic': 1, 'UNL:MET:VdWContact': 1, 'UNL:PHE:Hydrophobic': 2, 'UNL:PHE:VdWContact': 1, 'UNL:TYR:Hydrophobic': 1, 'UNL:VAL:Hydrophobic': 1, 'UNL:VAL:VdWContact': 1}"
567,Chai-1,1R55_097,0.5333333333333332,0.7866666666666667,"{'UNL:ALA:HBDonor': 2, 'UNL:ALA:VdWContact': 3, 'UNL:GLU:VdWContact': 1, 'UNL:GLY:HBDonor': 1, 'UNL:GLY:VdWContact': 1, 'UNL:HIS:HBAcceptor': 1, 'UNL:HIS:VdWContact': 3, 'UNL:THR:HBAcceptor': 1, 'UNL:THR:VdWContact': 3, 'UNL:VAL:HBAcceptor': 1, 'UNL:VAL:VdWContact': 1}","{'UNL:ALA:HBDonor': 2, 'UNL:ALA:Hydrophobic': 2, 'UNL:ALA:VdWContact': 2, 'UNL:GLU:VdWContact': 1, 'UNL:GLY:HBDonor': 1, 'UNL:GLY:VdWContact': 1, 'UNL:HIS:HBAcceptor': 1, 'UNL:HIS:Hydrophobic': 1, 'UNL:HIS:VdWContact': 3, 'UNL:THR:HBAcceptor': 1, 'UNL:THR:Hydrophobic': 2, 'UNL:THR:VdWContact': 2, 'UNL:VAL:HBAcceptor': 1, 'UNL:VAL:Hydrophobic': 1, 'UNL:VAL:VdWContact': 1}"
568,Chai-1,1YWR_LI9,0.4545454545454545,0.8181818181818182,"{'UNL:ALA:VdWContact': 2, 'UNL:ASN:VdWContact': 1, 'UNL:ASP:Hydrophobic': 1, 'UNL:ASP:VdWContact': 1, 'UNL:HIS:VdWContact': 1, 'UNL:LEU:VdWContact': 1, 'UNL:LYS:HBAcceptor': 1, 'UNL:LYS:Hydrophobic': 1, 'UNL:LYS:VdWContact': 1, 'UNL:MET:HBAcceptor': 1, 'UNL:MET:HBDonor': 1, 'UNL:MET:VdWContact': 1, 'UNL:THR:VdWContact': 1, 'UNL:TYR:VdWContact': 1}","{'UNL:ALA:Hydrophobic': 1, 'UNL:ALA:VdWContact': 1, 'UNL:ASP:Hydrophobic': 1, 'UNL:ASP:VdWContact': 1, 'UNL:HIS:VdWContact': 1, 'UNL:ILE:Hydrophobic': 1, 'UNL:LEU:Hydrophobic': 4, 'UNL:LEU:VdWContact': 2, 'UNL:LYS:Hydrophobic': 1, 'UNL:LYS:VdWContact': 1, 'UNL:MET:HBAcceptor': 1, 'UNL:MET:HBDonor': 1, 'UNL:MET:Hydrophobic': 1, 'UNL:MET:VdWContact': 1, 'UNL:THR:Hydrophobic': 1, 'UNL:THR:VdWContact': 1, 'UNL:TYR:Hydrophobic': 1, 'UNL:TYR:VdWContact': 1, 'UNL:VAL:Hydrophobic': 2, 'UNL:VAL:VdWContact': 1}"
569,Chai-1,1HQ2_PH2,0.29411764705882354,0.8823529411764706,"{'UNL:ARG:VdWContact': 1, 'UNL:ASN:HBAcceptor': 1, 'UNL:ASN:HBDonor': 1, 'UNL:ASN:VdWContact': 1, 'UNL:LEU:HBAcceptor': 1, 'UNL:LEU:VdWContact': 1, 'UNL:PHE:VdWContact': 1, 'UNL:PRO:HBDonor': 1, 'UNL:PRO:VdWContact': 1, 'UNL:THR:HBDonor': 1, 'UNL:THR:VdWContact': 1}","{'UNL:ASN:HBAcceptor': 1, 'UNL:ASN:HBDonor': 1, 'UNL:ASN:VdWContact': 1, 'UNL:ASP:VdWContact': 1, 'UNL:LEU:HBAcceptor': 1, 'UNL:LEU:HBDonor': 1, 'UNL:LEU:Hydrophobic': 1, 'UNL:LEU:VdWContact': 1, 'UNL:PHE:Hydrophobic': 1, 'UNL:PHE:VdWContact': 1, 'UNL:PRO:HBDonor': 1, 'UNL:PRO:VdWContact': 1, 'UNL:THR:HBDonor': 1, 'UNL:THR:VdWContact': 1, 'UNL:TYR:Hydrophobic': 1, 'UNL:TYR:VdWContact': 1}"
570,Chai-1,1MZC_BNE,0.46153846153846156,0.8153846153846154,"{'UNL:ALA:VdWContact': 1, 'UNL:ARG:VdWContact': 1, 'UNL:ASP:VdWContact': 1, 'UNL:CYS:HBAcceptor': 1, 'UNL:CYS:VdWContact': 1, 'UNL:TRP:Hydrophobic': 1, 'UNL:TRP:VdWContact': 3, 'UNL:TYR:VdWContact': 2}","{'UNL:ALA:Hydrophobic': 1, 'UNL:ARG:HBAcceptor': 1, 'UNL:ARG:VdWContact': 1, 'UNL:ASP:VdWContact': 1, 'UNL:CYS:HBAcceptor': 1, 'UNL:CYS:VdWContact': 1, 'UNL:LEU:Hydrophobic': 1, 'UNL:SER:VdWContact': 1, 'UNL:TRP:Hydrophobic': 3, 'UNL:TRP:VdWContact': 2, 'UNL:TYR:Hydrophobic': 2, 'UNL:TYR:VdWContact': 2}"
571,Chai-1,1V4S_MRK,0.4285714285714286,0.8285714285714285,"{'UNL:ARG:HBAcceptor': 1, 'UNL:ARG:HBDonor': 1, 'UNL:ARG:VdWContact': 1, 'UNL:GLU:VdWContact': 1, 'UNL:ILE:Hydrophobic': 1, 'UNL:ILE:VdWContact': 1, 'UNL:MET:Hydrophobic': 1, 'UNL:MET:VdWContact': 1, 'UNL:SER:VdWContact': 1, 'UNL:TYR:HBDonor': 1, 'UNL:TYR:VdWContact': 2, 'UNL:VAL:Hydrophobic': 1, 'UNL:VAL:VdWContact': 1}","{'UNL:ALA:Hydrophobic': 1, 'UNL:ARG:HBAcceptor': 1, 'UNL:ARG:HBDonor': 1, 'UNL:ARG:Hydrophobic': 1, 'UNL:ARG:VdWContact': 1, 'UNL:GLU:Hydrophobic': 1, 'UNL:ILE:Hydrophobic': 2, 'UNL:MET:Hydrophobic': 2, 'UNL:MET:VdWContact': 1, 'UNL:PRO:Hydrophobic': 1, 'UNL:THR:HBAcceptor': 1, 'UNL:THR:Hydrophobic': 1, 'UNL:THR:VdWContact': 1, 'UNL:TYR:HBDonor': 1, 'UNL:TYR:Hydrophobic': 2, 'UNL:TYR:VdWContact': 2, 'UNL:VAL:Hydrophobic': 3}"
572,Chai-1,1NAV_IH5,0.5294117647058824,0.788235294117647,"{'UNL:ARG:Hydrophobic': 1, 'UNL:HIS:HBAcceptor': 1, 'UNL:HIS:HBDonor': 1, 'UNL:HIS:VdWContact': 1, 'UNL:LEU:Hydrophobic': 2, 'UNL:LEU:VdWContact': 1, 'UNL:MET:Hydrophobic': 3, 'UNL:MET:VdWContact': 2, 'UNL:PHE:Hydrophobic': 1, 'UNL:SER:HBAcceptor': 1, 'UNL:SER:VdWContact': 1}","{'UNL:ALA:Hydrophobic': 2, 'UNL:GLY:VdWContact': 1, 'UNL:HIS:HBAcceptor': 1, 'UNL:HIS:VdWContact': 1, 'UNL:ILE:Hydrophobic': 1, 'UNL:ILE:VdWContact': 1, 'UNL:LEU:Hydrophobic': 3, 'UNL:LEU:VdWContact': 2, 'UNL:MET:Hydrophobic': 3, 'UNL:MET:VdWContact': 2, 'UNL:PHE:Hydrophobic': 3, 'UNL:PHE:VdWContact': 1, 'UNL:SER:HBAcceptor': 1, 'UNL:SER:VdWContact': 1, 'UNL:THR:Hydrophobic': 1}"
573,Chai-1,1JJE_BYS,0.3500000000000001,0.86,"{'UNL:ASN:HBAcceptor': 1, 'UNL:ASN:Hydrophobic': 1, 'UNL:ASN:VdWContact': 1, 'UNL:ASP:Hydrophobic': 1, 'UNL:HIS:HBAcceptor': 1, 'UNL:HIS:Hydrophobic': 2, 'UNL:HIS:VdWContact': 2, 'UNL:LYS:HBAcceptor': 1, 'UNL:LYS:VdWContact': 1, 'UNL:SER:VdWContact': 1, 'UNL:TRP:Hydrophobic': 1, 'UNL:TRP:VdWContact': 1}","{'UNL:ASN:HBAcceptor': 1, 'UNL:ASN:Hydrophobic': 1, 'UNL:ASN:VdWContact': 1, 'UNL:ASP:Hydrophobic': 1, 'UNL:ASP:VdWContact': 1, 'UNL:CYS:VdWContact': 1, 'UNL:GLY:VdWContact': 1, 'UNL:HIS:HBDonor': 1, 'UNL:HIS:Hydrophobic': 2, 'UNL:HIS:VdWContact': 3, 'UNL:LYS:HBDonor': 1, 'UNL:LYS:VdWContact': 1, 'UNL:PHE:Hydrophobic': 1, 'UNL:TRP:Hydrophobic': 1, 'UNL:TRP:VdWContact': 1, 'UNL:VAL:Hydrophobic': 2, 'UNL:VAL:VdWContact': 1}"
574,Chai-1,1GM8_SOX,0.16666666666666663,0.9333333333333333,"{'UNL:ALA:HBAcceptor': 1, 'UNL:ALA:HBDonor': 1, 'UNL:ALA:VdWContact': 1, 'UNL:ASN:HBAcceptor': 1, 'UNL:ASN:VdWContact': 1, 'UNL:GLN:HBDonor': 1, 'UNL:GLN:VdWContact': 1, 'UNL:ILE:VdWContact': 1, 'UNL:MET:VdWContact': 1, 'UNL:PHE:VdWContact': 3, 'UNL:SER:VdWContact': 2, 'UNL:THR:VdWContact': 1}","{'UNL:ALA:Hydrophobic': 1, 'UNL:ALA:VdWContact': 1, 'UNL:GLN:VdWContact': 1, 'UNL:ILE:Hydrophobic': 1, 'UNL:ILE:VdWContact': 1, 'UNL:LEU:Hydrophobic': 1, 'UNL:MET:Hydrophobic': 1, 'UNL:PHE:Hydrophobic': 3, 'UNL:PHE:VdWContact': 3, 'UNL:PRO:Hydrophobic': 1, 'UNL:SER:VdWContact': 2}"
575,Chai-1,1J3J_CP6,0.4285714285714286,0.8285714285714285,"{'UNL:ASN:VdWContact': 1, 'UNL:ASP:HBDonor': 1, 'UNL:ASP:VdWContact': 1, 'UNL:CYS:VdWContact': 1, 'UNL:ILE:HBDonor': 1, 'UNL:ILE:Hydrophobic': 1, 'UNL:ILE:VdWContact': 3, 'UNL:MET:VdWContact': 1, 'UNL:PHE:Hydrophobic': 1, 'UNL:PHE:VdWContact': 1}","{'UNL:ALA:Hydrophobic': 1, 'UNL:ASN:Hydrophobic': 1, 'UNL:ASN:VdWContact': 1, 'UNL:ASP:HBDonor': 1, 'UNL:ASP:VdWContact': 1, 'UNL:CYS:VdWContact': 1, 'UNL:ILE:HBDonor': 2, 'UNL:ILE:Hydrophobic': 2, 'UNL:ILE:VdWContact': 2, 'UNL:LEU:Hydrophobic': 1, 'UNL:MET:Hydrophobic': 1, 'UNL:PHE:Hydrophobic': 1, 'UNL:PHE:VdWContact': 1}"
576,Chai-1,1T9B_1CS,0.4666666666666667,0.8133333333333334,"{'UNL:ALA:VdWContact': 1, 'UNL:ARG:HBAcceptor': 1, 'UNL:ARG:VdWContact': 1, 'UNL:GLY:VdWContact': 1, 'UNL:LYS:VdWContact': 1, 'UNL:PHE:Hydrophobic': 1, 'UNL:PHE:VdWContact': 1, 'UNL:VAL:Hydrophobic': 1}","{'UNL:ALA:Hydrophobic': 2, 'UNL:ALA:VdWContact': 1, 'UNL:ARG:HBAcceptor': 1, 'UNL:ARG:VdWContact': 1, 'UNL:ASP:VdWContact': 1, 'UNL:MET:Hydrophobic': 1, 'UNL:MET:VdWContact': 1, 'UNL:PHE:Hydrophobic': 1, 'UNL:PHE:VdWContact': 1, 'UNL:PRO:Hydrophobic': 1, 'UNL:TRP:Hydrophobic': 1, 'UNL:VAL:Hydrophobic': 2, 'UNL:VAL:VdWContact': 1}"
577,Chai-1,1PMN_984,0.5,0.8,"{'UNL:ASN:VdWContact': 1, 'UNL:ASP:VdWContact': 1, 'UNL:GLU:VdWContact': 1, 'UNL:ILE:VdWContact': 2, 'UNL:LEU:Hydrophobic': 1, 'UNL:LYS:Hydrophobic': 1, 'UNL:MET:HBAcceptor': 1, 'UNL:MET:HBDonor': 1, 'UNL:MET:Hydrophobic': 1, 'UNL:MET:VdWContact': 2, 'UNL:SER:VdWContact': 1}","{'UNL:ALA:Hydrophobic': 1, 'UNL:ALA:VdWContact': 2, 'UNL:ASN:VdWContact': 1, 'UNL:ILE:Hydrophobic': 2, 'UNL:ILE:VdWContact': 2, 'UNL:LEU:Hydrophobic': 3, 'UNL:LEU:VdWContact': 2, 'UNL:LYS:Hydrophobic': 1, 'UNL:MET:HBAcceptor': 1, 'UNL:MET:Hydrophobic': 2, 'UNL:MET:VdWContact': 2, 'UNL:VAL:Hydrophobic': 2}"
578,Chai-1,1N2V_BDI,0.0,1.0,"{'UNL:ALA:VdWContact': 1, 'UNL:ASP:HBDonor': 1, 'UNL:ASP:VdWContact': 1, 'UNL:GLN:HBAcceptor': 1, 'UNL:GLN:VdWContact': 1, 'UNL:GLY:HBAcceptor': 1, 'UNL:GLY:VdWContact': 2, 'UNL:MET:Hydrophobic': 1, 'UNL:MET:VdWContact': 1, 'UNL:TYR:Hydrophobic': 1, 'UNL:TYR:VdWContact': 1}","{'UNL:ALA:Hydrophobic': 1, 'UNL:ASP:HBDonor': 1, 'UNL:ASP:VdWContact': 1, 'UNL:CYS:Hydrophobic': 1, 'UNL:GLN:HBAcceptor': 1, 'UNL:GLN:VdWContact': 1, 'UNL:GLY:HBAcceptor': 1, 'UNL:GLY:VdWContact': 2, 'UNL:MET:Hydrophobic': 1, 'UNL:TYR:Hydrophobic': 1, 'UNL:TYR:VdWContact': 1}"
579,Chai-1,1GPK_HUP,0.7,0.72,"{'UNL:GLY:VdWContact': 1, 'UNL:PHE:HBAcceptor': 1, 'UNL:PHE:VdWContact': 2, 'UNL:TRP:Hydrophobic': 1, 'UNL:TRP:VdWContact': 1, 'UNL:TYR:Hydrophobic': 1, 'UNL:TYR:VdWContact': 1}","{'UNL:GLY:VdWContact': 3, 'UNL:HIS:VdWContact': 1, 'UNL:LEU:Hydrophobic': 1, 'UNL:PHE:Hydrophobic': 3, 'UNL:PHE:VdWContact': 2, 'UNL:TRP:Hydrophobic': 1, 'UNL:TRP:VdWContact': 1, 'UNL:TYR:Hydrophobic': 2, 'UNL:TYR:VdWContact': 1}"
580,Chai-1,1W1P_GIO,0.7857142857142857,0.6857142857142857,"{'UNL:ASP:VdWContact': 1, 'UNL:LEU:VdWContact': 1, 'UNL:TRP:VdWContact': 1}","{'UNL:ALA:Hydrophobic': 1, 'UNL:ASP:Hydrophobic': 1, 'UNL:GLU:VdWContact': 1, 'UNL:MET:Hydrophobic': 1, 'UNL:MET:VdWContact': 1, 'UNL:PHE:Hydrophobic': 1, 'UNL:PHE:VdWContact': 1, 'UNL:TRP:HBAcceptor': 1, 'UNL:TRP:Hydrophobic': 1, 'UNL:TRP:VdWContact': 2, 'UNL:TYR:Hydrophobic': 1, 'UNL:TYR:VdWContact': 2}"
581,Chai-1,1OF6_DTY,,0.0,,
582,Chai-1,1S3V_TQD,0.24999999999999997,0.9,"{'UNL:ASP:VdWContact': 1, 'UNL:GLU:HBDonor': 1, 'UNL:GLU:VdWContact': 1, 'UNL:ILE:HBDonor': 1, 'UNL:ILE:Hydrophobic': 1, 'UNL:ILE:VdWContact': 2, 'UNL:LEU:VdWContact': 2, 'UNL:PHE:Hydrophobic': 1, 'UNL:PHE:VdWContact': 2}","{'UNL:GLU:HBDonor': 1, 'UNL:GLU:VdWContact': 1, 'UNL:ILE:HBDonor': 1, 'UNL:ILE:Hydrophobic': 1, 'UNL:ILE:VdWContact': 1, 'UNL:PHE:Hydrophobic': 2, 'UNL:PHE:VdWContact': 1, 'UNL:PRO:Hydrophobic': 1, 'UNL:SER:VdWContact': 1, 'UNL:VAL:VdWContact': 1}"
583,Chai-1,1Y6B_AAX,0.41176470588235287,0.8352941176470589,"{'UNL:ASN:HBAcceptor': 1, 'UNL:ASN:VdWContact': 1, 'UNL:CYS:HBAcceptor': 1, 'UNL:CYS:HBDonor': 1, 'UNL:CYS:VdWContact': 1, 'UNL:GLU:VdWContact': 1, 'UNL:GLY:VdWContact': 1, 'UNL:LEU:VdWContact': 2, 'UNL:LYS:Hydrophobic': 1, 'UNL:LYS:VdWContact': 2, 'UNL:VAL:Hydrophobic': 1, 'UNL:VAL:VdWContact': 2}","{'UNL:ALA:Hydrophobic': 1, 'UNL:ASN:HBAcceptor': 1, 'UNL:ASN:VdWContact': 1, 'UNL:CYS:HBAcceptor': 1, 'UNL:CYS:HBDonor': 1, 'UNL:CYS:Hydrophobic': 1, 'UNL:CYS:VdWContact': 1, 'UNL:GLU:VdWContact': 2, 'UNL:GLY:VdWContact': 1, 'UNL:LEU:Hydrophobic': 2, 'UNL:LYS:Hydrophobic': 1, 'UNL:LYS:VdWContact': 1, 'UNL:PHE:Hydrophobic': 2, 'UNL:PHE:VdWContact': 1, 'UNL:VAL:Hydrophobic': 3, 'UNL:VAL:VdWContact': 2}"
584,Chai-1,1L2S_STC,0.4666666666666667,0.8133333333333334,"{'UNL:ALA:HBAcceptor': 1, 'UNL:ALA:HBDonor': 1, 'UNL:ALA:VdWContact': 1, 'UNL:ASN:HBAcceptor': 1, 'UNL:ASN:VdWContact': 1, 'UNL:LEU:Hydrophobic': 1, 'UNL:LEU:VdWContact': 1, 'UNL:SER:HBAcceptor': 1, 'UNL:SER:VdWContact': 1}","{'UNL:ALA:HBAcceptor': 1, 'UNL:ALA:HBDonor': 1, 'UNL:ALA:VdWContact': 1, 'UNL:ASN:HBAcceptor': 1, 'UNL:ASN:VdWContact': 1, 'UNL:GLN:VdWContact': 1, 'UNL:GLY:VdWContact': 1, 'UNL:LEU:Hydrophobic': 2, 'UNL:SER:HBAcceptor': 1, 'UNL:SER:VdWContact': 1, 'UNL:THR:Hydrophobic': 1, 'UNL:THR:VdWContact': 1, 'UNL:TYR:Hydrophobic': 2, 'UNL:VAL:Hydrophobic': 1}"
585,Chai-1,1W2G_THM,0.30769230769230765,0.8769230769230769,"{'UNL:ARG:HBAcceptor': 1, 'UNL:ARG:VdWContact': 2, 'UNL:ASN:HBDonor': 1, 'UNL:ASN:VdWContact': 1, 'UNL:ASP:HBDonor': 1, 'UNL:ASP:VdWContact': 1, 'UNL:PHE:Hydrophobic': 1, 'UNL:PRO:VdWContact': 1, 'UNL:TYR:VdWContact': 3}","{'UNL:ARG:HBAcceptor': 1, 'UNL:ARG:Hydrophobic': 1, 'UNL:ARG:VdWContact': 1, 'UNL:ASN:HBDonor': 1, 'UNL:ASN:Hydrophobic': 1, 'UNL:ASN:VdWContact': 1, 'UNL:ASP:VdWContact': 1, 'UNL:PHE:Hydrophobic': 2, 'UNL:PRO:Hydrophobic': 1, 'UNL:PRO:VdWContact': 1, 'UNL:TYR:Hydrophobic': 2, 'UNL:TYR:VdWContact': 3}"
586,Chai-1,1TOW_CRZ,0.4666666666666666,0.8133333333333334,"{'UNL:ALA:VdWContact': 1, 'UNL:ARG:HBAcceptor': 1, 'UNL:ARG:HBDonor': 1, 'UNL:ARG:VdWContact': 1, 'UNL:ASP:Hydrophobic': 1, 'UNL:CYS:VdWContact': 1, 'UNL:MET:Hydrophobic': 1, 'UNL:PHE:VdWContact': 1, 'UNL:PRO:VdWContact': 1, 'UNL:TYR:VdWContact': 1}","{'UNL:ALA:Hydrophobic': 3, 'UNL:ARG:HBAcceptor': 1, 'UNL:ARG:HBDonor': 1, 'UNL:ARG:VdWContact': 1, 'UNL:ASP:Hydrophobic': 1, 'UNL:CYS:VdWContact': 1, 'UNL:ILE:Hydrophobic': 1, 'UNL:MET:Hydrophobic': 1, 'UNL:PHE:Hydrophobic': 2, 'UNL:PHE:VdWContact': 1, 'UNL:PRO:Hydrophobic': 1, 'UNL:PRO:VdWContact': 1, 'UNL:TYR:VdWContact': 1, 'UNL:VAL:Hydrophobic': 1}"
587,Chai-1,1XM6_5RM,0.6428571428571429,0.7428571428571429,"{'UNL:GLN:HBAcceptor': 1, 'UNL:GLN:VdWContact': 1, 'UNL:HIS:VdWContact': 1, 'UNL:ILE:Hydrophobic': 1, 'UNL:ILE:VdWContact': 1, 'UNL:MET:VdWContact': 3, 'UNL:PHE:Hydrophobic': 1, 'UNL:PHE:VdWContact': 1}","{'UNL:ASN:VdWContact': 1, 'UNL:GLN:HBAcceptor': 1, 'UNL:GLN:VdWContact': 1, 'UNL:ILE:Hydrophobic': 1, 'UNL:ILE:VdWContact': 1, 'UNL:LEU:Hydrophobic': 2, 'UNL:LEU:VdWContact': 1, 'UNL:MET:Hydrophobic': 3, 'UNL:MET:VdWContact': 1, 'UNL:PHE:Hydrophobic': 3, 'UNL:PHE:VdWContact': 2, 'UNL:THR:VdWContact': 1, 'UNL:TYR:Hydrophobic': 1}"
588,Chai-1,1YGC_905,0.3125,0.875,"{'UNL:ASP:HBDonor': 1, 'UNL:ASP:Hydrophobic': 1, 'UNL:ASP:VdWContact': 3, 'UNL:GLY:VdWContact': 2, 'UNL:HIS:Hydrophobic': 1, 'UNL:HIS:VdWContact': 1, 'UNL:LYS:Hydrophobic': 1, 'UNL:LYS:VdWContact': 1, 'UNL:SER:HBDonor': 1, 'UNL:SER:VdWContact': 3, 'UNL:THR:VdWContact': 2, 'UNL:TRP:Hydrophobic': 1, 'UNL:TRP:VdWContact': 1}","{'UNL:ASP:HBDonor': 1, 'UNL:ASP:Hydrophobic': 2, 'UNL:ASP:VdWContact': 2, 'UNL:GLY:HBDonor': 1, 'UNL:GLY:VdWContact': 1, 'UNL:HIS:Hydrophobic': 1, 'UNL:HIS:VdWContact': 1, 'UNL:LYS:Hydrophobic': 1, 'UNL:LYS:VdWContact': 1, 'UNL:SER:HBDonor': 1, 'UNL:SER:VdWContact': 3, 'UNL:THR:Hydrophobic': 1, 'UNL:THR:VdWContact': 1, 'UNL:TRP:Hydrophobic': 1, 'UNL:TRP:VdWContact': 1, 'UNL:VAL:Hydrophobic': 1}"
589,Chai-1,1R58_AO5,0.23529411764705885,0.9058823529411765,"{'UNL:ASP:HBDonor': 2, 'UNL:ASP:VdWContact': 2, 'UNL:GLU:HBDonor': 1, 'UNL:GLU:VdWContact': 1, 'UNL:GLY:VdWContact': 1, 'UNL:HIS:HBDonor': 1, 'UNL:HIS:VdWContact': 3, 'UNL:ILE:Hydrophobic': 1, 'UNL:PHE:Hydrophobic': 1, 'UNL:PHE:VdWContact': 1, 'UNL:THR:VdWContact': 1, 'UNL:TYR:VdWContact': 1}","{'UNL:ALA:Hydrophobic': 1, 'UNL:ALA:VdWContact': 1, 'UNL:ASP:HBDonor': 2, 'UNL:ASP:VdWContact': 2, 'UNL:GLU:HBDonor': 1, 'UNL:GLU:VdWContact': 1, 'UNL:HIS:HBDonor': 1, 'UNL:HIS:Hydrophobic': 2, 'UNL:HIS:VdWContact': 2, 'UNL:MET:Hydrophobic': 1, 'UNL:PHE:Hydrophobic': 1, 'UNL:PHE:VdWContact': 1, 'UNL:TYR:Hydrophobic': 1, 'UNL:TYR:VdWContact': 1}"
590,Chai-1,1HNN_SKF,0.5384615384615385,0.7846153846153846,"{'UNL:ASN:Hydrophobic': 1, 'UNL:ASN:VdWContact': 1, 'UNL:ASP:VdWContact': 1, 'UNL:GLU:VdWContact': 1, 'UNL:LYS:VdWContact': 1, 'UNL:PHE:Hydrophobic': 1, 'UNL:TYR:VdWContact': 3}","{'UNL:ARG:VdWContact': 1, 'UNL:ASN:Hydrophobic': 1, 'UNL:ASP:VdWContact': 1, 'UNL:GLU:HBDonor': 1, 'UNL:GLU:VdWContact': 1, 'UNL:LYS:VdWContact': 1, 'UNL:MET:Hydrophobic': 1, 'UNL:MET:VdWContact': 1, 'UNL:PHE:Hydrophobic': 1, 'UNL:TYR:Hydrophobic': 2, 'UNL:TYR:VdWContact': 2, 'UNL:VAL:VdWContact': 1}"
591,Chai-1,1HVY_D16,0.5,0.8,"{'UNL:ALA:VdWContact': 1, 'UNL:ASP:VdWContact': 1, 'UNL:ILE:Hydrophobic': 1, 'UNL:ILE:VdWContact': 1, 'UNL:LEU:VdWContact': 1, 'UNL:LYS:VdWContact': 1, 'UNL:MET:Hydrophobic': 1, 'UNL:MET:VdWContact': 1, 'UNL:PHE:Hydrophobic': 1, 'UNL:PHE:VdWContact': 1, 'UNL:TYR:VdWContact': 1}","{'UNL:ALA:Hydrophobic': 1, 'UNL:ALA:VdWContact': 1, 'UNL:ASP:Hydrophobic': 1, 'UNL:ASP:VdWContact': 1, 'UNL:GLU:VdWContact': 1, 'UNL:GLY:VdWContact': 1, 'UNL:ILE:Hydrophobic': 1, 'UNL:ILE:VdWContact': 1, 'UNL:LEU:Hydrophobic': 1, 'UNL:MET:Hydrophobic': 1, 'UNL:MET:VdWContact': 1, 'UNL:PHE:Hydrophobic': 2, 'UNL:PHE:VdWContact': 2, 'UNL:THR:Hydrophobic': 1, 'UNL:TRP:Hydrophobic': 1, 'UNL:TRP:VdWContact': 1, 'UNL:TYR:Hydrophobic': 1, 'UNL:TYR:VdWContact': 1, 'UNL:UMP:Hydrophobic': 1, 'UNL:UMP:VdWContact': 1}"
592,Chai-1,1OPK_P16,0.2777777777777778,0.8888888888888888,"{'UNL:ALA:VdWContact': 1, 'UNL:ASP:VdWContact': 1, 'UNL:GLU:VdWContact': 1, 'UNL:ILE:Hydrophobic': 1, 'UNL:LEU:Hydrophobic': 1, 'UNL:LYS:Hydrophobic': 1, 'UNL:LYS:VdWContact': 1, 'UNL:MET:HBAcceptor': 1, 'UNL:MET:HBDonor': 1, 'UNL:MET:Hydrophobic': 1, 'UNL:MET:VdWContact': 2, 'UNL:PHE:Hydrophobic': 1, 'UNL:THR:VdWContact': 1, 'UNL:TYR:VdWContact': 1}","{'UNL:ALA:Hydrophobic': 1, 'UNL:GLU:VdWContact': 1, 'UNL:ILE:Hydrophobic': 1, 'UNL:LEU:Hydrophobic': 2, 'UNL:LYS:Hydrophobic': 1, 'UNL:MET:HBAcceptor': 1, 'UNL:MET:HBDonor': 1, 'UNL:MET:Hydrophobic': 2, 'UNL:MET:VdWContact': 2, 'UNL:PHE:Hydrophobic': 2, 'UNL:THR:Hydrophobic': 1, 'UNL:THR:VdWContact': 1, 'UNL:TYR:Hydrophobic': 1, 'UNL:TYR:VdWContact': 1, 'UNL:VAL:Hydrophobic': 2}"
593,Chai-1,1MMV_3AR,0.1875,0.925,"{'UNL:ASP:VdWContact': 1, 'UNL:GLN:HBAcceptor': 1, 'UNL:GLN:VdWContact': 1, 'UNL:GLU:HBDonor': 1, 'UNL:GLU:VdWContact': 1, 'UNL:GLY:VdWContact': 1, 'UNL:PHE:VdWContact': 1, 'UNL:SER:VdWContact': 1, 'UNL:TRP:HBDonor': 1, 'UNL:TRP:VdWContact': 1, 'UNL:TYR:VdWContact': 1}","{'UNL:ASP:VdWContact': 1, 'UNL:GLN:HBAcceptor': 1, 'UNL:GLN:VdWContact': 1, 'UNL:GLU:HBDonor': 1, 'UNL:GLU:VdWContact': 1, 'UNL:PHE:Hydrophobic': 1, 'UNL:PHE:VdWContact': 1, 'UNL:PRO:Hydrophobic': 1, 'UNL:SER:VdWContact': 1, 'UNL:TRP:VdWContact': 1, 'UNL:TYR:Hydrophobic': 1, 'UNL:TYR:VdWContact': 1, 'UNL:VAL:Hydrophobic': 1, 'UNL:VAL:VdWContact': 1}"
594,Chai-1,1SQN_NDR,0.8,0.6799999999999999,"{'UNL:ARG:VdWContact': 1, 'UNL:ASN:VdWContact': 1, 'UNL:CYS:VdWContact': 1, 'UNL:GLN:HBAcceptor': 1, 'UNL:GLN:VdWContact': 1, 'UNL:LEU:VdWContact': 2, 'UNL:MET:Hydrophobic': 2, 'UNL:MET:VdWContact': 3}","{'UNL:ARG:VdWContact': 1, 'UNL:CYS:Hydrophobic': 1, 'UNL:CYS:VdWContact': 1, 'UNL:GLN:HBAcceptor': 1, 'UNL:GLN:VdWContact': 1, 'UNL:LEU:Hydrophobic': 5, 'UNL:LEU:VdWContact': 3, 'UNL:MET:Hydrophobic': 4, 'UNL:MET:VdWContact': 2, 'UNL:PHE:Hydrophobic': 1, 'UNL:TRP:Hydrophobic': 1, 'UNL:TYR:Hydrophobic': 1, 'UNL:TYR:VdWContact': 1, 'UNL:VAL:Hydrophobic': 1}"
595,Boltz-1-Single-Seq,2BM2_PM2,,0.0,,
596,Boltz-1-Single-Seq,1XOQ_ROF,,0.0,,
597,Boltz-1-Single-Seq,1M2Z_DEX,0.3043478260869566,0.8782608695652173,"{'UNL:ARG:VdWContact': 1, 'UNL:ASN:HBAcceptor': 1, 'UNL:ASN:VdWContact': 1, 'UNL:CYS:Hydrophobic': 1, 'UNL:CYS:VdWContact': 1, 'UNL:GLN:HBAcceptor': 1, 'UNL:GLN:HBDonor': 1, 'UNL:GLN:VdWContact': 2, 'UNL:GLY:VdWContact': 1, 'UNL:LEU:VdWContact': 2, 'UNL:MET:Hydrophobic': 2, 'UNL:MET:VdWContact': 4, 'UNL:PHE:VdWContact': 1, 'UNL:THR:HBDonor': 1, 'UNL:THR:VdWContact': 1, 'UNL:TYR:VdWContact': 1}","{'UNL:ALA:Hydrophobic': 1, 'UNL:ARG:HBAcceptor': 1, 'UNL:ARG:VdWContact': 1, 'UNL:ASN:HBAcceptor': 1, 'UNL:ASN:VdWContact': 1, 'UNL:CYS:Hydrophobic': 1, 'UNL:CYS:VdWContact': 1, 'UNL:GLN:HBAcceptor': 1, 'UNL:GLN:HBDonor': 1, 'UNL:GLN:Hydrophobic': 1, 'UNL:GLN:VdWContact': 2, 'UNL:GLY:VdWContact': 1, 'UNL:LEU:Hydrophobic': 4, 'UNL:LEU:VdWContact': 1, 'UNL:MET:Hydrophobic': 3, 'UNL:MET:VdWContact': 1, 'UNL:PHE:Hydrophobic': 1, 'UNL:PHE:VdWContact': 1, 'UNL:TRP:Hydrophobic': 1, 'UNL:TYR:Hydrophobic': 1, 'UNL:TYR:VdWContact': 1}"
598,Boltz-1-Single-Seq,1P62_GEO,0.125,0.95,"{'UNL:ARG:HBAcceptor': 1, 'UNL:ARG:VdWContact': 1, 'UNL:ASP:HBDonor': 1, 'UNL:ASP:VdWContact': 1, 'UNL:GLN:HBAcceptor': 1, 'UNL:GLN:HBDonor': 1, 'UNL:GLN:VdWContact': 1, 'UNL:GLU:VdWContact': 2, 'UNL:ILE:VdWContact': 1, 'UNL:LEU:VdWContact': 1, 'UNL:PHE:Hydrophobic': 1, 'UNL:PHE:VdWContact': 2, 'UNL:TRP:VdWContact': 1, 'UNL:TYR:VdWContact': 1}","{'UNL:ARG:HBAcceptor': 1, 'UNL:ARG:VdWContact': 1, 'UNL:ASP:HBDonor': 1, 'UNL:ASP:VdWContact': 1, 'UNL:GLN:HBAcceptor': 1, 'UNL:GLN:HBDonor': 1, 'UNL:GLN:VdWContact': 1, 'UNL:GLU:VdWContact': 2, 'UNL:MET:VdWContact': 1, 'UNL:PHE:Hydrophobic': 2, 'UNL:TRP:Hydrophobic': 1, 'UNL:TYR:VdWContact': 1}"
599,Boltz-1-Single-Seq,1KE5_LS1,0.27777777777777785,0.8888888888888888,"{'UNL:ASP:HBAcceptor': 1, 'UNL:ASP:Hydrophobic': 1, 'UNL:ASP:VdWContact': 2, 'UNL:GLN:VdWContact': 1, 'UNL:GLU:HBDonor': 1, 'UNL:GLU:VdWContact': 1, 'UNL:HIS:VdWContact': 1, 'UNL:ILE:Hydrophobic': 1, 'UNL:ILE:VdWContact': 1, 'UNL:LEU:HBAcceptor': 1, 'UNL:LEU:Hydrophobic': 1, 'UNL:LEU:VdWContact': 2, 'UNL:LYS:VdWContact': 1, 'UNL:PHE:Hydrophobic': 1, 'UNL:PHE:VdWContact': 2}","{'UNL:ALA:Hydrophobic': 2, 'UNL:ASP:HBAcceptor': 1, 'UNL:ASP:Hydrophobic': 1, 'UNL:ASP:VdWContact': 2, 'UNL:GLU:HBDonor': 1, 'UNL:GLU:VdWContact': 1, 'UNL:HIS:VdWContact': 1, 'UNL:ILE:Hydrophobic': 1, 'UNL:ILE:VdWContact': 1, 'UNL:LEU:HBAcceptor': 1, 'UNL:LEU:HBDonor': 1, 'UNL:LEU:Hydrophobic': 1, 'UNL:LEU:VdWContact': 2, 'UNL:LYS:VdWContact': 1, 'UNL:PHE:Hydrophobic': 2, 'UNL:PHE:VdWContact': 2, 'UNL:VAL:Hydrophobic': 2}"
600,Boltz-1-Single-Seq,1TT1_KAI,0.05555555555555547,0.9777777777777779,"{'UNL:ALA:HBAcceptor': 2, 'UNL:ALA:VdWContact': 2, 'UNL:ARG:HBAcceptor': 1, 'UNL:ARG:HBDonor': 1, 'UNL:ARG:VdWContact': 1, 'UNL:ASN:VdWContact': 1, 'UNL:GLU:VdWContact': 1, 'UNL:GLY:VdWContact': 1, 'UNL:PRO:VdWContact': 1, 'UNL:THR:HBAcceptor': 1, 'UNL:THR:HBDonor': 1, 'UNL:THR:VdWContact': 1, 'UNL:TYR:Hydrophobic': 1, 'UNL:TYR:VdWContact': 1, 'UNL:VAL:Hydrophobic': 1}","{'UNL:ALA:HBAcceptor': 2, 'UNL:ALA:VdWContact': 2, 'UNL:ARG:HBAcceptor': 1, 'UNL:ARG:HBDonor': 1, 'UNL:ARG:VdWContact': 1, 'UNL:GLU:Hydrophobic': 2, 'UNL:GLU:VdWContact': 1, 'UNL:PRO:HBDonor': 1, 'UNL:PRO:VdWContact': 1, 'UNL:THR:HBAcceptor': 1, 'UNL:THR:VdWContact': 1, 'UNL:TYR:Hydrophobic': 1, 'UNL:TYR:VdWContact': 1, 'UNL:VAL:Hydrophobic': 1, 'UNL:VAL:VdWContact': 1}"
601,Boltz-1-Single-Seq,1VCJ_IBA,0.6875,0.725,"{'UNL:ALA:VdWContact': 1, 'UNL:ARG:HBAcceptor': 2, 'UNL:ARG:HBDonor': 1, 'UNL:ARG:VdWContact': 4, 'UNL:ASP:VdWContact': 1, 'UNL:GLU:VdWContact': 4, 'UNL:TRP:VdWContact': 1}","{'UNL:ALA:Hydrophobic': 1, 'UNL:ALA:VdWContact': 1, 'UNL:ARG:HBAcceptor': 3, 'UNL:ARG:Hydrophobic': 2, 'UNL:ARG:VdWContact': 5, 'UNL:ASN:Hydrophobic': 1, 'UNL:ASP:Hydrophobic': 1, 'UNL:ASP:VdWContact': 1, 'UNL:GLU:Hydrophobic': 1, 'UNL:GLU:VdWContact': 4, 'UNL:ILE:Hydrophobic': 1, 'UNL:SER:VdWContact': 1, 'UNL:TRP:Hydrophobic': 1, 'UNL:TRP:VdWContact': 1, 'UNL:TYR:VdWContact': 1}"
602,Boltz-1-Single-Seq,1HWI_115,,0.0,,
603,Boltz-1-Single-Seq,1UML_FR4,0.07142857142857142,0.9714285714285714,"{'UNL:ASP:HBDonor': 2, 'UNL:ASP:Hydrophobic': 1, 'UNL:ASP:VdWContact': 3, 'UNL:GLY:VdWContact': 1, 'UNL:HIS:VdWContact': 1, 'UNL:LEU:Hydrophobic': 2, 'UNL:LEU:VdWContact': 3, 'UNL:MET:Hydrophobic': 1, 'UNL:PHE:Hydrophobic': 1, 'UNL:PHE:VdWContact': 1, 'UNL:THR:VdWContact': 1}","{'UNL:ASP:HBDonor': 2, 'UNL:ASP:Hydrophobic': 1, 'UNL:ASP:VdWContact': 3, 'UNL:GLY:VdWContact': 1, 'UNL:HIS:Hydrophobic': 1, 'UNL:HIS:VdWContact': 1, 'UNL:LEU:Hydrophobic': 3, 'UNL:LEU:VdWContact': 1, 'UNL:MET:Hydrophobic': 1, 'UNL:PHE:Hydrophobic': 2, 'UNL:THR:Hydrophobic': 1, 'UNL:VAL:Hydrophobic': 1}"
604,Boltz-1-Single-Seq,1JLA_TNK,0.0,1.0,"{'UNL:CYS:Hydrophobic': 1, 'UNL:CYS:VdWContact': 1, 'UNL:HIS:VdWContact': 1, 'UNL:LEU:Hydrophobic': 1, 'UNL:LEU:VdWContact': 2, 'UNL:LYS:HBDonor': 1, 'UNL:LYS:VdWContact': 1, 'UNL:PHE:Hydrophobic': 1, 'UNL:PHE:VdWContact': 1, 'UNL:PRO:VdWContact': 2, 'UNL:TRP:Hydrophobic': 1, 'UNL:TRP:VdWContact': 1, 'UNL:TYR:Hydrophobic': 1, 'UNL:TYR:VdWContact': 1, 'UNL:VAL:Hydrophobic': 1, 'UNL:VAL:VdWContact': 2}","{'UNL:CYS:Hydrophobic': 1, 'UNL:CYS:VdWContact': 1, 'UNL:GLY:VdWContact': 1, 'UNL:LEU:Hydrophobic': 2, 'UNL:LYS:HBDonor': 1, 'UNL:LYS:Hydrophobic': 1, 'UNL:LYS:VdWContact': 2, 'UNL:PHE:Hydrophobic': 1, 'UNL:PHE:VdWContact': 1, 'UNL:PRO:Hydrophobic': 2, 'UNL:PRO:VdWContact': 1, 'UNL:TRP:Hydrophobic': 1, 'UNL:TRP:VdWContact': 1, 'UNL:TYR:Hydrophobic': 1, 'UNL:TYR:VdWContact': 1, 'UNL:VAL:Hydrophobic': 1}"
605,Boltz-1-Single-Seq,1N46_PFA,0.7142857142857142,0.7142857142857143,"{'UNL:ALA:VdWContact': 1, 'UNL:ARG:HBAcceptor': 1, 'UNL:ARG:HBDonor': 1, 'UNL:ARG:VdWContact': 2, 'UNL:ASN:HBAcceptor': 1, 'UNL:ASN:VdWContact': 1, 'UNL:HIS:HBAcceptor': 1, 'UNL:HIS:VdWContact': 1, 'UNL:LEU:Hydrophobic': 2, 'UNL:LEU:VdWContact': 2, 'UNL:MET:Hydrophobic': 3, 'UNL:MET:VdWContact': 2, 'UNL:PHE:Hydrophobic': 1, 'UNL:PHE:VdWContact': 1}","{'UNL:ALA:Hydrophobic': 2, 'UNL:ALA:VdWContact': 2, 'UNL:ARG:HBAcceptor': 2, 'UNL:ARG:HBDonor': 1, 'UNL:ARG:Hydrophobic': 1, 'UNL:ARG:VdWContact': 2, 'UNL:ASN:HBAcceptor': 1, 'UNL:ASN:VdWContact': 1, 'UNL:GLY:VdWContact': 1, 'UNL:HIS:HBAcceptor': 1, 'UNL:HIS:HBDonor': 1, 'UNL:HIS:VdWContact': 1, 'UNL:ILE:Hydrophobic': 3, 'UNL:ILE:VdWContact': 1, 'UNL:LEU:Hydrophobic': 3, 'UNL:LEU:VdWContact': 2, 'UNL:MET:Hydrophobic': 3, 'UNL:MET:VdWContact': 2, 'UNL:PHE:Hydrophobic': 3, 'UNL:PHE:VdWContact': 1, 'UNL:THR:Hydrophobic': 1}"
606,Boltz-1-Single-Seq,1LRH_NLA,,0.0,,
607,Boltz-1-Single-Seq,1KZK_JE2,0.6923076923076922,0.7230769230769232,"{'UNL:ALA:VdWContact': 2, 'UNL:ASP:HBAcceptor': 1, 'UNL:ASP:Hydrophobic': 3, 'UNL:ASP:VdWContact': 4, 'UNL:GLY:HBDonor': 1, 'UNL:GLY:VdWContact': 3, 'UNL:ILE:Hydrophobic': 3, 'UNL:ILE:VdWContact': 2, 'UNL:PRO:VdWContact': 1}","{'UNL:ALA:Hydrophobic': 2, 'UNL:ASP:Hydrophobic': 3, 'UNL:ASP:VdWContact': 4, 'UNL:GLY:HBDonor': 1, 'UNL:GLY:VdWContact': 3, 'UNL:ILE:Hydrophobic': 6, 'UNL:LEU:Hydrophobic': 3, 'UNL:PRO:Hydrophobic': 2, 'UNL:PRO:VdWContact': 1, 'UNL:VAL:Hydrophobic': 4}"
608,Boltz-1-Single-Seq,1N2J_PAF,0.3333333333333333,0.8666666666666667,"{'UNL:GLN:HBAcceptor': 1, 'UNL:GLN:HBDonor': 1, 'UNL:GLN:VdWContact': 2, 'UNL:MET:VdWContact': 1, 'UNL:PHE:VdWContact': 1, 'UNL:PRO:VdWContact': 1, 'UNL:THR:VdWContact': 1}","{'UNL:GLN:HBAcceptor': 2, 'UNL:GLN:VdWContact': 2, 'UNL:MET:Hydrophobic': 1, 'UNL:MET:VdWContact': 1, 'UNL:PHE:Hydrophobic': 1, 'UNL:PRO:Hydrophobic': 1, 'UNL:PRO:VdWContact': 1, 'UNL:VAL:Hydrophobic': 2, 'UNL:VAL:VdWContact': 1}"
609,Boltz-1-Single-Seq,1MEH_MOA,0.1538461538461539,0.9384615384615385,"{'UNL:GLY:HBAcceptor': 1, 'UNL:GLY:VdWContact': 2, 'UNL:ILE:VdWContact': 1, 'UNL:LYS:HBAcceptor': 1, 'UNL:LYS:Hydrophobic': 1, 'UNL:LYS:VdWContact': 1, 'UNL:SER:VdWContact': 2, 'UNL:THR:VdWContact': 1}","{'UNL:ASP:VdWContact': 1, 'UNL:GLU:Hydrophobic': 1, 'UNL:GLU:VdWContact': 1, 'UNL:GLY:HBAcceptor': 1, 'UNL:GLY:VdWContact': 1, 'UNL:ILE:VdWContact': 1, 'UNL:SER:HBAcceptor': 1, 'UNL:SER:HBDonor': 1, 'UNL:SER:VdWContact': 2}"
610,Boltz-1-Single-Seq,2BSM_BSM,0.14285714285714285,0.9428571428571428,"{'UNL:ASN:Hydrophobic': 2, 'UNL:ASN:VdWContact': 1, 'UNL:ASP:HBDonor': 1, 'UNL:ASP:VdWContact': 2, 'UNL:GLY:HBDonor': 1, 'UNL:GLY:VdWContact': 1, 'UNL:ILE:VdWContact': 1, 'UNL:LYS:HBAcceptor': 1, 'UNL:LYS:VdWContact': 1, 'UNL:MET:Hydrophobic': 1, 'UNL:MET:VdWContact': 1, 'UNL:PHE:VdWContact': 1, 'UNL:THR:HBDonor': 1, 'UNL:THR:VdWContact': 1, 'UNL:VAL:VdWContact': 1}","{'UNL:ALA:Hydrophobic': 1, 'UNL:ASN:Hydrophobic': 1, 'UNL:ASN:VdWContact': 1, 'UNL:ASP:HBDonor': 1, 'UNL:ASP:Hydrophobic': 1, 'UNL:ASP:VdWContact': 1, 'UNL:GLY:HBDonor': 1, 'UNL:GLY:VdWContact': 2, 'UNL:ILE:Hydrophobic': 1, 'UNL:LYS:VdWContact': 1, 'UNL:MET:Hydrophobic': 1, 'UNL:PHE:VdWContact': 1, 'UNL:SER:VdWContact': 1, 'UNL:THR:HBDonor': 1, 'UNL:THR:Hydrophobic': 2, 'UNL:THR:VdWContact': 1, 'UNL:VAL:Hydrophobic': 1, 'UNL:VAL:VdWContact': 1}"
611,Boltz-1-Single-Seq,1V48_HA1,0.09523809523809523,0.9619047619047619,"{'UNL:ALA:HBAcceptor': 1, 'UNL:ALA:VdWContact': 1, 'UNL:ARG:HBAcceptor': 1, 'UNL:ARG:VdWContact': 1, 'UNL:ASN:HBAcceptor': 1, 'UNL:ASN:VdWContact': 2, 'UNL:GLU:HBDonor': 1, 'UNL:GLU:VdWContact': 1, 'UNL:GLY:VdWContact': 1, 'UNL:HIS:VdWContact': 1, 'UNL:LEU:VdWContact': 1, 'UNL:MET:Hydrophobic': 1, 'UNL:SER:HBAcceptor': 1, 'UNL:SER:HBDonor': 1, 'UNL:SER:VdWContact': 2, 'UNL:THR:VdWContact': 1}","{'UNL:ALA:HBAcceptor': 1, 'UNL:ALA:Hydrophobic': 1, 'UNL:ALA:VdWContact': 1, 'UNL:ARG:HBAcceptor': 1, 'UNL:ARG:VdWContact': 1, 'UNL:ASN:HBAcceptor': 1, 'UNL:ASN:VdWContact': 2, 'UNL:GLU:HBDonor': 1, 'UNL:GLU:VdWContact': 1, 'UNL:HIS:VdWContact': 1, 'UNL:MET:Hydrophobic': 1, 'UNL:PHE:Hydrophobic': 1, 'UNL:PHE:VdWContact': 1, 'UNL:SER:HBAcceptor': 1, 'UNL:SER:HBDonor': 1, 'UNL:SER:VdWContact': 2, 'UNL:VAL:Hydrophobic': 1, 'UNL:VAL:VdWContact': 1}"
612,Boltz-1-Single-Seq,1L7F_BCZ,0.3125,0.875,"{'UNL:ARG:HBAcceptor': 3, 'UNL:ARG:HBDonor': 1, 'UNL:ARG:VdWContact': 4, 'UNL:ASP:HBDonor': 1, 'UNL:ASP:VdWContact': 1, 'UNL:GLU:Hydrophobic': 1, 'UNL:GLU:VdWContact': 3, 'UNL:ILE:VdWContact': 1, 'UNL:TRP:HBDonor': 1, 'UNL:TRP:VdWContact': 1, 'UNL:TYR:VdWContact': 1}","{'UNL:ALA:Hydrophobic': 1, 'UNL:ARG:HBAcceptor': 4, 'UNL:ARG:HBDonor': 1, 'UNL:ARG:Hydrophobic': 2, 'UNL:ARG:VdWContact': 4, 'UNL:ASP:VdWContact': 1, 'UNL:GLU:HBDonor': 1, 'UNL:GLU:Hydrophobic': 1, 'UNL:GLU:VdWContact': 3, 'UNL:ILE:Hydrophobic': 1, 'UNL:TRP:HBDonor': 1, 'UNL:TRP:Hydrophobic': 1, 'UNL:TRP:VdWContact': 1, 'UNL:TYR:VdWContact': 1}"
613,Boltz-1-Single-Seq,1JD0_AZM,0.4000000000000001,0.84,"{'UNL:HIS:HBDonor': 2, 'UNL:HIS:VdWContact': 2, 'UNL:LEU:VdWContact': 1, 'UNL:THR:HBAcceptor': 1, 'UNL:THR:HBDonor': 1, 'UNL:THR:VdWContact': 2, 'UNL:VAL:VdWContact': 1}","{'UNL:GLN:Hydrophobic': 1, 'UNL:HIS:HBDonor': 2, 'UNL:HIS:VdWContact': 1, 'UNL:LEU:Hydrophobic': 1, 'UNL:LEU:VdWContact': 1, 'UNL:THR:HBAcceptor': 1, 'UNL:THR:HBDonor': 1, 'UNL:THR:VdWContact': 2, 'UNL:VAL:Hydrophobic': 1, 'UNL:VAL:VdWContact': 1}"
614,Boltz-1-Single-Seq,1S19_MC9,0.8095238095238096,0.6761904761904761,"{'UNL:ARG:HBAcceptor': 1, 'UNL:ARG:VdWContact': 1, 'UNL:HIS:HBAcceptor': 1, 'UNL:HIS:VdWContact': 2, 'UNL:ILE:VdWContact': 1, 'UNL:LEU:Hydrophobic': 1, 'UNL:SER:VdWContact': 3, 'UNL:TRP:Hydrophobic': 1, 'UNL:TRP:VdWContact': 1, 'UNL:TYR:HBAcceptor': 1, 'UNL:TYR:VdWContact': 1}","{'UNL:ALA:Hydrophobic': 1, 'UNL:ALA:VdWContact': 1, 'UNL:ARG:HBAcceptor': 1, 'UNL:ARG:VdWContact': 1, 'UNL:CYS:VdWContact': 1, 'UNL:HIS:HBAcceptor': 2, 'UNL:HIS:HBDonor': 1, 'UNL:HIS:VdWContact': 2, 'UNL:ILE:Hydrophobic': 2, 'UNL:LEU:Hydrophobic': 6, 'UNL:MET:Hydrophobic': 1, 'UNL:PHE:Hydrophobic': 1, 'UNL:SER:VdWContact': 3, 'UNL:TRP:Hydrophobic': 1, 'UNL:TRP:VdWContact': 1, 'UNL:TYR:Hydrophobic': 2, 'UNL:TYR:VdWContact': 1, 'UNL:VAL:Hydrophobic': 2, 'UNL:VAL:VdWContact': 1}"
615,Boltz-1-Single-Seq,1LPZ_CMB,,0.0,,
616,Boltz-1-Single-Seq,1X8X_TYR,0.3333333333333333,0.8666666666666667,"{'UNL:ASP:HBDonor': 1, 'UNL:ASP:Hydrophobic': 1, 'UNL:ASP:VdWContact': 3, 'UNL:GLN:HBDonor': 1, 'UNL:GLN:Hydrophobic': 1, 'UNL:GLN:VdWContact': 3, 'UNL:GLY:VdWContact': 1, 'UNL:TYR:HBDonor': 1, 'UNL:TYR:VdWContact': 2}","{'UNL:ASP:HBDonor': 2, 'UNL:ASP:Hydrophobic': 1, 'UNL:ASP:VdWContact': 3, 'UNL:GLN:HBDonor': 2, 'UNL:GLN:Hydrophobic': 1, 'UNL:GLN:VdWContact': 3, 'UNL:GLY:VdWContact': 1, 'UNL:LEU:Hydrophobic': 1, 'UNL:THR:Hydrophobic': 1, 'UNL:TYR:Hydrophobic': 1, 'UNL:TYR:VdWContact': 2}"
617,Boltz-1-Single-Seq,1T46_STI,0.2916666666666667,0.8833333333333333,"{'UNL:ARG:HBAcceptor': 1, 'UNL:ARG:VdWContact': 1, 'UNL:ASP:Hydrophobic': 1, 'UNL:ASP:VdWContact': 1, 'UNL:CYS:HBAcceptor': 1, 'UNL:CYS:VdWContact': 3, 'UNL:GLU:Hydrophobic': 1, 'UNL:GLU:VdWContact': 1, 'UNL:HIS:VdWContact': 1, 'UNL:ILE:VdWContact': 1, 'UNL:LEU:Hydrophobic': 3, 'UNL:LEU:VdWContact': 1, 'UNL:LYS:Hydrophobic': 1, 'UNL:LYS:VdWContact': 1, 'UNL:PHE:Hydrophobic': 1, 'UNL:PHE:VdWContact': 1, 'UNL:THR:HBDonor': 1, 'UNL:THR:VdWContact': 1, 'UNL:VAL:Hydrophobic': 1}","{'UNL:ALA:Hydrophobic': 1, 'UNL:ARG:VdWContact': 1, 'UNL:ASP:HBAcceptor': 1, 'UNL:ASP:Hydrophobic': 1, 'UNL:ASP:VdWContact': 1, 'UNL:CYS:HBAcceptor': 1, 'UNL:CYS:Hydrophobic': 1, 'UNL:CYS:VdWContact': 2, 'UNL:GLU:Hydrophobic': 1, 'UNL:GLU:VdWContact': 1, 'UNL:HIS:VdWContact': 1, 'UNL:ILE:VdWContact': 1, 'UNL:LEU:Hydrophobic': 4, 'UNL:LEU:VdWContact': 1, 'UNL:LYS:Hydrophobic': 1, 'UNL:LYS:VdWContact': 1, 'UNL:PHE:Hydrophobic': 1, 'UNL:PHE:VdWContact': 1, 'UNL:THR:HBDonor': 1, 'UNL:THR:Hydrophobic': 1, 'UNL:THR:VdWContact': 1, 'UNL:TYR:Hydrophobic': 1, 'UNL:VAL:Hydrophobic': 4}"
618,Boltz-1-Single-Seq,1IG3_VIB,0.3076923076923077,0.8769230769230769,"{'UNL:ASP:HBDonor': 1, 'UNL:ASP:VdWContact': 1, 'UNL:GLN:HBDonor': 1, 'UNL:GLN:VdWContact': 1, 'UNL:HIS:VdWContact': 1, 'UNL:LEU:VdWContact': 1, 'UNL:SER:VdWContact': 2, 'UNL:THR:VdWContact': 1, 'UNL:TRP:Hydrophobic': 1}","{'UNL:ASN:Hydrophobic': 1, 'UNL:ASP:HBDonor': 1, 'UNL:ASP:VdWContact': 1, 'UNL:GLN:HBDonor': 1, 'UNL:GLN:Hydrophobic': 1, 'UNL:GLN:VdWContact': 1, 'UNL:LEU:Hydrophobic': 2, 'UNL:SER:VdWContact': 2, 'UNL:THR:Hydrophobic': 1, 'UNL:THR:VdWContact': 2, 'UNL:TRP:Hydrophobic': 1}"
619,Boltz-1-Single-Seq,1SQ5_PAU,,0.0,,
620,Boltz-1-Single-Seq,1Q4G_BFL,,0.0,,
621,Boltz-1-Single-Seq,1OYT_FSN,0.17647058823529413,0.9294117647058824,"{'UNL:ALA:VdWContact': 1, 'UNL:ASN:VdWContact': 1, 'UNL:ASP:HBDonor': 1, 'UNL:ASP:VdWContact': 1, 'UNL:GLU:VdWContact': 1, 'UNL:GLY:HBAcceptor': 1, 'UNL:GLY:HBDonor': 1, 'UNL:GLY:VdWContact': 2, 'UNL:LEU:Hydrophobic': 1, 'UNL:LEU:VdWContact': 1, 'UNL:SER:VdWContact': 2, 'UNL:TRP:Hydrophobic': 1, 'UNL:TRP:VdWContact': 2}","{'UNL:ALA:VdWContact': 1, 'UNL:ASN:VdWContact': 1, 'UNL:ASP:HBDonor': 1, 'UNL:ASP:VdWContact': 1, 'UNL:GLU:Hydrophobic': 1, 'UNL:GLY:HBAcceptor': 1, 'UNL:GLY:HBDonor': 1, 'UNL:GLY:VdWContact': 2, 'UNL:HIS:VdWContact': 1, 'UNL:ILE:Hydrophobic': 1, 'UNL:LEU:Hydrophobic': 1, 'UNL:SER:VdWContact': 1, 'UNL:TRP:Hydrophobic': 2, 'UNL:TRP:VdWContact': 1, 'UNL:VAL:Hydrophobic': 1}"
622,Boltz-1-Single-Seq,1UNL_RRC,,0.0,,
623,Boltz-1-Single-Seq,1U1C_BAU,,0.0,,
624,Boltz-1-Single-Seq,1K3U_IAD,0.7999999999999999,0.68,"{'UNL:ASP:HBDonor': 1, 'UNL:ASP:VdWContact': 1, 'UNL:GLY:HBAcceptor': 1, 'UNL:GLY:VdWContact': 3, 'UNL:ILE:VdWContact': 2, 'UNL:LEU:Hydrophobic': 1, 'UNL:PHE:HBAcceptor': 1, 'UNL:PHE:Hydrophobic': 1, 'UNL:PHE:VdWContact': 2, 'UNL:SER:HBAcceptor': 1, 'UNL:SER:VdWContact': 1, 'UNL:THR:VdWContact': 1, 'UNL:TYR:VdWContact': 1}","{'UNL:ALA:Hydrophobic': 2, 'UNL:ASP:HBDonor': 1, 'UNL:ASP:VdWContact': 1, 'UNL:GLY:HBAcceptor': 3, 'UNL:GLY:HBDonor': 1, 'UNL:GLY:VdWContact': 4, 'UNL:ILE:HBAcceptor': 1, 'UNL:ILE:Hydrophobic': 3, 'UNL:ILE:VdWContact': 3, 'UNL:LEU:Hydrophobic': 2, 'UNL:PHE:HBAcceptor': 1, 'UNL:PHE:HBDonor': 1, 'UNL:PHE:Hydrophobic': 2, 'UNL:PHE:VdWContact': 2, 'UNL:SER:HBAcceptor': 1, 'UNL:SER:VdWContact': 1, 'UNL:THR:Hydrophobic': 1, 'UNL:THR:VdWContact': 1, 'UNL:TYR:Hydrophobic': 1, 'UNL:TYR:VdWContact': 1}"
625,Boltz-1-Single-Seq,1G9V_RQ3,,0.0,,
626,Boltz-1-Single-Seq,1YV3_BIT,0.29999999999999993,0.88,"{'UNL:CYS:Hydrophobic': 1, 'UNL:CYS:VdWContact': 1, 'UNL:GLU:Hydrophobic': 2, 'UNL:GLU:VdWContact': 1, 'UNL:GLY:VdWContact': 1, 'UNL:ILE:Hydrophobic': 1, 'UNL:ILE:VdWContact': 2, 'UNL:LEU:Hydrophobic': 1, 'UNL:LEU:VdWContact': 2, 'UNL:PHE:VdWContact': 1, 'UNL:SER:HBAcceptor': 1, 'UNL:SER:VdWContact': 1, 'UNL:TYR:Hydrophobic': 2, 'UNL:TYR:VdWContact': 1}","{'UNL:CYS:Hydrophobic': 1, 'UNL:GLN:Hydrophobic': 1, 'UNL:GLU:Hydrophobic': 1, 'UNL:GLY:HBAcceptor': 1, 'UNL:GLY:HBDonor': 1, 'UNL:GLY:VdWContact': 1, 'UNL:ILE:Hydrophobic': 2, 'UNL:ILE:VdWContact': 1, 'UNL:LEU:Hydrophobic': 3, 'UNL:LEU:VdWContact': 1, 'UNL:PHE:Hydrophobic': 1, 'UNL:PHE:VdWContact': 1, 'UNL:SER:HBAcceptor': 1, 'UNL:SER:VdWContact': 1, 'UNL:THR:Hydrophobic': 1, 'UNL:TYR:Hydrophobic': 2, 'UNL:TYR:VdWContact': 1, 'UNL:VAL:Hydrophobic': 1}"
627,Boltz-1-Single-Seq,1IA1_TQ3,0.14285714285714282,0.9428571428571428,"{'UNL:GLU:HBDonor': 1, 'UNL:GLU:VdWContact': 1, 'UNL:ILE:HBDonor': 1, 'UNL:ILE:Hydrophobic': 3, 'UNL:ILE:VdWContact': 3, 'UNL:MET:Hydrophobic': 1, 'UNL:PHE:Hydrophobic': 1, 'UNL:PHE:VdWContact': 1, 'UNL:TYR:VdWContact': 1, 'UNL:VAL:VdWContact': 1}","{'UNL:ALA:Hydrophobic': 1, 'UNL:GLU:HBDonor': 1, 'UNL:GLU:VdWContact': 1, 'UNL:ILE:HBDonor': 1, 'UNL:ILE:Hydrophobic': 4, 'UNL:ILE:VdWContact': 3, 'UNL:LEU:Hydrophobic': 1, 'UNL:MET:Hydrophobic': 1, 'UNL:MET:VdWContact': 1, 'UNL:PHE:Hydrophobic': 1, 'UNL:THR:Hydrophobic': 1}"
628,Boltz-1-Single-Seq,1Q1G_MTI,,0.0,,
629,Boltz-1-Single-Seq,1R1H_BIR,0.1578947368421053,0.9368421052631579,"{'UNL:ALA:VdWContact': 1, 'UNL:ARG:HBAcceptor': 1, 'UNL:ARG:VdWContact': 1, 'UNL:ASN:HBAcceptor': 1, 'UNL:ASN:HBDonor': 1, 'UNL:ASN:VdWContact': 1, 'UNL:GLU:HBDonor': 1, 'UNL:GLU:VdWContact': 2, 'UNL:HIS:HBAcceptor': 1, 'UNL:HIS:Hydrophobic': 1, 'UNL:HIS:VdWContact': 2, 'UNL:MET:Hydrophobic': 1, 'UNL:PHE:Hydrophobic': 1, 'UNL:PHE:VdWContact': 2, 'UNL:TRP:VdWContact': 1, 'UNL:VAL:Hydrophobic': 1}","{'UNL:ALA:Hydrophobic': 1, 'UNL:ALA:VdWContact': 1, 'UNL:ARG:HBAcceptor': 1, 'UNL:ARG:VdWContact': 1, 'UNL:ASN:HBAcceptor': 1, 'UNL:ASN:HBDonor': 1, 'UNL:ASN:VdWContact': 1, 'UNL:GLU:HBDonor': 1, 'UNL:GLU:VdWContact': 1, 'UNL:HIS:Hydrophobic': 1, 'UNL:HIS:VdWContact': 2, 'UNL:MET:Hydrophobic': 1, 'UNL:PHE:Hydrophobic': 3, 'UNL:PHE:VdWContact': 1, 'UNL:TRP:Hydrophobic': 1, 'UNL:TRP:VdWContact': 1, 'UNL:VAL:Hydrophobic': 2, 'UNL:VAL:VdWContact': 1}"
630,Boltz-1-Single-Seq,1YVF_PH7,0.2380952380952382,0.9047619047619048,"{'UNL:ARG:Hydrophobic': 1, 'UNL:ARG:VdWContact': 1, 'UNL:ILE:Hydrophobic': 1, 'UNL:ILE:VdWContact': 1, 'UNL:LEU:Hydrophobic': 2, 'UNL:LEU:VdWContact': 4, 'UNL:MET:Hydrophobic': 1, 'UNL:MET:VdWContact': 1, 'UNL:PRO:VdWContact': 1, 'UNL:SER:VdWContact': 1, 'UNL:TRP:Hydrophobic': 1, 'UNL:TYR:HBAcceptor': 1, 'UNL:TYR:VdWContact': 1}","{'UNL:ARG:Hydrophobic': 1, 'UNL:ASN:Hydrophobic': 1, 'UNL:ASN:VdWContact': 1, 'UNL:CYS:Hydrophobic': 1, 'UNL:CYS:VdWContact': 1, 'UNL:GLN:VdWContact': 1, 'UNL:LEU:Hydrophobic': 1, 'UNL:MET:Hydrophobic': 1, 'UNL:MET:VdWContact': 1, 'UNL:PHE:Hydrophobic': 1, 'UNL:PRO:Hydrophobic': 1, 'UNL:PRO:VdWContact': 1, 'UNL:SER:VdWContact': 2, 'UNL:TYR:HBAcceptor': 1, 'UNL:TYR:Hydrophobic': 2, 'UNL:TYR:VdWContact': 1}"
631,Boltz-1-Single-Seq,1YQY_915,0.14285714285714285,0.9428571428571428,"{'UNL:GLU:VdWContact': 3, 'UNL:GLY:HBAcceptor': 1, 'UNL:GLY:HBDonor': 1, 'UNL:GLY:VdWContact': 1, 'UNL:HIS:HBDonor': 1, 'UNL:HIS:Hydrophobic': 1, 'UNL:HIS:VdWContact': 2, 'UNL:LEU:VdWContact': 1, 'UNL:LYS:Hydrophobic': 1, 'UNL:LYS:VdWContact': 1, 'UNL:PHE:VdWContact': 1, 'UNL:SER:VdWContact': 1, 'UNL:TYR:HBAcceptor': 1, 'UNL:TYR:HBDonor': 1, 'UNL:TYR:VdWContact': 1, 'UNL:VAL:Hydrophobic': 1, 'UNL:VAL:VdWContact': 1}","{'UNL:ASP:Hydrophobic': 1, 'UNL:GLU:VdWContact': 3, 'UNL:GLY:HBAcceptor': 1, 'UNL:GLY:HBDonor': 1, 'UNL:GLY:VdWContact': 1, 'UNL:HIS:HBAcceptor': 1, 'UNL:HIS:HBDonor': 1, 'UNL:HIS:Hydrophobic': 1, 'UNL:HIS:VdWContact': 1, 'UNL:LEU:Hydrophobic': 2, 'UNL:LEU:VdWContact': 2, 'UNL:LYS:Hydrophobic': 1, 'UNL:SER:VdWContact': 1, 'UNL:TYR:HBDonor': 1, 'UNL:TYR:Hydrophobic': 1, 'UNL:TYR:VdWContact': 1, 'UNL:VAL:Hydrophobic': 2, 'UNL:VAL:VdWContact': 1}"
632,Boltz-1-Single-Seq,1HWW_SWA,0.41666666666666674,0.8333333333333333,"{'UNL:ARG:VdWContact': 1, 'UNL:ASP:VdWContact': 3, 'UNL:HIS:HBDonor': 1, 'UNL:HIS:VdWContact': 2, 'UNL:PHE:VdWContact': 1, 'UNL:TRP:VdWContact': 1, 'UNL:TYR:VdWContact': 1}","{'UNL:ARG:VdWContact': 1, 'UNL:ASP:HBDonor': 1, 'UNL:ASP:VdWContact': 3, 'UNL:HIS:VdWContact': 1, 'UNL:PHE:Hydrophobic': 1, 'UNL:PHE:VdWContact': 1, 'UNL:TRP:HBDonor': 1, 'UNL:TRP:Hydrophobic': 1, 'UNL:TRP:VdWContact': 2, 'UNL:TYR:Hydrophobic': 1, 'UNL:TYR:VdWContact': 2}"
633,Boltz-1-Single-Seq,1T40_ID5,0.7777777777777778,0.6888888888888889,"{'UNL:CYS:Hydrophobic': 1, 'UNL:HIS:HBAcceptor': 1, 'UNL:HIS:VdWContact': 1, 'UNL:LEU:HBAcceptor': 1, 'UNL:LEU:Hydrophobic': 1, 'UNL:THR:VdWContact': 1, 'UNL:TRP:HBAcceptor': 1, 'UNL:TRP:Hydrophobic': 2, 'UNL:TRP:VdWContact': 2, 'UNL:TYR:VdWContact': 1}","{'UNL:CYS:Hydrophobic': 1, 'UNL:CYS:VdWContact': 2, 'UNL:HIS:HBAcceptor': 1, 'UNL:HIS:HBDonor': 1, 'UNL:HIS:VdWContact': 1, 'UNL:LEU:HBAcceptor': 1, 'UNL:LEU:Hydrophobic': 1, 'UNL:LEU:VdWContact': 1, 'UNL:PHE:Hydrophobic': 2, 'UNL:THR:Hydrophobic': 1, 'UNL:THR:VdWContact': 1, 'UNL:TRP:HBAcceptor': 1, 'UNL:TRP:Hydrophobic': 4, 'UNL:TRP:VdWContact': 2, 'UNL:TYR:Hydrophobic': 2, 'UNL:TYR:VdWContact': 2, 'UNL:VAL:Hydrophobic': 1, 'UNL:VAL:VdWContact': 1}"
634,Boltz-1-Single-Seq,1GKC_NFH,,0.0,,
635,Boltz-1-Single-Seq,1N1M_A3M,,0.0,,
636,Boltz-1-Single-Seq,1Z95_198,0.2222222222222223,0.9111111111111111,"{'UNL:ARG:HBAcceptor': 1, 'UNL:ARG:VdWContact': 1, 'UNL:ASN:VdWContact': 1, 'UNL:GLN:HBAcceptor': 1, 'UNL:GLN:VdWContact': 1, 'UNL:ILE:Hydrophobic': 1, 'UNL:ILE:VdWContact': 1, 'UNL:LEU:HBDonor': 1, 'UNL:LEU:Hydrophobic': 3, 'UNL:LEU:VdWContact': 2, 'UNL:MET:Hydrophobic': 3, 'UNL:MET:VdWContact': 3, 'UNL:PHE:VdWContact': 1, 'UNL:THR:VdWContact': 1}","{'UNL:ARG:VdWContact': 1, 'UNL:ASN:VdWContact': 1, 'UNL:GLY:VdWContact': 1, 'UNL:ILE:Hydrophobic': 2, 'UNL:ILE:VdWContact': 1, 'UNL:LEU:HBDonor': 1, 'UNL:LEU:Hydrophobic': 4, 'UNL:LEU:VdWContact': 2, 'UNL:MET:Hydrophobic': 3, 'UNL:MET:VdWContact': 3, 'UNL:PHE:Hydrophobic': 2, 'UNL:PHE:VdWContact': 1, 'UNL:THR:Hydrophobic': 1, 'UNL:THR:VdWContact': 1, 'UNL:VAL:Hydrophobic': 1}"
637,Boltz-1-Single-Seq,1HP0_AD3,0.29999999999999993,0.88,"{'UNL:ASN:HBAcceptor': 2, 'UNL:ASN:Hydrophobic': 1, 'UNL:ASN:VdWContact': 3, 'UNL:ASP:VdWContact': 2, 'UNL:GLU:VdWContact': 1, 'UNL:MET:VdWContact': 1, 'UNL:TRP:Hydrophobic': 1, 'UNL:TRP:VdWContact': 1, 'UNL:TYR:VdWContact': 1}","{'UNL:ASN:HBAcceptor': 2, 'UNL:ASN:Hydrophobic': 1, 'UNL:ASN:VdWContact': 3, 'UNL:ASP:VdWContact': 3, 'UNL:GLU:VdWContact': 1, 'UNL:MET:VdWContact': 1, 'UNL:THR:VdWContact': 1, 'UNL:TRP:Hydrophobic': 2, 'UNL:TRP:VdWContact': 1, 'UNL:TYR:VdWContact': 1}"
638,Boltz-1-Single-Seq,1OF1_SCT,0.19999999999999996,0.92,"{'UNL:ALA:VdWContact': 1, 'UNL:ARG:Hydrophobic': 1, 'UNL:ARG:VdWContact': 2, 'UNL:GLN:HBAcceptor': 1, 'UNL:GLN:HBDonor': 1, 'UNL:GLN:VdWContact': 1, 'UNL:GLU:VdWContact': 2, 'UNL:HIS:VdWContact': 1, 'UNL:ILE:Hydrophobic': 1, 'UNL:MET:VdWContact': 1, 'UNL:TYR:HBAcceptor': 1, 'UNL:TYR:HBDonor': 1, 'UNL:TYR:Hydrophobic': 1, 'UNL:TYR:VdWContact': 2}","{'UNL:ALA:Hydrophobic': 2, 'UNL:ALA:VdWContact': 1, 'UNL:ARG:HBAcceptor': 1, 'UNL:ARG:HBDonor': 1, 'UNL:ARG:VdWContact': 1, 'UNL:GLN:HBAcceptor': 1, 'UNL:GLN:HBDonor': 1, 'UNL:GLN:VdWContact': 1, 'UNL:GLU:VdWContact': 2, 'UNL:HIS:Hydrophobic': 1, 'UNL:HIS:VdWContact': 1, 'UNL:ILE:Hydrophobic': 2, 'UNL:MET:Hydrophobic': 1, 'UNL:TRP:Hydrophobic': 1, 'UNL:TYR:Hydrophobic': 2, 'UNL:TYR:VdWContact': 2}"
639,Boltz-1-Single-Seq,1SJ0_E4D,0.3913043478260869,0.8434782608695652,"{'UNL:ARG:HBAcceptor': 1, 'UNL:ARG:VdWContact': 1, 'UNL:ASP:VdWContact': 1, 'UNL:CYS:VdWContact': 1, 'UNL:GLU:HBDonor': 1, 'UNL:GLU:VdWContact': 1, 'UNL:GLY:VdWContact': 1, 'UNL:HIS:VdWContact': 1, 'UNL:ILE:Hydrophobic': 1, 'UNL:ILE:VdWContact': 1, 'UNL:LEU:Hydrophobic': 5, 'UNL:LEU:VdWContact': 2, 'UNL:MET:Hydrophobic': 2, 'UNL:THR:VdWContact': 1, 'UNL:TRP:VdWContact': 1}","{'UNL:ALA:Hydrophobic': 1, 'UNL:ARG:HBAcceptor': 1, 'UNL:ARG:VdWContact': 1, 'UNL:ASP:VdWContact': 1, 'UNL:CYS:Hydrophobic': 1, 'UNL:CYS:VdWContact': 1, 'UNL:GLU:VdWContact': 1, 'UNL:HIS:HBDonor': 1, 'UNL:HIS:Hydrophobic': 1, 'UNL:HIS:VdWContact': 1, 'UNL:ILE:Hydrophobic': 1, 'UNL:LEU:HBDonor': 1, 'UNL:LEU:Hydrophobic': 7, 'UNL:LEU:VdWContact': 3, 'UNL:MET:Hydrophobic': 3, 'UNL:MET:VdWContact': 1, 'UNL:PHE:Hydrophobic': 1, 'UNL:THR:VdWContact': 1, 'UNL:TRP:Hydrophobic': 1, 'UNL:TRP:VdWContact': 1}"
640,Boltz-1-Single-Seq,1U4D_DBQ,0.24999999999999994,0.9,"{'UNL:ALA:HBAcceptor': 1, 'UNL:ALA:VdWContact': 1, 'UNL:ASP:VdWContact': 1, 'UNL:GLU:HBDonor': 1, 'UNL:GLU:VdWContact': 1, 'UNL:LEU:Hydrophobic': 2, 'UNL:LEU:VdWContact': 2, 'UNL:LYS:VdWContact': 1, 'UNL:VAL:VdWContact': 1}","{'UNL:ALA:HBAcceptor': 1, 'UNL:ALA:Hydrophobic': 1, 'UNL:ALA:VdWContact': 1, 'UNL:ASP:HBDonor': 1, 'UNL:ASP:VdWContact': 1, 'UNL:GLU:HBDonor': 1, 'UNL:GLU:VdWContact': 1, 'UNL:LEU:Hydrophobic': 2, 'UNL:LEU:VdWContact': 1, 'UNL:LYS:VdWContact': 1, 'UNL:VAL:Hydrophobic': 1}"
641,Boltz-1-Single-Seq,1Q41_IXM,0.17647058823529413,0.9294117647058824,"{'UNL:ASP:HBDonor': 1, 'UNL:ASP:VdWContact': 1, 'UNL:CYS:Hydrophobic': 1, 'UNL:GLY:VdWContact': 1, 'UNL:LEU:Hydrophobic': 2, 'UNL:LEU:VdWContact': 2, 'UNL:PHE:VdWContact': 1, 'UNL:PRO:VdWContact': 1, 'UNL:VAL:HBAcceptor': 1, 'UNL:VAL:HBDonor': 1, 'UNL:VAL:VdWContact': 1}","{'UNL:ALA:Hydrophobic': 1, 'UNL:ASP:HBDonor': 1, 'UNL:ASP:VdWContact': 1, 'UNL:CYS:Hydrophobic': 1, 'UNL:ILE:Hydrophobic': 1, 'UNL:LEU:Hydrophobic': 2, 'UNL:PRO:VdWContact': 1, 'UNL:THR:Hydrophobic': 1, 'UNL:TYR:Hydrophobic': 1, 'UNL:TYR:VdWContact': 1, 'UNL:VAL:HBAcceptor': 1, 'UNL:VAL:HBDonor': 1, 'UNL:VAL:Hydrophobic': 2, 'UNL:VAL:VdWContact': 1}"
642,Boltz-1-Single-Seq,1OWE_675,0.5,0.8,"{'UNL:ASP:HBDonor': 1, 'UNL:ASP:VdWContact': 1, 'UNL:GLN:Hydrophobic': 1, 'UNL:GLY:HBDonor': 1, 'UNL:GLY:VdWContact': 2, 'UNL:SER:VdWContact': 2}","{'UNL:ASP:HBDonor': 1, 'UNL:ASP:VdWContact': 1, 'UNL:GLN:Hydrophobic': 1, 'UNL:GLN:VdWContact': 1, 'UNL:GLY:HBDonor': 1, 'UNL:GLY:VdWContact': 1, 'UNL:HIS:Hydrophobic': 1, 'UNL:HIS:VdWContact': 1, 'UNL:SER:VdWContact': 2, 'UNL:VAL:Hydrophobic': 1}"
643,Boltz-1-Single-Seq,1OQ5_CEL,0.26315789473684204,0.8947368421052632,"{'UNL:GLN:HBAcceptor': 1, 'UNL:GLN:VdWContact': 1, 'UNL:HIS:HBDonor': 1, 'UNL:HIS:VdWContact': 1, 'UNL:LEU:Hydrophobic': 1, 'UNL:LEU:VdWContact': 1, 'UNL:PRO:VdWContact': 2, 'UNL:THR:HBAcceptor': 1, 'UNL:THR:HBDonor': 1, 'UNL:THR:VdWContact': 2, 'UNL:VAL:Hydrophobic': 1, 'UNL:VAL:VdWContact': 1}","{'UNL:ASN:Hydrophobic': 1, 'UNL:ASN:VdWContact': 1, 'UNL:GLN:Hydrophobic': 1, 'UNL:GLN:VdWContact': 1, 'UNL:GLU:Hydrophobic': 1, 'UNL:GLU:VdWContact': 1, 'UNL:HIS:HBDonor': 1, 'UNL:HIS:VdWContact': 1, 'UNL:LEU:Hydrophobic': 1, 'UNL:LEU:VdWContact': 1, 'UNL:PHE:Hydrophobic': 1, 'UNL:THR:HBAcceptor': 1, 'UNL:THR:HBDonor': 1, 'UNL:THR:Hydrophobic': 1, 'UNL:THR:VdWContact': 2, 'UNL:VAL:Hydrophobic': 1}"
644,Boltz-1-Single-Seq,1SG0_STL,0.3333333333333333,0.8666666666666667,"{'UNL:ASN:VdWContact': 1, 'UNL:GLN:Hydrophobic': 1, 'UNL:GLY:HBDonor': 1, 'UNL:GLY:VdWContact': 1, 'UNL:PHE:Hydrophobic': 1, 'UNL:PHE:VdWContact': 2, 'UNL:TRP:VdWContact': 1}","{'UNL:ASN:HBAcceptor': 1, 'UNL:ASN:VdWContact': 1, 'UNL:GLY:HBDonor': 1, 'UNL:GLY:VdWContact': 1, 'UNL:PHE:Hydrophobic': 3, 'UNL:PHE:VdWContact': 2, 'UNL:TRP:Hydrophobic': 1, 'UNL:TRP:VdWContact': 1}"
645,Boltz-1-Single-Seq,2BR1_PFP,0.4615384615384616,0.8153846153846154,"{'UNL:CYS:HBAcceptor': 1, 'UNL:CYS:VdWContact': 1, 'UNL:GLU:Hydrophobic': 1, 'UNL:GLU:VdWContact': 2, 'UNL:GLY:VdWContact': 1, 'UNL:LEU:Hydrophobic': 1, 'UNL:VAL:Hydrophobic': 1}","{'UNL:ALA:Hydrophobic': 1, 'UNL:ALA:VdWContact': 1, 'UNL:CYS:HBAcceptor': 1, 'UNL:CYS:Hydrophobic': 1, 'UNL:CYS:VdWContact': 1, 'UNL:GLU:Hydrophobic': 1, 'UNL:GLU:VdWContact': 2, 'UNL:LEU:Hydrophobic': 2, 'UNL:LEU:VdWContact': 1, 'UNL:SER:VdWContact': 1, 'UNL:TYR:Hydrophobic': 1, 'UNL:VAL:Hydrophobic': 1}"
646,Boltz-1-Single-Seq,1UOU_CMU,0.46666666666666673,0.8133333333333332,"{'UNL:ARG:HBAcceptor': 1, 'UNL:ARG:VdWContact': 1, 'UNL:HIS:VdWContact': 1, 'UNL:ILE:Hydrophobic': 1, 'UNL:LYS:HBAcceptor': 1, 'UNL:LYS:VdWContact': 1, 'UNL:SER:HBDonor': 1, 'UNL:SER:VdWContact': 2, 'UNL:THR:VdWContact': 1, 'UNL:TYR:VdWContact': 1}","{'UNL:ARG:HBAcceptor': 1, 'UNL:ARG:VdWContact': 2, 'UNL:GLY:VdWContact': 1, 'UNL:HIS:HBDonor': 1, 'UNL:HIS:VdWContact': 1, 'UNL:ILE:Hydrophobic': 2, 'UNL:LEU:Hydrophobic': 1, 'UNL:LEU:VdWContact': 1, 'UNL:LYS:VdWContact': 1, 'UNL:SER:HBDonor': 1, 'UNL:SER:VdWContact': 2, 'UNL:THR:VdWContact': 2, 'UNL:TYR:Hydrophobic': 1, 'UNL:TYR:VdWContact': 1}"
647,Boltz-1-Single-Seq,1TZ8_DES,0.5,0.8,"{'UNL:ALA:VdWContact': 2, 'UNL:LEU:Hydrophobic': 4, 'UNL:LEU:VdWContact': 2, 'UNL:LYS:Hydrophobic': 2, 'UNL:LYS:VdWContact': 2, 'UNL:SER:VdWContact': 1}","{'UNL:ALA:Hydrophobic': 2, 'UNL:LEU:Hydrophobic': 4, 'UNL:LEU:VdWContact': 2, 'UNL:LYS:Hydrophobic': 2, 'UNL:LYS:VdWContact': 1, 'UNL:SER:HBAcceptor': 2, 'UNL:SER:HBDonor': 1, 'UNL:SER:VdWContact': 2, 'UNL:THR:Hydrophobic': 2}"
648,Boltz-1-Single-Seq,1R9O_FLP,,0.0,,
649,Boltz-1-Single-Seq,1P2Y_NCT,,0.0,,
650,Boltz-1-Single-Seq,1V0P_PVB,0.23809523809523803,0.9047619047619048,"{'UNL:ALA:VdWContact': 1, 'UNL:ASP:VdWContact': 2, 'UNL:GLN:Hydrophobic': 1, 'UNL:GLN:VdWContact': 2, 'UNL:GLU:VdWContact': 2, 'UNL:GLY:VdWContact': 1, 'UNL:HIS:VdWContact': 1, 'UNL:ILE:Hydrophobic': 1, 'UNL:ILE:VdWContact': 1, 'UNL:LEU:HBAcceptor': 1, 'UNL:LEU:HBDonor': 1, 'UNL:LEU:VdWContact': 2, 'UNL:LYS:HBAcceptor': 1, 'UNL:LYS:Hydrophobic': 1, 'UNL:LYS:VdWContact': 2, 'UNL:PHE:VdWContact': 1, 'UNL:VAL:VdWContact': 1}","{'UNL:ALA:Hydrophobic': 2, 'UNL:ALA:VdWContact': 2, 'UNL:GLN:VdWContact': 1, 'UNL:GLU:VdWContact': 1, 'UNL:GLY:VdWContact': 2, 'UNL:ILE:Hydrophobic': 1, 'UNL:LEU:HBAcceptor': 1, 'UNL:LEU:HBDonor': 1, 'UNL:LEU:Hydrophobic': 1, 'UNL:LEU:VdWContact': 2, 'UNL:PHE:Hydrophobic': 1, 'UNL:VAL:Hydrophobic': 2, 'UNL:VAL:VdWContact': 2}"
651,Boltz-1-Single-Seq,1XOZ_CIA,0.375,0.85,"{'UNL:ALA:VdWContact': 2, 'UNL:GLN:HBDonor': 1, 'UNL:GLN:Hydrophobic': 1, 'UNL:GLN:VdWContact': 1, 'UNL:ILE:Hydrophobic': 1, 'UNL:ILE:VdWContact': 1, 'UNL:MET:Hydrophobic': 1, 'UNL:MET:VdWContact': 1, 'UNL:PHE:Hydrophobic': 1, 'UNL:PHE:VdWContact': 2, 'UNL:VAL:VdWContact': 1}","{'UNL:ALA:Hydrophobic': 2, 'UNL:GLN:HBDonor': 1, 'UNL:GLN:Hydrophobic': 1, 'UNL:GLN:VdWContact': 2, 'UNL:ILE:Hydrophobic': 2, 'UNL:ILE:VdWContact': 1, 'UNL:LEU:Hydrophobic': 1, 'UNL:LEU:VdWContact': 1, 'UNL:MET:Hydrophobic': 1, 'UNL:MET:VdWContact': 1, 'UNL:PHE:Hydrophobic': 2, 'UNL:PHE:VdWContact': 1, 'UNL:TYR:Hydrophobic': 1, 'UNL:VAL:Hydrophobic': 1, 'UNL:VAL:VdWContact': 1}"
652,Boltz-1-Single-Seq,1R55_097,0.5333333333333332,0.7866666666666667,"{'UNL:ALA:HBDonor': 2, 'UNL:ALA:VdWContact': 3, 'UNL:GLU:VdWContact': 1, 'UNL:GLY:HBDonor': 1, 'UNL:GLY:VdWContact': 1, 'UNL:HIS:HBAcceptor': 1, 'UNL:HIS:VdWContact': 3, 'UNL:THR:HBAcceptor': 1, 'UNL:THR:VdWContact': 3, 'UNL:VAL:HBAcceptor': 1, 'UNL:VAL:VdWContact': 1}","{'UNL:ALA:HBDonor': 2, 'UNL:ALA:Hydrophobic': 2, 'UNL:ALA:VdWContact': 2, 'UNL:GLU:VdWContact': 1, 'UNL:GLY:HBDonor': 1, 'UNL:GLY:VdWContact': 1, 'UNL:HIS:HBAcceptor': 1, 'UNL:HIS:Hydrophobic': 1, 'UNL:HIS:VdWContact': 3, 'UNL:THR:HBAcceptor': 1, 'UNL:THR:Hydrophobic': 2, 'UNL:THR:VdWContact': 2, 'UNL:VAL:HBAcceptor': 1, 'UNL:VAL:Hydrophobic': 1, 'UNL:VAL:VdWContact': 1}"
653,Boltz-1-Single-Seq,1YWR_LI9,0.5454545454545454,0.7818181818181819,"{'UNL:ASN:VdWContact': 1, 'UNL:ASP:Hydrophobic': 1, 'UNL:ASP:VdWContact': 1, 'UNL:HIS:VdWContact': 1, 'UNL:LEU:VdWContact': 2, 'UNL:LYS:HBAcceptor': 1, 'UNL:LYS:Hydrophobic': 1, 'UNL:LYS:VdWContact': 1, 'UNL:MET:HBAcceptor': 1, 'UNL:MET:HBDonor': 1, 'UNL:MET:VdWContact': 1, 'UNL:TYR:VdWContact': 1}","{'UNL:ALA:Hydrophobic': 1, 'UNL:ALA:VdWContact': 1, 'UNL:ASP:Hydrophobic': 1, 'UNL:ASP:VdWContact': 1, 'UNL:HIS:VdWContact': 1, 'UNL:ILE:Hydrophobic': 1, 'UNL:LEU:Hydrophobic': 4, 'UNL:LEU:VdWContact': 2, 'UNL:LYS:Hydrophobic': 1, 'UNL:LYS:VdWContact': 1, 'UNL:MET:HBAcceptor': 1, 'UNL:MET:HBDonor': 1, 'UNL:MET:Hydrophobic': 1, 'UNL:MET:VdWContact': 1, 'UNL:THR:Hydrophobic': 1, 'UNL:THR:VdWContact': 1, 'UNL:TYR:Hydrophobic': 1, 'UNL:TYR:VdWContact': 1, 'UNL:VAL:Hydrophobic': 2, 'UNL:VAL:VdWContact': 1}"
654,Boltz-1-Single-Seq,1HQ2_PH2,0.1764705882352941,0.9294117647058824,"{'UNL:ASN:HBAcceptor': 1, 'UNL:ASN:HBDonor': 1, 'UNL:ASN:VdWContact': 1, 'UNL:LEU:HBAcceptor': 1, 'UNL:LEU:HBDonor': 1, 'UNL:LEU:VdWContact': 1, 'UNL:PHE:VdWContact': 1, 'UNL:PRO:HBDonor': 1, 'UNL:PRO:VdWContact': 1, 'UNL:THR:HBDonor': 1, 'UNL:THR:VdWContact': 1, 'UNL:TRP:VdWContact': 1, 'UNL:TYR:VdWContact': 1}","{'UNL:ASN:HBAcceptor': 1, 'UNL:ASN:HBDonor': 1, 'UNL:ASN:VdWContact': 1, 'UNL:ASP:VdWContact': 1, 'UNL:LEU:HBAcceptor': 1, 'UNL:LEU:HBDonor': 1, 'UNL:LEU:Hydrophobic': 1, 'UNL:LEU:VdWContact': 1, 'UNL:PHE:Hydrophobic': 1, 'UNL:PHE:VdWContact': 1, 'UNL:PRO:HBDonor': 1, 'UNL:PRO:VdWContact': 1, 'UNL:THR:HBDonor': 1, 'UNL:THR:VdWContact': 1, 'UNL:TYR:Hydrophobic': 1, 'UNL:TYR:VdWContact': 1}"
655,Boltz-1-Single-Seq,1MZC_BNE,,0.0,,
656,Boltz-1-Single-Seq,1V4S_MRK,0.4736842105263158,0.8105263157894737,"{'UNL:ARG:HBAcceptor': 1, 'UNL:ARG:HBDonor': 1, 'UNL:ARG:VdWContact': 1, 'UNL:ILE:Hydrophobic': 1, 'UNL:ILE:VdWContact': 1, 'UNL:MET:Hydrophobic': 1, 'UNL:MET:VdWContact': 1, 'UNL:TYR:HBDonor': 1, 'UNL:TYR:VdWContact': 3, 'UNL:VAL:Hydrophobic': 1, 'UNL:VAL:VdWContact': 2}","{'UNL:ALA:Hydrophobic': 1, 'UNL:ARG:HBAcceptor': 1, 'UNL:ARG:HBDonor': 1, 'UNL:ARG:Hydrophobic': 1, 'UNL:ARG:VdWContact': 1, 'UNL:GLU:Hydrophobic': 1, 'UNL:ILE:Hydrophobic': 2, 'UNL:MET:Hydrophobic': 2, 'UNL:MET:VdWContact': 1, 'UNL:PRO:Hydrophobic': 1, 'UNL:THR:HBAcceptor': 1, 'UNL:THR:Hydrophobic': 1, 'UNL:THR:VdWContact': 1, 'UNL:TYR:HBDonor': 1, 'UNL:TYR:Hydrophobic': 2, 'UNL:TYR:VdWContact': 2, 'UNL:VAL:Hydrophobic': 3}"
657,Boltz-1-Single-Seq,1NAV_IH5,0.35000000000000003,0.86,"{'UNL:ALA:VdWContact': 1, 'UNL:ARG:HBAcceptor': 1, 'UNL:ARG:HBDonor': 1, 'UNL:ARG:VdWContact': 1, 'UNL:GLY:VdWContact': 1, 'UNL:HIS:HBAcceptor': 1, 'UNL:HIS:HBDonor': 1, 'UNL:HIS:VdWContact': 1, 'UNL:ILE:VdWContact': 1, 'UNL:LEU:Hydrophobic': 2, 'UNL:LEU:VdWContact': 1, 'UNL:MET:Hydrophobic': 3, 'UNL:MET:VdWContact': 1, 'UNL:PHE:Hydrophobic': 1, 'UNL:SER:HBAcceptor': 1, 'UNL:SER:VdWContact': 1}","{'UNL:ALA:Hydrophobic': 2, 'UNL:GLY:VdWContact': 1, 'UNL:HIS:HBAcceptor': 1, 'UNL:HIS:VdWContact': 1, 'UNL:ILE:Hydrophobic': 1, 'UNL:ILE:VdWContact': 1, 'UNL:LEU:Hydrophobic': 3, 'UNL:LEU:VdWContact': 2, 'UNL:MET:Hydrophobic': 3, 'UNL:MET:VdWContact': 2, 'UNL:PHE:Hydrophobic': 3, 'UNL:PHE:VdWContact': 1, 'UNL:SER:HBAcceptor': 1, 'UNL:SER:VdWContact': 1, 'UNL:THR:Hydrophobic': 1}"
658,Boltz-1-Single-Seq,1JJE_BYS,0.4444444444444444,0.8222222222222222,"{'UNL:ASN:HBAcceptor': 1, 'UNL:ASN:Hydrophobic': 1, 'UNL:ASN:VdWContact': 1, 'UNL:GLY:VdWContact': 1, 'UNL:HIS:VdWContact': 1, 'UNL:LYS:HBAcceptor': 1, 'UNL:LYS:VdWContact': 1, 'UNL:TRP:Hydrophobic': 1, 'UNL:TRP:VdWContact': 1, 'UNL:VAL:Hydrophobic': 2, 'UNL:VAL:VdWContact': 2}","{'UNL:ASN:HBAcceptor': 1, 'UNL:ASN:Hydrophobic': 1, 'UNL:ASN:VdWContact': 1, 'UNL:ASP:Hydrophobic': 1, 'UNL:ASP:VdWContact': 1, 'UNL:CYS:VdWContact': 1, 'UNL:GLY:VdWContact': 1, 'UNL:HIS:HBDonor': 1, 'UNL:HIS:Hydrophobic': 2, 'UNL:HIS:VdWContact': 3, 'UNL:LYS:HBDonor': 1, 'UNL:LYS:VdWContact': 1, 'UNL:PHE:Hydrophobic': 1, 'UNL:TRP:Hydrophobic': 1, 'UNL:TRP:VdWContact': 1, 'UNL:VAL:Hydrophobic': 2, 'UNL:VAL:VdWContact': 1}"
659,Boltz-1-Single-Seq,1GM8_SOX,,0.0,,
660,Boltz-1-Single-Seq,1J3J_CP6,,0.0,,
661,Boltz-1-Single-Seq,1T9B_1CS,,0.0,,
662,Boltz-1-Single-Seq,1PMN_984,0.38888888888888884,0.8444444444444444,"{'UNL:ALA:VdWContact': 2, 'UNL:ASN:VdWContact': 1, 'UNL:GLU:VdWContact': 1, 'UNL:GLY:VdWContact': 2, 'UNL:ILE:Hydrophobic': 2, 'UNL:ILE:VdWContact': 2, 'UNL:LEU:Hydrophobic': 1, 'UNL:LEU:VdWContact': 2, 'UNL:LYS:Hydrophobic': 1, 'UNL:LYS:VdWContact': 1, 'UNL:MET:HBAcceptor': 1, 'UNL:MET:HBDonor': 1, 'UNL:MET:Hydrophobic': 1, 'UNL:MET:VdWContact': 2, 'UNL:SER:VdWContact': 1, 'UNL:VAL:VdWContact': 1}","{'UNL:ALA:Hydrophobic': 1, 'UNL:ALA:VdWContact': 2, 'UNL:ASN:VdWContact': 1, 'UNL:ILE:Hydrophobic': 2, 'UNL:ILE:VdWContact': 2, 'UNL:LEU:Hydrophobic': 3, 'UNL:LEU:VdWContact': 2, 'UNL:LYS:Hydrophobic': 1, 'UNL:MET:HBAcceptor': 1, 'UNL:MET:Hydrophobic': 2, 'UNL:MET:VdWContact': 2, 'UNL:VAL:Hydrophobic': 2}"
663,Boltz-1-Single-Seq,1N2V_BDI,0.0714285714285714,0.9714285714285714,"{'UNL:ALA:VdWContact': 1, 'UNL:ASP:HBDonor': 1, 'UNL:ASP:VdWContact': 1, 'UNL:CYS:VdWContact': 1, 'UNL:GLN:HBAcceptor': 1, 'UNL:GLN:VdWContact': 1, 'UNL:GLY:HBAcceptor': 1, 'UNL:GLY:VdWContact': 3, 'UNL:MET:Hydrophobic': 1, 'UNL:MET:VdWContact': 1, 'UNL:TYR:VdWContact': 1}","{'UNL:ALA:Hydrophobic': 1, 'UNL:ASP:HBDonor': 1, 'UNL:ASP:VdWContact': 1, 'UNL:CYS:Hydrophobic': 1, 'UNL:GLN:HBAcceptor': 1, 'UNL:GLN:VdWContact': 1, 'UNL:GLY:HBAcceptor': 1, 'UNL:GLY:VdWContact': 2, 'UNL:MET:Hydrophobic': 1, 'UNL:TYR:Hydrophobic': 1, 'UNL:TYR:VdWContact': 1}"
664,Boltz-1-Single-Seq,1GPK_HUP,0.5454545454545454,0.7818181818181819,"{'UNL:GLY:VdWContact': 1, 'UNL:HIS:VdWContact': 1, 'UNL:PHE:Hydrophobic': 1, 'UNL:PHE:VdWContact': 1, 'UNL:SER:HBDonor': 1, 'UNL:SER:VdWContact': 1, 'UNL:TRP:Hydrophobic': 1, 'UNL:TRP:VdWContact': 1, 'UNL:TYR:VdWContact': 1}","{'UNL:GLY:VdWContact': 3, 'UNL:HIS:VdWContact': 1, 'UNL:LEU:Hydrophobic': 1, 'UNL:PHE:Hydrophobic': 3, 'UNL:PHE:VdWContact': 2, 'UNL:TRP:Hydrophobic': 1, 'UNL:TRP:VdWContact': 1, 'UNL:TYR:Hydrophobic': 2, 'UNL:TYR:VdWContact': 1}"
665,Boltz-1-Single-Seq,1W1P_GIO,,0.0,,
666,Boltz-1-Single-Seq,1OF6_DTY,,0.0,,
667,Boltz-1-Single-Seq,1S3V_TQD,0.23076923076923084,0.9076923076923077,"{'UNL:GLU:HBDonor': 1, 'UNL:GLU:VdWContact': 1, 'UNL:ILE:HBDonor': 1, 'UNL:ILE:Hydrophobic': 1, 'UNL:ILE:VdWContact': 1, 'UNL:LEU:VdWContact': 2, 'UNL:PHE:Hydrophobic': 1, 'UNL:PHE:VdWContact': 2, 'UNL:PRO:VdWContact': 1, 'UNL:SER:VdWContact': 1, 'UNL:VAL:HBDonor': 1, 'UNL:VAL:VdWContact': 1}","{'UNL:GLU:HBDonor': 1, 'UNL:GLU:VdWContact': 1, 'UNL:ILE:HBDonor': 1, 'UNL:ILE:Hydrophobic': 1, 'UNL:ILE:VdWContact': 1, 'UNL:PHE:Hydrophobic': 2, 'UNL:PHE:VdWContact': 1, 'UNL:PRO:Hydrophobic': 1, 'UNL:SER:VdWContact': 1, 'UNL:VAL:VdWContact': 1}"
668,Boltz-1-Single-Seq,1Y6B_AAX,0.2222222222222223,0.9111111111111111,"{'UNL:ASN:HBAcceptor': 1, 'UNL:ASN:VdWContact': 1, 'UNL:ASP:Hydrophobic': 1, 'UNL:CYS:HBAcceptor': 1, 'UNL:CYS:HBDonor': 1, 'UNL:CYS:VdWContact': 1, 'UNL:GLU:VdWContact': 1, 'UNL:GLY:VdWContact': 1, 'UNL:LEU:Hydrophobic': 1, 'UNL:LEU:VdWContact': 2, 'UNL:LYS:Hydrophobic': 1, 'UNL:LYS:VdWContact': 1, 'UNL:PHE:VdWContact': 1, 'UNL:VAL:Hydrophobic': 2, 'UNL:VAL:VdWContact': 2}","{'UNL:ALA:Hydrophobic': 1, 'UNL:ASN:HBAcceptor': 1, 'UNL:ASN:VdWContact': 1, 'UNL:CYS:HBAcceptor': 1, 'UNL:CYS:HBDonor': 1, 'UNL:CYS:Hydrophobic': 1, 'UNL:CYS:VdWContact': 1, 'UNL:GLU:VdWContact': 2, 'UNL:GLY:VdWContact': 1, 'UNL:LEU:Hydrophobic': 2, 'UNL:LYS:Hydrophobic': 1, 'UNL:LYS:VdWContact': 1, 'UNL:PHE:Hydrophobic': 2, 'UNL:PHE:VdWContact': 1, 'UNL:VAL:Hydrophobic': 3, 'UNL:VAL:VdWContact': 2}"
669,Boltz-1-Single-Seq,1L2S_STC,0.2941176470588236,0.8823529411764706,"{'UNL:ALA:HBDonor': 1, 'UNL:ALA:VdWContact': 1, 'UNL:ASN:HBAcceptor': 1, 'UNL:ASN:VdWContact': 1, 'UNL:GLN:Hydrophobic': 1, 'UNL:GLN:VdWContact': 1, 'UNL:GLY:VdWContact': 1, 'UNL:LEU:Hydrophobic': 1, 'UNL:LEU:VdWContact': 1, 'UNL:SER:VdWContact': 1, 'UNL:TYR:VdWContact': 1}","{'UNL:ALA:HBAcceptor': 1, 'UNL:ALA:HBDonor': 1, 'UNL:ALA:VdWContact': 1, 'UNL:ASN:HBAcceptor': 1, 'UNL:ASN:VdWContact': 1, 'UNL:GLN:VdWContact': 1, 'UNL:GLY:VdWContact': 1, 'UNL:LEU:Hydrophobic': 2, 'UNL:SER:HBAcceptor': 1, 'UNL:SER:VdWContact': 1, 'UNL:THR:Hydrophobic': 1, 'UNL:THR:VdWContact': 1, 'UNL:TYR:Hydrophobic': 2, 'UNL:VAL:Hydrophobic': 1}"
670,Boltz-1-Single-Seq,1W2G_THM,0.38461538461538464,0.8461538461538461,"{'UNL:ARG:HBAcceptor': 1, 'UNL:ARG:VdWContact': 1, 'UNL:ASN:HBDonor': 1, 'UNL:ASN:VdWContact': 1, 'UNL:ASP:VdWContact': 1, 'UNL:PHE:Hydrophobic': 1, 'UNL:PRO:VdWContact': 1, 'UNL:TYR:HBAcceptor': 1, 'UNL:TYR:VdWContact': 3}","{'UNL:ARG:HBAcceptor': 1, 'UNL:ARG:Hydrophobic': 1, 'UNL:ARG:VdWContact': 1, 'UNL:ASN:HBDonor': 1, 'UNL:ASN:Hydrophobic': 1, 'UNL:ASN:VdWContact': 1, 'UNL:ASP:VdWContact': 1, 'UNL:PHE:Hydrophobic': 2, 'UNL:PRO:Hydrophobic': 1, 'UNL:PRO:VdWContact': 1, 'UNL:TYR:Hydrophobic': 2, 'UNL:TYR:VdWContact': 3}"
671,Boltz-1-Single-Seq,1TOW_CRZ,0.5625,0.775,"{'UNL:ALA:VdWContact': 1, 'UNL:ARG:HBAcceptor': 1, 'UNL:ARG:VdWContact': 1, 'UNL:ASP:Hydrophobic': 1, 'UNL:MET:Hydrophobic': 1, 'UNL:PHE:VdWContact': 1, 'UNL:TYR:VdWContact': 1, 'UNL:VAL:VdWContact': 1}","{'UNL:ALA:Hydrophobic': 3, 'UNL:ARG:HBAcceptor': 1, 'UNL:ARG:HBDonor': 1, 'UNL:ARG:VdWContact': 1, 'UNL:ASP:Hydrophobic': 1, 'UNL:CYS:VdWContact': 1, 'UNL:ILE:Hydrophobic': 1, 'UNL:MET:Hydrophobic': 1, 'UNL:PHE:Hydrophobic': 2, 'UNL:PHE:VdWContact': 1, 'UNL:PRO:Hydrophobic': 1, 'UNL:PRO:VdWContact': 1, 'UNL:TYR:VdWContact': 1, 'UNL:VAL:Hydrophobic': 1}"
672,Boltz-1-Single-Seq,1XM6_5RM,0.23529411764705885,0.9058823529411765,"{'UNL:ASN:Hydrophobic': 1, 'UNL:ASN:VdWContact': 1, 'UNL:GLN:HBAcceptor': 1, 'UNL:GLN:VdWContact': 1, 'UNL:HIS:HBDonor': 1, 'UNL:HIS:VdWContact': 1, 'UNL:ILE:Hydrophobic': 1, 'UNL:ILE:VdWContact': 1, 'UNL:LEU:VdWContact': 2, 'UNL:MET:Hydrophobic': 1, 'UNL:MET:VdWContact': 2, 'UNL:PHE:Hydrophobic': 1, 'UNL:PHE:VdWContact': 2, 'UNL:TYR:VdWContact': 1}","{'UNL:ASN:VdWContact': 1, 'UNL:GLN:HBAcceptor': 1, 'UNL:GLN:VdWContact': 1, 'UNL:ILE:Hydrophobic': 1, 'UNL:ILE:VdWContact': 1, 'UNL:LEU:Hydrophobic': 2, 'UNL:LEU:VdWContact': 1, 'UNL:MET:Hydrophobic': 3, 'UNL:MET:VdWContact': 1, 'UNL:PHE:Hydrophobic': 3, 'UNL:PHE:VdWContact': 2, 'UNL:THR:VdWContact': 1, 'UNL:TYR:Hydrophobic': 1}"
673,Boltz-1-Single-Seq,1YGC_905,,0.0,,
674,Boltz-1-Single-Seq,1R58_AO5,0.5714285714285714,0.7714285714285715,"{'UNL:ASP:HBDonor': 2, 'UNL:ASP:VdWContact': 2, 'UNL:GLU:HBDonor': 1, 'UNL:GLU:VdWContact': 1, 'UNL:HIS:HBDonor': 2, 'UNL:HIS:VdWContact': 4, 'UNL:PHE:Hydrophobic': 1, 'UNL:TYR:Hydrophobic': 1}","{'UNL:ALA:Hydrophobic': 1, 'UNL:ALA:VdWContact': 1, 'UNL:ASP:HBDonor': 2, 'UNL:ASP:VdWContact': 2, 'UNL:GLU:HBDonor': 1, 'UNL:GLU:VdWContact': 1, 'UNL:HIS:HBDonor': 1, 'UNL:HIS:Hydrophobic': 2, 'UNL:HIS:VdWContact': 2, 'UNL:MET:Hydrophobic': 1, 'UNL:PHE:Hydrophobic': 1, 'UNL:PHE:VdWContact': 1, 'UNL:TYR:Hydrophobic': 1, 'UNL:TYR:VdWContact': 1}"
675,Boltz-1-Single-Seq,1HNN_SKF,0.14285714285714293,0.9428571428571428,"{'UNL:ARG:VdWContact': 1, 'UNL:ASN:Hydrophobic': 1, 'UNL:ASN:VdWContact': 1, 'UNL:ASP:VdWContact': 1, 'UNL:GLU:HBDonor': 1, 'UNL:GLU:VdWContact': 1, 'UNL:LYS:HBDonor': 1, 'UNL:LYS:VdWContact': 1, 'UNL:PHE:Hydrophobic': 1, 'UNL:TYR:VdWContact': 2, 'UNL:VAL:VdWContact': 1}","{'UNL:ARG:VdWContact': 1, 'UNL:ASN:Hydrophobic': 1, 'UNL:ASP:VdWContact': 1, 'UNL:GLU:HBDonor': 1, 'UNL:GLU:VdWContact': 1, 'UNL:LYS:VdWContact': 1, 'UNL:MET:Hydrophobic': 1, 'UNL:MET:VdWContact': 1, 'UNL:PHE:Hydrophobic': 1, 'UNL:TYR:Hydrophobic': 2, 'UNL:TYR:VdWContact': 2, 'UNL:VAL:VdWContact': 1}"
676,Boltz-1-Single-Seq,1HVY_D16,,0.0,,
677,Boltz-1-Single-Seq,1OPK_P16,0.23809523809523808,0.9047619047619048,"{'UNL:ALA:VdWContact': 1, 'UNL:ASP:VdWContact': 1, 'UNL:GLU:VdWContact': 1, 'UNL:GLY:VdWContact': 2, 'UNL:ILE:Hydrophobic': 1, 'UNL:LEU:Hydrophobic': 1, 'UNL:LEU:VdWContact': 1, 'UNL:LYS:Hydrophobic': 1, 'UNL:MET:HBAcceptor': 1, 'UNL:MET:HBDonor': 1, 'UNL:MET:Hydrophobic': 1, 'UNL:MET:VdWContact': 1, 'UNL:PHE:VdWContact': 1, 'UNL:THR:VdWContact': 1, 'UNL:TYR:VdWContact': 1, 'UNL:VAL:VdWContact': 1}","{'UNL:ALA:Hydrophobic': 1, 'UNL:GLU:VdWContact': 1, 'UNL:ILE:Hydrophobic': 1, 'UNL:LEU:Hydrophobic': 2, 'UNL:LYS:Hydrophobic': 1, 'UNL:MET:HBAcceptor': 1, 'UNL:MET:HBDonor': 1, 'UNL:MET:Hydrophobic': 2, 'UNL:MET:VdWContact': 2, 'UNL:PHE:Hydrophobic': 2, 'UNL:THR:Hydrophobic': 1, 'UNL:THR:VdWContact': 1, 'UNL:TYR:Hydrophobic': 1, 'UNL:TYR:VdWContact': 1, 'UNL:VAL:Hydrophobic': 2}"
678,Boltz-1-Single-Seq,1MMV_3AR,,0.0,,
679,Boltz-1-Single-Seq,1SQN_NDR,0.5625,0.775,"{'UNL:ARG:HBAcceptor': 1, 'UNL:ARG:VdWContact': 1, 'UNL:ASN:VdWContact': 1, 'UNL:CYS:VdWContact': 1, 'UNL:GLN:HBAcceptor': 1, 'UNL:GLN:VdWContact': 1, 'UNL:LEU:VdWContact': 3, 'UNL:MET:Hydrophobic': 2, 'UNL:MET:VdWContact': 3, 'UNL:TYR:VdWContact': 1}","{'UNL:ARG:VdWContact': 1, 'UNL:CYS:Hydrophobic': 1, 'UNL:CYS:VdWContact': 1, 'UNL:GLN:HBAcceptor': 1, 'UNL:GLN:VdWContact': 1, 'UNL:LEU:Hydrophobic': 5, 'UNL:LEU:VdWContact': 3, 'UNL:MET:Hydrophobic': 4, 'UNL:MET:VdWContact': 2, 'UNL:PHE:Hydrophobic': 1, 'UNL:TRP:Hydrophobic': 1, 'UNL:TYR:Hydrophobic': 1, 'UNL:TYR:VdWContact': 1, 'UNL:VAL:Hydrophobic': 1}"
680,Boltz-1,2BM2_PM2,,0.0,,
681,Boltz-1,1XOQ_ROF,,0.0,,
682,Boltz-1,1M2Z_DEX,0.4347826086956522,0.8260869565217391,"{'UNL:ARG:VdWContact': 1, 'UNL:ASN:HBAcceptor': 1, 'UNL:ASN:HBDonor': 1, 'UNL:ASN:VdWContact': 1, 'UNL:CYS:VdWContact': 1, 'UNL:GLN:HBAcceptor': 1, 'UNL:GLN:VdWContact': 2, 'UNL:LEU:VdWContact': 1, 'UNL:MET:Hydrophobic': 2, 'UNL:MET:VdWContact': 3, 'UNL:PHE:VdWContact': 1, 'UNL:THR:VdWContact': 1, 'UNL:TYR:VdWContact': 1}","{'UNL:ALA:Hydrophobic': 1, 'UNL:ARG:HBAcceptor': 1, 'UNL:ARG:VdWContact': 1, 'UNL:ASN:HBAcceptor': 1, 'UNL:ASN:VdWContact': 1, 'UNL:CYS:Hydrophobic': 1, 'UNL:CYS:VdWContact': 1, 'UNL:GLN:HBAcceptor': 1, 'UNL:GLN:HBDonor': 1, 'UNL:GLN:Hydrophobic': 1, 'UNL:GLN:VdWContact': 2, 'UNL:GLY:VdWContact': 1, 'UNL:LEU:Hydrophobic': 4, 'UNL:LEU:VdWContact': 1, 'UNL:MET:Hydrophobic': 3, 'UNL:MET:VdWContact': 1, 'UNL:PHE:Hydrophobic': 1, 'UNL:PHE:VdWContact': 1, 'UNL:TRP:Hydrophobic': 1, 'UNL:TYR:Hydrophobic': 1, 'UNL:TYR:VdWContact': 1}"
683,Boltz-1,1P62_GEO,0.17647058823529413,0.9294117647058824,"{'UNL:ARG:HBAcceptor': 1, 'UNL:ARG:VdWContact': 1, 'UNL:ASP:HBDonor': 1, 'UNL:ASP:VdWContact': 1, 'UNL:GLN:HBAcceptor': 1, 'UNL:GLN:HBDonor': 1, 'UNL:GLN:VdWContact': 1, 'UNL:GLU:HBDonor': 1, 'UNL:GLU:VdWContact': 2, 'UNL:ILE:VdWContact': 1, 'UNL:LEU:VdWContact': 1, 'UNL:PHE:Hydrophobic': 1, 'UNL:PHE:VdWContact': 2, 'UNL:TRP:VdWContact': 1, 'UNL:TYR:VdWContact': 1}","{'UNL:ARG:HBAcceptor': 1, 'UNL:ARG:VdWContact': 1, 'UNL:ASP:HBDonor': 1, 'UNL:ASP:VdWContact': 1, 'UNL:GLN:HBAcceptor': 1, 'UNL:GLN:HBDonor': 1, 'UNL:GLN:VdWContact': 1, 'UNL:GLU:VdWContact': 2, 'UNL:MET:VdWContact': 1, 'UNL:PHE:Hydrophobic': 2, 'UNL:TRP:Hydrophobic': 1, 'UNL:TYR:VdWContact': 1}"
684,Boltz-1,1KE5_LS1,0.38888888888888884,0.8444444444444444,"{'UNL:ASP:HBAcceptor': 1, 'UNL:ASP:Hydrophobic': 1, 'UNL:ASP:VdWContact': 1, 'UNL:GLN:VdWContact': 1, 'UNL:GLU:HBDonor': 1, 'UNL:GLU:VdWContact': 1, 'UNL:HIS:VdWContact': 1, 'UNL:ILE:Hydrophobic': 1, 'UNL:ILE:VdWContact': 1, 'UNL:LEU:HBAcceptor': 1, 'UNL:LEU:VdWContact': 2, 'UNL:LYS:VdWContact': 1, 'UNL:PHE:Hydrophobic': 1, 'UNL:PHE:VdWContact': 2}","{'UNL:ALA:Hydrophobic': 2, 'UNL:ASP:HBAcceptor': 1, 'UNL:ASP:Hydrophobic': 1, 'UNL:ASP:VdWContact': 2, 'UNL:GLU:HBDonor': 1, 'UNL:GLU:VdWContact': 1, 'UNL:HIS:VdWContact': 1, 'UNL:ILE:Hydrophobic': 1, 'UNL:ILE:VdWContact': 1, 'UNL:LEU:HBAcceptor': 1, 'UNL:LEU:HBDonor': 1, 'UNL:LEU:Hydrophobic': 1, 'UNL:LEU:VdWContact': 2, 'UNL:LYS:VdWContact': 1, 'UNL:PHE:Hydrophobic': 2, 'UNL:PHE:VdWContact': 2, 'UNL:VAL:Hydrophobic': 2}"
685,Boltz-1,1TT1_KAI,0.05555555555555555,0.9777777777777777,"{'UNL:ALA:HBAcceptor': 2, 'UNL:ALA:VdWContact': 2, 'UNL:ARG:HBAcceptor': 1, 'UNL:ARG:HBDonor': 1, 'UNL:ARG:VdWContact': 1, 'UNL:ASN:VdWContact': 1, 'UNL:GLU:VdWContact': 2, 'UNL:GLY:VdWContact': 1, 'UNL:PRO:HBDonor': 1, 'UNL:PRO:VdWContact': 1, 'UNL:THR:HBAcceptor': 1, 'UNL:THR:HBDonor': 1, 'UNL:THR:VdWContact': 1, 'UNL:TYR:Hydrophobic': 1, 'UNL:TYR:VdWContact': 1, 'UNL:VAL:Hydrophobic': 1}","{'UNL:ALA:HBAcceptor': 2, 'UNL:ALA:VdWContact': 2, 'UNL:ARG:HBAcceptor': 1, 'UNL:ARG:HBDonor': 1, 'UNL:ARG:VdWContact': 1, 'UNL:GLU:Hydrophobic': 2, 'UNL:GLU:VdWContact': 1, 'UNL:PRO:HBDonor': 1, 'UNL:PRO:VdWContact': 1, 'UNL:THR:HBAcceptor': 1, 'UNL:THR:VdWContact': 1, 'UNL:TYR:Hydrophobic': 1, 'UNL:TYR:VdWContact': 1, 'UNL:VAL:Hydrophobic': 1, 'UNL:VAL:VdWContact': 1}"
686,Boltz-1,1VCJ_IBA,0.4444444444444444,0.8222222222222222,"{'UNL:ALA:VdWContact': 1, 'UNL:ARG:HBAcceptor': 2, 'UNL:ARG:HBDonor': 1, 'UNL:ARG:VdWContact': 4, 'UNL:ASN:VdWContact': 1, 'UNL:ASP:VdWContact': 1, 'UNL:GLU:VdWContact': 4, 'UNL:ILE:VdWContact': 1, 'UNL:SER:VdWContact': 1, 'UNL:TYR:VdWContact': 1}","{'UNL:ALA:Hydrophobic': 1, 'UNL:ALA:VdWContact': 1, 'UNL:ARG:HBAcceptor': 3, 'UNL:ARG:Hydrophobic': 2, 'UNL:ARG:VdWContact': 5, 'UNL:ASN:Hydrophobic': 1, 'UNL:ASP:Hydrophobic': 1, 'UNL:ASP:VdWContact': 1, 'UNL:GLU:Hydrophobic': 1, 'UNL:GLU:VdWContact': 4, 'UNL:ILE:Hydrophobic': 1, 'UNL:SER:VdWContact': 1, 'UNL:TRP:Hydrophobic': 1, 'UNL:TRP:VdWContact': 1, 'UNL:TYR:VdWContact': 1}"
687,Boltz-1,1HWI_115,,0.0,,
688,Boltz-1,1UML_FR4,0.07142857142857142,0.9714285714285714,"{'UNL:ASP:HBDonor': 2, 'UNL:ASP:Hydrophobic': 1, 'UNL:ASP:VdWContact': 3, 'UNL:GLY:VdWContact': 1, 'UNL:HIS:VdWContact': 1, 'UNL:LEU:Hydrophobic': 2, 'UNL:LEU:VdWContact': 3, 'UNL:MET:Hydrophobic': 1, 'UNL:PHE:Hydrophobic': 1, 'UNL:PHE:VdWContact': 1, 'UNL:THR:VdWContact': 1}","{'UNL:ASP:HBDonor': 2, 'UNL:ASP:Hydrophobic': 1, 'UNL:ASP:VdWContact': 3, 'UNL:GLY:VdWContact': 1, 'UNL:HIS:Hydrophobic': 1, 'UNL:HIS:VdWContact': 1, 'UNL:LEU:Hydrophobic': 3, 'UNL:LEU:VdWContact': 1, 'UNL:MET:Hydrophobic': 1, 'UNL:PHE:Hydrophobic': 2, 'UNL:THR:Hydrophobic': 1, 'UNL:VAL:Hydrophobic': 1}"
689,Boltz-1,1JLA_TNK,0.10526315789473678,0.9578947368421052,"{'UNL:CYS:Hydrophobic': 1, 'UNL:CYS:VdWContact': 1, 'UNL:GLY:VdWContact': 1, 'UNL:HIS:VdWContact': 1, 'UNL:LEU:Hydrophobic': 2, 'UNL:LEU:VdWContact': 2, 'UNL:LYS:HBDonor': 1, 'UNL:LYS:VdWContact': 1, 'UNL:PHE:Hydrophobic': 1, 'UNL:PHE:VdWContact': 1, 'UNL:PRO:VdWContact': 2, 'UNL:TRP:Hydrophobic': 1, 'UNL:TRP:VdWContact': 1, 'UNL:TYR:Hydrophobic': 1, 'UNL:TYR:VdWContact': 1, 'UNL:VAL:Hydrophobic': 1, 'UNL:VAL:VdWContact': 2}","{'UNL:CYS:Hydrophobic': 1, 'UNL:CYS:VdWContact': 1, 'UNL:GLY:VdWContact': 1, 'UNL:LEU:Hydrophobic': 2, 'UNL:LYS:HBDonor': 1, 'UNL:LYS:Hydrophobic': 1, 'UNL:LYS:VdWContact': 2, 'UNL:PHE:Hydrophobic': 1, 'UNL:PHE:VdWContact': 1, 'UNL:PRO:Hydrophobic': 2, 'UNL:PRO:VdWContact': 1, 'UNL:TRP:Hydrophobic': 1, 'UNL:TRP:VdWContact': 1, 'UNL:TYR:Hydrophobic': 1, 'UNL:TYR:VdWContact': 1, 'UNL:VAL:Hydrophobic': 1}"
690,Boltz-1,1N46_PFA,0.7142857142857142,0.7142857142857143,"{'UNL:ALA:VdWContact': 1, 'UNL:ARG:HBAcceptor': 2, 'UNL:ARG:HBDonor': 1, 'UNL:ARG:VdWContact': 2, 'UNL:ASN:HBAcceptor': 1, 'UNL:ASN:VdWContact': 1, 'UNL:HIS:VdWContact': 1, 'UNL:ILE:VdWContact': 1, 'UNL:LEU:Hydrophobic': 2, 'UNL:LEU:VdWContact': 2, 'UNL:MET:Hydrophobic': 3, 'UNL:MET:VdWContact': 1, 'UNL:PHE:Hydrophobic': 1, 'UNL:PHE:VdWContact': 1}","{'UNL:ALA:Hydrophobic': 2, 'UNL:ALA:VdWContact': 2, 'UNL:ARG:HBAcceptor': 2, 'UNL:ARG:HBDonor': 1, 'UNL:ARG:Hydrophobic': 1, 'UNL:ARG:VdWContact': 2, 'UNL:ASN:HBAcceptor': 1, 'UNL:ASN:VdWContact': 1, 'UNL:GLY:VdWContact': 1, 'UNL:HIS:HBAcceptor': 1, 'UNL:HIS:HBDonor': 1, 'UNL:HIS:VdWContact': 1, 'UNL:ILE:Hydrophobic': 3, 'UNL:ILE:VdWContact': 1, 'UNL:LEU:Hydrophobic': 3, 'UNL:LEU:VdWContact': 2, 'UNL:MET:Hydrophobic': 3, 'UNL:MET:VdWContact': 2, 'UNL:PHE:Hydrophobic': 3, 'UNL:PHE:VdWContact': 1, 'UNL:THR:Hydrophobic': 1}"
691,Boltz-1,1LRH_NLA,,0.0,,
692,Boltz-1,1KZK_JE2,0.5714285714285715,0.7714285714285714,"{'UNL:ALA:VdWContact': 2, 'UNL:ASP:HBAcceptor': 1, 'UNL:ASP:Hydrophobic': 3, 'UNL:ASP:VdWContact': 4, 'UNL:GLY:HBDonor': 1, 'UNL:GLY:VdWContact': 3, 'UNL:ILE:Hydrophobic': 3, 'UNL:ILE:VdWContact': 3, 'UNL:PRO:VdWContact': 1, 'UNL:VAL:Hydrophobic': 1, 'UNL:VAL:VdWContact': 1}","{'UNL:ALA:Hydrophobic': 2, 'UNL:ASP:Hydrophobic': 3, 'UNL:ASP:VdWContact': 4, 'UNL:GLY:HBDonor': 1, 'UNL:GLY:VdWContact': 3, 'UNL:ILE:Hydrophobic': 6, 'UNL:LEU:Hydrophobic': 3, 'UNL:PRO:Hydrophobic': 2, 'UNL:PRO:VdWContact': 1, 'UNL:VAL:Hydrophobic': 4}"
693,Boltz-1,1N2J_PAF,0.5454545454545454,0.7818181818181819,"{'UNL:GLN:VdWContact': 2, 'UNL:MET:VdWContact': 1, 'UNL:PHE:VdWContact': 1, 'UNL:PRO:VdWContact': 1, 'UNL:THR:VdWContact': 1}","{'UNL:GLN:HBAcceptor': 2, 'UNL:GLN:VdWContact': 2, 'UNL:MET:Hydrophobic': 1, 'UNL:MET:VdWContact': 1, 'UNL:PHE:Hydrophobic': 1, 'UNL:PRO:Hydrophobic': 1, 'UNL:PRO:VdWContact': 1, 'UNL:VAL:Hydrophobic': 2, 'UNL:VAL:VdWContact': 1}"
694,Boltz-1,1MEH_MOA,0.07142857142857151,0.9714285714285714,"{'UNL:GLN:VdWContact': 1, 'UNL:GLY:HBAcceptor': 1, 'UNL:GLY:VdWContact': 2, 'UNL:ILE:VdWContact': 1, 'UNL:LYS:HBAcceptor': 1, 'UNL:LYS:Hydrophobic': 1, 'UNL:LYS:VdWContact': 1, 'UNL:SER:VdWContact': 2, 'UNL:THR:VdWContact': 1}","{'UNL:ASP:VdWContact': 1, 'UNL:GLU:Hydrophobic': 1, 'UNL:GLU:VdWContact': 1, 'UNL:GLY:HBAcceptor': 1, 'UNL:GLY:VdWContact': 1, 'UNL:ILE:VdWContact': 1, 'UNL:SER:HBAcceptor': 1, 'UNL:SER:HBDonor': 1, 'UNL:SER:VdWContact': 2}"
695,Boltz-1,2BSM_BSM,0.1428571428571428,0.9428571428571428,"{'UNL:ASN:Hydrophobic': 2, 'UNL:ASN:VdWContact': 1, 'UNL:ASP:HBDonor': 1, 'UNL:ASP:Hydrophobic': 1, 'UNL:ASP:VdWContact': 1, 'UNL:GLY:HBDonor': 1, 'UNL:GLY:VdWContact': 1, 'UNL:LEU:VdWContact': 1, 'UNL:LYS:HBAcceptor': 1, 'UNL:LYS:VdWContact': 1, 'UNL:MET:Hydrophobic': 1, 'UNL:MET:VdWContact': 1, 'UNL:PHE:VdWContact': 1, 'UNL:THR:HBDonor': 1, 'UNL:THR:VdWContact': 1, 'UNL:VAL:VdWContact': 1}","{'UNL:ALA:Hydrophobic': 1, 'UNL:ASN:Hydrophobic': 1, 'UNL:ASN:VdWContact': 1, 'UNL:ASP:HBDonor': 1, 'UNL:ASP:Hydrophobic': 1, 'UNL:ASP:VdWContact': 1, 'UNL:GLY:HBDonor': 1, 'UNL:GLY:VdWContact': 2, 'UNL:ILE:Hydrophobic': 1, 'UNL:LYS:VdWContact': 1, 'UNL:MET:Hydrophobic': 1, 'UNL:PHE:VdWContact': 1, 'UNL:SER:VdWContact': 1, 'UNL:THR:HBDonor': 1, 'UNL:THR:Hydrophobic': 2, 'UNL:THR:VdWContact': 1, 'UNL:VAL:Hydrophobic': 1, 'UNL:VAL:VdWContact': 1}"
696,Boltz-1,1V48_HA1,0.19047619047619052,0.9238095238095237,"{'UNL:ALA:HBAcceptor': 1, 'UNL:ALA:VdWContact': 1, 'UNL:ARG:HBAcceptor': 1, 'UNL:ARG:VdWContact': 1, 'UNL:ASN:HBAcceptor': 1, 'UNL:ASN:VdWContact': 2, 'UNL:GLU:HBDonor': 1, 'UNL:GLU:VdWContact': 1, 'UNL:GLY:VdWContact': 1, 'UNL:HIS:VdWContact': 1, 'UNL:LEU:VdWContact': 1, 'UNL:MET:Hydrophobic': 1, 'UNL:SER:HBAcceptor': 2, 'UNL:SER:VdWContact': 2, 'UNL:THR:VdWContact': 1}","{'UNL:ALA:HBAcceptor': 1, 'UNL:ALA:Hydrophobic': 1, 'UNL:ALA:VdWContact': 1, 'UNL:ARG:HBAcceptor': 1, 'UNL:ARG:VdWContact': 1, 'UNL:ASN:HBAcceptor': 1, 'UNL:ASN:VdWContact': 2, 'UNL:GLU:HBDonor': 1, 'UNL:GLU:VdWContact': 1, 'UNL:HIS:VdWContact': 1, 'UNL:MET:Hydrophobic': 1, 'UNL:PHE:Hydrophobic': 1, 'UNL:PHE:VdWContact': 1, 'UNL:SER:HBAcceptor': 1, 'UNL:SER:HBDonor': 1, 'UNL:SER:VdWContact': 2, 'UNL:VAL:Hydrophobic': 1, 'UNL:VAL:VdWContact': 1}"
697,Boltz-1,1L7F_BCZ,0.5714285714285714,0.7714285714285715,"{'UNL:ARG:HBAcceptor': 4, 'UNL:ARG:HBDonor': 1, 'UNL:ARG:VdWContact': 5, 'UNL:ASP:VdWContact': 1, 'UNL:GLU:VdWContact': 3, 'UNL:TRP:HBDonor': 1, 'UNL:TRP:VdWContact': 1, 'UNL:TYR:VdWContact': 1}","{'UNL:ALA:Hydrophobic': 1, 'UNL:ARG:HBAcceptor': 4, 'UNL:ARG:HBDonor': 1, 'UNL:ARG:Hydrophobic': 2, 'UNL:ARG:VdWContact': 4, 'UNL:ASP:VdWContact': 1, 'UNL:GLU:HBDonor': 1, 'UNL:GLU:Hydrophobic': 1, 'UNL:GLU:VdWContact': 3, 'UNL:ILE:Hydrophobic': 1, 'UNL:TRP:HBDonor': 1, 'UNL:TRP:Hydrophobic': 1, 'UNL:TRP:VdWContact': 1, 'UNL:TYR:VdWContact': 1}"
698,Boltz-1,1JD0_AZM,0.4000000000000001,0.84,"{'UNL:HIS:HBDonor': 2, 'UNL:HIS:VdWContact': 2, 'UNL:LEU:VdWContact': 1, 'UNL:THR:HBAcceptor': 1, 'UNL:THR:HBDonor': 1, 'UNL:THR:VdWContact': 2, 'UNL:VAL:VdWContact': 1}","{'UNL:GLN:Hydrophobic': 1, 'UNL:HIS:HBDonor': 2, 'UNL:HIS:VdWContact': 1, 'UNL:LEU:Hydrophobic': 1, 'UNL:LEU:VdWContact': 1, 'UNL:THR:HBAcceptor': 1, 'UNL:THR:HBDonor': 1, 'UNL:THR:VdWContact': 2, 'UNL:VAL:Hydrophobic': 1, 'UNL:VAL:VdWContact': 1}"
699,Boltz-1,1S19_MC9,0.761904761904762,0.6952380952380952,"{'UNL:ARG:HBAcceptor': 1, 'UNL:ARG:VdWContact': 1, 'UNL:CYS:VdWContact': 1, 'UNL:HIS:HBAcceptor': 1, 'UNL:HIS:VdWContact': 2, 'UNL:ILE:VdWContact': 1, 'UNL:LEU:Hydrophobic': 1, 'UNL:SER:VdWContact': 3, 'UNL:TRP:Hydrophobic': 1, 'UNL:TRP:VdWContact': 1, 'UNL:TYR:HBAcceptor': 1, 'UNL:TYR:VdWContact': 1}","{'UNL:ALA:Hydrophobic': 1, 'UNL:ALA:VdWContact': 1, 'UNL:ARG:HBAcceptor': 1, 'UNL:ARG:VdWContact': 1, 'UNL:CYS:VdWContact': 1, 'UNL:HIS:HBAcceptor': 2, 'UNL:HIS:HBDonor': 1, 'UNL:HIS:VdWContact': 2, 'UNL:ILE:Hydrophobic': 2, 'UNL:LEU:Hydrophobic': 6, 'UNL:MET:Hydrophobic': 1, 'UNL:PHE:Hydrophobic': 1, 'UNL:SER:VdWContact': 3, 'UNL:TRP:Hydrophobic': 1, 'UNL:TRP:VdWContact': 1, 'UNL:TYR:Hydrophobic': 2, 'UNL:TYR:VdWContact': 1, 'UNL:VAL:Hydrophobic': 2, 'UNL:VAL:VdWContact': 1}"
700,Boltz-1,1LPZ_CMB,,0.0,,
701,Boltz-1,1X8X_TYR,0.36363636363636365,0.8545454545454545,"{'UNL:ASP:HBDonor': 2, 'UNL:ASP:Hydrophobic': 1, 'UNL:ASP:VdWContact': 3, 'UNL:GLN:HBDonor': 1, 'UNL:GLN:Hydrophobic': 1, 'UNL:GLN:VdWContact': 3, 'UNL:GLY:VdWContact': 1, 'UNL:TYR:VdWContact': 2}","{'UNL:ASP:HBDonor': 2, 'UNL:ASP:Hydrophobic': 1, 'UNL:ASP:VdWContact': 3, 'UNL:GLN:HBDonor': 2, 'UNL:GLN:Hydrophobic': 1, 'UNL:GLN:VdWContact': 3, 'UNL:GLY:VdWContact': 1, 'UNL:LEU:Hydrophobic': 1, 'UNL:THR:Hydrophobic': 1, 'UNL:TYR:Hydrophobic': 1, 'UNL:TYR:VdWContact': 2}"
702,Boltz-1,1T46_STI,0.3333333333333335,0.8666666666666666,"{'UNL:ARG:VdWContact': 1, 'UNL:ASP:HBAcceptor': 1, 'UNL:ASP:Hydrophobic': 1, 'UNL:ASP:VdWContact': 1, 'UNL:CYS:HBAcceptor': 1, 'UNL:CYS:VdWContact': 1, 'UNL:GLU:Hydrophobic': 1, 'UNL:GLU:VdWContact': 1, 'UNL:HIS:VdWContact': 1, 'UNL:ILE:VdWContact': 1, 'UNL:LEU:Hydrophobic': 3, 'UNL:LEU:VdWContact': 1, 'UNL:LYS:Hydrophobic': 1, 'UNL:LYS:VdWContact': 1, 'UNL:PHE:Hydrophobic': 1, 'UNL:PHE:VdWContact': 1, 'UNL:THR:HBDonor': 1, 'UNL:THR:VdWContact': 1, 'UNL:VAL:Hydrophobic': 1, 'UNL:VAL:VdWContact': 1}","{'UNL:ALA:Hydrophobic': 1, 'UNL:ARG:VdWContact': 1, 'UNL:ASP:HBAcceptor': 1, 'UNL:ASP:Hydrophobic': 1, 'UNL:ASP:VdWContact': 1, 'UNL:CYS:HBAcceptor': 1, 'UNL:CYS:Hydrophobic': 1, 'UNL:CYS:VdWContact': 2, 'UNL:GLU:Hydrophobic': 1, 'UNL:GLU:VdWContact': 1, 'UNL:HIS:VdWContact': 1, 'UNL:ILE:VdWContact': 1, 'UNL:LEU:Hydrophobic': 4, 'UNL:LEU:VdWContact': 1, 'UNL:LYS:Hydrophobic': 1, 'UNL:LYS:VdWContact': 1, 'UNL:PHE:Hydrophobic': 1, 'UNL:PHE:VdWContact': 1, 'UNL:THR:HBDonor': 1, 'UNL:THR:Hydrophobic': 1, 'UNL:THR:VdWContact': 1, 'UNL:TYR:Hydrophobic': 1, 'UNL:VAL:Hydrophobic': 4}"
703,Boltz-1,1IG3_VIB,0.3076923076923077,0.8769230769230769,"{'UNL:ASP:HBDonor': 1, 'UNL:ASP:VdWContact': 1, 'UNL:GLN:HBDonor': 1, 'UNL:GLN:VdWContact': 1, 'UNL:HIS:VdWContact': 1, 'UNL:LEU:VdWContact': 1, 'UNL:SER:VdWContact': 2, 'UNL:THR:VdWContact': 1, 'UNL:TRP:Hydrophobic': 1}","{'UNL:ASN:Hydrophobic': 1, 'UNL:ASP:HBDonor': 1, 'UNL:ASP:VdWContact': 1, 'UNL:GLN:HBDonor': 1, 'UNL:GLN:Hydrophobic': 1, 'UNL:GLN:VdWContact': 1, 'UNL:LEU:Hydrophobic': 2, 'UNL:SER:VdWContact': 2, 'UNL:THR:Hydrophobic': 1, 'UNL:THR:VdWContact': 2, 'UNL:TRP:Hydrophobic': 1}"
704,Boltz-1,1SQ5_PAU,,0.0,,
705,Boltz-1,1Q4G_BFL,,0.0,,
706,Boltz-1,1OYT_FSN,0.11111111111111102,0.9555555555555556,"{'UNL:ALA:VdWContact': 1, 'UNL:ASN:VdWContact': 1, 'UNL:ASP:HBDonor': 1, 'UNL:ASP:VdWContact': 1, 'UNL:GLU:VdWContact': 1, 'UNL:GLY:HBAcceptor': 1, 'UNL:GLY:HBDonor': 1, 'UNL:GLY:VdWContact': 2, 'UNL:ILE:VdWContact': 1, 'UNL:LEU:Hydrophobic': 1, 'UNL:LEU:VdWContact': 1, 'UNL:SER:VdWContact': 2, 'UNL:TRP:Hydrophobic': 1, 'UNL:TRP:VdWContact': 2}","{'UNL:ALA:VdWContact': 1, 'UNL:ASN:VdWContact': 1, 'UNL:ASP:HBDonor': 1, 'UNL:ASP:VdWContact': 1, 'UNL:GLU:Hydrophobic': 1, 'UNL:GLY:HBAcceptor': 1, 'UNL:GLY:HBDonor': 1, 'UNL:GLY:VdWContact': 2, 'UNL:HIS:VdWContact': 1, 'UNL:ILE:Hydrophobic': 1, 'UNL:LEU:Hydrophobic': 1, 'UNL:SER:VdWContact': 1, 'UNL:TRP:Hydrophobic': 2, 'UNL:TRP:VdWContact': 1, 'UNL:VAL:Hydrophobic': 1}"
707,Boltz-1,1UNL_RRC,,0.0,,
708,Boltz-1,1U1C_BAU,,0.0,,
709,Boltz-1,1K3U_IAD,0.6190476190476191,0.7523809523809524,"{'UNL:ASP:VdWContact': 1, 'UNL:GLU:Hydrophobic': 1, 'UNL:GLY:HBAcceptor': 3, 'UNL:GLY:HBDonor': 1, 'UNL:GLY:VdWContact': 3, 'UNL:ILE:VdWContact': 2, 'UNL:LEU:Hydrophobic': 1, 'UNL:PHE:HBAcceptor': 1, 'UNL:PHE:Hydrophobic': 1, 'UNL:PHE:VdWContact': 2, 'UNL:SER:HBAcceptor': 1, 'UNL:SER:VdWContact': 1, 'UNL:THR:VdWContact': 1, 'UNL:TYR:VdWContact': 1}","{'UNL:ALA:Hydrophobic': 2, 'UNL:ASP:HBDonor': 1, 'UNL:ASP:VdWContact': 1, 'UNL:GLY:HBAcceptor': 3, 'UNL:GLY:HBDonor': 1, 'UNL:GLY:VdWContact': 4, 'UNL:ILE:HBAcceptor': 1, 'UNL:ILE:Hydrophobic': 3, 'UNL:ILE:VdWContact': 3, 'UNL:LEU:Hydrophobic': 2, 'UNL:PHE:HBAcceptor': 1, 'UNL:PHE:HBDonor': 1, 'UNL:PHE:Hydrophobic': 2, 'UNL:PHE:VdWContact': 2, 'UNL:SER:HBAcceptor': 1, 'UNL:SER:VdWContact': 1, 'UNL:THR:Hydrophobic': 1, 'UNL:THR:VdWContact': 1, 'UNL:TYR:Hydrophobic': 1, 'UNL:TYR:VdWContact': 1}"
710,Boltz-1,1G9V_RQ3,,0.0,,
711,Boltz-1,1YV3_BIT,0.1428571428571428,0.9428571428571428,"{'UNL:CYS:Hydrophobic': 1, 'UNL:CYS:VdWContact': 1, 'UNL:GLU:Hydrophobic': 1, 'UNL:GLU:VdWContact': 1, 'UNL:GLY:HBDonor': 1, 'UNL:GLY:VdWContact': 1, 'UNL:ILE:Hydrophobic': 1, 'UNL:ILE:VdWContact': 1, 'UNL:LEU:Hydrophobic': 2, 'UNL:LEU:VdWContact': 3, 'UNL:PHE:VdWContact': 1, 'UNL:SER:HBAcceptor': 1, 'UNL:SER:VdWContact': 1, 'UNL:THR:VdWContact': 1, 'UNL:TYR:Hydrophobic': 2, 'UNL:TYR:VdWContact': 2}","{'UNL:CYS:Hydrophobic': 1, 'UNL:GLN:Hydrophobic': 1, 'UNL:GLU:Hydrophobic': 1, 'UNL:GLY:HBAcceptor': 1, 'UNL:GLY:HBDonor': 1, 'UNL:GLY:VdWContact': 1, 'UNL:ILE:Hydrophobic': 2, 'UNL:ILE:VdWContact': 1, 'UNL:LEU:Hydrophobic': 3, 'UNL:LEU:VdWContact': 1, 'UNL:PHE:Hydrophobic': 1, 'UNL:PHE:VdWContact': 1, 'UNL:SER:HBAcceptor': 1, 'UNL:SER:VdWContact': 1, 'UNL:THR:Hydrophobic': 1, 'UNL:TYR:Hydrophobic': 2, 'UNL:TYR:VdWContact': 1, 'UNL:VAL:Hydrophobic': 1}"
712,Boltz-1,1IA1_TQ3,0.14285714285714282,0.9428571428571428,"{'UNL:GLU:HBDonor': 1, 'UNL:GLU:VdWContact': 1, 'UNL:ILE:HBDonor': 1, 'UNL:ILE:Hydrophobic': 3, 'UNL:ILE:VdWContact': 3, 'UNL:MET:Hydrophobic': 1, 'UNL:PHE:Hydrophobic': 1, 'UNL:PHE:VdWContact': 1, 'UNL:TYR:VdWContact': 1, 'UNL:VAL:VdWContact': 1}","{'UNL:ALA:Hydrophobic': 1, 'UNL:GLU:HBDonor': 1, 'UNL:GLU:VdWContact': 1, 'UNL:ILE:HBDonor': 1, 'UNL:ILE:Hydrophobic': 4, 'UNL:ILE:VdWContact': 3, 'UNL:LEU:Hydrophobic': 1, 'UNL:MET:Hydrophobic': 1, 'UNL:MET:VdWContact': 1, 'UNL:PHE:Hydrophobic': 1, 'UNL:THR:Hydrophobic': 1}"
713,Boltz-1,1Q1G_MTI,,0.0,,
714,Boltz-1,1R1H_BIR,0.1578947368421053,0.9368421052631579,"{'UNL:ALA:VdWContact': 1, 'UNL:ARG:HBAcceptor': 1, 'UNL:ARG:VdWContact': 1, 'UNL:ASN:HBAcceptor': 1, 'UNL:ASN:HBDonor': 1, 'UNL:ASN:VdWContact': 1, 'UNL:GLU:VdWContact': 2, 'UNL:HIS:Hydrophobic': 1, 'UNL:HIS:VdWContact': 2, 'UNL:MET:Hydrophobic': 1, 'UNL:MET:VdWContact': 1, 'UNL:PHE:Hydrophobic': 1, 'UNL:PHE:VdWContact': 2, 'UNL:TRP:Hydrophobic': 1, 'UNL:TRP:VdWContact': 1, 'UNL:VAL:Hydrophobic': 1}","{'UNL:ALA:Hydrophobic': 1, 'UNL:ALA:VdWContact': 1, 'UNL:ARG:HBAcceptor': 1, 'UNL:ARG:VdWContact': 1, 'UNL:ASN:HBAcceptor': 1, 'UNL:ASN:HBDonor': 1, 'UNL:ASN:VdWContact': 1, 'UNL:GLU:HBDonor': 1, 'UNL:GLU:VdWContact': 1, 'UNL:HIS:Hydrophobic': 1, 'UNL:HIS:VdWContact': 2, 'UNL:MET:Hydrophobic': 1, 'UNL:PHE:Hydrophobic': 3, 'UNL:PHE:VdWContact': 1, 'UNL:TRP:Hydrophobic': 1, 'UNL:TRP:VdWContact': 1, 'UNL:VAL:Hydrophobic': 2, 'UNL:VAL:VdWContact': 1}"
715,Boltz-1,1YVF_PH7,0.13043478260869557,0.9478260869565218,"{'UNL:ARG:Hydrophobic': 1, 'UNL:ARG:VdWContact': 1, 'UNL:ILE:Hydrophobic': 1, 'UNL:ILE:VdWContact': 1, 'UNL:LEU:Hydrophobic': 2, 'UNL:LEU:VdWContact': 4, 'UNL:MET:Hydrophobic': 1, 'UNL:MET:VdWContact': 1, 'UNL:PRO:VdWContact': 1, 'UNL:SER:VdWContact': 1, 'UNL:TRP:Hydrophobic': 1, 'UNL:TYR:HBAcceptor': 1, 'UNL:TYR:VdWContact': 1, 'UNL:VAL:Hydrophobic': 1, 'UNL:VAL:VdWContact': 1}","{'UNL:ARG:Hydrophobic': 1, 'UNL:ASN:Hydrophobic': 1, 'UNL:ASN:VdWContact': 1, 'UNL:CYS:Hydrophobic': 1, 'UNL:CYS:VdWContact': 1, 'UNL:GLN:VdWContact': 1, 'UNL:LEU:Hydrophobic': 1, 'UNL:MET:Hydrophobic': 1, 'UNL:MET:VdWContact': 1, 'UNL:PHE:Hydrophobic': 1, 'UNL:PRO:Hydrophobic': 1, 'UNL:PRO:VdWContact': 1, 'UNL:SER:VdWContact': 2, 'UNL:TYR:HBAcceptor': 1, 'UNL:TYR:Hydrophobic': 2, 'UNL:TYR:VdWContact': 1}"
716,Boltz-1,1YQY_915,0.09090909090909088,0.9636363636363636,"{'UNL:ASP:Hydrophobic': 1, 'UNL:ASP:VdWContact': 1, 'UNL:GLU:VdWContact': 3, 'UNL:GLY:HBAcceptor': 1, 'UNL:GLY:HBDonor': 1, 'UNL:GLY:VdWContact': 1, 'UNL:HIS:HBAcceptor': 1, 'UNL:HIS:HBDonor': 1, 'UNL:HIS:Hydrophobic': 1, 'UNL:HIS:VdWContact': 2, 'UNL:LEU:VdWContact': 2, 'UNL:LYS:HBAcceptor': 1, 'UNL:LYS:Hydrophobic': 1, 'UNL:LYS:VdWContact': 1, 'UNL:PHE:VdWContact': 1, 'UNL:SER:VdWContact': 1, 'UNL:TYR:HBDonor': 1, 'UNL:TYR:VdWContact': 1, 'UNL:VAL:VdWContact': 1}","{'UNL:ASP:Hydrophobic': 1, 'UNL:GLU:VdWContact': 3, 'UNL:GLY:HBAcceptor': 1, 'UNL:GLY:HBDonor': 1, 'UNL:GLY:VdWContact': 1, 'UNL:HIS:HBAcceptor': 1, 'UNL:HIS:HBDonor': 1, 'UNL:HIS:Hydrophobic': 1, 'UNL:HIS:VdWContact': 1, 'UNL:LEU:Hydrophobic': 2, 'UNL:LEU:VdWContact': 2, 'UNL:LYS:Hydrophobic': 1, 'UNL:SER:VdWContact': 1, 'UNL:TYR:HBDonor': 1, 'UNL:TYR:Hydrophobic': 1, 'UNL:TYR:VdWContact': 1, 'UNL:VAL:Hydrophobic': 2, 'UNL:VAL:VdWContact': 1}"
717,Boltz-1,1HWW_SWA,0.38461538461538464,0.8461538461538461,"{'UNL:ARG:VdWContact': 1, 'UNL:ASP:VdWContact': 4, 'UNL:HIS:HBAcceptor': 1, 'UNL:HIS:HBDonor': 2, 'UNL:HIS:VdWContact': 2, 'UNL:PHE:VdWContact': 1, 'UNL:TRP:VdWContact': 2, 'UNL:TYR:VdWContact': 1}","{'UNL:ARG:VdWContact': 1, 'UNL:ASP:HBDonor': 1, 'UNL:ASP:VdWContact': 3, 'UNL:HIS:VdWContact': 1, 'UNL:PHE:Hydrophobic': 1, 'UNL:PHE:VdWContact': 1, 'UNL:TRP:HBDonor': 1, 'UNL:TRP:Hydrophobic': 1, 'UNL:TRP:VdWContact': 2, 'UNL:TYR:Hydrophobic': 1, 'UNL:TYR:VdWContact': 2}"
718,Boltz-1,1T40_ID5,0.6842105263157896,0.7263157894736841,"{'UNL:CYS:Hydrophobic': 1, 'UNL:HIS:HBAcceptor': 1, 'UNL:HIS:VdWContact': 1, 'UNL:LEU:HBAcceptor': 1, 'UNL:LEU:Hydrophobic': 1, 'UNL:THR:VdWContact': 1, 'UNL:TRP:HBAcceptor': 1, 'UNL:TRP:Hydrophobic': 2, 'UNL:TRP:VdWContact': 2, 'UNL:TYR:HBDonor': 1, 'UNL:TYR:VdWContact': 1}","{'UNL:CYS:Hydrophobic': 1, 'UNL:CYS:VdWContact': 2, 'UNL:HIS:HBAcceptor': 1, 'UNL:HIS:HBDonor': 1, 'UNL:HIS:VdWContact': 1, 'UNL:LEU:HBAcceptor': 1, 'UNL:LEU:Hydrophobic': 1, 'UNL:LEU:VdWContact': 1, 'UNL:PHE:Hydrophobic': 2, 'UNL:THR:Hydrophobic': 1, 'UNL:THR:VdWContact': 1, 'UNL:TRP:HBAcceptor': 1, 'UNL:TRP:Hydrophobic': 4, 'UNL:TRP:VdWContact': 2, 'UNL:TYR:Hydrophobic': 2, 'UNL:TYR:VdWContact': 2, 'UNL:VAL:Hydrophobic': 1, 'UNL:VAL:VdWContact': 1}"
719,Boltz-1,1GKC_NFH,,0.0,,
720,Boltz-1,1N1M_A3M,,0.0,,
721,Boltz-1,1Z95_198,0.2941176470588235,0.8823529411764706,"{'UNL:ARG:HBAcceptor': 1, 'UNL:ARG:VdWContact': 1, 'UNL:ASN:VdWContact': 1, 'UNL:GLN:HBAcceptor': 1, 'UNL:ILE:Hydrophobic': 1, 'UNL:ILE:VdWContact': 1, 'UNL:LEU:HBDonor': 1, 'UNL:LEU:Hydrophobic': 3, 'UNL:LEU:VdWContact': 2, 'UNL:MET:Hydrophobic': 3, 'UNL:MET:VdWContact': 3, 'UNL:PHE:VdWContact': 1, 'UNL:THR:VdWContact': 1}","{'UNL:ARG:VdWContact': 1, 'UNL:ASN:VdWContact': 1, 'UNL:GLY:VdWContact': 1, 'UNL:ILE:Hydrophobic': 2, 'UNL:ILE:VdWContact': 1, 'UNL:LEU:HBDonor': 1, 'UNL:LEU:Hydrophobic': 4, 'UNL:LEU:VdWContact': 2, 'UNL:MET:Hydrophobic': 3, 'UNL:MET:VdWContact': 3, 'UNL:PHE:Hydrophobic': 2, 'UNL:PHE:VdWContact': 1, 'UNL:THR:Hydrophobic': 1, 'UNL:THR:VdWContact': 1, 'UNL:VAL:Hydrophobic': 1}"
722,Boltz-1,1HP0_AD3,0.49999999999999994,0.8,"{'UNL:ASN:HBAcceptor': 2, 'UNL:ASN:Hydrophobic': 1, 'UNL:ASN:VdWContact': 3, 'UNL:ASP:VdWContact': 2, 'UNL:GLU:VdWContact': 1, 'UNL:MET:VdWContact': 1, 'UNL:TYR:VdWContact': 1}","{'UNL:ASN:HBAcceptor': 2, 'UNL:ASN:Hydrophobic': 1, 'UNL:ASN:VdWContact': 3, 'UNL:ASP:VdWContact': 3, 'UNL:GLU:VdWContact': 1, 'UNL:MET:VdWContact': 1, 'UNL:THR:VdWContact': 1, 'UNL:TRP:Hydrophobic': 2, 'UNL:TRP:VdWContact': 1, 'UNL:TYR:VdWContact': 1}"
723,Boltz-1,1OF1_SCT,0.4444444444444444,0.8222222222222222,"{'UNL:ALA:VdWContact': 1, 'UNL:ARG:VdWContact': 1, 'UNL:GLN:HBAcceptor': 1, 'UNL:GLN:HBDonor': 1, 'UNL:GLN:VdWContact': 1, 'UNL:GLU:VdWContact': 2, 'UNL:ILE:Hydrophobic': 1, 'UNL:MET:VdWContact': 1, 'UNL:TYR:HBAcceptor': 1, 'UNL:TYR:Hydrophobic': 1, 'UNL:TYR:VdWContact': 2}","{'UNL:ALA:Hydrophobic': 2, 'UNL:ALA:VdWContact': 1, 'UNL:ARG:HBAcceptor': 1, 'UNL:ARG:HBDonor': 1, 'UNL:ARG:VdWContact': 1, 'UNL:GLN:HBAcceptor': 1, 'UNL:GLN:HBDonor': 1, 'UNL:GLN:VdWContact': 1, 'UNL:GLU:VdWContact': 2, 'UNL:HIS:Hydrophobic': 1, 'UNL:HIS:VdWContact': 1, 'UNL:ILE:Hydrophobic': 2, 'UNL:MET:Hydrophobic': 1, 'UNL:TRP:Hydrophobic': 1, 'UNL:TYR:Hydrophobic': 2, 'UNL:TYR:VdWContact': 2}"
724,Boltz-1,1SJ0_E4D,0.24999999999999992,0.9,"{'UNL:ALA:VdWContact': 1, 'UNL:ARG:HBAcceptor': 1, 'UNL:ARG:VdWContact': 1, 'UNL:ASP:VdWContact': 1, 'UNL:CYS:VdWContact': 1, 'UNL:GLU:HBDonor': 1, 'UNL:GLU:VdWContact': 1, 'UNL:HIS:VdWContact': 1, 'UNL:ILE:Hydrophobic': 1, 'UNL:ILE:VdWContact': 1, 'UNL:LEU:Hydrophobic': 5, 'UNL:LEU:VdWContact': 3, 'UNL:MET:Hydrophobic': 2, 'UNL:MET:VdWContact': 1, 'UNL:THR:VdWContact': 1, 'UNL:TRP:VdWContact': 1, 'UNL:VAL:VdWContact': 1}","{'UNL:ALA:Hydrophobic': 1, 'UNL:ARG:HBAcceptor': 1, 'UNL:ARG:VdWContact': 1, 'UNL:ASP:VdWContact': 1, 'UNL:CYS:Hydrophobic': 1, 'UNL:CYS:VdWContact': 1, 'UNL:GLU:VdWContact': 1, 'UNL:HIS:HBDonor': 1, 'UNL:HIS:Hydrophobic': 1, 'UNL:HIS:VdWContact': 1, 'UNL:ILE:Hydrophobic': 1, 'UNL:LEU:HBDonor': 1, 'UNL:LEU:Hydrophobic': 7, 'UNL:LEU:VdWContact': 3, 'UNL:MET:Hydrophobic': 3, 'UNL:MET:VdWContact': 1, 'UNL:PHE:Hydrophobic': 1, 'UNL:THR:VdWContact': 1, 'UNL:TRP:Hydrophobic': 1, 'UNL:TRP:VdWContact': 1}"
725,Boltz-1,1U4D_DBQ,0.24999999999999994,0.9,"{'UNL:ALA:HBAcceptor': 1, 'UNL:ALA:VdWContact': 1, 'UNL:ASP:VdWContact': 1, 'UNL:GLU:HBDonor': 1, 'UNL:GLU:VdWContact': 1, 'UNL:LEU:Hydrophobic': 2, 'UNL:LEU:VdWContact': 2, 'UNL:LYS:VdWContact': 1, 'UNL:THR:VdWContact': 1}","{'UNL:ALA:HBAcceptor': 1, 'UNL:ALA:Hydrophobic': 1, 'UNL:ALA:VdWContact': 1, 'UNL:ASP:HBDonor': 1, 'UNL:ASP:VdWContact': 1, 'UNL:GLU:HBDonor': 1, 'UNL:GLU:VdWContact': 1, 'UNL:LEU:Hydrophobic': 2, 'UNL:LEU:VdWContact': 1, 'UNL:LYS:VdWContact': 1, 'UNL:VAL:Hydrophobic': 1}"
726,Boltz-1,1Q41_IXM,0.25,0.9,"{'UNL:ASP:HBDonor': 1, 'UNL:ASP:VdWContact': 1, 'UNL:CYS:Hydrophobic': 1, 'UNL:LEU:Hydrophobic': 2, 'UNL:LEU:VdWContact': 2, 'UNL:LYS:Hydrophobic': 1, 'UNL:PRO:VdWContact': 1, 'UNL:VAL:HBAcceptor': 1, 'UNL:VAL:HBDonor': 1, 'UNL:VAL:VdWContact': 1}","{'UNL:ALA:Hydrophobic': 1, 'UNL:ASP:HBDonor': 1, 'UNL:ASP:VdWContact': 1, 'UNL:CYS:Hydrophobic': 1, 'UNL:ILE:Hydrophobic': 1, 'UNL:LEU:Hydrophobic': 2, 'UNL:PRO:VdWContact': 1, 'UNL:THR:Hydrophobic': 1, 'UNL:TYR:Hydrophobic': 1, 'UNL:TYR:VdWContact': 1, 'UNL:VAL:HBAcceptor': 1, 'UNL:VAL:HBDonor': 1, 'UNL:VAL:Hydrophobic': 2, 'UNL:VAL:VdWContact': 1}"
727,Boltz-1,1OWE_675,0.4000000000000001,0.84,"{'UNL:ASP:HBDonor': 1, 'UNL:ASP:VdWContact': 1, 'UNL:GLN:Hydrophobic': 1, 'UNL:GLY:HBDonor': 1, 'UNL:GLY:VdWContact': 2, 'UNL:HIS:Hydrophobic': 1, 'UNL:HIS:VdWContact': 2, 'UNL:SER:VdWContact': 2}","{'UNL:ASP:HBDonor': 1, 'UNL:ASP:VdWContact': 1, 'UNL:GLN:Hydrophobic': 1, 'UNL:GLN:VdWContact': 1, 'UNL:GLY:HBDonor': 1, 'UNL:GLY:VdWContact': 1, 'UNL:HIS:Hydrophobic': 1, 'UNL:HIS:VdWContact': 1, 'UNL:SER:VdWContact': 2, 'UNL:VAL:Hydrophobic': 1}"
728,Boltz-1,1OQ5_CEL,0.4444444444444445,0.8222222222222222,"{'UNL:ASN:VdWContact': 1, 'UNL:HIS:HBDonor': 1, 'UNL:HIS:Hydrophobic': 1, 'UNL:HIS:VdWContact': 3, 'UNL:LEU:Hydrophobic': 1, 'UNL:LEU:VdWContact': 1, 'UNL:PHE:VdWContact': 1, 'UNL:THR:HBAcceptor': 1, 'UNL:THR:HBDonor': 1, 'UNL:THR:VdWContact': 2}","{'UNL:ASN:Hydrophobic': 1, 'UNL:ASN:VdWContact': 1, 'UNL:GLN:Hydrophobic': 1, 'UNL:GLN:VdWContact': 1, 'UNL:GLU:Hydrophobic': 1, 'UNL:GLU:VdWContact': 1, 'UNL:HIS:HBDonor': 1, 'UNL:HIS:VdWContact': 1, 'UNL:LEU:Hydrophobic': 1, 'UNL:LEU:VdWContact': 1, 'UNL:PHE:Hydrophobic': 1, 'UNL:THR:HBAcceptor': 1, 'UNL:THR:HBDonor': 1, 'UNL:THR:Hydrophobic': 1, 'UNL:THR:VdWContact': 2, 'UNL:VAL:Hydrophobic': 1}"
729,Boltz-1,1SG0_STL,0.7777777777777778,0.6888888888888889,"{'UNL:GLN:Hydrophobic': 1, 'UNL:PHE:Hydrophobic': 1, 'UNL:PHE:VdWContact': 2}","{'UNL:ASN:HBAcceptor': 1, 'UNL:ASN:VdWContact': 1, 'UNL:GLY:HBDonor': 1, 'UNL:GLY:VdWContact': 1, 'UNL:PHE:Hydrophobic': 3, 'UNL:PHE:VdWContact': 2, 'UNL:TRP:Hydrophobic': 1, 'UNL:TRP:VdWContact': 1}"
730,Boltz-1,2BR1_PFP,0.3846153846153847,0.8461538461538461,"{'UNL:CYS:HBAcceptor': 1, 'UNL:CYS:VdWContact': 1, 'UNL:GLU:Hydrophobic': 1, 'UNL:GLU:VdWContact': 2, 'UNL:GLY:VdWContact': 1, 'UNL:LEU:Hydrophobic': 1, 'UNL:LEU:VdWContact': 1, 'UNL:VAL:Hydrophobic': 1}","{'UNL:ALA:Hydrophobic': 1, 'UNL:ALA:VdWContact': 1, 'UNL:CYS:HBAcceptor': 1, 'UNL:CYS:Hydrophobic': 1, 'UNL:CYS:VdWContact': 1, 'UNL:GLU:Hydrophobic': 1, 'UNL:GLU:VdWContact': 2, 'UNL:LEU:Hydrophobic': 2, 'UNL:LEU:VdWContact': 1, 'UNL:SER:VdWContact': 1, 'UNL:TYR:Hydrophobic': 1, 'UNL:VAL:Hydrophobic': 1}"
731,Boltz-1,1UOU_CMU,0.46666666666666673,0.8133333333333332,"{'UNL:ARG:HBAcceptor': 1, 'UNL:ARG:VdWContact': 1, 'UNL:HIS:VdWContact': 1, 'UNL:ILE:Hydrophobic': 1, 'UNL:LYS:HBAcceptor': 1, 'UNL:LYS:VdWContact': 1, 'UNL:SER:HBDonor': 1, 'UNL:SER:VdWContact': 2, 'UNL:THR:VdWContact': 1, 'UNL:TYR:VdWContact': 1}","{'UNL:ARG:HBAcceptor': 1, 'UNL:ARG:VdWContact': 2, 'UNL:GLY:VdWContact': 1, 'UNL:HIS:HBDonor': 1, 'UNL:HIS:VdWContact': 1, 'UNL:ILE:Hydrophobic': 2, 'UNL:LEU:Hydrophobic': 1, 'UNL:LEU:VdWContact': 1, 'UNL:LYS:VdWContact': 1, 'UNL:SER:HBDonor': 1, 'UNL:SER:VdWContact': 2, 'UNL:THR:VdWContact': 2, 'UNL:TYR:Hydrophobic': 1, 'UNL:TYR:VdWContact': 1}"
732,Boltz-1,1TZ8_DES,0.45454545454545453,0.8181818181818181,"{'UNL:ALA:VdWContact': 2, 'UNL:LEU:Hydrophobic': 2, 'UNL:LEU:VdWContact': 3, 'UNL:LYS:Hydrophobic': 2, 'UNL:LYS:VdWContact': 1, 'UNL:SER:VdWContact': 1, 'UNL:THR:VdWContact': 2}","{'UNL:ALA:Hydrophobic': 2, 'UNL:LEU:Hydrophobic': 4, 'UNL:LEU:VdWContact': 2, 'UNL:LYS:Hydrophobic': 2, 'UNL:LYS:VdWContact': 1, 'UNL:SER:HBAcceptor': 2, 'UNL:SER:HBDonor': 1, 'UNL:SER:VdWContact': 2, 'UNL:THR:Hydrophobic': 2}"
733,Boltz-1,1R9O_FLP,,0.0,,
734,Boltz-1,1P2Y_NCT,,0.0,,
735,Boltz-1,1V0P_PVB,0.16666666666666674,0.9333333333333333,"{'UNL:ALA:VdWContact': 1, 'UNL:ASP:VdWContact': 2, 'UNL:GLN:Hydrophobic': 1, 'UNL:GLN:VdWContact': 1, 'UNL:GLU:VdWContact': 2, 'UNL:GLY:VdWContact': 1, 'UNL:ILE:Hydrophobic': 1, 'UNL:ILE:VdWContact': 1, 'UNL:LEU:HBAcceptor': 1, 'UNL:LEU:HBDonor': 1, 'UNL:LEU:VdWContact': 2, 'UNL:LYS:VdWContact': 2, 'UNL:PHE:VdWContact': 1, 'UNL:VAL:VdWContact': 1}","{'UNL:ALA:Hydrophobic': 2, 'UNL:ALA:VdWContact': 2, 'UNL:GLN:VdWContact': 1, 'UNL:GLU:VdWContact': 1, 'UNL:GLY:VdWContact': 2, 'UNL:ILE:Hydrophobic': 1, 'UNL:LEU:HBAcceptor': 1, 'UNL:LEU:HBDonor': 1, 'UNL:LEU:Hydrophobic': 1, 'UNL:LEU:VdWContact': 2, 'UNL:PHE:Hydrophobic': 1, 'UNL:VAL:Hydrophobic': 2, 'UNL:VAL:VdWContact': 2}"
736,Boltz-1,1XOZ_CIA,0.375,0.85,"{'UNL:ALA:VdWContact': 2, 'UNL:GLN:HBDonor': 1, 'UNL:GLN:Hydrophobic': 1, 'UNL:GLN:VdWContact': 1, 'UNL:ILE:VdWContact': 1, 'UNL:LEU:VdWContact': 1, 'UNL:MET:Hydrophobic': 1, 'UNL:MET:VdWContact': 1, 'UNL:PHE:Hydrophobic': 1, 'UNL:PHE:VdWContact': 1, 'UNL:VAL:Hydrophobic': 1, 'UNL:VAL:VdWContact': 1}","{'UNL:ALA:Hydrophobic': 2, 'UNL:GLN:HBDonor': 1, 'UNL:GLN:Hydrophobic': 1, 'UNL:GLN:VdWContact': 2, 'UNL:ILE:Hydrophobic': 2, 'UNL:ILE:VdWContact': 1, 'UNL:LEU:Hydrophobic': 1, 'UNL:LEU:VdWContact': 1, 'UNL:MET:Hydrophobic': 1, 'UNL:MET:VdWContact': 1, 'UNL:PHE:Hydrophobic': 2, 'UNL:PHE:VdWContact': 1, 'UNL:TYR:Hydrophobic': 1, 'UNL:VAL:Hydrophobic': 1, 'UNL:VAL:VdWContact': 1}"
737,Boltz-1,1R55_097,0.4666666666666666,0.8133333333333334,"{'UNL:ALA:HBDonor': 2, 'UNL:ALA:VdWContact': 2, 'UNL:GLU:VdWContact': 1, 'UNL:GLY:HBDonor': 1, 'UNL:GLY:VdWContact': 1, 'UNL:HIS:HBAcceptor': 1, 'UNL:HIS:VdWContact': 3, 'UNL:THR:HBAcceptor': 1, 'UNL:THR:VdWContact': 3, 'UNL:VAL:HBAcceptor': 1, 'UNL:VAL:VdWContact': 1}","{'UNL:ALA:HBDonor': 2, 'UNL:ALA:Hydrophobic': 2, 'UNL:ALA:VdWContact': 2, 'UNL:GLU:VdWContact': 1, 'UNL:GLY:HBDonor': 1, 'UNL:GLY:VdWContact': 1, 'UNL:HIS:HBAcceptor': 1, 'UNL:HIS:Hydrophobic': 1, 'UNL:HIS:VdWContact': 3, 'UNL:THR:HBAcceptor': 1, 'UNL:THR:Hydrophobic': 2, 'UNL:THR:VdWContact': 2, 'UNL:VAL:HBAcceptor': 1, 'UNL:VAL:Hydrophobic': 1, 'UNL:VAL:VdWContact': 1}"
738,Boltz-1,1YWR_LI9,0.36363636363636354,0.8545454545454546,"{'UNL:ALA:VdWContact': 1, 'UNL:ASP:Hydrophobic': 1, 'UNL:ASP:VdWContact': 2, 'UNL:HIS:VdWContact': 1, 'UNL:ILE:Hydrophobic': 1, 'UNL:ILE:VdWContact': 1, 'UNL:LEU:VdWContact': 2, 'UNL:LYS:HBAcceptor': 1, 'UNL:LYS:Hydrophobic': 1, 'UNL:LYS:VdWContact': 1, 'UNL:MET:HBAcceptor': 1, 'UNL:MET:HBDonor': 1, 'UNL:MET:VdWContact': 1, 'UNL:THR:VdWContact': 1, 'UNL:TYR:VdWContact': 1}","{'UNL:ALA:Hydrophobic': 1, 'UNL:ALA:VdWContact': 1, 'UNL:ASP:Hydrophobic': 1, 'UNL:ASP:VdWContact': 1, 'UNL:HIS:VdWContact': 1, 'UNL:ILE:Hydrophobic': 1, 'UNL:LEU:Hydrophobic': 4, 'UNL:LEU:VdWContact': 2, 'UNL:LYS:Hydrophobic': 1, 'UNL:LYS:VdWContact': 1, 'UNL:MET:HBAcceptor': 1, 'UNL:MET:HBDonor': 1, 'UNL:MET:Hydrophobic': 1, 'UNL:MET:VdWContact': 1, 'UNL:THR:Hydrophobic': 1, 'UNL:THR:VdWContact': 1, 'UNL:TYR:Hydrophobic': 1, 'UNL:TYR:VdWContact': 1, 'UNL:VAL:Hydrophobic': 2, 'UNL:VAL:VdWContact': 1}"
739,Boltz-1,1HQ2_PH2,0.1764705882352941,0.9294117647058824,"{'UNL:ASN:HBAcceptor': 1, 'UNL:ASN:HBDonor': 1, 'UNL:ASN:VdWContact': 1, 'UNL:LEU:HBAcceptor': 1, 'UNL:LEU:HBDonor': 1, 'UNL:LEU:VdWContact': 1, 'UNL:PHE:VdWContact': 1, 'UNL:PRO:HBDonor': 1, 'UNL:PRO:VdWContact': 1, 'UNL:THR:HBDonor': 1, 'UNL:THR:VdWContact': 1, 'UNL:TRP:VdWContact': 1, 'UNL:TYR:VdWContact': 1}","{'UNL:ASN:HBAcceptor': 1, 'UNL:ASN:HBDonor': 1, 'UNL:ASN:VdWContact': 1, 'UNL:ASP:VdWContact': 1, 'UNL:LEU:HBAcceptor': 1, 'UNL:LEU:HBDonor': 1, 'UNL:LEU:Hydrophobic': 1, 'UNL:LEU:VdWContact': 1, 'UNL:PHE:Hydrophobic': 1, 'UNL:PHE:VdWContact': 1, 'UNL:PRO:HBDonor': 1, 'UNL:PRO:VdWContact': 1, 'UNL:THR:HBDonor': 1, 'UNL:THR:VdWContact': 1, 'UNL:TYR:Hydrophobic': 1, 'UNL:TYR:VdWContact': 1}"
740,Boltz-1,1MZC_BNE,,0.0,,
741,Boltz-1,1V4S_MRK,0.45000000000000007,0.82,"{'UNL:ARG:HBAcceptor': 1, 'UNL:ARG:HBDonor': 1, 'UNL:ARG:VdWContact': 1, 'UNL:ILE:Hydrophobic': 1, 'UNL:ILE:VdWContact': 1, 'UNL:MET:Hydrophobic': 1, 'UNL:MET:VdWContact': 1, 'UNL:SER:VdWContact': 1, 'UNL:TYR:HBDonor': 1, 'UNL:TYR:VdWContact': 2, 'UNL:VAL:Hydrophobic': 1, 'UNL:VAL:VdWContact': 2}","{'UNL:ALA:Hydrophobic': 1, 'UNL:ARG:HBAcceptor': 1, 'UNL:ARG:HBDonor': 1, 'UNL:ARG:Hydrophobic': 1, 'UNL:ARG:VdWContact': 1, 'UNL:GLU:Hydrophobic': 1, 'UNL:ILE:Hydrophobic': 2, 'UNL:MET:Hydrophobic': 2, 'UNL:MET:VdWContact': 1, 'UNL:PRO:Hydrophobic': 1, 'UNL:THR:HBAcceptor': 1, 'UNL:THR:Hydrophobic': 1, 'UNL:THR:VdWContact': 1, 'UNL:TYR:HBDonor': 1, 'UNL:TYR:Hydrophobic': 2, 'UNL:TYR:VdWContact': 2, 'UNL:VAL:Hydrophobic': 3}"
742,Boltz-1,1NAV_IH5,0.42105263157894735,0.8315789473684211,"{'UNL:ALA:VdWContact': 1, 'UNL:ARG:HBAcceptor': 1, 'UNL:ARG:VdWContact': 1, 'UNL:GLY:VdWContact': 1, 'UNL:HIS:HBAcceptor': 1, 'UNL:HIS:HBDonor': 1, 'UNL:HIS:VdWContact': 1, 'UNL:LEU:Hydrophobic': 2, 'UNL:MET:Hydrophobic': 3, 'UNL:MET:VdWContact': 1, 'UNL:PHE:Hydrophobic': 1, 'UNL:SER:HBAcceptor': 1, 'UNL:SER:VdWContact': 1}","{'UNL:ALA:Hydrophobic': 2, 'UNL:GLY:VdWContact': 1, 'UNL:HIS:HBAcceptor': 1, 'UNL:HIS:VdWContact': 1, 'UNL:ILE:Hydrophobic': 1, 'UNL:ILE:VdWContact': 1, 'UNL:LEU:Hydrophobic': 3, 'UNL:LEU:VdWContact': 2, 'UNL:MET:Hydrophobic': 3, 'UNL:MET:VdWContact': 2, 'UNL:PHE:Hydrophobic': 3, 'UNL:PHE:VdWContact': 1, 'UNL:SER:HBAcceptor': 1, 'UNL:SER:VdWContact': 1, 'UNL:THR:Hydrophobic': 1}"
743,Boltz-1,1JJE_BYS,0.3157894736842105,0.8736842105263158,"{'UNL:ASN:HBAcceptor': 1, 'UNL:ASN:Hydrophobic': 1, 'UNL:ASN:VdWContact': 1, 'UNL:GLY:VdWContact': 1, 'UNL:HIS:Hydrophobic': 1, 'UNL:HIS:VdWContact': 2, 'UNL:LYS:HBAcceptor': 1, 'UNL:LYS:VdWContact': 1, 'UNL:TRP:Hydrophobic': 2, 'UNL:TRP:VdWContact': 2, 'UNL:TYR:VdWContact': 1, 'UNL:VAL:Hydrophobic': 2, 'UNL:VAL:VdWContact': 3}","{'UNL:ASN:HBAcceptor': 1, 'UNL:ASN:Hydrophobic': 1, 'UNL:ASN:VdWContact': 1, 'UNL:ASP:Hydrophobic': 1, 'UNL:ASP:VdWContact': 1, 'UNL:CYS:VdWContact': 1, 'UNL:GLY:VdWContact': 1, 'UNL:HIS:HBDonor': 1, 'UNL:HIS:Hydrophobic': 2, 'UNL:HIS:VdWContact': 3, 'UNL:LYS:HBDonor': 1, 'UNL:LYS:VdWContact': 1, 'UNL:PHE:Hydrophobic': 1, 'UNL:TRP:Hydrophobic': 1, 'UNL:TRP:VdWContact': 1, 'UNL:VAL:Hydrophobic': 2, 'UNL:VAL:VdWContact': 1}"
744,Boltz-1,1GM8_SOX,,0.0,,
745,Boltz-1,1J3J_CP6,,0.0,,
746,Boltz-1,1T9B_1CS,,0.0,,
747,Boltz-1,1PMN_984,0.3125,0.875,"{'UNL:ALA:VdWContact': 2, 'UNL:ASN:VdWContact': 1, 'UNL:GLY:VdWContact': 2, 'UNL:ILE:Hydrophobic': 2, 'UNL:ILE:VdWContact': 2, 'UNL:LEU:Hydrophobic': 1, 'UNL:LEU:VdWContact': 2, 'UNL:LYS:Hydrophobic': 1, 'UNL:MET:HBAcceptor': 1, 'UNL:MET:HBDonor': 1, 'UNL:MET:Hydrophobic': 1, 'UNL:MET:VdWContact': 2, 'UNL:SER:VdWContact': 1, 'UNL:VAL:VdWContact': 1}","{'UNL:ALA:Hydrophobic': 1, 'UNL:ALA:VdWContact': 2, 'UNL:ASN:VdWContact': 1, 'UNL:ILE:Hydrophobic': 2, 'UNL:ILE:VdWContact': 2, 'UNL:LEU:Hydrophobic': 3, 'UNL:LEU:VdWContact': 2, 'UNL:LYS:Hydrophobic': 1, 'UNL:MET:HBAcceptor': 1, 'UNL:MET:Hydrophobic': 2, 'UNL:MET:VdWContact': 2, 'UNL:VAL:Hydrophobic': 2}"
748,Boltz-1,1N2V_BDI,0.0,1.0,"{'UNL:ALA:VdWContact': 1, 'UNL:ASP:HBDonor': 1, 'UNL:ASP:VdWContact': 1, 'UNL:CYS:VdWContact': 1, 'UNL:GLN:HBAcceptor': 1, 'UNL:GLN:VdWContact': 1, 'UNL:GLY:HBAcceptor': 1, 'UNL:GLY:VdWContact': 2, 'UNL:MET:Hydrophobic': 1, 'UNL:MET:VdWContact': 1, 'UNL:TYR:VdWContact': 1}","{'UNL:ALA:Hydrophobic': 1, 'UNL:ASP:HBDonor': 1, 'UNL:ASP:VdWContact': 1, 'UNL:CYS:Hydrophobic': 1, 'UNL:GLN:HBAcceptor': 1, 'UNL:GLN:VdWContact': 1, 'UNL:GLY:HBAcceptor': 1, 'UNL:GLY:VdWContact': 2, 'UNL:MET:Hydrophobic': 1, 'UNL:TYR:Hydrophobic': 1, 'UNL:TYR:VdWContact': 1}"
749,Boltz-1,1GPK_HUP,0.7999999999999999,0.68,"{'UNL:GLY:VdWContact': 1, 'UNL:HIS:VdWContact': 1, 'UNL:PHE:Hydrophobic': 1, 'UNL:PHE:VdWContact': 1, 'UNL:SER:VdWContact': 1, 'UNL:TRP:Hydrophobic': 1, 'UNL:TRP:VdWContact': 1}","{'UNL:GLY:VdWContact': 3, 'UNL:HIS:VdWContact': 1, 'UNL:LEU:Hydrophobic': 1, 'UNL:PHE:Hydrophobic': 3, 'UNL:PHE:VdWContact': 2, 'UNL:TRP:Hydrophobic': 1, 'UNL:TRP:VdWContact': 1, 'UNL:TYR:Hydrophobic': 2, 'UNL:TYR:VdWContact': 1}"
750,Boltz-1,1W1P_GIO,,0.0,,
751,Boltz-1,1OF6_DTY,,0.0,,
752,Boltz-1,1S3V_TQD,0.07692307692307693,0.9692307692307692,"{'UNL:GLU:HBDonor': 1, 'UNL:GLU:VdWContact': 1, 'UNL:ILE:HBDonor': 1, 'UNL:ILE:Hydrophobic': 1, 'UNL:ILE:VdWContact': 1, 'UNL:LEU:VdWContact': 2, 'UNL:PHE:Hydrophobic': 1, 'UNL:PHE:VdWContact': 1, 'UNL:PRO:VdWContact': 1, 'UNL:VAL:HBDonor': 1, 'UNL:VAL:VdWContact': 1}","{'UNL:GLU:HBDonor': 1, 'UNL:GLU:VdWContact': 1, 'UNL:ILE:HBDonor': 1, 'UNL:ILE:Hydrophobic': 1, 'UNL:ILE:VdWContact': 1, 'UNL:PHE:Hydrophobic': 2, 'UNL:PHE:VdWContact': 1, 'UNL:PRO:Hydrophobic': 1, 'UNL:SER:VdWContact': 1, 'UNL:VAL:VdWContact': 1}"
753,Boltz-1,1Y6B_AAX,0.11764705882352942,0.9529411764705882,"{'UNL:ASN:HBAcceptor': 1, 'UNL:ASN:VdWContact': 1, 'UNL:CYS:HBAcceptor': 1, 'UNL:CYS:HBDonor': 1, 'UNL:CYS:Hydrophobic': 1, 'UNL:CYS:VdWContact': 1, 'UNL:GLU:VdWContact': 2, 'UNL:GLY:VdWContact': 1, 'UNL:LEU:Hydrophobic': 1, 'UNL:LEU:VdWContact': 2, 'UNL:LYS:Hydrophobic': 1, 'UNL:LYS:VdWContact': 1, 'UNL:PHE:VdWContact': 2, 'UNL:VAL:Hydrophobic': 2, 'UNL:VAL:VdWContact': 2}","{'UNL:ALA:Hydrophobic': 1, 'UNL:ASN:HBAcceptor': 1, 'UNL:ASN:VdWContact': 1, 'UNL:CYS:HBAcceptor': 1, 'UNL:CYS:HBDonor': 1, 'UNL:CYS:Hydrophobic': 1, 'UNL:CYS:VdWContact': 1, 'UNL:GLU:VdWContact': 2, 'UNL:GLY:VdWContact': 1, 'UNL:LEU:Hydrophobic': 2, 'UNL:LYS:Hydrophobic': 1, 'UNL:LYS:VdWContact': 1, 'UNL:PHE:Hydrophobic': 2, 'UNL:PHE:VdWContact': 1, 'UNL:VAL:Hydrophobic': 3, 'UNL:VAL:VdWContact': 2}"
754,Boltz-1,1L2S_STC,0.4,0.84,"{'UNL:ALA:VdWContact': 1, 'UNL:ASN:HBAcceptor': 1, 'UNL:ASN:VdWContact': 1, 'UNL:GLN:VdWContact': 1, 'UNL:GLY:VdWContact': 2, 'UNL:LEU:Hydrophobic': 2, 'UNL:LEU:VdWContact': 2, 'UNL:SER:VdWContact': 1, 'UNL:THR:VdWContact': 1}","{'UNL:ALA:HBAcceptor': 1, 'UNL:ALA:HBDonor': 1, 'UNL:ALA:VdWContact': 1, 'UNL:ASN:HBAcceptor': 1, 'UNL:ASN:VdWContact': 1, 'UNL:GLN:VdWContact': 1, 'UNL:GLY:VdWContact': 1, 'UNL:LEU:Hydrophobic': 2, 'UNL:SER:HBAcceptor': 1, 'UNL:SER:VdWContact': 1, 'UNL:THR:Hydrophobic': 1, 'UNL:THR:VdWContact': 1, 'UNL:TYR:Hydrophobic': 2, 'UNL:VAL:Hydrophobic': 1}"
755,Boltz-1,1W2G_THM,0.28571428571428575,0.8857142857142857,"{'UNL:ARG:HBAcceptor': 1, 'UNL:ARG:VdWContact': 1, 'UNL:ASN:HBDonor': 1, 'UNL:ASN:VdWContact': 1, 'UNL:ASP:HBDonor': 1, 'UNL:ASP:VdWContact': 1, 'UNL:PHE:Hydrophobic': 1, 'UNL:PRO:VdWContact': 1, 'UNL:TYR:HBAcceptor': 1, 'UNL:TYR:VdWContact': 3}","{'UNL:ARG:HBAcceptor': 1, 'UNL:ARG:Hydrophobic': 1, 'UNL:ARG:VdWContact': 1, 'UNL:ASN:HBDonor': 1, 'UNL:ASN:Hydrophobic': 1, 'UNL:ASN:VdWContact': 1, 'UNL:ASP:VdWContact': 1, 'UNL:PHE:Hydrophobic': 2, 'UNL:PRO:Hydrophobic': 1, 'UNL:PRO:VdWContact': 1, 'UNL:TYR:Hydrophobic': 2, 'UNL:TYR:VdWContact': 3}"
756,Boltz-1,1TOW_CRZ,0.5,0.8,"{'UNL:ALA:VdWContact': 1, 'UNL:ARG:HBAcceptor': 1, 'UNL:ARG:VdWContact': 2, 'UNL:ASP:Hydrophobic': 1, 'UNL:MET:Hydrophobic': 1, 'UNL:PHE:VdWContact': 1, 'UNL:TYR:VdWContact': 1, 'UNL:VAL:VdWContact': 1}","{'UNL:ALA:Hydrophobic': 3, 'UNL:ARG:HBAcceptor': 1, 'UNL:ARG:HBDonor': 1, 'UNL:ARG:VdWContact': 1, 'UNL:ASP:Hydrophobic': 1, 'UNL:CYS:VdWContact': 1, 'UNL:ILE:Hydrophobic': 1, 'UNL:MET:Hydrophobic': 1, 'UNL:PHE:Hydrophobic': 2, 'UNL:PHE:VdWContact': 1, 'UNL:PRO:Hydrophobic': 1, 'UNL:PRO:VdWContact': 1, 'UNL:TYR:VdWContact': 1, 'UNL:VAL:Hydrophobic': 1}"
757,Boltz-1,1XM6_5RM,0.5714285714285715,0.7714285714285714,"{'UNL:ASN:VdWContact': 1, 'UNL:GLN:HBAcceptor': 1, 'UNL:GLN:VdWContact': 1, 'UNL:ILE:Hydrophobic': 1, 'UNL:ILE:VdWContact': 1, 'UNL:MET:Hydrophobic': 1, 'UNL:MET:VdWContact': 1, 'UNL:PHE:Hydrophobic': 1, 'UNL:PHE:VdWContact': 2, 'UNL:SER:VdWContact': 1}","{'UNL:ASN:VdWContact': 1, 'UNL:GLN:HBAcceptor': 1, 'UNL:GLN:VdWContact': 1, 'UNL:ILE:Hydrophobic': 1, 'UNL:ILE:VdWContact': 1, 'UNL:LEU:Hydrophobic': 2, 'UNL:LEU:VdWContact': 1, 'UNL:MET:Hydrophobic': 3, 'UNL:MET:VdWContact': 1, 'UNL:PHE:Hydrophobic': 3, 'UNL:PHE:VdWContact': 2, 'UNL:THR:VdWContact': 1, 'UNL:TYR:Hydrophobic': 1}"
758,Boltz-1,1YGC_905,,0.0,,
759,Boltz-1,1R58_AO5,0.23529411764705885,0.9058823529411765,"{'UNL:ASP:HBDonor': 2, 'UNL:ASP:VdWContact': 2, 'UNL:GLU:HBDonor': 1, 'UNL:GLU:VdWContact': 1, 'UNL:HIS:HBAcceptor': 1, 'UNL:HIS:HBDonor': 2, 'UNL:HIS:Hydrophobic': 1, 'UNL:HIS:VdWContact': 4, 'UNL:ILE:Hydrophobic': 1, 'UNL:PHE:Hydrophobic': 1, 'UNL:THR:VdWContact': 1, 'UNL:TYR:Hydrophobic': 1}","{'UNL:ALA:Hydrophobic': 1, 'UNL:ALA:VdWContact': 1, 'UNL:ASP:HBDonor': 2, 'UNL:ASP:VdWContact': 2, 'UNL:GLU:HBDonor': 1, 'UNL:GLU:VdWContact': 1, 'UNL:HIS:HBDonor': 1, 'UNL:HIS:Hydrophobic': 2, 'UNL:HIS:VdWContact': 2, 'UNL:MET:Hydrophobic': 1, 'UNL:PHE:Hydrophobic': 1, 'UNL:PHE:VdWContact': 1, 'UNL:TYR:Hydrophobic': 1, 'UNL:TYR:VdWContact': 1}"
760,Boltz-1,1HNN_SKF,0.21428571428571436,0.9142857142857143,"{'UNL:ASN:Hydrophobic': 1, 'UNL:ASN:VdWContact': 1, 'UNL:ASP:VdWContact': 1, 'UNL:GLU:HBDonor': 1, 'UNL:GLU:VdWContact': 1, 'UNL:LYS:VdWContact': 1, 'UNL:PHE:Hydrophobic': 1, 'UNL:PHE:VdWContact': 1, 'UNL:TYR:VdWContact': 2, 'UNL:VAL:VdWContact': 1}","{'UNL:ARG:VdWContact': 1, 'UNL:ASN:Hydrophobic': 1, 'UNL:ASP:VdWContact': 1, 'UNL:GLU:HBDonor': 1, 'UNL:GLU:VdWContact': 1, 'UNL:LYS:VdWContact': 1, 'UNL:MET:Hydrophobic': 1, 'UNL:MET:VdWContact': 1, 'UNL:PHE:Hydrophobic': 1, 'UNL:TYR:Hydrophobic': 2, 'UNL:TYR:VdWContact': 2, 'UNL:VAL:VdWContact': 1}"
761,Boltz-1,1HVY_D16,,0.0,,
762,Boltz-1,1OPK_P16,0.23809523809523814,0.9047619047619048,"{'UNL:ALA:VdWContact': 1, 'UNL:ASP:VdWContact': 1, 'UNL:GLU:VdWContact': 1, 'UNL:GLY:VdWContact': 1, 'UNL:ILE:Hydrophobic': 1, 'UNL:LYS:Hydrophobic': 1, 'UNL:LYS:VdWContact': 1, 'UNL:MET:HBAcceptor': 1, 'UNL:MET:HBDonor': 1, 'UNL:MET:Hydrophobic': 1, 'UNL:MET:VdWContact': 1, 'UNL:PHE:VdWContact': 1, 'UNL:THR:VdWContact': 1, 'UNL:TYR:VdWContact': 1, 'UNL:VAL:VdWContact': 1}","{'UNL:ALA:Hydrophobic': 1, 'UNL:GLU:VdWContact': 1, 'UNL:ILE:Hydrophobic': 1, 'UNL:LEU:Hydrophobic': 2, 'UNL:LYS:Hydrophobic': 1, 'UNL:MET:HBAcceptor': 1, 'UNL:MET:HBDonor': 1, 'UNL:MET:Hydrophobic': 2, 'UNL:MET:VdWContact': 2, 'UNL:PHE:Hydrophobic': 2, 'UNL:THR:Hydrophobic': 1, 'UNL:THR:VdWContact': 1, 'UNL:TYR:Hydrophobic': 1, 'UNL:TYR:VdWContact': 1, 'UNL:VAL:Hydrophobic': 2}"
763,Boltz-1,1MMV_3AR,,0.0,,
764,Boltz-1,1SQN_NDR,0.625,0.75,"{'UNL:ARG:HBAcceptor': 1, 'UNL:ARG:VdWContact': 1, 'UNL:ASN:VdWContact': 1, 'UNL:CYS:VdWContact': 1, 'UNL:GLN:HBAcceptor': 1, 'UNL:GLN:VdWContact': 1, 'UNL:LEU:VdWContact': 3, 'UNL:MET:Hydrophobic': 2, 'UNL:MET:VdWContact': 2, 'UNL:TYR:VdWContact': 1}","{'UNL:ARG:VdWContact': 1, 'UNL:CYS:Hydrophobic': 1, 'UNL:CYS:VdWContact': 1, 'UNL:GLN:HBAcceptor': 1, 'UNL:GLN:VdWContact': 1, 'UNL:LEU:Hydrophobic': 5, 'UNL:LEU:VdWContact': 3, 'UNL:MET:Hydrophobic': 4, 'UNL:MET:VdWContact': 2, 'UNL:PHE:Hydrophobic': 1, 'UNL:TRP:Hydrophobic': 1, 'UNL:TYR:Hydrophobic': 1, 'UNL:TYR:VdWContact': 1, 'UNL:VAL:Hydrophobic': 1}"
765,AF3-Single-Seq,2BM2_PM2,0.391304347826087,0.8434782608695652,"{'UNL:ALA:VdWContact': 2, 'UNL:ARG:Hydrophobic': 1, 'UNL:ARG:VdWContact': 2, 'UNL:ASN:Hydrophobic': 1, 'UNL:ASN:VdWContact': 1, 'UNL:GLY:VdWContact': 2, 'UNL:HIS:HBAcceptor': 1, 'UNL:HIS:VdWContact': 2, 'UNL:ILE:Hydrophobic': 2, 'UNL:ILE:VdWContact': 1, 'UNL:TRP:Hydrophobic': 2, 'UNL:TRP:VdWContact': 4}","{'UNL:ASP:VdWContact': 1, 'UNL:GLN:Hydrophobic': 2, 'UNL:GLN:VdWContact': 1, 'UNL:GLU:Hydrophobic': 1, 'UNL:GLU:VdWContact': 1, 'UNL:GLY:HBAcceptor': 1, 'UNL:GLY:VdWContact': 1, 'UNL:PRO:Hydrophobic': 1, 'UNL:SER:VdWContact': 1, 'UNL:THR:Hydrophobic': 1, 'UNL:TRP:Hydrophobic': 1, 'UNL:TYR:Hydrophobic': 1, 'UNL:VAL:Hydrophobic': 1}"
766,AF3-Single-Seq,1XOQ_ROF,,0.0,,
767,AF3-Single-Seq,1M2Z_DEX,1.142857142857143,0.5428571428571428,"{'UNL:LEU:VdWContact': 1, 'UNL:MET:VdWContact': 1, 'UNL:TYR:VdWContact': 1}","{'UNL:ALA:Hydrophobic': 1, 'UNL:ARG:HBAcceptor': 1, 'UNL:ARG:VdWContact': 1, 'UNL:ASN:HBAcceptor': 1, 'UNL:ASN:VdWContact': 1, 'UNL:CYS:Hydrophobic': 1, 'UNL:CYS:VdWContact': 1, 'UNL:GLN:HBAcceptor': 1, 'UNL:GLN:HBDonor': 1, 'UNL:GLN:Hydrophobic': 1, 'UNL:GLN:VdWContact': 2, 'UNL:GLY:VdWContact': 1, 'UNL:LEU:Hydrophobic': 4, 'UNL:LEU:VdWContact': 1, 'UNL:MET:Hydrophobic': 3, 'UNL:MET:VdWContact': 1, 'UNL:PHE:Hydrophobic': 1, 'UNL:PHE:VdWContact': 1, 'UNL:TRP:Hydrophobic': 1, 'UNL:TYR:Hydrophobic': 1, 'UNL:TYR:VdWContact': 1}"
768,AF3-Single-Seq,1P62_GEO,0.5,0.8,"{'UNL:ARG:HBAcceptor': 1, 'UNL:ARG:Hydrophobic': 1, 'UNL:ARG:VdWContact': 3, 'UNL:GLY:VdWContact': 1, 'UNL:ILE:VdWContact': 1, 'UNL:THR:VdWContact': 1}","{'UNL:ARG:HBAcceptor': 1, 'UNL:ARG:VdWContact': 1, 'UNL:ASP:HBDonor': 1, 'UNL:ASP:VdWContact': 1, 'UNL:GLN:HBAcceptor': 1, 'UNL:GLN:HBDonor': 1, 'UNL:GLN:VdWContact': 1, 'UNL:GLU:VdWContact': 2, 'UNL:MET:VdWContact': 1, 'UNL:PHE:Hydrophobic': 2, 'UNL:TRP:Hydrophobic': 1, 'UNL:TYR:VdWContact': 1}"
769,AF3-Single-Seq,1KE5_LS1,0.8095238095238094,0.6761904761904762,"{'UNL:ARG:Hydrophobic': 1, 'UNL:ARG:VdWContact': 2, 'UNL:ILE:VdWContact': 1, 'UNL:MET:Hydrophobic': 1, 'UNL:MET:VdWContact': 1}","{'UNL:ALA:Hydrophobic': 2, 'UNL:ASP:HBAcceptor': 1, 'UNL:ASP:Hydrophobic': 1, 'UNL:ASP:VdWContact': 2, 'UNL:GLU:HBDonor': 1, 'UNL:GLU:VdWContact': 1, 'UNL:HIS:VdWContact': 1, 'UNL:ILE:Hydrophobic': 1, 'UNL:ILE:VdWContact': 1, 'UNL:LEU:HBAcceptor': 1, 'UNL:LEU:HBDonor': 1, 'UNL:LEU:Hydrophobic': 1, 'UNL:LEU:VdWContact': 2, 'UNL:LYS:VdWContact': 1, 'UNL:PHE:Hydrophobic': 2, 'UNL:PHE:VdWContact': 2, 'UNL:VAL:Hydrophobic': 2}"
770,AF3-Single-Seq,1TT1_KAI,0.7222222222222222,0.7111111111111111,"{'UNL:ARG:VdWContact': 1, 'UNL:GLU:HBAcceptor': 1, 'UNL:GLU:VdWContact': 1, 'UNL:LYS:HBAcceptor': 1, 'UNL:LYS:VdWContact': 1}","{'UNL:ALA:HBAcceptor': 2, 'UNL:ALA:VdWContact': 2, 'UNL:ARG:HBAcceptor': 1, 'UNL:ARG:HBDonor': 1, 'UNL:ARG:VdWContact': 1, 'UNL:GLU:Hydrophobic': 2, 'UNL:GLU:VdWContact': 1, 'UNL:PRO:HBDonor': 1, 'UNL:PRO:VdWContact': 1, 'UNL:THR:HBAcceptor': 1, 'UNL:THR:VdWContact': 1, 'UNL:TYR:Hydrophobic': 1, 'UNL:TYR:VdWContact': 1, 'UNL:VAL:Hydrophobic': 1, 'UNL:VAL:VdWContact': 1}"
771,AF3-Single-Seq,1VCJ_IBA,0.4210526315789474,0.831578947368421,"{'UNL:ARG:HBAcceptor': 3, 'UNL:ARG:VdWContact': 4, 'UNL:ASN:HBAcceptor': 1, 'UNL:ASN:VdWContact': 1, 'UNL:GLN:VdWContact': 1, 'UNL:GLU:HBDonor': 1, 'UNL:GLU:VdWContact': 2, 'UNL:SER:VdWContact': 1, 'UNL:TRP:Hydrophobic': 1, 'UNL:TRP:VdWContact': 2}","{'UNL:ALA:Hydrophobic': 1, 'UNL:ALA:VdWContact': 1, 'UNL:ARG:HBAcceptor': 3, 'UNL:ARG:Hydrophobic': 2, 'UNL:ARG:VdWContact': 5, 'UNL:ASN:Hydrophobic': 1, 'UNL:ASP:Hydrophobic': 1, 'UNL:ASP:VdWContact': 1, 'UNL:GLU:Hydrophobic': 1, 'UNL:GLU:VdWContact': 4, 'UNL:ILE:Hydrophobic': 1, 'UNL:SER:VdWContact': 1, 'UNL:TRP:Hydrophobic': 1, 'UNL:TRP:VdWContact': 1, 'UNL:TYR:VdWContact': 1}"
772,AF3-Single-Seq,1HWI_115,0.75,0.7,"{'UNL:ALA:VdWContact': 1, 'UNL:GLU:Hydrophobic': 1, 'UNL:GLU:VdWContact': 1, 'UNL:GLY:VdWContact': 1, 'UNL:LEU:VdWContact': 1, 'UNL:TYR:Hydrophobic': 1, 'UNL:TYR:VdWContact': 1, 'UNL:VAL:Hydrophobic': 1, 'UNL:VAL:VdWContact': 1}","{'UNL:ALA:Hydrophobic': 1, 'UNL:ALA:VdWContact': 1, 'UNL:ARG:HBAcceptor': 1, 'UNL:ARG:VdWContact': 1, 'UNL:ASN:HBAcceptor': 1, 'UNL:ASN:VdWContact': 1, 'UNL:ASP:Hydrophobic': 1, 'UNL:ASP:VdWContact': 1, 'UNL:CYS:Hydrophobic': 1, 'UNL:CYS:VdWContact': 1, 'UNL:GLU:VdWContact': 1, 'UNL:GLY:VdWContact': 1, 'UNL:HIS:Hydrophobic': 1, 'UNL:HIS:VdWContact': 1, 'UNL:LEU:Hydrophobic': 4, 'UNL:LEU:VdWContact': 2, 'UNL:LYS:Hydrophobic': 1, 'UNL:LYS:VdWContact': 3, 'UNL:SER:VdWContact': 1, 'UNL:VAL:Hydrophobic': 1, 'UNL:VAL:VdWContact': 1}"
773,AF3-Single-Seq,1UML_FR4,0.3181818181818182,0.8727272727272728,"{'UNL:ARG:HBAcceptor': 2, 'UNL:ARG:HBDonor': 1, 'UNL:ARG:VdWContact': 2, 'UNL:ASP:VdWContact': 2, 'UNL:GLU:VdWContact': 1, 'UNL:GLY:VdWContact': 1, 'UNL:HIS:VdWContact': 1, 'UNL:LEU:VdWContact': 1, 'UNL:LYS:Hydrophobic': 1, 'UNL:LYS:VdWContact': 1, 'UNL:MET:Hydrophobic': 1, 'UNL:PHE:Hydrophobic': 1, 'UNL:PHE:VdWContact': 1, 'UNL:TRP:VdWContact': 1, 'UNL:TYR:Hydrophobic': 1, 'UNL:TYR:VdWContact': 1}","{'UNL:ASP:HBDonor': 2, 'UNL:ASP:Hydrophobic': 1, 'UNL:ASP:VdWContact': 3, 'UNL:GLY:VdWContact': 1, 'UNL:HIS:Hydrophobic': 1, 'UNL:HIS:VdWContact': 1, 'UNL:LEU:Hydrophobic': 3, 'UNL:LEU:VdWContact': 1, 'UNL:MET:Hydrophobic': 1, 'UNL:PHE:Hydrophobic': 2, 'UNL:THR:Hydrophobic': 1, 'UNL:VAL:Hydrophobic': 1}"
774,AF3-Single-Seq,1JLA_TNK,0.040000000000000036,0.984,"{'UNL:ARG:Hydrophobic': 1, 'UNL:ARG:VdWContact': 1, 'UNL:CYS:Hydrophobic': 1, 'UNL:GLU:Hydrophobic': 1, 'UNL:GLU:VdWContact': 1, 'UNL:GLY:VdWContact': 1, 'UNL:HIS:VdWContact': 1, 'UNL:ILE:Hydrophobic': 2, 'UNL:ILE:VdWContact': 2, 'UNL:LYS:HBAcceptor': 1, 'UNL:LYS:Hydrophobic': 1, 'UNL:LYS:VdWContact': 1, 'UNL:MET:VdWContact': 1, 'UNL:PRO:VdWContact': 1, 'UNL:TYR:Hydrophobic': 2, 'UNL:TYR:VdWContact': 2}","{'UNL:CYS:Hydrophobic': 1, 'UNL:CYS:VdWContact': 1, 'UNL:GLY:VdWContact': 1, 'UNL:LEU:Hydrophobic': 2, 'UNL:LYS:HBDonor': 1, 'UNL:LYS:Hydrophobic': 1, 'UNL:LYS:VdWContact': 2, 'UNL:PHE:Hydrophobic': 1, 'UNL:PHE:VdWContact': 1, 'UNL:PRO:Hydrophobic': 2, 'UNL:PRO:VdWContact': 1, 'UNL:TRP:Hydrophobic': 1, 'UNL:TRP:VdWContact': 1, 'UNL:TYR:Hydrophobic': 1, 'UNL:TYR:VdWContact': 1, 'UNL:VAL:Hydrophobic': 1}"
775,AF3-Single-Seq,1N46_PFA,1.3181818181818183,0.47272727272727266,"{'UNL:ALA:VdWContact': 2, 'UNL:MET:Hydrophobic': 4, 'UNL:MET:VdWContact': 6, 'UNL:SER:VdWContact': 2}","{'UNL:ALA:Hydrophobic': 2, 'UNL:ALA:VdWContact': 2, 'UNL:ARG:HBAcceptor': 2, 'UNL:ARG:HBDonor': 1, 'UNL:ARG:Hydrophobic': 1, 'UNL:ARG:VdWContact': 2, 'UNL:ASN:HBAcceptor': 1, 'UNL:ASN:VdWContact': 1, 'UNL:GLY:VdWContact': 1, 'UNL:HIS:HBAcceptor': 1, 'UNL:HIS:HBDonor': 1, 'UNL:HIS:VdWContact': 1, 'UNL:ILE:Hydrophobic': 3, 'UNL:ILE:VdWContact': 1, 'UNL:LEU:Hydrophobic': 3, 'UNL:LEU:VdWContact': 2, 'UNL:MET:Hydrophobic': 3, 'UNL:MET:VdWContact': 2, 'UNL:PHE:Hydrophobic': 3, 'UNL:PHE:VdWContact': 1, 'UNL:THR:Hydrophobic': 1}"
776,AF3-Single-Seq,1LRH_NLA,,0.0,,
777,AF3-Single-Seq,1KZK_JE2,0.7368421052631577,0.7052631578947369,"{'UNL:ARG:HBDonor': 1, 'UNL:ARG:VdWContact': 1, 'UNL:GLN:Hydrophobic': 2, 'UNL:ILE:Hydrophobic': 1, 'UNL:ILE:VdWContact': 5, 'UNL:LEU:Hydrophobic': 1, 'UNL:LEU:VdWContact': 1, 'UNL:LYS:Hydrophobic': 1, 'UNL:PRO:VdWContact': 2, 'UNL:TRP:Hydrophobic': 2, 'UNL:TRP:VdWContact': 2, 'UNL:VAL:Hydrophobic': 1, 'UNL:VAL:VdWContact': 1}","{'UNL:ALA:Hydrophobic': 2, 'UNL:ASP:Hydrophobic': 3, 'UNL:ASP:VdWContact': 4, 'UNL:GLY:HBDonor': 1, 'UNL:GLY:VdWContact': 3, 'UNL:ILE:Hydrophobic': 6, 'UNL:LEU:Hydrophobic': 3, 'UNL:PRO:Hydrophobic': 2, 'UNL:PRO:VdWContact': 1, 'UNL:VAL:Hydrophobic': 4}"
778,AF3-Single-Seq,1N2J_PAF,1.1,0.5599999999999999,{'UNL:GLY:VdWContact': 1},"{'UNL:GLN:HBAcceptor': 2, 'UNL:GLN:VdWContact': 2, 'UNL:MET:Hydrophobic': 1, 'UNL:MET:VdWContact': 1, 'UNL:PHE:Hydrophobic': 1, 'UNL:PRO:Hydrophobic': 1, 'UNL:PRO:VdWContact': 1, 'UNL:VAL:Hydrophobic': 2, 'UNL:VAL:VdWContact': 1}"
779,AF3-Single-Seq,1MEH_MOA,0.125,0.95,"{'UNL:ARG:HBAcceptor': 1, 'UNL:ARG:HBDonor': 1, 'UNL:ARG:Hydrophobic': 1, 'UNL:ARG:VdWContact': 2, 'UNL:THR:VdWContact': 1, 'UNL:TRP:Hydrophobic': 1, 'UNL:TRP:VdWContact': 1}","{'UNL:ASP:VdWContact': 1, 'UNL:GLU:Hydrophobic': 1, 'UNL:GLU:VdWContact': 1, 'UNL:GLY:HBAcceptor': 1, 'UNL:GLY:VdWContact': 1, 'UNL:ILE:VdWContact': 1, 'UNL:SER:HBAcceptor': 1, 'UNL:SER:HBDonor': 1, 'UNL:SER:VdWContact': 2}"
780,AF3-Single-Seq,2BSM_BSM,0.3600000000000001,0.856,"{'UNL:GLN:Hydrophobic': 1, 'UNL:GLN:VdWContact': 1, 'UNL:GLY:VdWContact': 2, 'UNL:HIS:VdWContact': 1, 'UNL:ILE:VdWContact': 4, 'UNL:MET:VdWContact': 1, 'UNL:PHE:Hydrophobic': 1, 'UNL:PHE:VdWContact': 1, 'UNL:SER:HBDonor': 1, 'UNL:SER:VdWContact': 1, 'UNL:VAL:Hydrophobic': 1}","{'UNL:ALA:Hydrophobic': 1, 'UNL:ASN:Hydrophobic': 1, 'UNL:ASN:VdWContact': 1, 'UNL:ASP:HBDonor': 1, 'UNL:ASP:Hydrophobic': 1, 'UNL:ASP:VdWContact': 1, 'UNL:GLY:HBDonor': 1, 'UNL:GLY:VdWContact': 2, 'UNL:ILE:Hydrophobic': 1, 'UNL:LYS:VdWContact': 1, 'UNL:MET:Hydrophobic': 1, 'UNL:PHE:VdWContact': 1, 'UNL:SER:VdWContact': 1, 'UNL:THR:HBDonor': 1, 'UNL:THR:Hydrophobic': 2, 'UNL:THR:VdWContact': 1, 'UNL:VAL:Hydrophobic': 1, 'UNL:VAL:VdWContact': 1}"
781,AF3-Single-Seq,1V48_HA1,0.33333333333333326,0.8666666666666667,"{'UNL:ARG:HBDonor': 1, 'UNL:ARG:VdWContact': 1, 'UNL:GLU:HBDonor': 1, 'UNL:GLU:VdWContact': 1, 'UNL:HIS:VdWContact': 1, 'UNL:LEU:HBAcceptor': 1, 'UNL:LEU:VdWContact': 4, 'UNL:LYS:VdWContact': 1, 'UNL:PHE:VdWContact': 1, 'UNL:SER:VdWContact': 2, 'UNL:TRP:Hydrophobic': 1, 'UNL:TRP:VdWContact': 1}","{'UNL:ALA:HBAcceptor': 1, 'UNL:ALA:Hydrophobic': 1, 'UNL:ALA:VdWContact': 1, 'UNL:ARG:HBAcceptor': 1, 'UNL:ARG:VdWContact': 1, 'UNL:ASN:HBAcceptor': 1, 'UNL:ASN:VdWContact': 2, 'UNL:GLU:HBDonor': 1, 'UNL:GLU:VdWContact': 1, 'UNL:HIS:VdWContact': 1, 'UNL:MET:Hydrophobic': 1, 'UNL:PHE:Hydrophobic': 1, 'UNL:PHE:VdWContact': 1, 'UNL:SER:HBAcceptor': 1, 'UNL:SER:HBDonor': 1, 'UNL:SER:VdWContact': 2, 'UNL:VAL:Hydrophobic': 1, 'UNL:VAL:VdWContact': 1}"
782,AF3-Single-Seq,1L7F_BCZ,0.875,0.65,"{'UNL:ARG:HBAcceptor': 1, 'UNL:ARG:VdWContact': 1, 'UNL:GLU:HBDonor': 1, 'UNL:GLU:VdWContact': 2, 'UNL:GLY:VdWContact': 1, 'UNL:SER:VdWContact': 2, 'UNL:TYR:VdWContact': 1}","{'UNL:ALA:Hydrophobic': 1, 'UNL:ARG:HBAcceptor': 4, 'UNL:ARG:HBDonor': 1, 'UNL:ARG:Hydrophobic': 2, 'UNL:ARG:VdWContact': 4, 'UNL:ASP:VdWContact': 1, 'UNL:GLU:HBDonor': 1, 'UNL:GLU:Hydrophobic': 1, 'UNL:GLU:VdWContact': 3, 'UNL:ILE:Hydrophobic': 1, 'UNL:TRP:HBDonor': 1, 'UNL:TRP:Hydrophobic': 1, 'UNL:TRP:VdWContact': 1, 'UNL:TYR:VdWContact': 1}"
783,AF3-Single-Seq,1JD0_AZM,1.0,0.6,"{'UNL:HIS:HBAcceptor': 1, 'UNL:HIS:VdWContact': 4}","{'UNL:GLN:Hydrophobic': 1, 'UNL:HIS:HBDonor': 2, 'UNL:HIS:VdWContact': 1, 'UNL:LEU:Hydrophobic': 1, 'UNL:LEU:VdWContact': 1, 'UNL:THR:HBAcceptor': 1, 'UNL:THR:HBDonor': 1, 'UNL:THR:VdWContact': 2, 'UNL:VAL:Hydrophobic': 1, 'UNL:VAL:VdWContact': 1}"
784,AF3-Single-Seq,1S19_MC9,0.4800000000000002,0.8079999999999999,"{'UNL:GLN:Hydrophobic': 1, 'UNL:GLN:VdWContact': 1, 'UNL:HIS:Hydrophobic': 1, 'UNL:HIS:VdWContact': 2, 'UNL:LEU:Hydrophobic': 3, 'UNL:LEU:VdWContact': 3, 'UNL:PHE:Hydrophobic': 1, 'UNL:PHE:VdWContact': 1, 'UNL:PRO:VdWContact': 1, 'UNL:SER:VdWContact': 1, 'UNL:VAL:Hydrophobic': 2, 'UNL:VAL:VdWContact': 2}","{'UNL:ALA:Hydrophobic': 1, 'UNL:ALA:VdWContact': 1, 'UNL:ARG:HBAcceptor': 1, 'UNL:ARG:VdWContact': 1, 'UNL:CYS:VdWContact': 1, 'UNL:HIS:HBAcceptor': 2, 'UNL:HIS:HBDonor': 1, 'UNL:HIS:VdWContact': 2, 'UNL:ILE:Hydrophobic': 2, 'UNL:LEU:Hydrophobic': 6, 'UNL:MET:Hydrophobic': 1, 'UNL:PHE:Hydrophobic': 1, 'UNL:SER:VdWContact': 3, 'UNL:TRP:Hydrophobic': 1, 'UNL:TRP:VdWContact': 1, 'UNL:TYR:Hydrophobic': 2, 'UNL:TYR:VdWContact': 1, 'UNL:VAL:Hydrophobic': 2, 'UNL:VAL:VdWContact': 1}"
785,AF3-Single-Seq,1LPZ_CMB,0.2692307692307692,0.8923076923076924,"{'UNL:GLN:VdWContact': 1, 'UNL:GLU:VdWContact': 2, 'UNL:ILE:VdWContact': 2, 'UNL:LEU:Hydrophobic': 2, 'UNL:LEU:VdWContact': 2, 'UNL:LYS:Hydrophobic': 1, 'UNL:LYS:VdWContact': 1, 'UNL:MET:Hydrophobic': 1, 'UNL:PHE:Hydrophobic': 1, 'UNL:PHE:VdWContact': 2, 'UNL:SER:VdWContact': 1, 'UNL:TYR:Hydrophobic': 1, 'UNL:TYR:VdWContact': 1, 'UNL:VAL:VdWContact': 1}","{'UNL:ALA:Hydrophobic': 1, 'UNL:ARG:VdWContact': 1, 'UNL:ASP:HBDonor': 1, 'UNL:ASP:VdWContact': 1, 'UNL:CYS:VdWContact': 1, 'UNL:GLN:Hydrophobic': 1, 'UNL:GLN:VdWContact': 1, 'UNL:GLU:Hydrophobic': 1, 'UNL:GLY:HBDonor': 1, 'UNL:GLY:VdWContact': 3, 'UNL:PHE:Hydrophobic': 1, 'UNL:TRP:Hydrophobic': 1, 'UNL:TRP:VdWContact': 1, 'UNL:TYR:Hydrophobic': 1, 'UNL:TYR:VdWContact': 1, 'UNL:VAL:Hydrophobic': 1}"
786,AF3-Single-Seq,1X8X_TYR,0.5625,0.775,"{'UNL:ASP:VdWContact': 1, 'UNL:CYS:VdWContact': 1, 'UNL:GLN:HBAcceptor': 1, 'UNL:GLN:VdWContact': 1, 'UNL:GLY:VdWContact': 4, 'UNL:HIS:VdWContact': 1, 'UNL:ILE:VdWContact': 1, 'UNL:TRP:VdWContact': 1}","{'UNL:ASP:HBDonor': 2, 'UNL:ASP:Hydrophobic': 1, 'UNL:ASP:VdWContact': 3, 'UNL:GLN:HBDonor': 2, 'UNL:GLN:Hydrophobic': 1, 'UNL:GLN:VdWContact': 3, 'UNL:GLY:VdWContact': 1, 'UNL:LEU:Hydrophobic': 1, 'UNL:THR:Hydrophobic': 1, 'UNL:TYR:Hydrophobic': 1, 'UNL:TYR:VdWContact': 2}"
787,AF3-Single-Seq,1T46_STI,0.5357142857142857,0.7857142857142857,"{'UNL:CYS:Hydrophobic': 1, 'UNL:CYS:VdWContact': 1, 'UNL:GLU:Hydrophobic': 1, 'UNL:HIS:VdWContact': 1, 'UNL:LEU:Hydrophobic': 2, 'UNL:LEU:VdWContact': 2, 'UNL:PRO:VdWContact': 1, 'UNL:SER:VdWContact': 1, 'UNL:THR:VdWContact': 1, 'UNL:TRP:Hydrophobic': 1, 'UNL:TRP:VdWContact': 1, 'UNL:TYR:Hydrophobic': 2, 'UNL:TYR:VdWContact': 2}","{'UNL:ALA:Hydrophobic': 1, 'UNL:ARG:VdWContact': 1, 'UNL:ASP:HBAcceptor': 1, 'UNL:ASP:Hydrophobic': 1, 'UNL:ASP:VdWContact': 1, 'UNL:CYS:HBAcceptor': 1, 'UNL:CYS:Hydrophobic': 1, 'UNL:CYS:VdWContact': 2, 'UNL:GLU:Hydrophobic': 1, 'UNL:GLU:VdWContact': 1, 'UNL:HIS:VdWContact': 1, 'UNL:ILE:VdWContact': 1, 'UNL:LEU:Hydrophobic': 4, 'UNL:LEU:VdWContact': 1, 'UNL:LYS:Hydrophobic': 1, 'UNL:LYS:VdWContact': 1, 'UNL:PHE:Hydrophobic': 1, 'UNL:PHE:VdWContact': 1, 'UNL:THR:HBDonor': 1, 'UNL:THR:Hydrophobic': 1, 'UNL:THR:VdWContact': 1, 'UNL:TYR:Hydrophobic': 1, 'UNL:VAL:Hydrophobic': 4}"
788,AF3-Single-Seq,1IG3_VIB,0.5625,0.775,"{'UNL:GLU:VdWContact': 1, 'UNL:ILE:Hydrophobic': 1, 'UNL:ILE:VdWContact': 1, 'UNL:PHE:Hydrophobic': 1, 'UNL:PHE:VdWContact': 1}","{'UNL:ASN:Hydrophobic': 1, 'UNL:ASP:HBDonor': 1, 'UNL:ASP:VdWContact': 1, 'UNL:GLN:HBDonor': 1, 'UNL:GLN:Hydrophobic': 1, 'UNL:GLN:VdWContact': 1, 'UNL:LEU:Hydrophobic': 2, 'UNL:SER:VdWContact': 2, 'UNL:THR:Hydrophobic': 1, 'UNL:THR:VdWContact': 2, 'UNL:TRP:Hydrophobic': 1}"
789,AF3-Single-Seq,1SQ5_PAU,0.8571428571428571,0.6571428571428571,"{'UNL:ILE:VdWContact': 1, 'UNL:LYS:VdWContact': 1}","{'UNL:ASN:HBAcceptor': 1, 'UNL:ASN:HBDonor': 1, 'UNL:ASN:VdWContact': 1, 'UNL:ASP:VdWContact': 1, 'UNL:GLY:VdWContact': 1, 'UNL:HIS:HBAcceptor': 1, 'UNL:HIS:VdWContact': 1, 'UNL:ILE:Hydrophobic': 1, 'UNL:LEU:Hydrophobic': 2, 'UNL:LEU:VdWContact': 1, 'UNL:LYS:VdWContact': 1, 'UNL:TYR:VdWContact': 1, 'UNL:VAL:Hydrophobic': 1}"
790,AF3-Single-Seq,1Q4G_BFL,1.5000000000000002,0.3999999999999999,{},"{'UNL:ALA:Hydrophobic': 1, 'UNL:ALA:VdWContact': 1, 'UNL:ARG:HBAcceptor': 1, 'UNL:ARG:HBDonor': 1, 'UNL:ARG:VdWContact': 1, 'UNL:ILE:Hydrophobic': 1, 'UNL:LEU:Hydrophobic': 4, 'UNL:TRP:Hydrophobic': 1, 'UNL:TYR:HBAcceptor': 1, 'UNL:TYR:Hydrophobic': 2, 'UNL:TYR:VdWContact': 2, 'UNL:VAL:Hydrophobic': 2}"
791,AF3-Single-Seq,1OYT_FSN,0.0,1.0,"{'UNL:CYS:Hydrophobic': 1, 'UNL:CYS:VdWContact': 1, 'UNL:ILE:Hydrophobic': 2, 'UNL:ILE:VdWContact': 1, 'UNL:LEU:Hydrophobic': 1, 'UNL:LEU:VdWContact': 2, 'UNL:MET:Hydrophobic': 1, 'UNL:PHE:Hydrophobic': 1, 'UNL:PHE:VdWContact': 1, 'UNL:SER:VdWContact': 1, 'UNL:THR:VdWContact': 1, 'UNL:TRP:Hydrophobic': 1, 'UNL:TRP:VdWContact': 1, 'UNL:VAL:Hydrophobic': 1, 'UNL:VAL:VdWContact': 1}","{'UNL:ALA:VdWContact': 1, 'UNL:ASN:VdWContact': 1, 'UNL:ASP:HBDonor': 1, 'UNL:ASP:VdWContact': 1, 'UNL:GLU:Hydrophobic': 1, 'UNL:GLY:HBAcceptor': 1, 'UNL:GLY:HBDonor': 1, 'UNL:GLY:VdWContact': 2, 'UNL:HIS:VdWContact': 1, 'UNL:ILE:Hydrophobic': 1, 'UNL:LEU:Hydrophobic': 1, 'UNL:SER:VdWContact': 1, 'UNL:TRP:Hydrophobic': 2, 'UNL:TRP:VdWContact': 1, 'UNL:VAL:Hydrophobic': 1}"
792,AF3-Single-Seq,1UNL_RRC,0.4583333333333333,0.8166666666666667,"{'UNL:GLU:HBDonor': 1, 'UNL:GLU:VdWContact': 2, 'UNL:GLY:VdWContact': 1, 'UNL:LEU:HBDonor': 1, 'UNL:LEU:Hydrophobic': 2, 'UNL:LEU:VdWContact': 3, 'UNL:LYS:HBDonor': 1, 'UNL:LYS:VdWContact': 1, 'UNL:PHE:VdWContact': 3, 'UNL:TYR:VdWContact': 2}","{'UNL:ALA:Hydrophobic': 2, 'UNL:ALA:VdWContact': 1, 'UNL:ASP:VdWContact': 1, 'UNL:CYS:HBAcceptor': 1, 'UNL:CYS:HBDonor': 1, 'UNL:CYS:VdWContact': 1, 'UNL:GLN:HBDonor': 1, 'UNL:GLN:VdWContact': 2, 'UNL:GLU:VdWContact': 2, 'UNL:ILE:Hydrophobic': 1, 'UNL:ILE:VdWContact': 1, 'UNL:LEU:Hydrophobic': 1, 'UNL:LYS:Hydrophobic': 2, 'UNL:PHE:Hydrophobic': 2, 'UNL:PHE:VdWContact': 1, 'UNL:VAL:Hydrophobic': 2, 'UNL:VAL:VdWContact': 2}"
793,AF3-Single-Seq,1U1C_BAU,0.8333333333333333,0.6666666666666667,"{'UNL:TYR:Hydrophobic': 1, 'UNL:TYR:VdWContact': 1}","{'UNL:ARG:HBAcceptor': 1, 'UNL:ARG:VdWContact': 1, 'UNL:GLN:HBAcceptor': 1, 'UNL:GLN:HBDonor': 1, 'UNL:GLN:VdWContact': 1, 'UNL:GLU:VdWContact': 1, 'UNL:HIS:HBDonor': 1, 'UNL:HIS:VdWContact': 1, 'UNL:ILE:Hydrophobic': 1, 'UNL:ILE:VdWContact': 1, 'UNL:MET:VdWContact': 1, 'UNL:PHE:Hydrophobic': 2, 'UNL:PHE:VdWContact': 1, 'UNL:PRO:Hydrophobic': 1, 'UNL:THR:VdWContact': 1, 'UNL:VAL:Hydrophobic': 1}"
794,AF3-Single-Seq,1K3U_IAD,0.6538461538461539,0.7384615384615385,"{'UNL:ALA:VdWContact': 1, 'UNL:ASN:VdWContact': 1, 'UNL:ASP:VdWContact': 1, 'UNL:GLN:HBAcceptor': 1, 'UNL:GLN:VdWContact': 1, 'UNL:GLY:VdWContact': 1, 'UNL:ILE:Hydrophobic': 1, 'UNL:ILE:VdWContact': 1, 'UNL:LEU:Hydrophobic': 1, 'UNL:LEU:VdWContact': 2, 'UNL:PHE:VdWContact': 1, 'UNL:SER:VdWContact': 1, 'UNL:THR:VdWContact': 1, 'UNL:TYR:VdWContact': 1, 'UNL:VAL:VdWContact': 1}","{'UNL:ALA:Hydrophobic': 2, 'UNL:ASP:HBDonor': 1, 'UNL:ASP:VdWContact': 1, 'UNL:GLY:HBAcceptor': 3, 'UNL:GLY:HBDonor': 1, 'UNL:GLY:VdWContact': 4, 'UNL:ILE:HBAcceptor': 1, 'UNL:ILE:Hydrophobic': 3, 'UNL:ILE:VdWContact': 3, 'UNL:LEU:Hydrophobic': 2, 'UNL:PHE:HBAcceptor': 1, 'UNL:PHE:HBDonor': 1, 'UNL:PHE:Hydrophobic': 2, 'UNL:PHE:VdWContact': 2, 'UNL:SER:HBAcceptor': 1, 'UNL:SER:VdWContact': 1, 'UNL:THR:Hydrophobic': 1, 'UNL:THR:VdWContact': 1, 'UNL:TYR:Hydrophobic': 1, 'UNL:TYR:VdWContact': 1}"
795,AF3-Single-Seq,1G9V_RQ3,0.15789473684210525,0.9368421052631579,"{'UNL:ASN:Hydrophobic': 1, 'UNL:ASN:VdWContact': 1, 'UNL:ASP:VdWContact': 1, 'UNL:HIS:Hydrophobic': 1, 'UNL:HIS:VdWContact': 1, 'UNL:LEU:VdWContact': 1, 'UNL:LYS:Hydrophobic': 1, 'UNL:LYS:VdWContact': 1, 'UNL:PHE:VdWContact': 1, 'UNL:PRO:VdWContact': 1, 'UNL:TYR:VdWContact': 1}","{'UNL:ARG:Hydrophobic': 1, 'UNL:ARG:VdWContact': 1, 'UNL:ASN:VdWContact': 1, 'UNL:HIS:Hydrophobic': 1, 'UNL:LEU:Hydrophobic': 2, 'UNL:LYS:Hydrophobic': 1, 'UNL:LYS:VdWContact': 1, 'UNL:PHE:Hydrophobic': 1, 'UNL:PRO:Hydrophobic': 1, 'UNL:TRP:Hydrophobic': 1, 'UNL:TYR:Hydrophobic': 2, 'UNL:VAL:Hydrophobic': 1}"
796,AF3-Single-Seq,1YV3_BIT,,0.0,,
797,AF3-Single-Seq,1IA1_TQ3,0.3157894736842105,0.8736842105263158,"{'UNL:ALA:VdWContact': 1, 'UNL:ILE:Hydrophobic': 2, 'UNL:ILE:VdWContact': 2, 'UNL:LEU:Hydrophobic': 2, 'UNL:LEU:VdWContact': 3, 'UNL:MET:Hydrophobic': 1, 'UNL:PHE:Hydrophobic': 1, 'UNL:PHE:VdWContact': 1, 'UNL:THR:VdWContact': 1, 'UNL:TYR:Hydrophobic': 1, 'UNL:TYR:VdWContact': 1, 'UNL:VAL:Hydrophobic': 1, 'UNL:VAL:VdWContact': 1}","{'UNL:ALA:Hydrophobic': 1, 'UNL:GLU:HBDonor': 1, 'UNL:GLU:VdWContact': 1, 'UNL:ILE:HBDonor': 1, 'UNL:ILE:Hydrophobic': 4, 'UNL:ILE:VdWContact': 3, 'UNL:LEU:Hydrophobic': 1, 'UNL:MET:Hydrophobic': 1, 'UNL:MET:VdWContact': 1, 'UNL:PHE:Hydrophobic': 1, 'UNL:THR:Hydrophobic': 1}"
798,AF3-Single-Seq,1Q1G_MTI,0.75,0.7,"{'UNL:ARG:VdWContact': 2, 'UNL:GLY:VdWContact': 1, 'UNL:LIG:HBDonor': 1, 'UNL:LIG:VdWContact': 1}","{'UNL:ASP:HBDonor': 1, 'UNL:ASP:VdWContact': 1, 'UNL:CYS:VdWContact': 1, 'UNL:GLU:HBDonor': 1, 'UNL:GLU:Hydrophobic': 1, 'UNL:GLU:VdWContact': 2, 'UNL:GLY:VdWContact': 1, 'UNL:MET:HBAcceptor': 1, 'UNL:MET:Hydrophobic': 1, 'UNL:MET:VdWContact': 1, 'UNL:SER:VdWContact': 1, 'UNL:TRP:Hydrophobic': 1, 'UNL:TRP:VdWContact': 1, 'UNL:TYR:Hydrophobic': 1, 'UNL:TYR:VdWContact': 1, 'UNL:VAL:Hydrophobic': 3, 'UNL:VAL:VdWContact': 1}"
799,AF3-Single-Seq,1R1H_BIR,0.18518518518518512,0.9259259259259259,"{'UNL:ASP:Hydrophobic': 1, 'UNL:ASP:VdWContact': 1, 'UNL:GLN:VdWContact': 3, 'UNL:GLU:HBDonor': 1, 'UNL:GLU:VdWContact': 1, 'UNL:GLY:VdWContact': 2, 'UNL:HIS:Hydrophobic': 1, 'UNL:HIS:VdWContact': 2, 'UNL:ILE:VdWContact': 1, 'UNL:LEU:Hydrophobic': 1, 'UNL:LEU:VdWContact': 2, 'UNL:MET:Hydrophobic': 1, 'UNL:MET:VdWContact': 1, 'UNL:SER:VdWContact': 1}","{'UNL:ALA:Hydrophobic': 1, 'UNL:ALA:VdWContact': 1, 'UNL:ARG:HBAcceptor': 1, 'UNL:ARG:VdWContact': 1, 'UNL:ASN:HBAcceptor': 1, 'UNL:ASN:HBDonor': 1, 'UNL:ASN:VdWContact': 1, 'UNL:GLU:HBDonor': 1, 'UNL:GLU:VdWContact': 1, 'UNL:HIS:Hydrophobic': 1, 'UNL:HIS:VdWContact': 2, 'UNL:MET:Hydrophobic': 1, 'UNL:PHE:Hydrophobic': 3, 'UNL:PHE:VdWContact': 1, 'UNL:TRP:Hydrophobic': 1, 'UNL:TRP:VdWContact': 1, 'UNL:VAL:Hydrophobic': 2, 'UNL:VAL:VdWContact': 1}"
800,AF3-Single-Seq,1YVF_PH7,0.0714285714285714,0.9714285714285714,"{'UNL:GLY:HBAcceptor': 1, 'UNL:GLY:VdWContact': 1, 'UNL:HIS:HBDonor': 1, 'UNL:HIS:Hydrophobic': 1, 'UNL:HIS:VdWContact': 1, 'UNL:ILE:Hydrophobic': 1, 'UNL:ILE:VdWContact': 1, 'UNL:LEU:Hydrophobic': 1, 'UNL:LEU:VdWContact': 2, 'UNL:MET:Hydrophobic': 1, 'UNL:MET:VdWContact': 1, 'UNL:PRO:VdWContact': 1, 'UNL:SER:VdWContact': 1, 'UNL:TRP:Hydrophobic': 1, 'UNL:TRP:VdWContact': 2, 'UNL:TYR:VdWContact': 1, 'UNL:VAL:Hydrophobic': 1, 'UNL:VAL:VdWContact': 1}","{'UNL:ARG:Hydrophobic': 1, 'UNL:ASN:Hydrophobic': 1, 'UNL:ASN:VdWContact': 1, 'UNL:CYS:Hydrophobic': 1, 'UNL:CYS:VdWContact': 1, 'UNL:GLN:VdWContact': 1, 'UNL:LEU:Hydrophobic': 1, 'UNL:MET:Hydrophobic': 1, 'UNL:MET:VdWContact': 1, 'UNL:PHE:Hydrophobic': 1, 'UNL:PRO:Hydrophobic': 1, 'UNL:PRO:VdWContact': 1, 'UNL:SER:VdWContact': 2, 'UNL:TYR:HBAcceptor': 1, 'UNL:TYR:Hydrophobic': 2, 'UNL:TYR:VdWContact': 1}"
801,AF3-Single-Seq,1YQY_915,0.5,0.8,"{'UNL:GLU:VdWContact': 4, 'UNL:GLY:VdWContact': 1, 'UNL:HIS:HBAcceptor': 1, 'UNL:HIS:HBDonor': 1, 'UNL:HIS:Hydrophobic': 1, 'UNL:HIS:VdWContact': 3, 'UNL:LEU:Hydrophobic': 1, 'UNL:LEU:VdWContact': 1, 'UNL:TYR:Hydrophobic': 1, 'UNL:TYR:VdWContact': 2, 'UNL:VAL:Hydrophobic': 1, 'UNL:VAL:VdWContact': 1}","{'UNL:ASP:Hydrophobic': 1, 'UNL:GLU:VdWContact': 3, 'UNL:GLY:HBAcceptor': 1, 'UNL:GLY:HBDonor': 1, 'UNL:GLY:VdWContact': 1, 'UNL:HIS:HBAcceptor': 1, 'UNL:HIS:HBDonor': 1, 'UNL:HIS:Hydrophobic': 1, 'UNL:HIS:VdWContact': 1, 'UNL:LEU:Hydrophobic': 2, 'UNL:LEU:VdWContact': 2, 'UNL:LYS:Hydrophobic': 1, 'UNL:SER:VdWContact': 1, 'UNL:TYR:HBDonor': 1, 'UNL:TYR:Hydrophobic': 1, 'UNL:TYR:VdWContact': 1, 'UNL:VAL:Hydrophobic': 2, 'UNL:VAL:VdWContact': 1}"
802,AF3-Single-Seq,1HWW_SWA,0.6666666666666665,0.7333333333333334,"{'UNL:ARG:HBAcceptor': 1, 'UNL:ARG:VdWContact': 1, 'UNL:GLN:VdWContact': 1, 'UNL:LEU:VdWContact': 1, 'UNL:VAL:VdWContact': 1}","{'UNL:ARG:VdWContact': 1, 'UNL:ASP:HBDonor': 1, 'UNL:ASP:VdWContact': 3, 'UNL:HIS:VdWContact': 1, 'UNL:PHE:Hydrophobic': 1, 'UNL:PHE:VdWContact': 1, 'UNL:TRP:HBDonor': 1, 'UNL:TRP:Hydrophobic': 1, 'UNL:TRP:VdWContact': 2, 'UNL:TYR:Hydrophobic': 1, 'UNL:TYR:VdWContact': 2}"
803,AF3-Single-Seq,1T40_ID5,0.28,0.888,"{'UNL:ALA:VdWContact': 1, 'UNL:ASP:VdWContact': 1, 'UNL:CYS:Hydrophobic': 1, 'UNL:CYS:VdWContact': 1, 'UNL:HIS:VdWContact': 2, 'UNL:ILE:Hydrophobic': 1, 'UNL:ILE:VdWContact': 2, 'UNL:LEU:HBAcceptor': 1, 'UNL:LEU:Hydrophobic': 1, 'UNL:LEU:VdWContact': 1, 'UNL:LYS:HBAcceptor': 1, 'UNL:LYS:Hydrophobic': 1, 'UNL:LYS:VdWContact': 1, 'UNL:THR:VdWContact': 1, 'UNL:TRP:VdWContact': 2, 'UNL:VAL:VdWContact': 1}","{'UNL:CYS:Hydrophobic': 1, 'UNL:CYS:VdWContact': 2, 'UNL:HIS:HBAcceptor': 1, 'UNL:HIS:HBDonor': 1, 'UNL:HIS:VdWContact': 1, 'UNL:LEU:HBAcceptor': 1, 'UNL:LEU:Hydrophobic': 1, 'UNL:LEU:VdWContact': 1, 'UNL:PHE:Hydrophobic': 2, 'UNL:THR:Hydrophobic': 1, 'UNL:THR:VdWContact': 1, 'UNL:TRP:HBAcceptor': 1, 'UNL:TRP:Hydrophobic': 4, 'UNL:TRP:VdWContact': 2, 'UNL:TYR:Hydrophobic': 2, 'UNL:TYR:VdWContact': 2, 'UNL:VAL:Hydrophobic': 1, 'UNL:VAL:VdWContact': 1}"
804,AF3-Single-Seq,1GKC_NFH,0.9,0.64,"{'UNL:ARG:VdWContact': 2, 'UNL:PRO:VdWContact': 1, 'UNL:TYR:Hydrophobic': 2, 'UNL:TYR:VdWContact': 3}","{'UNL:ALA:VdWContact': 1, 'UNL:GLU:VdWContact': 1, 'UNL:GLY:HBDonor': 1, 'UNL:GLY:VdWContact': 1, 'UNL:HIS:HBAcceptor': 1, 'UNL:HIS:Hydrophobic': 1, 'UNL:HIS:VdWContact': 2, 'UNL:LEU:HBAcceptor': 1, 'UNL:LEU:Hydrophobic': 1, 'UNL:LEU:VdWContact': 1, 'UNL:MET:Hydrophobic': 1, 'UNL:MET:VdWContact': 1, 'UNL:PRO:HBDonor': 1, 'UNL:PRO:VdWContact': 1, 'UNL:TYR:HBAcceptor': 1, 'UNL:TYR:Hydrophobic': 1, 'UNL:TYR:VdWContact': 1, 'UNL:VAL:Hydrophobic': 1, 'UNL:VAL:VdWContact': 1}"
805,AF3-Single-Seq,1N1M_A3M,1.7,0.32000000000000006,{},"{'UNL:ASN:HBAcceptor': 1, 'UNL:ASN:VdWContact': 1, 'UNL:GLU:HBDonor': 2, 'UNL:GLU:VdWContact': 2, 'UNL:PHE:Hydrophobic': 1, 'UNL:SER:VdWContact': 1, 'UNL:TRP:Hydrophobic': 1, 'UNL:TYR:Hydrophobic': 3, 'UNL:TYR:VdWContact': 3, 'UNL:VAL:Hydrophobic': 2}"
806,AF3-Single-Seq,1Z95_198,0.6842105263157895,0.7263157894736842,"{'UNL:ARG:Hydrophobic': 2, 'UNL:ARG:VdWContact': 1, 'UNL:GLY:VdWContact': 1, 'UNL:LEU:VdWContact': 2, 'UNL:MET:Hydrophobic': 1, 'UNL:PHE:Hydrophobic': 1, 'UNL:PHE:VdWContact': 1, 'UNL:SER:VdWContact': 1, 'UNL:TRP:Hydrophobic': 1, 'UNL:TRP:VdWContact': 1}","{'UNL:ARG:VdWContact': 1, 'UNL:ASN:VdWContact': 1, 'UNL:GLY:VdWContact': 1, 'UNL:ILE:Hydrophobic': 2, 'UNL:ILE:VdWContact': 1, 'UNL:LEU:HBDonor': 1, 'UNL:LEU:Hydrophobic': 4, 'UNL:LEU:VdWContact': 2, 'UNL:MET:Hydrophobic': 3, 'UNL:MET:VdWContact': 3, 'UNL:PHE:Hydrophobic': 2, 'UNL:PHE:VdWContact': 1, 'UNL:THR:Hydrophobic': 1, 'UNL:THR:VdWContact': 1, 'UNL:VAL:Hydrophobic': 1}"
807,AF3-Single-Seq,1HP0_AD3,0.5714285714285715,0.7714285714285714,"{'UNL:GLU:HBDonor': 1, 'UNL:GLU:VdWContact': 1, 'UNL:LYS:HBAcceptor': 1, 'UNL:LYS:Hydrophobic': 1, 'UNL:LYS:VdWContact': 2, 'UNL:THR:VdWContact': 1, 'UNL:TRP:VdWContact': 1}","{'UNL:ASN:HBAcceptor': 2, 'UNL:ASN:Hydrophobic': 1, 'UNL:ASN:VdWContact': 3, 'UNL:ASP:VdWContact': 3, 'UNL:GLU:VdWContact': 1, 'UNL:MET:VdWContact': 1, 'UNL:THR:VdWContact': 1, 'UNL:TRP:Hydrophobic': 2, 'UNL:TRP:VdWContact': 1, 'UNL:TYR:VdWContact': 1}"
808,AF3-Single-Seq,1OF1_SCT,1.0555555555555554,0.5777777777777778,"{'UNL:LEU:VdWContact': 1, 'UNL:PHE:VdWContact': 1}","{'UNL:ALA:Hydrophobic': 2, 'UNL:ALA:VdWContact': 1, 'UNL:ARG:HBAcceptor': 1, 'UNL:ARG:HBDonor': 1, 'UNL:ARG:VdWContact': 1, 'UNL:GLN:HBAcceptor': 1, 'UNL:GLN:HBDonor': 1, 'UNL:GLN:VdWContact': 1, 'UNL:GLU:VdWContact': 2, 'UNL:HIS:Hydrophobic': 1, 'UNL:HIS:VdWContact': 1, 'UNL:ILE:Hydrophobic': 2, 'UNL:MET:Hydrophobic': 1, 'UNL:TRP:Hydrophobic': 1, 'UNL:TYR:Hydrophobic': 2, 'UNL:TYR:VdWContact': 2}"
809,AF3-Single-Seq,1SJ0_E4D,0.7916666666666666,0.6833333333333333,"{'UNL:GLU:VdWContact': 1, 'UNL:GLY:VdWContact': 1, 'UNL:ILE:Hydrophobic': 1, 'UNL:ILE:VdWContact': 3, 'UNL:LEU:VdWContact': 1, 'UNL:PRO:VdWContact': 1, 'UNL:TRP:Hydrophobic': 1, 'UNL:TRP:VdWContact': 1, 'UNL:TYR:VdWContact': 1}","{'UNL:ALA:Hydrophobic': 1, 'UNL:ARG:HBAcceptor': 1, 'UNL:ARG:VdWContact': 1, 'UNL:ASP:VdWContact': 1, 'UNL:CYS:Hydrophobic': 1, 'UNL:CYS:VdWContact': 1, 'UNL:GLU:VdWContact': 1, 'UNL:HIS:HBDonor': 1, 'UNL:HIS:Hydrophobic': 1, 'UNL:HIS:VdWContact': 1, 'UNL:ILE:Hydrophobic': 1, 'UNL:LEU:HBDonor': 1, 'UNL:LEU:Hydrophobic': 7, 'UNL:LEU:VdWContact': 3, 'UNL:MET:Hydrophobic': 3, 'UNL:MET:VdWContact': 1, 'UNL:PHE:Hydrophobic': 1, 'UNL:THR:VdWContact': 1, 'UNL:TRP:Hydrophobic': 1, 'UNL:TRP:VdWContact': 1}"
810,AF3-Single-Seq,1U4D_DBQ,0.6428571428571428,0.7428571428571429,"{'UNL:CYS:HBDonor': 1, 'UNL:CYS:VdWContact': 1, 'UNL:SER:VdWContact': 1}","{'UNL:ALA:HBAcceptor': 1, 'UNL:ALA:Hydrophobic': 1, 'UNL:ALA:VdWContact': 1, 'UNL:ASP:HBDonor': 1, 'UNL:ASP:VdWContact': 1, 'UNL:GLU:HBDonor': 1, 'UNL:GLU:VdWContact': 1, 'UNL:LEU:Hydrophobic': 2, 'UNL:LEU:VdWContact': 1, 'UNL:LYS:VdWContact': 1, 'UNL:VAL:Hydrophobic': 1}"
811,AF3-Single-Seq,1Q41_IXM,0.7058823529411764,0.7176470588235294,"{'UNL:ASN:Hydrophobic': 1, 'UNL:ASN:VdWContact': 1, 'UNL:GLY:VdWContact': 1, 'UNL:TYR:VdWContact': 1}","{'UNL:ALA:Hydrophobic': 1, 'UNL:ASP:HBDonor': 1, 'UNL:ASP:VdWContact': 1, 'UNL:CYS:Hydrophobic': 1, 'UNL:ILE:Hydrophobic': 1, 'UNL:LEU:Hydrophobic': 2, 'UNL:PRO:VdWContact': 1, 'UNL:THR:Hydrophobic': 1, 'UNL:TYR:Hydrophobic': 1, 'UNL:TYR:VdWContact': 1, 'UNL:VAL:HBAcceptor': 1, 'UNL:VAL:HBDonor': 1, 'UNL:VAL:Hydrophobic': 2, 'UNL:VAL:VdWContact': 1}"
812,AF3-Single-Seq,1OWE_675,0.39130434782608703,0.8434782608695652,"{'UNL:GLN:HBDonor': 1, 'UNL:GLN:VdWContact': 1, 'UNL:GLU:VdWContact': 1, 'UNL:GLY:VdWContact': 1, 'UNL:HIS:Hydrophobic': 1, 'UNL:HIS:VdWContact': 1, 'UNL:LEU:HBDonor': 1, 'UNL:LEU:VdWContact': 1, 'UNL:MET:Hydrophobic': 1, 'UNL:MET:VdWContact': 1, 'UNL:PHE:Hydrophobic': 2, 'UNL:PHE:VdWContact': 2, 'UNL:PRO:VdWContact': 1, 'UNL:SER:VdWContact': 1, 'UNL:THR:VdWContact': 1, 'UNL:TRP:VdWContact': 1, 'UNL:TYR:Hydrophobic': 1, 'UNL:TYR:VdWContact': 1}","{'UNL:ASP:HBDonor': 1, 'UNL:ASP:VdWContact': 1, 'UNL:GLN:Hydrophobic': 1, 'UNL:GLN:VdWContact': 1, 'UNL:GLY:HBDonor': 1, 'UNL:GLY:VdWContact': 1, 'UNL:HIS:Hydrophobic': 1, 'UNL:HIS:VdWContact': 1, 'UNL:SER:VdWContact': 2, 'UNL:VAL:Hydrophobic': 1}"
813,AF3-Single-Seq,1OQ5_CEL,0.4347826086956522,0.8260869565217391,"{'UNL:CYS:Hydrophobic': 1, 'UNL:CYS:VdWContact': 1, 'UNL:ILE:VdWContact': 1, 'UNL:LEU:Hydrophobic': 2, 'UNL:LEU:VdWContact': 2, 'UNL:PRO:VdWContact': 3, 'UNL:TRP:VdWContact': 1, 'UNL:TYR:Hydrophobic': 1, 'UNL:TYR:VdWContact': 1}","{'UNL:ASN:Hydrophobic': 1, 'UNL:ASN:VdWContact': 1, 'UNL:GLN:Hydrophobic': 1, 'UNL:GLN:VdWContact': 1, 'UNL:GLU:Hydrophobic': 1, 'UNL:GLU:VdWContact': 1, 'UNL:HIS:HBDonor': 1, 'UNL:HIS:VdWContact': 1, 'UNL:LEU:Hydrophobic': 1, 'UNL:LEU:VdWContact': 1, 'UNL:PHE:Hydrophobic': 1, 'UNL:THR:HBAcceptor': 1, 'UNL:THR:HBDonor': 1, 'UNL:THR:Hydrophobic': 1, 'UNL:THR:VdWContact': 2, 'UNL:VAL:Hydrophobic': 1}"
814,AF3-Single-Seq,1SG0_STL,0.375,0.85,"{'UNL:ALA:VdWContact': 1, 'UNL:ASP:VdWContact': 1, 'UNL:LEU:VdWContact': 1, 'UNL:LYS:VdWContact': 1, 'UNL:PHE:Hydrophobic': 2, 'UNL:PHE:VdWContact': 2, 'UNL:THR:HBAcceptor': 1, 'UNL:THR:VdWContact': 1, 'UNL:TRP:Hydrophobic': 1, 'UNL:TRP:VdWContact': 2, 'UNL:TYR:Hydrophobic': 1, 'UNL:TYR:VdWContact': 1}","{'UNL:ASN:HBAcceptor': 1, 'UNL:ASN:VdWContact': 1, 'UNL:GLY:HBDonor': 1, 'UNL:GLY:VdWContact': 1, 'UNL:PHE:Hydrophobic': 3, 'UNL:PHE:VdWContact': 2, 'UNL:TRP:Hydrophobic': 1, 'UNL:TRP:VdWContact': 1}"
815,AF3-Single-Seq,2BR1_PFP,0.17391304347826086,0.9304347826086956,"{'UNL:ALA:VdWContact': 1, 'UNL:ASN:VdWContact': 1, 'UNL:GLU:Hydrophobic': 1, 'UNL:GLU:VdWContact': 1, 'UNL:GLY:VdWContact': 2, 'UNL:HIS:VdWContact': 1, 'UNL:ILE:Hydrophobic': 2, 'UNL:ILE:VdWContact': 1, 'UNL:LEU:VdWContact': 1, 'UNL:LYS:Hydrophobic': 1, 'UNL:LYS:VdWContact': 1, 'UNL:THR:VdWContact': 1, 'UNL:TRP:VdWContact': 1, 'UNL:TYR:Hydrophobic': 1, 'UNL:TYR:VdWContact': 1, 'UNL:VAL:VdWContact': 1}","{'UNL:ALA:Hydrophobic': 1, 'UNL:ALA:VdWContact': 1, 'UNL:CYS:HBAcceptor': 1, 'UNL:CYS:Hydrophobic': 1, 'UNL:CYS:VdWContact': 1, 'UNL:GLU:Hydrophobic': 1, 'UNL:GLU:VdWContact': 2, 'UNL:LEU:Hydrophobic': 2, 'UNL:LEU:VdWContact': 1, 'UNL:SER:VdWContact': 1, 'UNL:TYR:Hydrophobic': 1, 'UNL:VAL:Hydrophobic': 1}"
816,AF3-Single-Seq,1UOU_CMU,0.6470588235294118,0.7411764705882353,"{'UNL:ASP:VdWContact': 1, 'UNL:GLU:VdWContact': 1, 'UNL:GLY:HBAcceptor': 1, 'UNL:GLY:VdWContact': 1, 'UNL:LEU:VdWContact': 2, 'UNL:SER:VdWContact': 1}","{'UNL:ARG:HBAcceptor': 1, 'UNL:ARG:VdWContact': 2, 'UNL:GLY:VdWContact': 1, 'UNL:HIS:HBDonor': 1, 'UNL:HIS:VdWContact': 1, 'UNL:ILE:Hydrophobic': 2, 'UNL:LEU:Hydrophobic': 1, 'UNL:LEU:VdWContact': 1, 'UNL:LYS:VdWContact': 1, 'UNL:SER:HBDonor': 1, 'UNL:SER:VdWContact': 2, 'UNL:THR:VdWContact': 2, 'UNL:TYR:Hydrophobic': 1, 'UNL:TYR:VdWContact': 1}"
817,AF3-Single-Seq,1TZ8_DES,1.3,0.48,"{'UNL:LEU:VdWContact': 1, 'UNL:SER:VdWContact': 4, 'UNL:THR:VdWContact': 4}","{'UNL:ALA:Hydrophobic': 2, 'UNL:LEU:Hydrophobic': 4, 'UNL:LEU:VdWContact': 2, 'UNL:LYS:Hydrophobic': 2, 'UNL:LYS:VdWContact': 1, 'UNL:SER:HBAcceptor': 2, 'UNL:SER:HBDonor': 1, 'UNL:SER:VdWContact': 2, 'UNL:THR:Hydrophobic': 2}"
818,AF3-Single-Seq,1R9O_FLP,0.2727272727272726,0.890909090909091,"{'UNL:ASN:Hydrophobic': 1, 'UNL:ASN:VdWContact': 2, 'UNL:GLU:Hydrophobic': 1, 'UNL:GLU:VdWContact': 1, 'UNL:LEU:VdWContact': 2, 'UNL:PHE:VdWContact': 1, 'UNL:SER:VdWContact': 1, 'UNL:TYR:HBAcceptor': 1, 'UNL:TYR:VdWContact': 1, 'UNL:VAL:VdWContact': 1}","{'UNL:ALA:Hydrophobic': 1, 'UNL:ARG:HBAcceptor': 1, 'UNL:ARG:VdWContact': 1, 'UNL:ASN:HBAcceptor': 1, 'UNL:ASN:VdWContact': 1, 'UNL:ASP:VdWContact': 1, 'UNL:GLY:VdWContact': 1, 'UNL:ILE:Hydrophobic': 1, 'UNL:LEU:Hydrophobic': 4, 'UNL:MET:Hydrophobic': 1, 'UNL:MET:VdWContact': 1, 'UNL:THR:Hydrophobic': 1, 'UNL:VAL:Hydrophobic': 2, 'UNL:VAL:VdWContact': 1}"
819,AF3-Single-Seq,1P2Y_NCT,0.25,0.9,"{'UNL:ALA:VdWContact': 1, 'UNL:ASN:VdWContact': 1, 'UNL:GLU:Hydrophobic': 1, 'UNL:GLU:VdWContact': 1, 'UNL:MET:Hydrophobic': 1, 'UNL:MET:VdWContact': 1, 'UNL:SER:VdWContact': 1}","{'UNL:ASP:Hydrophobic': 1, 'UNL:ILE:Hydrophobic': 1, 'UNL:LEU:Hydrophobic': 1, 'UNL:LEU:VdWContact': 1, 'UNL:PHE:Hydrophobic': 1, 'UNL:PHE:VdWContact': 1, 'UNL:THR:Hydrophobic': 1, 'UNL:VAL:Hydrophobic': 2, 'UNL:VAL:VdWContact': 2}"
820,AF3-Single-Seq,1V0P_PVB,0.2608695652173913,0.8956521739130435,"{'UNL:ALA:VdWContact': 1, 'UNL:ARG:VdWContact': 1, 'UNL:ASP:VdWContact': 1, 'UNL:GLN:VdWContact': 1, 'UNL:HIS:HBDonor': 1, 'UNL:HIS:VdWContact': 2, 'UNL:ILE:Hydrophobic': 1, 'UNL:LEU:Hydrophobic': 1, 'UNL:LEU:VdWContact': 3, 'UNL:LYS:VdWContact': 1, 'UNL:PHE:HBDonor': 1, 'UNL:PHE:VdWContact': 2, 'UNL:PRO:VdWContact': 1, 'UNL:THR:VdWContact': 1, 'UNL:TRP:VdWContact': 1}","{'UNL:ALA:Hydrophobic': 2, 'UNL:ALA:VdWContact': 2, 'UNL:GLN:VdWContact': 1, 'UNL:GLU:VdWContact': 1, 'UNL:GLY:VdWContact': 2, 'UNL:ILE:Hydrophobic': 1, 'UNL:LEU:HBAcceptor': 1, 'UNL:LEU:HBDonor': 1, 'UNL:LEU:Hydrophobic': 1, 'UNL:LEU:VdWContact': 2, 'UNL:PHE:Hydrophobic': 1, 'UNL:VAL:Hydrophobic': 2, 'UNL:VAL:VdWContact': 2}"
821,AF3-Single-Seq,1XOZ_CIA,0.4736842105263158,0.8105263157894737,"{'UNL:ASN:HBAcceptor': 1, 'UNL:ASN:VdWContact': 1, 'UNL:GLN:Hydrophobic': 1, 'UNL:GLN:VdWContact': 2, 'UNL:LEU:VdWContact': 1, 'UNL:SER:VdWContact': 2, 'UNL:TRP:VdWContact': 1, 'UNL:VAL:VdWContact': 1}","{'UNL:ALA:Hydrophobic': 2, 'UNL:GLN:HBDonor': 1, 'UNL:GLN:Hydrophobic': 1, 'UNL:GLN:VdWContact': 2, 'UNL:ILE:Hydrophobic': 2, 'UNL:ILE:VdWContact': 1, 'UNL:LEU:Hydrophobic': 1, 'UNL:LEU:VdWContact': 1, 'UNL:MET:Hydrophobic': 1, 'UNL:MET:VdWContact': 1, 'UNL:PHE:Hydrophobic': 2, 'UNL:PHE:VdWContact': 1, 'UNL:TYR:Hydrophobic': 1, 'UNL:VAL:Hydrophobic': 1, 'UNL:VAL:VdWContact': 1}"
822,AF3-Single-Seq,1R55_097,0.5555555555555556,0.7777777777777778,"{'UNL:ARG:HBAcceptor': 1, 'UNL:ARG:VdWContact': 1, 'UNL:GLU:VdWContact': 1, 'UNL:GLY:VdWContact': 2, 'UNL:HIS:HBAcceptor': 1, 'UNL:HIS:VdWContact': 3, 'UNL:THR:VdWContact': 1, 'UNL:TRP:VdWContact': 1, 'UNL:VAL:VdWContact': 1}","{'UNL:ALA:HBDonor': 2, 'UNL:ALA:Hydrophobic': 2, 'UNL:ALA:VdWContact': 2, 'UNL:GLU:VdWContact': 1, 'UNL:GLY:HBDonor': 1, 'UNL:GLY:VdWContact': 1, 'UNL:HIS:HBAcceptor': 1, 'UNL:HIS:Hydrophobic': 1, 'UNL:HIS:VdWContact': 3, 'UNL:THR:HBAcceptor': 1, 'UNL:THR:Hydrophobic': 2, 'UNL:THR:VdWContact': 2, 'UNL:VAL:HBAcceptor': 1, 'UNL:VAL:Hydrophobic': 1, 'UNL:VAL:VdWContact': 1}"
823,AF3-Single-Seq,1YWR_LI9,0.5599999999999998,0.776,"{'UNL:ALA:VdWContact': 1, 'UNL:ASP:VdWContact': 2, 'UNL:GLY:VdWContact': 1, 'UNL:PHE:VdWContact': 3, 'UNL:SER:VdWContact': 3, 'UNL:THR:VdWContact': 1, 'UNL:TRP:Hydrophobic': 1, 'UNL:TRP:VdWContact': 2, 'UNL:TYR:Hydrophobic': 1, 'UNL:TYR:VdWContact': 2}","{'UNL:ALA:Hydrophobic': 1, 'UNL:ALA:VdWContact': 1, 'UNL:ASP:Hydrophobic': 1, 'UNL:ASP:VdWContact': 1, 'UNL:HIS:VdWContact': 1, 'UNL:ILE:Hydrophobic': 1, 'UNL:LEU:Hydrophobic': 4, 'UNL:LEU:VdWContact': 2, 'UNL:LYS:Hydrophobic': 1, 'UNL:LYS:VdWContact': 1, 'UNL:MET:HBAcceptor': 1, 'UNL:MET:HBDonor': 1, 'UNL:MET:Hydrophobic': 1, 'UNL:MET:VdWContact': 1, 'UNL:THR:Hydrophobic': 1, 'UNL:THR:VdWContact': 1, 'UNL:TYR:Hydrophobic': 1, 'UNL:TYR:VdWContact': 1, 'UNL:VAL:Hydrophobic': 2, 'UNL:VAL:VdWContact': 1}"
824,AF3-Single-Seq,1HQ2_PH2,0.3684210526315789,0.8526315789473684,"{'UNL:ASN:HBAcceptor': 1, 'UNL:ASN:VdWContact': 1, 'UNL:ASP:VdWContact': 1, 'UNL:LYS:VdWContact': 1, 'UNL:MET:VdWContact': 1, 'UNL:PHE:VdWContact': 1, 'UNL:PRO:VdWContact': 1, 'UNL:THR:VdWContact': 1, 'UNL:TRP:VdWContact': 1}","{'UNL:ASN:HBAcceptor': 1, 'UNL:ASN:HBDonor': 1, 'UNL:ASN:VdWContact': 1, 'UNL:ASP:VdWContact': 1, 'UNL:LEU:HBAcceptor': 1, 'UNL:LEU:HBDonor': 1, 'UNL:LEU:Hydrophobic': 1, 'UNL:LEU:VdWContact': 1, 'UNL:PHE:Hydrophobic': 1, 'UNL:PHE:VdWContact': 1, 'UNL:PRO:HBDonor': 1, 'UNL:PRO:VdWContact': 1, 'UNL:THR:HBDonor': 1, 'UNL:THR:VdWContact': 1, 'UNL:TYR:Hydrophobic': 1, 'UNL:TYR:VdWContact': 1}"
825,AF3-Single-Seq,1MZC_BNE,0.6923076923076924,0.7230769230769231,"{'UNL:ALA:VdWContact': 1, 'UNL:ARG:VdWContact': 1, 'UNL:CYS:VdWContact': 3, 'UNL:SER:VdWContact': 1, 'UNL:TRP:VdWContact': 3, 'UNL:TYR:VdWContact': 3}","{'UNL:ALA:Hydrophobic': 1, 'UNL:ARG:HBAcceptor': 1, 'UNL:ARG:VdWContact': 1, 'UNL:ASP:VdWContact': 1, 'UNL:CYS:HBAcceptor': 1, 'UNL:CYS:VdWContact': 1, 'UNL:LEU:Hydrophobic': 1, 'UNL:SER:VdWContact': 1, 'UNL:TRP:Hydrophobic': 3, 'UNL:TRP:VdWContact': 2, 'UNL:TYR:Hydrophobic': 2, 'UNL:TYR:VdWContact': 2}"
826,AF3-Single-Seq,1V4S_MRK,0.2758620689655173,0.8896551724137931,"{'UNL:ASP:HBAcceptor': 1, 'UNL:ASP:HBDonor': 1, 'UNL:ASP:Hydrophobic': 1, 'UNL:ASP:VdWContact': 1, 'UNL:GLU:HBDonor': 1, 'UNL:GLU:Hydrophobic': 1, 'UNL:GLU:VdWContact': 1, 'UNL:GLY:VdWContact': 1, 'UNL:LEU:VdWContact': 2, 'UNL:MET:Hydrophobic': 1, 'UNL:PHE:Hydrophobic': 1, 'UNL:PHE:VdWContact': 1, 'UNL:TRP:Hydrophobic': 1, 'UNL:TRP:VdWContact': 1}","{'UNL:ALA:Hydrophobic': 1, 'UNL:ARG:HBAcceptor': 1, 'UNL:ARG:HBDonor': 1, 'UNL:ARG:Hydrophobic': 1, 'UNL:ARG:VdWContact': 1, 'UNL:GLU:Hydrophobic': 1, 'UNL:ILE:Hydrophobic': 2, 'UNL:MET:Hydrophobic': 2, 'UNL:MET:VdWContact': 1, 'UNL:PRO:Hydrophobic': 1, 'UNL:THR:HBAcceptor': 1, 'UNL:THR:Hydrophobic': 1, 'UNL:THR:VdWContact': 1, 'UNL:TYR:HBDonor': 1, 'UNL:TYR:Hydrophobic': 2, 'UNL:TYR:VdWContact': 2, 'UNL:VAL:Hydrophobic': 3}"
827,AF3-Single-Seq,1NAV_IH5,0.26086956521739135,0.8956521739130434,"{'UNL:ALA:VdWContact': 2, 'UNL:ARG:Hydrophobic': 1, 'UNL:ARG:VdWContact': 1, 'UNL:GLU:HBDonor': 1, 'UNL:GLU:VdWContact': 1, 'UNL:GLY:VdWContact': 2, 'UNL:HIS:HBDonor': 1, 'UNL:HIS:VdWContact': 1, 'UNL:ILE:VdWContact': 2, 'UNL:LEU:Hydrophobic': 1, 'UNL:LEU:VdWContact': 2, 'UNL:LYS:Hydrophobic': 1, 'UNL:LYS:VdWContact': 1, 'UNL:MET:Hydrophobic': 1, 'UNL:MET:VdWContact': 1, 'UNL:SER:VdWContact': 1}","{'UNL:ALA:Hydrophobic': 2, 'UNL:GLY:VdWContact': 1, 'UNL:HIS:HBAcceptor': 1, 'UNL:HIS:VdWContact': 1, 'UNL:ILE:Hydrophobic': 1, 'UNL:ILE:VdWContact': 1, 'UNL:LEU:Hydrophobic': 3, 'UNL:LEU:VdWContact': 2, 'UNL:MET:Hydrophobic': 3, 'UNL:MET:VdWContact': 2, 'UNL:PHE:Hydrophobic': 3, 'UNL:PHE:VdWContact': 1, 'UNL:SER:HBAcceptor': 1, 'UNL:SER:VdWContact': 1, 'UNL:THR:Hydrophobic': 1}"
828,AF3-Single-Seq,1JJE_BYS,0.2499999999999999,0.9,"{'UNL:ASN:VdWContact': 1, 'UNL:ASP:VdWContact': 2, 'UNL:GLU:Hydrophobic': 1, 'UNL:HIS:HBAcceptor': 1, 'UNL:HIS:Hydrophobic': 1, 'UNL:HIS:VdWContact': 2, 'UNL:LEU:Hydrophobic': 1, 'UNL:LEU:VdWContact': 1, 'UNL:LYS:Hydrophobic': 1, 'UNL:LYS:VdWContact': 1, 'UNL:PHE:VdWContact': 1, 'UNL:SER:VdWContact': 1, 'UNL:VAL:Hydrophobic': 1}","{'UNL:ASN:HBAcceptor': 1, 'UNL:ASN:Hydrophobic': 1, 'UNL:ASN:VdWContact': 1, 'UNL:ASP:Hydrophobic': 1, 'UNL:ASP:VdWContact': 1, 'UNL:CYS:VdWContact': 1, 'UNL:GLY:VdWContact': 1, 'UNL:HIS:HBDonor': 1, 'UNL:HIS:Hydrophobic': 2, 'UNL:HIS:VdWContact': 3, 'UNL:LYS:HBDonor': 1, 'UNL:LYS:VdWContact': 1, 'UNL:PHE:Hydrophobic': 1, 'UNL:TRP:Hydrophobic': 1, 'UNL:TRP:VdWContact': 1, 'UNL:VAL:Hydrophobic': 2, 'UNL:VAL:VdWContact': 1}"
829,AF3-Single-Seq,1GM8_SOX,0.34782608695652184,0.8608695652173912,"{'UNL:ASN:HBAcceptor': 1, 'UNL:ASN:Hydrophobic': 1, 'UNL:ASN:VdWContact': 1, 'UNL:GLY:VdWContact': 1, 'UNL:LEU:Hydrophobic': 1, 'UNL:LYS:HBAcceptor': 1, 'UNL:LYS:VdWContact': 1, 'UNL:MET:Hydrophobic': 1, 'UNL:MET:VdWContact': 1, 'UNL:PHE:VdWContact': 1, 'UNL:THR:VdWContact': 1, 'UNL:TRP:Hydrophobic': 1, 'UNL:TRP:VdWContact': 2, 'UNL:VAL:Hydrophobic': 1, 'UNL:VAL:VdWContact': 1}","{'UNL:ALA:Hydrophobic': 1, 'UNL:ALA:VdWContact': 1, 'UNL:GLN:VdWContact': 1, 'UNL:ILE:Hydrophobic': 1, 'UNL:ILE:VdWContact': 1, 'UNL:LEU:Hydrophobic': 1, 'UNL:MET:Hydrophobic': 1, 'UNL:PHE:Hydrophobic': 3, 'UNL:PHE:VdWContact': 3, 'UNL:PRO:Hydrophobic': 1, 'UNL:SER:VdWContact': 2}"
830,AF3-Single-Seq,1J3J_CP6,0.2222222222222221,0.9111111111111112,"{'UNL:ASP:VdWContact': 1, 'UNL:CYS:VdWContact': 2, 'UNL:GLY:VdWContact': 1, 'UNL:ILE:Hydrophobic': 1, 'UNL:ILE:VdWContact': 2, 'UNL:PHE:VdWContact': 1, 'UNL:TRP:HBDonor': 1, 'UNL:TRP:VdWContact': 1, 'UNL:TYR:Hydrophobic': 1, 'UNL:TYR:VdWContact': 1}","{'UNL:ALA:Hydrophobic': 1, 'UNL:ASN:Hydrophobic': 1, 'UNL:ASN:VdWContact': 1, 'UNL:ASP:HBDonor': 1, 'UNL:ASP:VdWContact': 1, 'UNL:CYS:VdWContact': 1, 'UNL:ILE:HBDonor': 2, 'UNL:ILE:Hydrophobic': 2, 'UNL:ILE:VdWContact': 2, 'UNL:LEU:Hydrophobic': 1, 'UNL:MET:Hydrophobic': 1, 'UNL:PHE:Hydrophobic': 1, 'UNL:PHE:VdWContact': 1}"
831,AF3-Single-Seq,1T9B_1CS,0.1428571428571429,0.9428571428571428,"{'UNL:ALA:VdWContact': 1, 'UNL:GLN:VdWContact': 1, 'UNL:GLU:VdWContact': 1, 'UNL:GLY:VdWContact': 2, 'UNL:LEU:VdWContact': 1, 'UNL:MET:Hydrophobic': 1, 'UNL:MET:VdWContact': 1, 'UNL:PRO:VdWContact': 2, 'UNL:SER:VdWContact': 1, 'UNL:THR:VdWContact': 1, 'UNL:TYR:VdWContact': 2}","{'UNL:ALA:Hydrophobic': 2, 'UNL:ALA:VdWContact': 1, 'UNL:ARG:HBAcceptor': 1, 'UNL:ARG:VdWContact': 1, 'UNL:ASP:VdWContact': 1, 'UNL:MET:Hydrophobic': 1, 'UNL:MET:VdWContact': 1, 'UNL:PHE:Hydrophobic': 1, 'UNL:PHE:VdWContact': 1, 'UNL:PRO:Hydrophobic': 1, 'UNL:TRP:Hydrophobic': 1, 'UNL:VAL:Hydrophobic': 2, 'UNL:VAL:VdWContact': 1}"
832,AF3-Single-Seq,1PMN_984,0.7647058823529411,0.6941176470588235,"{'UNL:GLN:VdWContact': 1, 'UNL:GLY:VdWContact': 1, 'UNL:ILE:VdWContact': 1, 'UNL:LEU:Hydrophobic': 1, 'UNL:MET:VdWContact': 1, 'UNL:TRP:VdWContact': 1, 'UNL:TYR:VdWContact': 1, 'UNL:VAL:VdWContact': 1}","{'UNL:ALA:Hydrophobic': 1, 'UNL:ALA:VdWContact': 2, 'UNL:ASN:VdWContact': 1, 'UNL:ILE:Hydrophobic': 2, 'UNL:ILE:VdWContact': 2, 'UNL:LEU:Hydrophobic': 3, 'UNL:LEU:VdWContact': 2, 'UNL:LYS:Hydrophobic': 1, 'UNL:MET:HBAcceptor': 1, 'UNL:MET:Hydrophobic': 2, 'UNL:MET:VdWContact': 2, 'UNL:VAL:Hydrophobic': 2}"
833,AF3-Single-Seq,1N2V_BDI,0.21739130434782605,0.9130434782608696,"{'UNL:ALA:VdWContact': 1, 'UNL:ASN:VdWContact': 1, 'UNL:ASP:VdWContact': 1, 'UNL:GLY:VdWContact': 1, 'UNL:LEU:Hydrophobic': 1, 'UNL:MET:Hydrophobic': 1, 'UNL:MET:VdWContact': 1, 'UNL:PHE:VdWContact': 1, 'UNL:PRO:VdWContact': 1, 'UNL:SER:VdWContact': 1, 'UNL:THR:HBAcceptor': 1, 'UNL:THR:VdWContact': 1, 'UNL:TYR:HBAcceptor': 1, 'UNL:TYR:VdWContact': 1, 'UNL:VAL:Hydrophobic': 1, 'UNL:VAL:VdWContact': 2}","{'UNL:ALA:Hydrophobic': 1, 'UNL:ASP:HBDonor': 1, 'UNL:ASP:VdWContact': 1, 'UNL:CYS:Hydrophobic': 1, 'UNL:GLN:HBAcceptor': 1, 'UNL:GLN:VdWContact': 1, 'UNL:GLY:HBAcceptor': 1, 'UNL:GLY:VdWContact': 2, 'UNL:MET:Hydrophobic': 1, 'UNL:TYR:Hydrophobic': 1, 'UNL:TYR:VdWContact': 1}"
834,AF3-Single-Seq,1GPK_HUP,0.9166666666666666,0.6333333333333333,"{'UNL:GLU:VdWContact': 1, 'UNL:GLY:VdWContact': 1, 'UNL:PRO:VdWContact': 1, 'UNL:VAL:VdWContact': 1}","{'UNL:GLY:VdWContact': 3, 'UNL:HIS:VdWContact': 1, 'UNL:LEU:Hydrophobic': 1, 'UNL:PHE:Hydrophobic': 3, 'UNL:PHE:VdWContact': 2, 'UNL:TRP:Hydrophobic': 1, 'UNL:TRP:VdWContact': 1, 'UNL:TYR:Hydrophobic': 2, 'UNL:TYR:VdWContact': 1}"
835,AF3-Single-Seq,1W1P_GIO,1.0833333333333333,0.5666666666666667,{'UNL:TRP:VdWContact': 1},"{'UNL:ALA:Hydrophobic': 1, 'UNL:ASP:Hydrophobic': 1, 'UNL:GLU:VdWContact': 1, 'UNL:MET:Hydrophobic': 1, 'UNL:MET:VdWContact': 1, 'UNL:PHE:Hydrophobic': 1, 'UNL:PHE:VdWContact': 1, 'UNL:TRP:HBAcceptor': 1, 'UNL:TRP:Hydrophobic': 1, 'UNL:TRP:VdWContact': 2, 'UNL:TYR:Hydrophobic': 1, 'UNL:TYR:VdWContact': 2}"
836,AF3-Single-Seq,1OF6_DTY,,0.0,,
837,AF3-Single-Seq,1S3V_TQD,0.1875,0.925,"{'UNL:ARG:VdWContact': 1, 'UNL:ASP:VdWContact': 1, 'UNL:GLU:Hydrophobic': 1, 'UNL:GLU:VdWContact': 1, 'UNL:ILE:Hydrophobic': 1, 'UNL:ILE:VdWContact': 1, 'UNL:MET:Hydrophobic': 1, 'UNL:MET:VdWContact': 2, 'UNL:PHE:Hydrophobic': 1, 'UNL:PHE:VdWContact': 2, 'UNL:THR:VdWContact': 1, 'UNL:VAL:VdWContact': 1}","{'UNL:GLU:HBDonor': 1, 'UNL:GLU:VdWContact': 1, 'UNL:ILE:HBDonor': 1, 'UNL:ILE:Hydrophobic': 1, 'UNL:ILE:VdWContact': 1, 'UNL:PHE:Hydrophobic': 2, 'UNL:PHE:VdWContact': 1, 'UNL:PRO:Hydrophobic': 1, 'UNL:SER:VdWContact': 1, 'UNL:VAL:VdWContact': 1}"
838,AF3-Single-Seq,1Y6B_AAX,0.8500000000000001,0.6599999999999999,"{'UNL:CYS:VdWContact': 1, 'UNL:GLN:Hydrophobic': 1, 'UNL:GLN:VdWContact': 1, 'UNL:GLU:Hydrophobic': 1, 'UNL:ILE:VdWContact': 1}","{'UNL:ALA:Hydrophobic': 1, 'UNL:ASN:HBAcceptor': 1, 'UNL:ASN:VdWContact': 1, 'UNL:CYS:HBAcceptor': 1, 'UNL:CYS:HBDonor': 1, 'UNL:CYS:Hydrophobic': 1, 'UNL:CYS:VdWContact': 1, 'UNL:GLU:VdWContact': 2, 'UNL:GLY:VdWContact': 1, 'UNL:LEU:Hydrophobic': 2, 'UNL:LYS:Hydrophobic': 1, 'UNL:LYS:VdWContact': 1, 'UNL:PHE:Hydrophobic': 2, 'UNL:PHE:VdWContact': 1, 'UNL:VAL:Hydrophobic': 3, 'UNL:VAL:VdWContact': 2}"
839,AF3-Single-Seq,1L2S_STC,0.08333333333333326,0.9666666666666667,"{'UNL:ASN:Hydrophobic': 1, 'UNL:ASN:VdWContact': 2, 'UNL:HIS:HBAcceptor': 1, 'UNL:HIS:VdWContact': 1, 'UNL:LEU:Hydrophobic': 1, 'UNL:LEU:VdWContact': 1, 'UNL:LYS:HBAcceptor': 1, 'UNL:LYS:VdWContact': 1, 'UNL:PHE:Hydrophobic': 1, 'UNL:PHE:VdWContact': 2, 'UNL:SER:VdWContact': 1, 'UNL:TYR:HBAcceptor': 1, 'UNL:TYR:VdWContact': 2}","{'UNL:ALA:HBAcceptor': 1, 'UNL:ALA:HBDonor': 1, 'UNL:ALA:VdWContact': 1, 'UNL:ASN:HBAcceptor': 1, 'UNL:ASN:VdWContact': 1, 'UNL:GLN:VdWContact': 1, 'UNL:GLY:VdWContact': 1, 'UNL:LEU:Hydrophobic': 2, 'UNL:SER:HBAcceptor': 1, 'UNL:SER:VdWContact': 1, 'UNL:THR:Hydrophobic': 1, 'UNL:THR:VdWContact': 1, 'UNL:TYR:Hydrophobic': 2, 'UNL:VAL:Hydrophobic': 1}"
840,AF3-Single-Seq,1W2G_THM,0.7333333333333332,0.7066666666666668,"{'UNL:ARG:VdWContact': 2, 'UNL:GLY:VdWContact': 1, 'UNL:LEU:VdWContact': 1, 'UNL:TRP:VdWContact': 1}","{'UNL:ARG:HBAcceptor': 1, 'UNL:ARG:Hydrophobic': 1, 'UNL:ARG:VdWContact': 1, 'UNL:ASN:HBDonor': 1, 'UNL:ASN:Hydrophobic': 1, 'UNL:ASN:VdWContact': 1, 'UNL:ASP:VdWContact': 1, 'UNL:PHE:Hydrophobic': 2, 'UNL:PRO:Hydrophobic': 1, 'UNL:PRO:VdWContact': 1, 'UNL:TYR:Hydrophobic': 2, 'UNL:TYR:VdWContact': 3}"
841,AF3-Single-Seq,1TOW_CRZ,0.5333333333333333,0.7866666666666666,"{'UNL:ALA:VdWContact': 1, 'UNL:ARG:HBAcceptor': 1, 'UNL:ARG:HBDonor': 1, 'UNL:ARG:VdWContact': 1, 'UNL:ASP:Hydrophobic': 1, 'UNL:MET:Hydrophobic': 1, 'UNL:PHE:VdWContact': 1, 'UNL:PRO:VdWContact': 1, 'UNL:TYR:VdWContact': 1}","{'UNL:ALA:Hydrophobic': 3, 'UNL:ARG:HBAcceptor': 1, 'UNL:ARG:HBDonor': 1, 'UNL:ARG:VdWContact': 1, 'UNL:ASP:Hydrophobic': 1, 'UNL:CYS:VdWContact': 1, 'UNL:ILE:Hydrophobic': 1, 'UNL:MET:Hydrophobic': 1, 'UNL:PHE:Hydrophobic': 2, 'UNL:PHE:VdWContact': 1, 'UNL:PRO:Hydrophobic': 1, 'UNL:PRO:VdWContact': 1, 'UNL:TYR:VdWContact': 1, 'UNL:VAL:Hydrophobic': 1}"
842,AF3-Single-Seq,1XM6_5RM,0.6666666666666667,0.7333333333333333,"{'UNL:ASP:VdWContact': 1, 'UNL:HIS:VdWContact': 2, 'UNL:ILE:VdWContact': 1, 'UNL:MET:Hydrophobic': 1, 'UNL:MET:VdWContact': 1, 'UNL:PHE:VdWContact': 2, 'UNL:THR:VdWContact': 1}","{'UNL:ASN:VdWContact': 1, 'UNL:GLN:HBAcceptor': 1, 'UNL:GLN:VdWContact': 1, 'UNL:ILE:Hydrophobic': 1, 'UNL:ILE:VdWContact': 1, 'UNL:LEU:Hydrophobic': 2, 'UNL:LEU:VdWContact': 1, 'UNL:MET:Hydrophobic': 3, 'UNL:MET:VdWContact': 1, 'UNL:PHE:Hydrophobic': 3, 'UNL:PHE:VdWContact': 2, 'UNL:THR:VdWContact': 1, 'UNL:TYR:Hydrophobic': 1}"
843,AF3-Single-Seq,1YGC_905,0.3333333333333333,0.8666666666666667,"{'UNL:ALA:VdWContact': 1, 'UNL:ASN:Hydrophobic': 1, 'UNL:ASN:VdWContact': 1, 'UNL:HIS:VdWContact': 1, 'UNL:ILE:Hydrophobic': 1, 'UNL:ILE:VdWContact': 2, 'UNL:LEU:VdWContact': 2, 'UNL:PRO:VdWContact': 1, 'UNL:TRP:VdWContact': 1, 'UNL:VAL:VdWContact': 1}","{'UNL:ASP:HBDonor': 1, 'UNL:ASP:Hydrophobic': 2, 'UNL:ASP:VdWContact': 2, 'UNL:GLY:HBDonor': 1, 'UNL:GLY:VdWContact': 1, 'UNL:HIS:Hydrophobic': 1, 'UNL:HIS:VdWContact': 1, 'UNL:LYS:Hydrophobic': 1, 'UNL:LYS:VdWContact': 1, 'UNL:SER:HBDonor': 1, 'UNL:SER:VdWContact': 3, 'UNL:THR:Hydrophobic': 1, 'UNL:THR:VdWContact': 1, 'UNL:TRP:Hydrophobic': 1, 'UNL:TRP:VdWContact': 1, 'UNL:VAL:Hydrophobic': 1}"
844,AF3-Single-Seq,1R58_AO5,0.09090909090909088,0.9636363636363636,"{'UNL:ALA:VdWContact': 1, 'UNL:ASN:HBAcceptor': 1, 'UNL:ASN:Hydrophobic': 2, 'UNL:ASN:VdWContact': 2, 'UNL:ASP:VdWContact': 1, 'UNL:CYS:VdWContact': 1, 'UNL:GLU:HBDonor': 1, 'UNL:GLU:Hydrophobic': 1, 'UNL:GLU:VdWContact': 1, 'UNL:GLY:HBDonor': 1, 'UNL:GLY:VdWContact': 2, 'UNL:HIS:VdWContact': 1, 'UNL:THR:VdWContact': 3}","{'UNL:ALA:Hydrophobic': 1, 'UNL:ALA:VdWContact': 1, 'UNL:ASP:HBDonor': 2, 'UNL:ASP:VdWContact': 2, 'UNL:GLU:HBDonor': 1, 'UNL:GLU:VdWContact': 1, 'UNL:HIS:HBDonor': 1, 'UNL:HIS:Hydrophobic': 2, 'UNL:HIS:VdWContact': 2, 'UNL:MET:Hydrophobic': 1, 'UNL:PHE:Hydrophobic': 1, 'UNL:PHE:VdWContact': 1, 'UNL:TYR:Hydrophobic': 1, 'UNL:TYR:VdWContact': 1}"
845,AF3-Single-Seq,1HNN_SKF,0.39999999999999997,0.8400000000000001,"{'UNL:ARG:VdWContact': 1, 'UNL:ASP:Hydrophobic': 1, 'UNL:LYS:HBAcceptor': 1, 'UNL:LYS:VdWContact': 1, 'UNL:TYR:VdWContact': 1, 'UNL:VAL:Hydrophobic': 1, 'UNL:VAL:VdWContact': 2}","{'UNL:ARG:VdWContact': 1, 'UNL:ASN:Hydrophobic': 1, 'UNL:ASP:VdWContact': 1, 'UNL:GLU:HBDonor': 1, 'UNL:GLU:VdWContact': 1, 'UNL:LYS:VdWContact': 1, 'UNL:MET:Hydrophobic': 1, 'UNL:MET:VdWContact': 1, 'UNL:PHE:Hydrophobic': 1, 'UNL:TYR:Hydrophobic': 2, 'UNL:TYR:VdWContact': 2, 'UNL:VAL:VdWContact': 1}"
846,AF3-Single-Seq,1HVY_D16,0.24137931034482762,0.903448275862069,"{'UNL:ARG:VdWContact': 2, 'UNL:ASP:HBAcceptor': 1, 'UNL:ASP:HBDonor': 1, 'UNL:ASP:VdWContact': 1, 'UNL:HIS:HBAcceptor': 1, 'UNL:HIS:VdWContact': 1, 'UNL:ILE:Hydrophobic': 1, 'UNL:ILE:VdWContact': 2, 'UNL:LEU:Hydrophobic': 1, 'UNL:LEU:VdWContact': 1, 'UNL:THR:VdWContact': 1, 'UNL:TYR:Hydrophobic': 2, 'UNL:TYR:VdWContact': 2, 'UNL:VAL:Hydrophobic': 1, 'UNL:VAL:VdWContact': 1}","{'UNL:ALA:Hydrophobic': 1, 'UNL:ALA:VdWContact': 1, 'UNL:ASP:Hydrophobic': 1, 'UNL:ASP:VdWContact': 1, 'UNL:GLU:VdWContact': 1, 'UNL:GLY:VdWContact': 1, 'UNL:ILE:Hydrophobic': 1, 'UNL:ILE:VdWContact': 1, 'UNL:LEU:Hydrophobic': 1, 'UNL:MET:Hydrophobic': 1, 'UNL:MET:VdWContact': 1, 'UNL:PHE:Hydrophobic': 2, 'UNL:PHE:VdWContact': 2, 'UNL:THR:Hydrophobic': 1, 'UNL:TRP:Hydrophobic': 1, 'UNL:TRP:VdWContact': 1, 'UNL:TYR:Hydrophobic': 1, 'UNL:TYR:VdWContact': 1, 'UNL:UMP:Hydrophobic': 1, 'UNL:UMP:VdWContact': 1}"
847,AF3-Single-Seq,1OPK_P16,0.29166666666666663,0.8833333333333333,"{'UNL:ALA:VdWContact': 1, 'UNL:CYS:Hydrophobic': 1, 'UNL:CYS:VdWContact': 1, 'UNL:GLN:VdWContact': 1, 'UNL:GLU:Hydrophobic': 1, 'UNL:ILE:Hydrophobic': 1, 'UNL:ILE:VdWContact': 1, 'UNL:LEU:Hydrophobic': 1, 'UNL:LEU:VdWContact': 2, 'UNL:PHE:VdWContact': 2, 'UNL:VAL:VdWContact': 3}","{'UNL:ALA:Hydrophobic': 1, 'UNL:GLU:VdWContact': 1, 'UNL:ILE:Hydrophobic': 1, 'UNL:LEU:Hydrophobic': 2, 'UNL:LYS:Hydrophobic': 1, 'UNL:MET:HBAcceptor': 1, 'UNL:MET:HBDonor': 1, 'UNL:MET:Hydrophobic': 2, 'UNL:MET:VdWContact': 2, 'UNL:PHE:Hydrophobic': 2, 'UNL:THR:Hydrophobic': 1, 'UNL:THR:VdWContact': 1, 'UNL:TYR:Hydrophobic': 1, 'UNL:TYR:VdWContact': 1, 'UNL:VAL:Hydrophobic': 2}"
848,AF3-Single-Seq,1MMV_3AR,0.8,0.6799999999999999,"{'UNL:SER:HBAcceptor': 1, 'UNL:SER:VdWContact': 1}","{'UNL:ASP:VdWContact': 1, 'UNL:GLN:HBAcceptor': 1, 'UNL:GLN:VdWContact': 1, 'UNL:GLU:HBDonor': 1, 'UNL:GLU:VdWContact': 1, 'UNL:PHE:Hydrophobic': 1, 'UNL:PHE:VdWContact': 1, 'UNL:PRO:Hydrophobic': 1, 'UNL:SER:VdWContact': 1, 'UNL:TRP:VdWContact': 1, 'UNL:TYR:Hydrophobic': 1, 'UNL:TYR:VdWContact': 1, 'UNL:VAL:Hydrophobic': 1, 'UNL:VAL:VdWContact': 1}"
849,AF3-Single-Seq,1SQN_NDR,0.38095238095238104,0.8476190476190476,"{'UNL:GLN:HBAcceptor': 1, 'UNL:GLN:VdWContact': 1, 'UNL:HIS:HBAcceptor': 1, 'UNL:HIS:VdWContact': 1, 'UNL:ILE:VdWContact': 1, 'UNL:LEU:Hydrophobic': 1, 'UNL:LEU:VdWContact': 2, 'UNL:MET:VdWContact': 1, 'UNL:PHE:Hydrophobic': 1, 'UNL:PHE:VdWContact': 2, 'UNL:SER:VdWContact': 1, 'UNL:TRP:Hydrophobic': 1, 'UNL:TRP:VdWContact': 1, 'UNL:VAL:VdWContact': 1}","{'UNL:ARG:VdWContact': 1, 'UNL:CYS:Hydrophobic': 1, 'UNL:CYS:VdWContact': 1, 'UNL:GLN:HBAcceptor': 1, 'UNL:GLN:VdWContact': 1, 'UNL:LEU:Hydrophobic': 5, 'UNL:LEU:VdWContact': 3, 'UNL:MET:Hydrophobic': 4, 'UNL:MET:VdWContact': 2, 'UNL:PHE:Hydrophobic': 1, 'UNL:TRP:Hydrophobic': 1, 'UNL:TYR:Hydrophobic': 1, 'UNL:TYR:VdWContact': 1, 'UNL:VAL:Hydrophobic': 1}"
850,AF3,2BM2_PM2,0.5384615384615385,0.7846153846153846,"{'UNL:ASP:VdWContact': 2, 'UNL:GLN:Hydrophobic': 2, 'UNL:GLN:VdWContact': 1, 'UNL:GLU:Hydrophobic': 1, 'UNL:GLU:VdWContact': 1, 'UNL:GLY:HBAcceptor': 1, 'UNL:GLY:VdWContact': 2, 'UNL:SER:VdWContact': 1}","{'UNL:ASP:VdWContact': 1, 'UNL:GLN:Hydrophobic': 2, 'UNL:GLN:VdWContact': 1, 'UNL:GLU:Hydrophobic': 1, 'UNL:GLU:VdWContact': 1, 'UNL:GLY:HBAcceptor': 1, 'UNL:GLY:VdWContact': 1, 'UNL:PRO:Hydrophobic': 1, 'UNL:SER:VdWContact': 1, 'UNL:THR:Hydrophobic': 1, 'UNL:TRP:Hydrophobic': 1, 'UNL:TYR:Hydrophobic': 1, 'UNL:VAL:Hydrophobic': 1}"
851,AF3,1XOQ_ROF,,0.0,,
852,AF3,1M2Z_DEX,0.36363636363636365,0.8545454545454545,"{'UNL:ARG:VdWContact': 1, 'UNL:ASN:HBAcceptor': 1, 'UNL:ASN:VdWContact': 1, 'UNL:CYS:VdWContact': 1, 'UNL:GLN:HBAcceptor': 1, 'UNL:GLN:HBDonor': 1, 'UNL:GLN:VdWContact': 2, 'UNL:GLY:VdWContact': 1, 'UNL:LEU:VdWContact': 2, 'UNL:MET:Hydrophobic': 2, 'UNL:MET:VdWContact': 4, 'UNL:PHE:VdWContact': 1, 'UNL:THR:VdWContact': 1, 'UNL:TYR:Hydrophobic': 1, 'UNL:TYR:VdWContact': 1}","{'UNL:ALA:Hydrophobic': 1, 'UNL:ARG:HBAcceptor': 1, 'UNL:ARG:VdWContact': 1, 'UNL:ASN:HBAcceptor': 1, 'UNL:ASN:VdWContact': 1, 'UNL:CYS:Hydrophobic': 1, 'UNL:CYS:VdWContact': 1, 'UNL:GLN:HBAcceptor': 1, 'UNL:GLN:HBDonor': 1, 'UNL:GLN:Hydrophobic': 1, 'UNL:GLN:VdWContact': 2, 'UNL:GLY:VdWContact': 1, 'UNL:LEU:Hydrophobic': 4, 'UNL:LEU:VdWContact': 1, 'UNL:MET:Hydrophobic': 3, 'UNL:MET:VdWContact': 1, 'UNL:PHE:Hydrophobic': 1, 'UNL:PHE:VdWContact': 1, 'UNL:TRP:Hydrophobic': 1, 'UNL:TYR:Hydrophobic': 1, 'UNL:TYR:VdWContact': 1}"
853,AF3,1P62_GEO,0.06666666666666668,0.9733333333333334,"{'UNL:ARG:HBAcceptor': 1, 'UNL:ARG:VdWContact': 1, 'UNL:ASP:HBDonor': 1, 'UNL:ASP:VdWContact': 1, 'UNL:GLN:HBAcceptor': 1, 'UNL:GLN:HBDonor': 1, 'UNL:GLN:VdWContact': 1, 'UNL:GLU:VdWContact': 2, 'UNL:LEU:VdWContact': 1, 'UNL:PHE:Hydrophobic': 1, 'UNL:PHE:VdWContact': 2, 'UNL:TRP:VdWContact': 1, 'UNL:TYR:VdWContact': 1}","{'UNL:ARG:HBAcceptor': 1, 'UNL:ARG:VdWContact': 1, 'UNL:ASP:HBDonor': 1, 'UNL:ASP:VdWContact': 1, 'UNL:GLN:HBAcceptor': 1, 'UNL:GLN:HBDonor': 1, 'UNL:GLN:VdWContact': 1, 'UNL:GLU:VdWContact': 2, 'UNL:MET:VdWContact': 1, 'UNL:PHE:Hydrophobic': 2, 'UNL:TRP:Hydrophobic': 1, 'UNL:TYR:VdWContact': 1}"
854,AF3,1KE5_LS1,0.33333333333333337,0.8666666666666667,"{'UNL:ASP:HBAcceptor': 1, 'UNL:ASP:Hydrophobic': 2, 'UNL:ASP:VdWContact': 1, 'UNL:GLN:VdWContact': 1, 'UNL:GLU:HBDonor': 1, 'UNL:GLU:VdWContact': 1, 'UNL:HIS:VdWContact': 1, 'UNL:ILE:VdWContact': 1, 'UNL:LEU:HBAcceptor': 1, 'UNL:LEU:Hydrophobic': 1, 'UNL:LEU:VdWContact': 2, 'UNL:LYS:VdWContact': 1, 'UNL:PHE:Hydrophobic': 1, 'UNL:PHE:VdWContact': 2}","{'UNL:ALA:Hydrophobic': 2, 'UNL:ASP:HBAcceptor': 1, 'UNL:ASP:Hydrophobic': 1, 'UNL:ASP:VdWContact': 2, 'UNL:GLU:HBDonor': 1, 'UNL:GLU:VdWContact': 1, 'UNL:HIS:VdWContact': 1, 'UNL:ILE:Hydrophobic': 1, 'UNL:ILE:VdWContact': 1, 'UNL:LEU:HBAcceptor': 1, 'UNL:LEU:HBDonor': 1, 'UNL:LEU:Hydrophobic': 1, 'UNL:LEU:VdWContact': 2, 'UNL:LYS:VdWContact': 1, 'UNL:PHE:Hydrophobic': 2, 'UNL:PHE:VdWContact': 2, 'UNL:VAL:Hydrophobic': 2}"
855,AF3,1TT1_KAI,0.05882352941176472,0.9764705882352941,"{'UNL:ALA:HBAcceptor': 2, 'UNL:ALA:VdWContact': 2, 'UNL:ARG:HBAcceptor': 1, 'UNL:ARG:HBDonor': 1, 'UNL:ARG:VdWContact': 1, 'UNL:ASN:VdWContact': 1, 'UNL:GLU:VdWContact': 1, 'UNL:PRO:HBDonor': 1, 'UNL:PRO:VdWContact': 1, 'UNL:THR:HBAcceptor': 1, 'UNL:THR:HBDonor': 1, 'UNL:THR:VdWContact': 1, 'UNL:TYR:Hydrophobic': 1, 'UNL:TYR:VdWContact': 1, 'UNL:VAL:VdWContact': 1}","{'UNL:ALA:HBAcceptor': 2, 'UNL:ALA:VdWContact': 2, 'UNL:ARG:HBAcceptor': 1, 'UNL:ARG:HBDonor': 1, 'UNL:ARG:VdWContact': 1, 'UNL:GLU:Hydrophobic': 2, 'UNL:GLU:VdWContact': 1, 'UNL:PRO:HBDonor': 1, 'UNL:PRO:VdWContact': 1, 'UNL:THR:HBAcceptor': 1, 'UNL:THR:VdWContact': 1, 'UNL:TYR:Hydrophobic': 1, 'UNL:TYR:VdWContact': 1, 'UNL:VAL:Hydrophobic': 1, 'UNL:VAL:VdWContact': 1}"
856,AF3,1VCJ_IBA,0.5,0.8,"{'UNL:ARG:HBAcceptor': 4, 'UNL:ARG:HBDonor': 1, 'UNL:ARG:VdWContact': 5, 'UNL:ASP:Hydrophobic': 1, 'UNL:GLU:VdWContact': 3, 'UNL:SER:VdWContact': 1, 'UNL:TRP:VdWContact': 1, 'UNL:TYR:VdWContact': 1}","{'UNL:ALA:Hydrophobic': 1, 'UNL:ALA:VdWContact': 1, 'UNL:ARG:HBAcceptor': 3, 'UNL:ARG:Hydrophobic': 2, 'UNL:ARG:VdWContact': 5, 'UNL:ASN:Hydrophobic': 1, 'UNL:ASP:Hydrophobic': 1, 'UNL:ASP:VdWContact': 1, 'UNL:GLU:Hydrophobic': 1, 'UNL:GLU:VdWContact': 4, 'UNL:ILE:Hydrophobic': 1, 'UNL:SER:VdWContact': 1, 'UNL:TRP:Hydrophobic': 1, 'UNL:TRP:VdWContact': 1, 'UNL:TYR:VdWContact': 1}"
857,AF3,1HWI_115,0.125,0.95,"{'UNL:ALA:VdWContact': 1, 'UNL:ARG:HBAcceptor': 1, 'UNL:ARG:VdWContact': 1, 'UNL:ASN:HBAcceptor': 1, 'UNL:ASN:HBDonor': 1, 'UNL:ASN:VdWContact': 1, 'UNL:ASP:Hydrophobic': 1, 'UNL:ASP:VdWContact': 1, 'UNL:CYS:Hydrophobic': 1, 'UNL:CYS:VdWContact': 1, 'UNL:GLU:VdWContact': 1, 'UNL:GLY:VdWContact': 1, 'UNL:HIS:Hydrophobic': 1, 'UNL:LEU:Hydrophobic': 1, 'UNL:LEU:VdWContact': 2, 'UNL:LYS:HBAcceptor': 1, 'UNL:LYS:Hydrophobic': 1, 'UNL:LYS:VdWContact': 3, 'UNL:SER:HBDonor': 1, 'UNL:SER:VdWContact': 1, 'UNL:VAL:VdWContact': 1}","{'UNL:ALA:Hydrophobic': 1, 'UNL:ALA:VdWContact': 1, 'UNL:ARG:HBAcceptor': 1, 'UNL:ARG:VdWContact': 1, 'UNL:ASN:HBAcceptor': 1, 'UNL:ASN:VdWContact': 1, 'UNL:ASP:Hydrophobic': 1, 'UNL:ASP:VdWContact': 1, 'UNL:CYS:Hydrophobic': 1, 'UNL:CYS:VdWContact': 1, 'UNL:GLU:VdWContact': 1, 'UNL:GLY:VdWContact': 1, 'UNL:HIS:Hydrophobic': 1, 'UNL:HIS:VdWContact': 1, 'UNL:LEU:Hydrophobic': 4, 'UNL:LEU:VdWContact': 2, 'UNL:LYS:Hydrophobic': 1, 'UNL:LYS:VdWContact': 3, 'UNL:SER:VdWContact': 1, 'UNL:VAL:Hydrophobic': 1, 'UNL:VAL:VdWContact': 1}"
858,AF3,1UML_FR4,0.4615384615384616,0.8153846153846154,"{'UNL:ASP:HBDonor': 2, 'UNL:ASP:Hydrophobic': 1, 'UNL:ASP:VdWContact': 2, 'UNL:HIS:VdWContact': 1, 'UNL:LEU:Hydrophobic': 1, 'UNL:LEU:VdWContact': 2, 'UNL:MET:Hydrophobic': 1, 'UNL:PHE:Hydrophobic': 1, 'UNL:PHE:VdWContact': 1}","{'UNL:ASP:HBDonor': 2, 'UNL:ASP:Hydrophobic': 1, 'UNL:ASP:VdWContact': 3, 'UNL:GLY:VdWContact': 1, 'UNL:HIS:Hydrophobic': 1, 'UNL:HIS:VdWContact': 1, 'UNL:LEU:Hydrophobic': 3, 'UNL:LEU:VdWContact': 1, 'UNL:MET:Hydrophobic': 1, 'UNL:PHE:Hydrophobic': 2, 'UNL:THR:Hydrophobic': 1, 'UNL:VAL:Hydrophobic': 1}"
859,AF3,1JLA_TNK,0.22222222222222215,0.9111111111111111,"{'UNL:CYS:VdWContact': 1, 'UNL:GLY:VdWContact': 1, 'UNL:HIS:VdWContact': 1, 'UNL:LEU:Hydrophobic': 1, 'UNL:LEU:VdWContact': 1, 'UNL:LYS:HBDonor': 1, 'UNL:LYS:VdWContact': 2, 'UNL:PRO:VdWContact': 2, 'UNL:TRP:Hydrophobic': 1, 'UNL:TRP:VdWContact': 1, 'UNL:TYR:Hydrophobic': 1, 'UNL:TYR:VdWContact': 1, 'UNL:VAL:Hydrophobic': 1}","{'UNL:CYS:Hydrophobic': 1, 'UNL:CYS:VdWContact': 1, 'UNL:GLY:VdWContact': 1, 'UNL:LEU:Hydrophobic': 2, 'UNL:LYS:HBDonor': 1, 'UNL:LYS:Hydrophobic': 1, 'UNL:LYS:VdWContact': 2, 'UNL:PHE:Hydrophobic': 1, 'UNL:PHE:VdWContact': 1, 'UNL:PRO:Hydrophobic': 2, 'UNL:PRO:VdWContact': 1, 'UNL:TRP:Hydrophobic': 1, 'UNL:TRP:VdWContact': 1, 'UNL:TYR:Hydrophobic': 1, 'UNL:TYR:VdWContact': 1, 'UNL:VAL:Hydrophobic': 1}"
860,AF3,1N46_PFA,0.5238095238095237,0.7904761904761906,"{'UNL:ALA:VdWContact': 1, 'UNL:ARG:HBAcceptor': 1, 'UNL:ARG:HBDonor': 1, 'UNL:ARG:VdWContact': 2, 'UNL:ASN:HBAcceptor': 1, 'UNL:ASN:VdWContact': 1, 'UNL:HIS:HBAcceptor': 1, 'UNL:HIS:VdWContact': 1, 'UNL:ILE:VdWContact': 1, 'UNL:LEU:Hydrophobic': 2, 'UNL:LEU:VdWContact': 2, 'UNL:MET:Hydrophobic': 3, 'UNL:MET:VdWContact': 3, 'UNL:PHE:Hydrophobic': 1, 'UNL:PHE:VdWContact': 3}","{'UNL:ALA:Hydrophobic': 2, 'UNL:ALA:VdWContact': 2, 'UNL:ARG:HBAcceptor': 2, 'UNL:ARG:HBDonor': 1, 'UNL:ARG:Hydrophobic': 1, 'UNL:ARG:VdWContact': 2, 'UNL:ASN:HBAcceptor': 1, 'UNL:ASN:VdWContact': 1, 'UNL:GLY:VdWContact': 1, 'UNL:HIS:HBAcceptor': 1, 'UNL:HIS:HBDonor': 1, 'UNL:HIS:VdWContact': 1, 'UNL:ILE:Hydrophobic': 3, 'UNL:ILE:VdWContact': 1, 'UNL:LEU:Hydrophobic': 3, 'UNL:LEU:VdWContact': 2, 'UNL:MET:Hydrophobic': 3, 'UNL:MET:VdWContact': 2, 'UNL:PHE:Hydrophobic': 3, 'UNL:PHE:VdWContact': 1, 'UNL:THR:Hydrophobic': 1}"
861,AF3,1LRH_NLA,,0.0,,
862,AF3,1KZK_JE2,0.6153846153846153,0.7538461538461538,"{'UNL:ALA:VdWContact': 1, 'UNL:ASP:HBAcceptor': 1, 'UNL:ASP:Hydrophobic': 3, 'UNL:ASP:VdWContact': 4, 'UNL:GLY:HBDonor': 1, 'UNL:GLY:VdWContact': 5, 'UNL:ILE:Hydrophobic': 3, 'UNL:ILE:VdWContact': 2, 'UNL:PRO:VdWContact': 1}","{'UNL:ALA:Hydrophobic': 2, 'UNL:ASP:Hydrophobic': 3, 'UNL:ASP:VdWContact': 4, 'UNL:GLY:HBDonor': 1, 'UNL:GLY:VdWContact': 3, 'UNL:ILE:Hydrophobic': 6, 'UNL:LEU:Hydrophobic': 3, 'UNL:PRO:Hydrophobic': 2, 'UNL:PRO:VdWContact': 1, 'UNL:VAL:Hydrophobic': 4}"
863,AF3,1N2J_PAF,0.6000000000000001,0.76,"{'UNL:GLN:HBAcceptor': 2, 'UNL:GLN:VdWContact': 2, 'UNL:PHE:VdWContact': 1, 'UNL:VAL:VdWContact': 1}","{'UNL:GLN:HBAcceptor': 2, 'UNL:GLN:VdWContact': 2, 'UNL:MET:Hydrophobic': 1, 'UNL:MET:VdWContact': 1, 'UNL:PHE:Hydrophobic': 1, 'UNL:PRO:Hydrophobic': 1, 'UNL:PRO:VdWContact': 1, 'UNL:VAL:Hydrophobic': 2, 'UNL:VAL:VdWContact': 1}"
864,AF3,1MEH_MOA,0.18181818181818185,0.9272727272727272,"{'UNL:ASP:VdWContact': 1, 'UNL:GLU:Hydrophobic': 1, 'UNL:GLY:HBAcceptor': 1, 'UNL:GLY:VdWContact': 1, 'UNL:ILE:VdWContact': 1, 'UNL:SER:HBAcceptor': 1, 'UNL:SER:HBDonor': 1, 'UNL:SER:VdWContact': 1, 'UNL:THR:VdWContact': 1, 'UNL:TRP:Hydrophobic': 1}","{'UNL:ASP:VdWContact': 1, 'UNL:GLU:Hydrophobic': 1, 'UNL:GLU:VdWContact': 1, 'UNL:GLY:HBAcceptor': 1, 'UNL:GLY:VdWContact': 1, 'UNL:ILE:VdWContact': 1, 'UNL:SER:HBAcceptor': 1, 'UNL:SER:HBDonor': 1, 'UNL:SER:VdWContact': 2}"
865,AF3,2BSM_BSM,0.2631578947368421,0.8947368421052632,"{'UNL:ASN:Hydrophobic': 1, 'UNL:ASN:VdWContact': 1, 'UNL:ASP:HBDonor': 1, 'UNL:ASP:Hydrophobic': 1, 'UNL:ASP:VdWContact': 2, 'UNL:GLY:HBDonor': 1, 'UNL:GLY:VdWContact': 1, 'UNL:LEU:VdWContact': 1, 'UNL:MET:Hydrophobic': 1, 'UNL:PHE:VdWContact': 1, 'UNL:THR:HBDonor': 1, 'UNL:THR:VdWContact': 2, 'UNL:VAL:VdWContact': 1}","{'UNL:ALA:Hydrophobic': 1, 'UNL:ASN:Hydrophobic': 1, 'UNL:ASN:VdWContact': 1, 'UNL:ASP:HBDonor': 1, 'UNL:ASP:Hydrophobic': 1, 'UNL:ASP:VdWContact': 1, 'UNL:GLY:HBDonor': 1, 'UNL:GLY:VdWContact': 2, 'UNL:ILE:Hydrophobic': 1, 'UNL:LYS:VdWContact': 1, 'UNL:MET:Hydrophobic': 1, 'UNL:PHE:VdWContact': 1, 'UNL:SER:VdWContact': 1, 'UNL:THR:HBDonor': 1, 'UNL:THR:Hydrophobic': 2, 'UNL:THR:VdWContact': 1, 'UNL:VAL:Hydrophobic': 1, 'UNL:VAL:VdWContact': 1}"
866,AF3,1V48_HA1,0.1904761904761904,0.9238095238095239,"{'UNL:ALA:HBAcceptor': 1, 'UNL:ALA:VdWContact': 1, 'UNL:ARG:HBAcceptor': 1, 'UNL:ARG:VdWContact': 1, 'UNL:ASN:VdWContact': 1, 'UNL:GLU:HBDonor': 1, 'UNL:GLU:VdWContact': 1, 'UNL:HIS:VdWContact': 1, 'UNL:LEU:VdWContact': 1, 'UNL:MET:Hydrophobic': 1, 'UNL:MET:VdWContact': 1, 'UNL:SER:HBAcceptor': 1, 'UNL:SER:VdWContact': 2, 'UNL:THR:VdWContact': 1, 'UNL:VAL:VdWContact': 1}","{'UNL:ALA:HBAcceptor': 1, 'UNL:ALA:Hydrophobic': 1, 'UNL:ALA:VdWContact': 1, 'UNL:ARG:HBAcceptor': 1, 'UNL:ARG:VdWContact': 1, 'UNL:ASN:HBAcceptor': 1, 'UNL:ASN:VdWContact': 2, 'UNL:GLU:HBDonor': 1, 'UNL:GLU:VdWContact': 1, 'UNL:HIS:VdWContact': 1, 'UNL:MET:Hydrophobic': 1, 'UNL:PHE:Hydrophobic': 1, 'UNL:PHE:VdWContact': 1, 'UNL:SER:HBAcceptor': 1, 'UNL:SER:HBDonor': 1, 'UNL:SER:VdWContact': 2, 'UNL:VAL:Hydrophobic': 1, 'UNL:VAL:VdWContact': 1}"
867,AF3,1L7F_BCZ,0.49999999999999994,0.8,"{'UNL:ARG:HBAcceptor': 4, 'UNL:ARG:HBDonor': 1, 'UNL:ARG:VdWContact': 4, 'UNL:ASP:VdWContact': 1, 'UNL:GLU:HBDonor': 1, 'UNL:GLU:VdWContact': 2, 'UNL:TRP:HBDonor': 1, 'UNL:TRP:VdWContact': 1, 'UNL:TYR:VdWContact': 1}","{'UNL:ALA:Hydrophobic': 1, 'UNL:ARG:HBAcceptor': 4, 'UNL:ARG:HBDonor': 1, 'UNL:ARG:Hydrophobic': 2, 'UNL:ARG:VdWContact': 4, 'UNL:ASP:VdWContact': 1, 'UNL:GLU:HBDonor': 1, 'UNL:GLU:Hydrophobic': 1, 'UNL:GLU:VdWContact': 3, 'UNL:ILE:Hydrophobic': 1, 'UNL:TRP:HBDonor': 1, 'UNL:TRP:Hydrophobic': 1, 'UNL:TRP:VdWContact': 1, 'UNL:TYR:VdWContact': 1}"
868,AF3,1JD0_AZM,0.5,0.8,"{'UNL:HIS:HBDonor': 2, 'UNL:HIS:VdWContact': 3, 'UNL:LEU:VdWContact': 1, 'UNL:THR:HBAcceptor': 1, 'UNL:THR:HBDonor': 1, 'UNL:THR:VdWContact': 2, 'UNL:VAL:VdWContact': 1}","{'UNL:GLN:Hydrophobic': 1, 'UNL:HIS:HBDonor': 2, 'UNL:HIS:VdWContact': 1, 'UNL:LEU:Hydrophobic': 1, 'UNL:LEU:VdWContact': 1, 'UNL:THR:HBAcceptor': 1, 'UNL:THR:HBDonor': 1, 'UNL:THR:VdWContact': 2, 'UNL:VAL:Hydrophobic': 1, 'UNL:VAL:VdWContact': 1}"
869,AF3,1S19_MC9,0.8421052631578948,0.6631578947368421,"{'UNL:ALA:VdWContact': 1, 'UNL:ARG:HBAcceptor': 1, 'UNL:ARG:VdWContact': 1, 'UNL:HIS:HBAcceptor': 2, 'UNL:HIS:HBDonor': 1, 'UNL:HIS:VdWContact': 2, 'UNL:LEU:Hydrophobic': 1, 'UNL:SER:VdWContact': 3, 'UNL:TRP:Hydrophobic': 1, 'UNL:TRP:VdWContact': 1, 'UNL:TYR:VdWContact': 1}","{'UNL:ALA:Hydrophobic': 1, 'UNL:ALA:VdWContact': 1, 'UNL:ARG:HBAcceptor': 1, 'UNL:ARG:VdWContact': 1, 'UNL:CYS:VdWContact': 1, 'UNL:HIS:HBAcceptor': 2, 'UNL:HIS:HBDonor': 1, 'UNL:HIS:VdWContact': 2, 'UNL:ILE:Hydrophobic': 2, 'UNL:LEU:Hydrophobic': 6, 'UNL:MET:Hydrophobic': 1, 'UNL:PHE:Hydrophobic': 1, 'UNL:SER:VdWContact': 3, 'UNL:TRP:Hydrophobic': 1, 'UNL:TRP:VdWContact': 1, 'UNL:TYR:Hydrophobic': 2, 'UNL:TYR:VdWContact': 1, 'UNL:VAL:Hydrophobic': 2, 'UNL:VAL:VdWContact': 1}"
870,AF3,1LPZ_CMB,0.10526315789473678,0.9578947368421052,"{'UNL:ASP:HBDonor': 1, 'UNL:ASP:VdWContact': 1, 'UNL:CYS:VdWContact': 1, 'UNL:GLN:Hydrophobic': 1, 'UNL:GLN:VdWContact': 1, 'UNL:GLU:VdWContact': 2, 'UNL:GLY:HBAcceptor': 1, 'UNL:GLY:HBDonor': 1, 'UNL:GLY:VdWContact': 3, 'UNL:PHE:Hydrophobic': 1, 'UNL:PHE:VdWContact': 1, 'UNL:TRP:Hydrophobic': 1, 'UNL:TRP:VdWContact': 1, 'UNL:TYR:Hydrophobic': 1, 'UNL:TYR:VdWContact': 1}","{'UNL:ALA:Hydrophobic': 1, 'UNL:ARG:VdWContact': 1, 'UNL:ASP:HBDonor': 1, 'UNL:ASP:VdWContact': 1, 'UNL:CYS:VdWContact': 1, 'UNL:GLN:Hydrophobic': 1, 'UNL:GLN:VdWContact': 1, 'UNL:GLU:Hydrophobic': 1, 'UNL:GLY:HBDonor': 1, 'UNL:GLY:VdWContact': 3, 'UNL:PHE:Hydrophobic': 1, 'UNL:TRP:Hydrophobic': 1, 'UNL:TRP:VdWContact': 1, 'UNL:TYR:Hydrophobic': 1, 'UNL:TYR:VdWContact': 1, 'UNL:VAL:Hydrophobic': 1}"
871,AF3,1X8X_TYR,0.3333333333333333,0.8666666666666667,"{'UNL:ASP:HBDonor': 1, 'UNL:ASP:Hydrophobic': 1, 'UNL:ASP:VdWContact': 3, 'UNL:GLN:HBDonor': 1, 'UNL:GLN:Hydrophobic': 1, 'UNL:GLN:VdWContact': 3, 'UNL:GLY:VdWContact': 1, 'UNL:TYR:HBDonor': 1, 'UNL:TYR:VdWContact': 2}","{'UNL:ASP:HBDonor': 2, 'UNL:ASP:Hydrophobic': 1, 'UNL:ASP:VdWContact': 3, 'UNL:GLN:HBDonor': 2, 'UNL:GLN:Hydrophobic': 1, 'UNL:GLN:VdWContact': 3, 'UNL:GLY:VdWContact': 1, 'UNL:LEU:Hydrophobic': 1, 'UNL:THR:Hydrophobic': 1, 'UNL:TYR:Hydrophobic': 1, 'UNL:TYR:VdWContact': 2}"
872,AF3,1T46_STI,0.3333333333333334,0.8666666666666667,"{'UNL:ARG:VdWContact': 1, 'UNL:ASP:HBAcceptor': 1, 'UNL:ASP:Hydrophobic': 1, 'UNL:ASP:VdWContact': 1, 'UNL:CYS:HBAcceptor': 1, 'UNL:CYS:VdWContact': 2, 'UNL:GLU:Hydrophobic': 1, 'UNL:GLU:VdWContact': 1, 'UNL:HIS:VdWContact': 1, 'UNL:ILE:VdWContact': 1, 'UNL:LEU:Hydrophobic': 3, 'UNL:LEU:VdWContact': 3, 'UNL:LYS:Hydrophobic': 1, 'UNL:LYS:VdWContact': 1, 'UNL:PHE:VdWContact': 1, 'UNL:THR:HBDonor': 1, 'UNL:THR:VdWContact': 1, 'UNL:VAL:Hydrophobic': 2, 'UNL:VAL:VdWContact': 2}","{'UNL:ALA:Hydrophobic': 1, 'UNL:ARG:VdWContact': 1, 'UNL:ASP:HBAcceptor': 1, 'UNL:ASP:Hydrophobic': 1, 'UNL:ASP:VdWContact': 1, 'UNL:CYS:HBAcceptor': 1, 'UNL:CYS:Hydrophobic': 1, 'UNL:CYS:VdWContact': 2, 'UNL:GLU:Hydrophobic': 1, 'UNL:GLU:VdWContact': 1, 'UNL:HIS:VdWContact': 1, 'UNL:ILE:VdWContact': 1, 'UNL:LEU:Hydrophobic': 4, 'UNL:LEU:VdWContact': 1, 'UNL:LYS:Hydrophobic': 1, 'UNL:LYS:VdWContact': 1, 'UNL:PHE:Hydrophobic': 1, 'UNL:PHE:VdWContact': 1, 'UNL:THR:HBDonor': 1, 'UNL:THR:Hydrophobic': 1, 'UNL:THR:VdWContact': 1, 'UNL:TYR:Hydrophobic': 1, 'UNL:VAL:Hydrophobic': 4}"
873,AF3,1IG3_VIB,0.6363636363636362,0.7454545454545455,"{'UNL:ASP:HBDonor': 1, 'UNL:ASP:VdWContact': 1, 'UNL:GLN:VdWContact': 1, 'UNL:SER:VdWContact': 1, 'UNL:THR:VdWContact': 2, 'UNL:TRP:Hydrophobic': 1}","{'UNL:ASN:Hydrophobic': 1, 'UNL:ASP:HBDonor': 1, 'UNL:ASP:VdWContact': 1, 'UNL:GLN:HBDonor': 1, 'UNL:GLN:Hydrophobic': 1, 'UNL:GLN:VdWContact': 1, 'UNL:LEU:Hydrophobic': 2, 'UNL:SER:VdWContact': 2, 'UNL:THR:Hydrophobic': 1, 'UNL:THR:VdWContact': 2, 'UNL:TRP:Hydrophobic': 1}"
874,AF3,1SQ5_PAU,0.6153846153846153,0.7538461538461538,"{'UNL:ASN:VdWContact': 1, 'UNL:ASP:VdWContact': 1, 'UNL:GLY:VdWContact': 1, 'UNL:HIS:VdWContact': 1, 'UNL:LYS:VdWContact': 1, 'UNL:TYR:VdWContact': 1}","{'UNL:ASN:HBAcceptor': 1, 'UNL:ASN:HBDonor': 1, 'UNL:ASN:VdWContact': 1, 'UNL:ASP:VdWContact': 1, 'UNL:GLY:VdWContact': 1, 'UNL:HIS:HBAcceptor': 1, 'UNL:HIS:VdWContact': 1, 'UNL:ILE:Hydrophobic': 1, 'UNL:LEU:Hydrophobic': 2, 'UNL:LEU:VdWContact': 1, 'UNL:LYS:VdWContact': 1, 'UNL:TYR:VdWContact': 1, 'UNL:VAL:Hydrophobic': 1}"
875,AF3,1Q4G_BFL,1.1428571428571428,0.5428571428571429,"{'UNL:GLY:VdWContact': 1, 'UNL:TRP:VdWContact': 1}","{'UNL:ALA:Hydrophobic': 1, 'UNL:ALA:VdWContact': 1, 'UNL:ARG:HBAcceptor': 1, 'UNL:ARG:HBDonor': 1, 'UNL:ARG:VdWContact': 1, 'UNL:ILE:Hydrophobic': 1, 'UNL:LEU:Hydrophobic': 4, 'UNL:TRP:Hydrophobic': 1, 'UNL:TYR:HBAcceptor': 1, 'UNL:TYR:Hydrophobic': 2, 'UNL:TYR:VdWContact': 2, 'UNL:VAL:Hydrophobic': 2}"
876,AF3,1OYT_FSN,0.0,1.0,"{'UNL:ALA:VdWContact': 1, 'UNL:ASN:VdWContact': 1, 'UNL:ASP:HBDonor': 1, 'UNL:ASP:VdWContact': 1, 'UNL:GLU:VdWContact': 1, 'UNL:GLY:HBAcceptor': 1, 'UNL:GLY:HBDonor': 1, 'UNL:GLY:VdWContact': 2, 'UNL:HIS:VdWContact': 1, 'UNL:ILE:VdWContact': 1, 'UNL:LEU:Hydrophobic': 1, 'UNL:SER:VdWContact': 2, 'UNL:TRP:Hydrophobic': 1, 'UNL:TRP:VdWContact': 1, 'UNL:TYR:VdWContact': 1}","{'UNL:ALA:VdWContact': 1, 'UNL:ASN:VdWContact': 1, 'UNL:ASP:HBDonor': 1, 'UNL:ASP:VdWContact': 1, 'UNL:GLU:Hydrophobic': 1, 'UNL:GLY:HBAcceptor': 1, 'UNL:GLY:HBDonor': 1, 'UNL:GLY:VdWContact': 2, 'UNL:HIS:VdWContact': 1, 'UNL:ILE:Hydrophobic': 1, 'UNL:LEU:Hydrophobic': 1, 'UNL:SER:VdWContact': 1, 'UNL:TRP:Hydrophobic': 2, 'UNL:TRP:VdWContact': 1, 'UNL:VAL:Hydrophobic': 1}"
877,AF3,1UNL_RRC,0.31818181818181823,0.8727272727272727,"{'UNL:ALA:VdWContact': 1, 'UNL:ASN:Hydrophobic': 1, 'UNL:ASN:VdWContact': 1, 'UNL:ASP:VdWContact': 1, 'UNL:CYS:HBAcceptor': 1, 'UNL:CYS:HBDonor': 1, 'UNL:CYS:VdWContact': 1, 'UNL:GLN:VdWContact': 1, 'UNL:GLU:VdWContact': 1, 'UNL:GLY:VdWContact': 1, 'UNL:ILE:Hydrophobic': 1, 'UNL:ILE:VdWContact': 1, 'UNL:LEU:VdWContact': 1, 'UNL:LYS:Hydrophobic': 1, 'UNL:LYS:VdWContact': 1, 'UNL:PHE:VdWContact': 1, 'UNL:VAL:VdWContact': 1}","{'UNL:ALA:Hydrophobic': 2, 'UNL:ALA:VdWContact': 1, 'UNL:ASP:VdWContact': 1, 'UNL:CYS:HBAcceptor': 1, 'UNL:CYS:HBDonor': 1, 'UNL:CYS:VdWContact': 1, 'UNL:GLN:HBDonor': 1, 'UNL:GLN:VdWContact': 2, 'UNL:GLU:VdWContact': 2, 'UNL:ILE:Hydrophobic': 1, 'UNL:ILE:VdWContact': 1, 'UNL:LEU:Hydrophobic': 1, 'UNL:LYS:Hydrophobic': 2, 'UNL:PHE:Hydrophobic': 2, 'UNL:PHE:VdWContact': 1, 'UNL:VAL:Hydrophobic': 2, 'UNL:VAL:VdWContact': 2}"
878,AF3,1U1C_BAU,0.25,0.9,"{'UNL:ARG:HBAcceptor': 1, 'UNL:ARG:VdWContact': 1, 'UNL:GLN:HBAcceptor': 1, 'UNL:GLN:HBDonor': 1, 'UNL:GLN:VdWContact': 1, 'UNL:GLU:VdWContact': 1, 'UNL:HIS:VdWContact': 1, 'UNL:ILE:Hydrophobic': 1, 'UNL:ILE:VdWContact': 1, 'UNL:PHE:Hydrophobic': 1, 'UNL:PHE:VdWContact': 1, 'UNL:THR:VdWContact': 1, 'UNL:VAL:Hydrophobic': 1}","{'UNL:ARG:HBAcceptor': 1, 'UNL:ARG:VdWContact': 1, 'UNL:GLN:HBAcceptor': 1, 'UNL:GLN:HBDonor': 1, 'UNL:GLN:VdWContact': 1, 'UNL:GLU:VdWContact': 1, 'UNL:HIS:HBDonor': 1, 'UNL:HIS:VdWContact': 1, 'UNL:ILE:Hydrophobic': 1, 'UNL:ILE:VdWContact': 1, 'UNL:MET:VdWContact': 1, 'UNL:PHE:Hydrophobic': 2, 'UNL:PHE:VdWContact': 1, 'UNL:PRO:Hydrophobic': 1, 'UNL:THR:VdWContact': 1, 'UNL:VAL:Hydrophobic': 1}"
879,AF3,1K3U_IAD,0.7142857142857143,0.7142857142857143,"{'UNL:ASP:VdWContact': 1, 'UNL:GLY:HBAcceptor': 3, 'UNL:GLY:HBDonor': 1, 'UNL:GLY:VdWContact': 3, 'UNL:ILE:VdWContact': 1, 'UNL:LEU:Hydrophobic': 1, 'UNL:PHE:Hydrophobic': 1, 'UNL:PHE:VdWContact': 2, 'UNL:SER:VdWContact': 2, 'UNL:THR:VdWContact': 1, 'UNL:TYR:HBAcceptor': 1, 'UNL:TYR:VdWContact': 1}","{'UNL:ALA:Hydrophobic': 2, 'UNL:ASP:HBDonor': 1, 'UNL:ASP:VdWContact': 1, 'UNL:GLY:HBAcceptor': 3, 'UNL:GLY:HBDonor': 1, 'UNL:GLY:VdWContact': 4, 'UNL:ILE:HBAcceptor': 1, 'UNL:ILE:Hydrophobic': 3, 'UNL:ILE:VdWContact': 3, 'UNL:LEU:Hydrophobic': 2, 'UNL:PHE:HBAcceptor': 1, 'UNL:PHE:HBDonor': 1, 'UNL:PHE:Hydrophobic': 2, 'UNL:PHE:VdWContact': 2, 'UNL:SER:HBAcceptor': 1, 'UNL:SER:VdWContact': 1, 'UNL:THR:Hydrophobic': 1, 'UNL:THR:VdWContact': 1, 'UNL:TYR:Hydrophobic': 1, 'UNL:TYR:VdWContact': 1}"
880,AF3,1G9V_RQ3,0.16666666666666674,0.9333333333333333,"{'UNL:ARG:HBAcceptor': 1, 'UNL:ARG:VdWContact': 1, 'UNL:ASN:VdWContact': 1, 'UNL:HIS:Hydrophobic': 1, 'UNL:HIS:VdWContact': 1, 'UNL:LYS:Hydrophobic': 1, 'UNL:LYS:VdWContact': 1, 'UNL:PRO:VdWContact': 1, 'UNL:THR:VdWContact': 1, 'UNL:TRP:VdWContact': 1, 'UNL:TYR:VdWContact': 1}","{'UNL:ARG:Hydrophobic': 1, 'UNL:ARG:VdWContact': 1, 'UNL:ASN:VdWContact': 1, 'UNL:HIS:Hydrophobic': 1, 'UNL:LEU:Hydrophobic': 2, 'UNL:LYS:Hydrophobic': 1, 'UNL:LYS:VdWContact': 1, 'UNL:PHE:Hydrophobic': 1, 'UNL:PRO:Hydrophobic': 1, 'UNL:TRP:Hydrophobic': 1, 'UNL:TYR:Hydrophobic': 2, 'UNL:VAL:Hydrophobic': 1}"
881,AF3,1YV3_BIT,,0.0,,
882,AF3,1IA1_TQ3,0.14285714285714282,0.9428571428571428,"{'UNL:GLU:HBDonor': 1, 'UNL:GLU:VdWContact': 1, 'UNL:ILE:HBDonor': 1, 'UNL:ILE:Hydrophobic': 3, 'UNL:ILE:VdWContact': 3, 'UNL:MET:Hydrophobic': 1, 'UNL:PHE:Hydrophobic': 1, 'UNL:PHE:VdWContact': 1, 'UNL:TYR:VdWContact': 1, 'UNL:VAL:VdWContact': 1}","{'UNL:ALA:Hydrophobic': 1, 'UNL:GLU:HBDonor': 1, 'UNL:GLU:VdWContact': 1, 'UNL:ILE:HBDonor': 1, 'UNL:ILE:Hydrophobic': 4, 'UNL:ILE:VdWContact': 3, 'UNL:LEU:Hydrophobic': 1, 'UNL:MET:Hydrophobic': 1, 'UNL:MET:VdWContact': 1, 'UNL:PHE:Hydrophobic': 1, 'UNL:THR:Hydrophobic': 1}"
883,AF3,1Q1G_MTI,1.1764705882352942,0.5294117647058824,{},"{'UNL:ASP:HBDonor': 1, 'UNL:ASP:VdWContact': 1, 'UNL:CYS:VdWContact': 1, 'UNL:GLU:HBDonor': 1, 'UNL:GLU:Hydrophobic': 1, 'UNL:GLU:VdWContact': 2, 'UNL:GLY:VdWContact': 1, 'UNL:MET:HBAcceptor': 1, 'UNL:MET:Hydrophobic': 1, 'UNL:MET:VdWContact': 1, 'UNL:SER:VdWContact': 1, 'UNL:TRP:Hydrophobic': 1, 'UNL:TRP:VdWContact': 1, 'UNL:TYR:Hydrophobic': 1, 'UNL:TYR:VdWContact': 1, 'UNL:VAL:Hydrophobic': 3, 'UNL:VAL:VdWContact': 1}"
884,AF3,1R1H_BIR,0.2631578947368421,0.8947368421052632,"{'UNL:ALA:VdWContact': 1, 'UNL:ARG:HBAcceptor': 1, 'UNL:ARG:VdWContact': 2, 'UNL:ASN:HBAcceptor': 1, 'UNL:ASN:HBDonor': 1, 'UNL:ASN:VdWContact': 1, 'UNL:GLU:VdWContact': 2, 'UNL:HIS:Hydrophobic': 1, 'UNL:HIS:VdWContact': 3, 'UNL:MET:Hydrophobic': 1, 'UNL:MET:VdWContact': 1, 'UNL:PHE:Hydrophobic': 1, 'UNL:PHE:VdWContact': 2, 'UNL:TRP:VdWContact': 1, 'UNL:VAL:Hydrophobic': 2}","{'UNL:ALA:Hydrophobic': 1, 'UNL:ALA:VdWContact': 1, 'UNL:ARG:HBAcceptor': 1, 'UNL:ARG:VdWContact': 1, 'UNL:ASN:HBAcceptor': 1, 'UNL:ASN:HBDonor': 1, 'UNL:ASN:VdWContact': 1, 'UNL:GLU:HBDonor': 1, 'UNL:GLU:VdWContact': 1, 'UNL:HIS:Hydrophobic': 1, 'UNL:HIS:VdWContact': 2, 'UNL:MET:Hydrophobic': 1, 'UNL:PHE:Hydrophobic': 3, 'UNL:PHE:VdWContact': 1, 'UNL:TRP:Hydrophobic': 1, 'UNL:TRP:VdWContact': 1, 'UNL:VAL:Hydrophobic': 2, 'UNL:VAL:VdWContact': 1}"
885,AF3,1YVF_PH7,0.10526315789473684,0.9578947368421052,"{'UNL:ARG:VdWContact': 1, 'UNL:ASN:Hydrophobic': 1, 'UNL:CYS:Hydrophobic': 1, 'UNL:CYS:VdWContact': 1, 'UNL:GLN:VdWContact': 1, 'UNL:GLY:VdWContact': 1, 'UNL:LEU:Hydrophobic': 1, 'UNL:LEU:VdWContact': 1, 'UNL:MET:Hydrophobic': 1, 'UNL:MET:VdWContact': 1, 'UNL:PRO:VdWContact': 1, 'UNL:SER:VdWContact': 2, 'UNL:TYR:HBAcceptor': 1, 'UNL:TYR:VdWContact': 2}","{'UNL:ARG:Hydrophobic': 1, 'UNL:ASN:Hydrophobic': 1, 'UNL:ASN:VdWContact': 1, 'UNL:CYS:Hydrophobic': 1, 'UNL:CYS:VdWContact': 1, 'UNL:GLN:VdWContact': 1, 'UNL:LEU:Hydrophobic': 1, 'UNL:MET:Hydrophobic': 1, 'UNL:MET:VdWContact': 1, 'UNL:PHE:Hydrophobic': 1, 'UNL:PRO:Hydrophobic': 1, 'UNL:PRO:VdWContact': 1, 'UNL:SER:VdWContact': 2, 'UNL:TYR:HBAcceptor': 1, 'UNL:TYR:Hydrophobic': 2, 'UNL:TYR:VdWContact': 1}"
886,AF3,1YQY_915,0.2631578947368421,0.8947368421052632,"{'UNL:GLU:VdWContact': 3, 'UNL:GLY:HBAcceptor': 1, 'UNL:GLY:HBDonor': 1, 'UNL:GLY:VdWContact': 1, 'UNL:HIS:HBAcceptor': 1, 'UNL:HIS:HBDonor': 1, 'UNL:HIS:Hydrophobic': 1, 'UNL:HIS:VdWContact': 2, 'UNL:LEU:Hydrophobic': 1, 'UNL:LEU:VdWContact': 1, 'UNL:LYS:Hydrophobic': 1, 'UNL:LYS:VdWContact': 1, 'UNL:SER:VdWContact': 1, 'UNL:TYR:VdWContact': 1, 'UNL:VAL:VdWContact': 1}","{'UNL:ASP:Hydrophobic': 1, 'UNL:GLU:VdWContact': 3, 'UNL:GLY:HBAcceptor': 1, 'UNL:GLY:HBDonor': 1, 'UNL:GLY:VdWContact': 1, 'UNL:HIS:HBAcceptor': 1, 'UNL:HIS:HBDonor': 1, 'UNL:HIS:Hydrophobic': 1, 'UNL:HIS:VdWContact': 1, 'UNL:LEU:Hydrophobic': 2, 'UNL:LEU:VdWContact': 2, 'UNL:LYS:Hydrophobic': 1, 'UNL:SER:VdWContact': 1, 'UNL:TYR:HBDonor': 1, 'UNL:TYR:Hydrophobic': 1, 'UNL:TYR:VdWContact': 1, 'UNL:VAL:Hydrophobic': 2, 'UNL:VAL:VdWContact': 1}"
887,AF3,1HWW_SWA,0.5454545454545455,0.7818181818181817,"{'UNL:ARG:VdWContact': 1, 'UNL:ASP:HBDonor': 2, 'UNL:ASP:VdWContact': 4, 'UNL:HIS:VdWContact': 1, 'UNL:PHE:VdWContact': 1, 'UNL:TRP:VdWContact': 2, 'UNL:TYR:VdWContact': 2}","{'UNL:ARG:VdWContact': 1, 'UNL:ASP:HBDonor': 1, 'UNL:ASP:VdWContact': 3, 'UNL:HIS:VdWContact': 1, 'UNL:PHE:Hydrophobic': 1, 'UNL:PHE:VdWContact': 1, 'UNL:TRP:HBDonor': 1, 'UNL:TRP:Hydrophobic': 1, 'UNL:TRP:VdWContact': 2, 'UNL:TYR:Hydrophobic': 1, 'UNL:TYR:VdWContact': 2}"
888,AF3,1T40_ID5,0.7777777777777779,0.6888888888888889,"{'UNL:CYS:Hydrophobic': 1, 'UNL:HIS:HBAcceptor': 1, 'UNL:HIS:VdWContact': 1, 'UNL:LEU:Hydrophobic': 1, 'UNL:THR:VdWContact': 1, 'UNL:TRP:HBAcceptor': 1, 'UNL:TRP:Hydrophobic': 2, 'UNL:TRP:VdWContact': 2, 'UNL:TYR:VdWContact': 2}","{'UNL:CYS:Hydrophobic': 1, 'UNL:CYS:VdWContact': 2, 'UNL:HIS:HBAcceptor': 1, 'UNL:HIS:HBDonor': 1, 'UNL:HIS:VdWContact': 1, 'UNL:LEU:HBAcceptor': 1, 'UNL:LEU:Hydrophobic': 1, 'UNL:LEU:VdWContact': 1, 'UNL:PHE:Hydrophobic': 2, 'UNL:THR:Hydrophobic': 1, 'UNL:THR:VdWContact': 1, 'UNL:TRP:HBAcceptor': 1, 'UNL:TRP:Hydrophobic': 4, 'UNL:TRP:VdWContact': 2, 'UNL:TYR:Hydrophobic': 2, 'UNL:TYR:VdWContact': 2, 'UNL:VAL:Hydrophobic': 1, 'UNL:VAL:VdWContact': 1}"
889,AF3,1GKC_NFH,0.3684210526315789,0.8526315789473684,"{'UNL:ALA:VdWContact': 1, 'UNL:GLU:VdWContact': 1, 'UNL:GLY:HBDonor': 1, 'UNL:GLY:VdWContact': 1, 'UNL:HIS:HBAcceptor': 2, 'UNL:HIS:VdWContact': 3, 'UNL:LEU:HBAcceptor': 1, 'UNL:LEU:VdWContact': 1, 'UNL:PRO:HBDonor': 1, 'UNL:PRO:VdWContact': 1, 'UNL:TYR:HBAcceptor': 1, 'UNL:TYR:Hydrophobic': 1, 'UNL:TYR:VdWContact': 1, 'UNL:VAL:VdWContact': 1}","{'UNL:ALA:VdWContact': 1, 'UNL:GLU:VdWContact': 1, 'UNL:GLY:HBDonor': 1, 'UNL:GLY:VdWContact': 1, 'UNL:HIS:HBAcceptor': 1, 'UNL:HIS:Hydrophobic': 1, 'UNL:HIS:VdWContact': 2, 'UNL:LEU:HBAcceptor': 1, 'UNL:LEU:Hydrophobic': 1, 'UNL:LEU:VdWContact': 1, 'UNL:MET:Hydrophobic': 1, 'UNL:MET:VdWContact': 1, 'UNL:PRO:HBDonor': 1, 'UNL:PRO:VdWContact': 1, 'UNL:TYR:HBAcceptor': 1, 'UNL:TYR:Hydrophobic': 1, 'UNL:TYR:VdWContact': 1, 'UNL:VAL:Hydrophobic': 1, 'UNL:VAL:VdWContact': 1}"
890,AF3,1N1M_A3M,1.2727272727272725,0.49090909090909096,"{'UNL:LIG:VdWContact': 1, 'UNL:SER:VdWContact': 1, 'UNL:TYR:VdWContact': 1}","{'UNL:ASN:HBAcceptor': 1, 'UNL:ASN:VdWContact': 1, 'UNL:GLU:HBDonor': 2, 'UNL:GLU:VdWContact': 2, 'UNL:PHE:Hydrophobic': 1, 'UNL:SER:VdWContact': 1, 'UNL:TRP:Hydrophobic': 1, 'UNL:TYR:Hydrophobic': 3, 'UNL:TYR:VdWContact': 3, 'UNL:VAL:Hydrophobic': 2}"
891,AF3,1Z95_198,0.5999999999999999,0.76,"{'UNL:ARG:VdWContact': 1, 'UNL:ASN:VdWContact': 1, 'UNL:GLY:VdWContact': 1, 'UNL:ILE:Hydrophobic': 1, 'UNL:ILE:VdWContact': 1, 'UNL:LEU:HBDonor': 1, 'UNL:LEU:Hydrophobic': 2, 'UNL:LEU:VdWContact': 2, 'UNL:MET:Hydrophobic': 2, 'UNL:MET:VdWContact': 2, 'UNL:PHE:VdWContact': 1, 'UNL:THR:VdWContact': 1}","{'UNL:ARG:VdWContact': 1, 'UNL:ASN:VdWContact': 1, 'UNL:GLY:VdWContact': 1, 'UNL:ILE:Hydrophobic': 2, 'UNL:ILE:VdWContact': 1, 'UNL:LEU:HBDonor': 1, 'UNL:LEU:Hydrophobic': 4, 'UNL:LEU:VdWContact': 2, 'UNL:MET:Hydrophobic': 3, 'UNL:MET:VdWContact': 3, 'UNL:PHE:Hydrophobic': 2, 'UNL:PHE:VdWContact': 1, 'UNL:THR:Hydrophobic': 1, 'UNL:THR:VdWContact': 1, 'UNL:VAL:Hydrophobic': 1}"
892,AF3,1HP0_AD3,0.08333333333333337,0.9666666666666667,"{'UNL:ASN:HBAcceptor': 2, 'UNL:ASN:HBDonor': 1, 'UNL:ASN:VdWContact': 3, 'UNL:ASP:HBDonor': 1, 'UNL:ASP:VdWContact': 3, 'UNL:GLU:VdWContact': 1, 'UNL:MET:VdWContact': 1, 'UNL:THR:VdWContact': 1, 'UNL:TRP:Hydrophobic': 1, 'UNL:TRP:VdWContact': 1}","{'UNL:ASN:HBAcceptor': 2, 'UNL:ASN:Hydrophobic': 1, 'UNL:ASN:VdWContact': 3, 'UNL:ASP:VdWContact': 3, 'UNL:GLU:VdWContact': 1, 'UNL:MET:VdWContact': 1, 'UNL:THR:VdWContact': 1, 'UNL:TRP:Hydrophobic': 2, 'UNL:TRP:VdWContact': 1, 'UNL:TYR:VdWContact': 1}"
893,AF3,1OF1_SCT,0.35294117647058815,0.8588235294117648,"{'UNL:ALA:VdWContact': 1, 'UNL:ARG:HBAcceptor': 1, 'UNL:ARG:VdWContact': 2, 'UNL:GLN:HBAcceptor': 1, 'UNL:GLN:HBDonor': 1, 'UNL:GLN:VdWContact': 1, 'UNL:GLU:VdWContact': 2, 'UNL:HIS:VdWContact': 1, 'UNL:ILE:Hydrophobic': 1, 'UNL:MET:VdWContact': 1, 'UNL:TYR:Hydrophobic': 1, 'UNL:TYR:VdWContact': 2}","{'UNL:ALA:Hydrophobic': 2, 'UNL:ALA:VdWContact': 1, 'UNL:ARG:HBAcceptor': 1, 'UNL:ARG:HBDonor': 1, 'UNL:ARG:VdWContact': 1, 'UNL:GLN:HBAcceptor': 1, 'UNL:GLN:HBDonor': 1, 'UNL:GLN:VdWContact': 1, 'UNL:GLU:VdWContact': 2, 'UNL:HIS:Hydrophobic': 1, 'UNL:HIS:VdWContact': 1, 'UNL:ILE:Hydrophobic': 2, 'UNL:MET:Hydrophobic': 1, 'UNL:TRP:Hydrophobic': 1, 'UNL:TYR:Hydrophobic': 2, 'UNL:TYR:VdWContact': 2}"
894,AF3,1SJ0_E4D,0.6363636363636362,0.7454545454545455,"{'UNL:ARG:HBAcceptor': 1, 'UNL:ARG:VdWContact': 1, 'UNL:ASP:VdWContact': 1, 'UNL:GLU:HBDonor': 1, 'UNL:GLU:VdWContact': 1, 'UNL:GLY:VdWContact': 1, 'UNL:HIS:HBDonor': 1, 'UNL:HIS:VdWContact': 1, 'UNL:LEU:Hydrophobic': 4, 'UNL:LEU:VdWContact': 2, 'UNL:MET:Hydrophobic': 1, 'UNL:THR:VdWContact': 1}","{'UNL:ALA:Hydrophobic': 1, 'UNL:ARG:HBAcceptor': 1, 'UNL:ARG:VdWContact': 1, 'UNL:ASP:VdWContact': 1, 'UNL:CYS:Hydrophobic': 1, 'UNL:CYS:VdWContact': 1, 'UNL:GLU:VdWContact': 1, 'UNL:HIS:HBDonor': 1, 'UNL:HIS:Hydrophobic': 1, 'UNL:HIS:VdWContact': 1, 'UNL:ILE:Hydrophobic': 1, 'UNL:LEU:HBDonor': 1, 'UNL:LEU:Hydrophobic': 7, 'UNL:LEU:VdWContact': 3, 'UNL:MET:Hydrophobic': 3, 'UNL:MET:VdWContact': 1, 'UNL:PHE:Hydrophobic': 1, 'UNL:THR:VdWContact': 1, 'UNL:TRP:Hydrophobic': 1, 'UNL:TRP:VdWContact': 1}"
895,AF3,1U4D_DBQ,0.2857142857142858,0.8857142857142857,"{'UNL:ALA:HBAcceptor': 1, 'UNL:ALA:VdWContact': 1, 'UNL:ASP:VdWContact': 1, 'UNL:GLY:VdWContact': 2, 'UNL:LEU:VdWContact': 2, 'UNL:LYS:HBAcceptor': 1, 'UNL:VAL:Hydrophobic': 1, 'UNL:VAL:VdWContact': 1}","{'UNL:ALA:HBAcceptor': 1, 'UNL:ALA:Hydrophobic': 1, 'UNL:ALA:VdWContact': 1, 'UNL:ASP:HBDonor': 1, 'UNL:ASP:VdWContact': 1, 'UNL:GLU:HBDonor': 1, 'UNL:GLU:VdWContact': 1, 'UNL:LEU:Hydrophobic': 2, 'UNL:LEU:VdWContact': 1, 'UNL:LYS:VdWContact': 1, 'UNL:VAL:Hydrophobic': 1}"
896,AF3,1Q41_IXM,0.17647058823529413,0.9294117647058824,"{'UNL:ALA:VdWContact': 1, 'UNL:ARG:VdWContact': 1, 'UNL:ASP:HBDonor': 1, 'UNL:ASP:VdWContact': 1, 'UNL:CYS:Hydrophobic': 1, 'UNL:LEU:Hydrophobic': 1, 'UNL:LEU:VdWContact': 2, 'UNL:PRO:VdWContact': 1, 'UNL:TYR:VdWContact': 1, 'UNL:VAL:HBAcceptor': 1, 'UNL:VAL:HBDonor': 1, 'UNL:VAL:VdWContact': 1}","{'UNL:ALA:Hydrophobic': 1, 'UNL:ASP:HBDonor': 1, 'UNL:ASP:VdWContact': 1, 'UNL:CYS:Hydrophobic': 1, 'UNL:ILE:Hydrophobic': 1, 'UNL:LEU:Hydrophobic': 2, 'UNL:PRO:VdWContact': 1, 'UNL:THR:Hydrophobic': 1, 'UNL:TYR:Hydrophobic': 1, 'UNL:TYR:VdWContact': 1, 'UNL:VAL:HBAcceptor': 1, 'UNL:VAL:HBDonor': 1, 'UNL:VAL:Hydrophobic': 2, 'UNL:VAL:VdWContact': 1}"
897,AF3,1OWE_675,0.09090909090909083,0.9636363636363636,"{'UNL:ASP:HBDonor': 1, 'UNL:ASP:VdWContact': 1, 'UNL:GLN:Hydrophobic': 1, 'UNL:GLN:VdWContact': 1, 'UNL:GLY:HBDonor': 1, 'UNL:GLY:VdWContact': 2, 'UNL:HIS:Hydrophobic': 1, 'UNL:HIS:VdWContact': 1, 'UNL:SER:HBDonor': 1, 'UNL:SER:VdWContact': 2}","{'UNL:ASP:HBDonor': 1, 'UNL:ASP:VdWContact': 1, 'UNL:GLN:Hydrophobic': 1, 'UNL:GLN:VdWContact': 1, 'UNL:GLY:HBDonor': 1, 'UNL:GLY:VdWContact': 1, 'UNL:HIS:Hydrophobic': 1, 'UNL:HIS:VdWContact': 1, 'UNL:SER:VdWContact': 2, 'UNL:VAL:Hydrophobic': 1}"
898,AF3,1OQ5_CEL,0.3684210526315789,0.8526315789473684,"{'UNL:ASN:VdWContact': 1, 'UNL:HIS:HBDonor': 1, 'UNL:HIS:VdWContact': 3, 'UNL:LEU:Hydrophobic': 1, 'UNL:LEU:VdWContact': 1, 'UNL:PHE:VdWContact': 1, 'UNL:PRO:VdWContact': 1, 'UNL:THR:HBAcceptor': 1, 'UNL:THR:HBDonor': 1, 'UNL:THR:VdWContact': 2, 'UNL:TRP:VdWContact': 1}","{'UNL:ASN:Hydrophobic': 1, 'UNL:ASN:VdWContact': 1, 'UNL:GLN:Hydrophobic': 1, 'UNL:GLN:VdWContact': 1, 'UNL:GLU:Hydrophobic': 1, 'UNL:GLU:VdWContact': 1, 'UNL:HIS:HBDonor': 1, 'UNL:HIS:VdWContact': 1, 'UNL:LEU:Hydrophobic': 1, 'UNL:LEU:VdWContact': 1, 'UNL:PHE:Hydrophobic': 1, 'UNL:THR:HBAcceptor': 1, 'UNL:THR:HBDonor': 1, 'UNL:THR:Hydrophobic': 1, 'UNL:THR:VdWContact': 2, 'UNL:VAL:Hydrophobic': 1}"
899,AF3,1SG0_STL,0.0,1.0,"{'UNL:ASN:HBAcceptor': 1, 'UNL:ASN:HBDonor': 1, 'UNL:ASN:VdWContact': 1, 'UNL:GLY:HBDonor': 1, 'UNL:GLY:VdWContact': 2, 'UNL:PHE:Hydrophobic': 1, 'UNL:PHE:VdWContact': 3, 'UNL:TRP:VdWContact': 1}","{'UNL:ASN:HBAcceptor': 1, 'UNL:ASN:VdWContact': 1, 'UNL:GLY:HBDonor': 1, 'UNL:GLY:VdWContact': 1, 'UNL:PHE:Hydrophobic': 3, 'UNL:PHE:VdWContact': 2, 'UNL:TRP:Hydrophobic': 1, 'UNL:TRP:VdWContact': 1}"
900,AF3,2BR1_PFP,0.14285714285714293,0.9428571428571428,"{'UNL:ALA:VdWContact': 1, 'UNL:CYS:HBAcceptor': 1, 'UNL:CYS:VdWContact': 1, 'UNL:GLU:Hydrophobic': 1, 'UNL:GLU:VdWContact': 2, 'UNL:GLY:VdWContact': 1, 'UNL:LEU:Hydrophobic': 1, 'UNL:LEU:VdWContact': 1, 'UNL:SER:VdWContact': 1, 'UNL:VAL:Hydrophobic': 1, 'UNL:VAL:VdWContact': 1}","{'UNL:ALA:Hydrophobic': 1, 'UNL:ALA:VdWContact': 1, 'UNL:CYS:HBAcceptor': 1, 'UNL:CYS:Hydrophobic': 1, 'UNL:CYS:VdWContact': 1, 'UNL:GLU:Hydrophobic': 1, 'UNL:GLU:VdWContact': 2, 'UNL:LEU:Hydrophobic': 2, 'UNL:LEU:VdWContact': 1, 'UNL:SER:VdWContact': 1, 'UNL:TYR:Hydrophobic': 1, 'UNL:VAL:Hydrophobic': 1}"
901,AF3,1UOU_CMU,0.7333333333333334,0.7066666666666667,"{'UNL:ARG:HBAcceptor': 1, 'UNL:ARG:VdWContact': 1, 'UNL:LYS:VdWContact': 1, 'UNL:SER:HBDonor': 1, 'UNL:SER:VdWContact': 1, 'UNL:TYR:VdWContact': 1, 'UNL:VAL:VdWContact': 1}","{'UNL:ARG:HBAcceptor': 1, 'UNL:ARG:VdWContact': 2, 'UNL:GLY:VdWContact': 1, 'UNL:HIS:HBDonor': 1, 'UNL:HIS:VdWContact': 1, 'UNL:ILE:Hydrophobic': 2, 'UNL:LEU:Hydrophobic': 1, 'UNL:LEU:VdWContact': 1, 'UNL:LYS:VdWContact': 1, 'UNL:SER:HBDonor': 1, 'UNL:SER:VdWContact': 2, 'UNL:THR:VdWContact': 2, 'UNL:TYR:Hydrophobic': 1, 'UNL:TYR:VdWContact': 1}"
902,AF3,1TZ8_DES,0.4,0.84,"{'UNL:ALA:VdWContact': 2, 'UNL:LEU:Hydrophobic': 4, 'UNL:LEU:VdWContact': 3, 'UNL:LYS:Hydrophobic': 2, 'UNL:SER:HBAcceptor': 2, 'UNL:SER:HBDonor': 1, 'UNL:SER:VdWContact': 2}","{'UNL:ALA:Hydrophobic': 2, 'UNL:LEU:Hydrophobic': 4, 'UNL:LEU:VdWContact': 2, 'UNL:LYS:Hydrophobic': 2, 'UNL:LYS:VdWContact': 1, 'UNL:SER:HBAcceptor': 2, 'UNL:SER:HBDonor': 1, 'UNL:SER:VdWContact': 2, 'UNL:THR:Hydrophobic': 2}"
903,AF3,1R9O_FLP,0.6875,0.725,"{'UNL:ARG:HBAcceptor': 1, 'UNL:ARG:VdWContact': 1, 'UNL:LEU:Hydrophobic': 1, 'UNL:LEU:VdWContact': 1, 'UNL:PHE:VdWContact': 1, 'UNL:VAL:VdWContact': 2}","{'UNL:ALA:Hydrophobic': 1, 'UNL:ARG:HBAcceptor': 1, 'UNL:ARG:VdWContact': 1, 'UNL:ASN:HBAcceptor': 1, 'UNL:ASN:VdWContact': 1, 'UNL:ASP:VdWContact': 1, 'UNL:GLY:VdWContact': 1, 'UNL:ILE:Hydrophobic': 1, 'UNL:LEU:Hydrophobic': 4, 'UNL:MET:Hydrophobic': 1, 'UNL:MET:VdWContact': 1, 'UNL:THR:Hydrophobic': 1, 'UNL:VAL:Hydrophobic': 2, 'UNL:VAL:VdWContact': 1}"
904,AF3,1P2Y_NCT,0.7272727272727272,0.7090909090909091,"{'UNL:GLY:VdWContact': 1, 'UNL:TYR:VdWContact': 1, 'UNL:VAL:VdWContact': 1}","{'UNL:ASP:Hydrophobic': 1, 'UNL:ILE:Hydrophobic': 1, 'UNL:LEU:Hydrophobic': 1, 'UNL:LEU:VdWContact': 1, 'UNL:PHE:Hydrophobic': 1, 'UNL:PHE:VdWContact': 1, 'UNL:THR:Hydrophobic': 1, 'UNL:VAL:Hydrophobic': 2, 'UNL:VAL:VdWContact': 2}"
905,AF3,1V0P_PVB,0.22222222222222232,0.9111111111111111,"{'UNL:ALA:VdWContact': 1, 'UNL:ASP:VdWContact': 3, 'UNL:GLN:VdWContact': 1, 'UNL:GLU:VdWContact': 1, 'UNL:ILE:Hydrophobic': 1, 'UNL:ILE:VdWContact': 1, 'UNL:LEU:HBAcceptor': 1, 'UNL:LEU:HBDonor': 1, 'UNL:LEU:VdWContact': 2, 'UNL:LYS:Hydrophobic': 1, 'UNL:LYS:VdWContact': 1, 'UNL:PHE:VdWContact': 1, 'UNL:VAL:VdWContact': 2}","{'UNL:ALA:Hydrophobic': 2, 'UNL:ALA:VdWContact': 2, 'UNL:GLN:VdWContact': 1, 'UNL:GLU:VdWContact': 1, 'UNL:GLY:VdWContact': 2, 'UNL:ILE:Hydrophobic': 1, 'UNL:LEU:HBAcceptor': 1, 'UNL:LEU:HBDonor': 1, 'UNL:LEU:Hydrophobic': 1, 'UNL:LEU:VdWContact': 2, 'UNL:PHE:Hydrophobic': 1, 'UNL:VAL:Hydrophobic': 2, 'UNL:VAL:VdWContact': 2}"
906,AF3,1XOZ_CIA,0.5,0.8,"{'UNL:ALA:VdWContact': 1, 'UNL:GLN:HBDonor': 1, 'UNL:GLN:Hydrophobic': 1, 'UNL:GLN:VdWContact': 1, 'UNL:ILE:VdWContact': 1, 'UNL:LEU:VdWContact': 1, 'UNL:MET:Hydrophobic': 1, 'UNL:PHE:VdWContact': 2, 'UNL:VAL:Hydrophobic': 1, 'UNL:VAL:VdWContact': 1}","{'UNL:ALA:Hydrophobic': 2, 'UNL:GLN:HBDonor': 1, 'UNL:GLN:Hydrophobic': 1, 'UNL:GLN:VdWContact': 2, 'UNL:ILE:Hydrophobic': 2, 'UNL:ILE:VdWContact': 1, 'UNL:LEU:Hydrophobic': 1, 'UNL:LEU:VdWContact': 1, 'UNL:MET:Hydrophobic': 1, 'UNL:MET:VdWContact': 1, 'UNL:PHE:Hydrophobic': 2, 'UNL:PHE:VdWContact': 1, 'UNL:TYR:Hydrophobic': 1, 'UNL:VAL:Hydrophobic': 1, 'UNL:VAL:VdWContact': 1}"
907,AF3,1R55_097,0.5,0.8,"{'UNL:ALA:HBDonor': 1, 'UNL:ALA:VdWContact': 2, 'UNL:GLU:HBDonor': 1, 'UNL:GLU:VdWContact': 1, 'UNL:GLY:HBDonor': 1, 'UNL:GLY:VdWContact': 1, 'UNL:HIS:VdWContact': 3, 'UNL:THR:HBAcceptor': 1, 'UNL:THR:VdWContact': 3, 'UNL:VAL:HBAcceptor': 1, 'UNL:VAL:VdWContact': 1}","{'UNL:ALA:HBDonor': 2, 'UNL:ALA:Hydrophobic': 2, 'UNL:ALA:VdWContact': 2, 'UNL:GLU:VdWContact': 1, 'UNL:GLY:HBDonor': 1, 'UNL:GLY:VdWContact': 1, 'UNL:HIS:HBAcceptor': 1, 'UNL:HIS:Hydrophobic': 1, 'UNL:HIS:VdWContact': 3, 'UNL:THR:HBAcceptor': 1, 'UNL:THR:Hydrophobic': 2, 'UNL:THR:VdWContact': 2, 'UNL:VAL:HBAcceptor': 1, 'UNL:VAL:Hydrophobic': 1, 'UNL:VAL:VdWContact': 1}"
908,AF3,1YWR_LI9,0.3913043478260869,0.8434782608695652,"{'UNL:ALA:VdWContact': 1, 'UNL:ARG:HBAcceptor': 1, 'UNL:ARG:VdWContact': 1, 'UNL:ASP:Hydrophobic': 1, 'UNL:ASP:VdWContact': 2, 'UNL:HIS:VdWContact': 1, 'UNL:LEU:VdWContact': 1, 'UNL:LYS:HBAcceptor': 1, 'UNL:LYS:Hydrophobic': 1, 'UNL:LYS:VdWContact': 1, 'UNL:MET:HBAcceptor': 1, 'UNL:MET:HBDonor': 1, 'UNL:MET:VdWContact': 1, 'UNL:THR:VdWContact': 1, 'UNL:TYR:VdWContact': 1}","{'UNL:ALA:Hydrophobic': 1, 'UNL:ALA:VdWContact': 1, 'UNL:ASP:Hydrophobic': 1, 'UNL:ASP:VdWContact': 1, 'UNL:HIS:VdWContact': 1, 'UNL:ILE:Hydrophobic': 1, 'UNL:LEU:Hydrophobic': 4, 'UNL:LEU:VdWContact': 2, 'UNL:LYS:Hydrophobic': 1, 'UNL:LYS:VdWContact': 1, 'UNL:MET:HBAcceptor': 1, 'UNL:MET:HBDonor': 1, 'UNL:MET:Hydrophobic': 1, 'UNL:MET:VdWContact': 1, 'UNL:THR:Hydrophobic': 1, 'UNL:THR:VdWContact': 1, 'UNL:TYR:Hydrophobic': 1, 'UNL:TYR:VdWContact': 1, 'UNL:VAL:Hydrophobic': 2, 'UNL:VAL:VdWContact': 1}"
909,AF3,1HQ2_PH2,0.1764705882352941,0.9294117647058824,"{'UNL:ASN:HBAcceptor': 1, 'UNL:ASN:HBDonor': 1, 'UNL:ASN:VdWContact': 1, 'UNL:ASP:VdWContact': 1, 'UNL:LEU:HBAcceptor': 1, 'UNL:LEU:HBDonor': 1, 'UNL:LEU:VdWContact': 1, 'UNL:PHE:VdWContact': 1, 'UNL:PRO:HBDonor': 1, 'UNL:PRO:VdWContact': 1, 'UNL:THR:HBDonor': 1, 'UNL:THR:VdWContact': 1, 'UNL:TRP:VdWContact': 1}","{'UNL:ASN:HBAcceptor': 1, 'UNL:ASN:HBDonor': 1, 'UNL:ASN:VdWContact': 1, 'UNL:ASP:VdWContact': 1, 'UNL:LEU:HBAcceptor': 1, 'UNL:LEU:HBDonor': 1, 'UNL:LEU:Hydrophobic': 1, 'UNL:LEU:VdWContact': 1, 'UNL:PHE:Hydrophobic': 1, 'UNL:PHE:VdWContact': 1, 'UNL:PRO:HBDonor': 1, 'UNL:PRO:VdWContact': 1, 'UNL:THR:HBDonor': 1, 'UNL:THR:VdWContact': 1, 'UNL:TYR:Hydrophobic': 1, 'UNL:TYR:VdWContact': 1}"
910,AF3,1MZC_BNE,0.33333333333333337,0.8666666666666667,"{'UNL:ALA:VdWContact': 1, 'UNL:ARG:HBAcceptor': 1, 'UNL:ARG:VdWContact': 1, 'UNL:ASP:VdWContact': 1, 'UNL:CYS:VdWContact': 1, 'UNL:HIS:HBAcceptor': 1, 'UNL:HIS:VdWContact': 1, 'UNL:TRP:Hydrophobic': 1, 'UNL:TRP:VdWContact': 2, 'UNL:TYR:VdWContact': 2}","{'UNL:ALA:Hydrophobic': 1, 'UNL:ARG:HBAcceptor': 1, 'UNL:ARG:VdWContact': 1, 'UNL:ASP:VdWContact': 1, 'UNL:CYS:HBAcceptor': 1, 'UNL:CYS:VdWContact': 1, 'UNL:LEU:Hydrophobic': 1, 'UNL:SER:VdWContact': 1, 'UNL:TRP:Hydrophobic': 3, 'UNL:TRP:VdWContact': 2, 'UNL:TYR:Hydrophobic': 2, 'UNL:TYR:VdWContact': 2}"
911,AF3,1V4S_MRK,0.55,0.78,"{'UNL:ARG:HBAcceptor': 1, 'UNL:ARG:HBDonor': 1, 'UNL:ARG:VdWContact': 1, 'UNL:ILE:VdWContact': 1, 'UNL:LYS:Hydrophobic': 1, 'UNL:MET:Hydrophobic': 1, 'UNL:MET:VdWContact': 1, 'UNL:TYR:HBDonor': 1, 'UNL:TYR:VdWContact': 2, 'UNL:VAL:Hydrophobic': 1, 'UNL:VAL:VdWContact': 1}","{'UNL:ALA:Hydrophobic': 1, 'UNL:ARG:HBAcceptor': 1, 'UNL:ARG:HBDonor': 1, 'UNL:ARG:Hydrophobic': 1, 'UNL:ARG:VdWContact': 1, 'UNL:GLU:Hydrophobic': 1, 'UNL:ILE:Hydrophobic': 2, 'UNL:MET:Hydrophobic': 2, 'UNL:MET:VdWContact': 1, 'UNL:PRO:Hydrophobic': 1, 'UNL:THR:HBAcceptor': 1, 'UNL:THR:Hydrophobic': 1, 'UNL:THR:VdWContact': 1, 'UNL:TYR:HBDonor': 1, 'UNL:TYR:Hydrophobic': 2, 'UNL:TYR:VdWContact': 2, 'UNL:VAL:Hydrophobic': 3}"
912,AF3,1NAV_IH5,0.20000000000000012,0.9199999999999999,"{'UNL:ALA:VdWContact': 1, 'UNL:ARG:HBAcceptor': 1, 'UNL:ARG:HBDonor': 1, 'UNL:ARG:VdWContact': 1, 'UNL:GLY:VdWContact': 1, 'UNL:HIS:HBAcceptor': 1, 'UNL:HIS:HBDonor': 1, 'UNL:HIS:VdWContact': 1, 'UNL:LEU:Hydrophobic': 2, 'UNL:LEU:VdWContact': 2, 'UNL:MET:Hydrophobic': 3, 'UNL:MET:VdWContact': 3, 'UNL:PHE:Hydrophobic': 1, 'UNL:PHE:VdWContact': 1, 'UNL:SER:HBAcceptor': 1, 'UNL:SER:VdWContact': 1}","{'UNL:ALA:Hydrophobic': 2, 'UNL:GLY:VdWContact': 1, 'UNL:HIS:HBAcceptor': 1, 'UNL:HIS:VdWContact': 1, 'UNL:ILE:Hydrophobic': 1, 'UNL:ILE:VdWContact': 1, 'UNL:LEU:Hydrophobic': 3, 'UNL:LEU:VdWContact': 2, 'UNL:MET:Hydrophobic': 3, 'UNL:MET:VdWContact': 2, 'UNL:PHE:Hydrophobic': 3, 'UNL:PHE:VdWContact': 1, 'UNL:SER:HBAcceptor': 1, 'UNL:SER:VdWContact': 1, 'UNL:THR:Hydrophobic': 1}"
913,AF3,1JJE_BYS,0.13043478260869562,0.9478260869565217,"{'UNL:ASN:HBAcceptor': 1, 'UNL:ASN:HBDonor': 1, 'UNL:ASN:Hydrophobic': 1, 'UNL:ASN:VdWContact': 1, 'UNL:HIS:HBAcceptor': 1, 'UNL:HIS:HBDonor': 1, 'UNL:HIS:Hydrophobic': 2, 'UNL:HIS:VdWContact': 3, 'UNL:LYS:HBAcceptor': 1, 'UNL:LYS:VdWContact': 1, 'UNL:PHE:VdWContact': 1, 'UNL:SER:HBAcceptor': 1, 'UNL:SER:VdWContact': 1, 'UNL:TRP:Hydrophobic': 1, 'UNL:TRP:VdWContact': 1}","{'UNL:ASN:HBAcceptor': 1, 'UNL:ASN:Hydrophobic': 1, 'UNL:ASN:VdWContact': 1, 'UNL:ASP:Hydrophobic': 1, 'UNL:ASP:VdWContact': 1, 'UNL:CYS:VdWContact': 1, 'UNL:GLY:VdWContact': 1, 'UNL:HIS:HBDonor': 1, 'UNL:HIS:Hydrophobic': 2, 'UNL:HIS:VdWContact': 3, 'UNL:LYS:HBDonor': 1, 'UNL:LYS:VdWContact': 1, 'UNL:PHE:Hydrophobic': 1, 'UNL:TRP:Hydrophobic': 1, 'UNL:TRP:VdWContact': 1, 'UNL:VAL:Hydrophobic': 2, 'UNL:VAL:VdWContact': 1}"
914,AF3,1GM8_SOX,0.5833333333333333,0.7666666666666667,"{'UNL:ALA:HBAcceptor': 1, 'UNL:ALA:VdWContact': 1, 'UNL:ILE:VdWContact': 1, 'UNL:MET:Hydrophobic': 1, 'UNL:PHE:Hydrophobic': 1, 'UNL:PHE:VdWContact': 3, 'UNL:SER:VdWContact': 1}","{'UNL:ALA:Hydrophobic': 1, 'UNL:ALA:VdWContact': 1, 'UNL:GLN:VdWContact': 1, 'UNL:ILE:Hydrophobic': 1, 'UNL:ILE:VdWContact': 1, 'UNL:LEU:Hydrophobic': 1, 'UNL:MET:Hydrophobic': 1, 'UNL:PHE:Hydrophobic': 3, 'UNL:PHE:VdWContact': 3, 'UNL:PRO:Hydrophobic': 1, 'UNL:SER:VdWContact': 2}"
915,AF3,1J3J_CP6,0.05882352941176472,0.9764705882352941,"{'UNL:ASN:VdWContact': 1, 'UNL:ASP:HBDonor': 1, 'UNL:ASP:VdWContact': 1, 'UNL:CYS:VdWContact': 1, 'UNL:ILE:HBDonor': 2, 'UNL:ILE:VdWContact': 2, 'UNL:LEU:VdWContact': 1, 'UNL:MET:Hydrophobic': 1, 'UNL:MET:VdWContact': 1, 'UNL:PHE:Hydrophobic': 1, 'UNL:PHE:VdWContact': 1, 'UNL:SER:VdWContact': 1, 'UNL:TYR:VdWContact': 1}","{'UNL:ALA:Hydrophobic': 1, 'UNL:ASN:Hydrophobic': 1, 'UNL:ASN:VdWContact': 1, 'UNL:ASP:HBDonor': 1, 'UNL:ASP:VdWContact': 1, 'UNL:CYS:VdWContact': 1, 'UNL:ILE:HBDonor': 2, 'UNL:ILE:Hydrophobic': 2, 'UNL:ILE:VdWContact': 2, 'UNL:LEU:Hydrophobic': 1, 'UNL:MET:Hydrophobic': 1, 'UNL:PHE:Hydrophobic': 1, 'UNL:PHE:VdWContact': 1}"
916,AF3,1T9B_1CS,0.25,0.9,"{'UNL:ALA:VdWContact': 1, 'UNL:ARG:HBAcceptor': 1, 'UNL:ARG:VdWContact': 1, 'UNL:GLY:VdWContact': 1, 'UNL:LYS:VdWContact': 1, 'UNL:MET:VdWContact': 1, 'UNL:PHE:Hydrophobic': 1, 'UNL:PHE:VdWContact': 1, 'UNL:TRP:VdWContact': 1, 'UNL:VAL:Hydrophobic': 1, 'UNL:VAL:VdWContact': 1}","{'UNL:ALA:Hydrophobic': 2, 'UNL:ALA:VdWContact': 1, 'UNL:ARG:HBAcceptor': 1, 'UNL:ARG:VdWContact': 1, 'UNL:ASP:VdWContact': 1, 'UNL:MET:Hydrophobic': 1, 'UNL:MET:VdWContact': 1, 'UNL:PHE:Hydrophobic': 1, 'UNL:PHE:VdWContact': 1, 'UNL:PRO:Hydrophobic': 1, 'UNL:TRP:Hydrophobic': 1, 'UNL:VAL:Hydrophobic': 2, 'UNL:VAL:VdWContact': 1}"
917,AF3,1PMN_984,0.5,0.8,"{'UNL:ALA:VdWContact': 1, 'UNL:ASN:VdWContact': 1, 'UNL:GLU:VdWContact': 1, 'UNL:ILE:VdWContact': 2, 'UNL:LEU:Hydrophobic': 1, 'UNL:LEU:VdWContact': 1, 'UNL:LYS:Hydrophobic': 1, 'UNL:MET:HBAcceptor': 1, 'UNL:MET:HBDonor': 1, 'UNL:MET:Hydrophobic': 1, 'UNL:MET:VdWContact': 2, 'UNL:SER:VdWContact': 1, 'UNL:VAL:VdWContact': 1}","{'UNL:ALA:Hydrophobic': 1, 'UNL:ALA:VdWContact': 2, 'UNL:ASN:VdWContact': 1, 'UNL:ILE:Hydrophobic': 2, 'UNL:ILE:VdWContact': 2, 'UNL:LEU:Hydrophobic': 3, 'UNL:LEU:VdWContact': 2, 'UNL:LYS:Hydrophobic': 1, 'UNL:MET:HBAcceptor': 1, 'UNL:MET:Hydrophobic': 2, 'UNL:MET:VdWContact': 2, 'UNL:VAL:Hydrophobic': 2}"
918,AF3,1N2V_BDI,0.16666666666666669,0.9333333333333333,"{'UNL:ALA:VdWContact': 1, 'UNL:ASP:HBDonor': 1, 'UNL:ASP:VdWContact': 1, 'UNL:GLN:HBAcceptor': 1, 'UNL:GLN:VdWContact': 1, 'UNL:GLY:HBAcceptor': 1, 'UNL:GLY:VdWContact': 2, 'UNL:MET:Hydrophobic': 1, 'UNL:TYR:Hydrophobic': 1}","{'UNL:ALA:Hydrophobic': 1, 'UNL:ASP:HBDonor': 1, 'UNL:ASP:VdWContact': 1, 'UNL:CYS:Hydrophobic': 1, 'UNL:GLN:HBAcceptor': 1, 'UNL:GLN:VdWContact': 1, 'UNL:GLY:HBAcceptor': 1, 'UNL:GLY:VdWContact': 2, 'UNL:MET:Hydrophobic': 1, 'UNL:TYR:Hydrophobic': 1, 'UNL:TYR:VdWContact': 1}"
919,AF3,1GPK_HUP,0.9999999999999999,0.6000000000000001,"{'UNL:GLY:VdWContact': 2, 'UNL:HIS:VdWContact': 1, 'UNL:PHE:VdWContact': 1, 'UNL:TRP:Hydrophobic': 1, 'UNL:TRP:VdWContact': 1}","{'UNL:GLY:VdWContact': 3, 'UNL:HIS:VdWContact': 1, 'UNL:LEU:Hydrophobic': 1, 'UNL:PHE:Hydrophobic': 3, 'UNL:PHE:VdWContact': 2, 'UNL:TRP:Hydrophobic': 1, 'UNL:TRP:VdWContact': 1, 'UNL:TYR:Hydrophobic': 2, 'UNL:TYR:VdWContact': 1}"
920,AF3,1W1P_GIO,1.0833333333333333,0.5666666666666667,{'UNL:PHE:VdWContact': 1},"{'UNL:ALA:Hydrophobic': 1, 'UNL:ASP:Hydrophobic': 1, 'UNL:GLU:VdWContact': 1, 'UNL:MET:Hydrophobic': 1, 'UNL:MET:VdWContact': 1, 'UNL:PHE:Hydrophobic': 1, 'UNL:PHE:VdWContact': 1, 'UNL:TRP:HBAcceptor': 1, 'UNL:TRP:Hydrophobic': 1, 'UNL:TRP:VdWContact': 2, 'UNL:TYR:Hydrophobic': 1, 'UNL:TYR:VdWContact': 2}"
921,AF3,1OF6_DTY,,0.0,,
922,AF3,1S3V_TQD,0.21428571428571436,0.9142857142857143,"{'UNL:ALA:VdWContact': 1, 'UNL:ASN:VdWContact': 1, 'UNL:GLU:HBDonor': 1, 'UNL:GLU:VdWContact': 1, 'UNL:ILE:HBDonor': 1, 'UNL:ILE:Hydrophobic': 1, 'UNL:ILE:VdWContact': 2, 'UNL:PHE:Hydrophobic': 1, 'UNL:PHE:VdWContact': 2, 'UNL:PRO:VdWContact': 1, 'UNL:VAL:HBDonor': 1, 'UNL:VAL:VdWContact': 1}","{'UNL:GLU:HBDonor': 1, 'UNL:GLU:VdWContact': 1, 'UNL:ILE:HBDonor': 1, 'UNL:ILE:Hydrophobic': 1, 'UNL:ILE:VdWContact': 1, 'UNL:PHE:Hydrophobic': 2, 'UNL:PHE:VdWContact': 1, 'UNL:PRO:Hydrophobic': 1, 'UNL:SER:VdWContact': 1, 'UNL:VAL:VdWContact': 1}"
923,AF3,1Y6B_AAX,0.35294117647058815,0.8588235294117648,"{'UNL:ASN:HBAcceptor': 1, 'UNL:ASN:VdWContact': 1, 'UNL:CYS:HBAcceptor': 1, 'UNL:CYS:HBDonor': 1, 'UNL:CYS:VdWContact': 1, 'UNL:GLU:VdWContact': 2, 'UNL:GLY:VdWContact': 1, 'UNL:LEU:VdWContact': 2, 'UNL:LYS:Hydrophobic': 1, 'UNL:LYS:VdWContact': 1, 'UNL:PHE:Hydrophobic': 1, 'UNL:PHE:VdWContact': 1, 'UNL:VAL:VdWContact': 2}","{'UNL:ALA:Hydrophobic': 1, 'UNL:ASN:HBAcceptor': 1, 'UNL:ASN:VdWContact': 1, 'UNL:CYS:HBAcceptor': 1, 'UNL:CYS:HBDonor': 1, 'UNL:CYS:Hydrophobic': 1, 'UNL:CYS:VdWContact': 1, 'UNL:GLU:VdWContact': 2, 'UNL:GLY:VdWContact': 1, 'UNL:LEU:Hydrophobic': 2, 'UNL:LYS:Hydrophobic': 1, 'UNL:LYS:VdWContact': 1, 'UNL:PHE:Hydrophobic': 2, 'UNL:PHE:VdWContact': 1, 'UNL:VAL:Hydrophobic': 3, 'UNL:VAL:VdWContact': 2}"
924,AF3,1L2S_STC,0.3333333333333333,0.8666666666666667,"{'UNL:ALA:HBAcceptor': 1, 'UNL:ALA:VdWContact': 1, 'UNL:ASN:HBAcceptor': 1, 'UNL:ASN:VdWContact': 1, 'UNL:GLN:HBAcceptor': 1, 'UNL:GLN:VdWContact': 1, 'UNL:LEU:Hydrophobic': 1, 'UNL:SER:HBAcceptor': 1, 'UNL:SER:VdWContact': 1, 'UNL:THR:VdWContact': 1, 'UNL:TYR:Hydrophobic': 1}","{'UNL:ALA:HBAcceptor': 1, 'UNL:ALA:HBDonor': 1, 'UNL:ALA:VdWContact': 1, 'UNL:ASN:HBAcceptor': 1, 'UNL:ASN:VdWContact': 1, 'UNL:GLN:VdWContact': 1, 'UNL:GLY:VdWContact': 1, 'UNL:LEU:Hydrophobic': 2, 'UNL:SER:HBAcceptor': 1, 'UNL:SER:VdWContact': 1, 'UNL:THR:Hydrophobic': 1, 'UNL:THR:VdWContact': 1, 'UNL:TYR:Hydrophobic': 2, 'UNL:VAL:Hydrophobic': 1}"
925,AF3,1W2G_THM,0.28571428571428564,0.8857142857142858,"{'UNL:ARG:HBAcceptor': 1, 'UNL:ARG:VdWContact': 2, 'UNL:ASN:HBDonor': 1, 'UNL:ASN:VdWContact': 1, 'UNL:ASP:HBDonor': 1, 'UNL:ASP:VdWContact': 1, 'UNL:PHE:Hydrophobic': 1, 'UNL:PRO:VdWContact': 1, 'UNL:TYR:HBAcceptor': 1, 'UNL:TYR:VdWContact': 2}","{'UNL:ARG:HBAcceptor': 1, 'UNL:ARG:Hydrophobic': 1, 'UNL:ARG:VdWContact': 1, 'UNL:ASN:HBDonor': 1, 'UNL:ASN:Hydrophobic': 1, 'UNL:ASN:VdWContact': 1, 'UNL:ASP:VdWContact': 1, 'UNL:PHE:Hydrophobic': 2, 'UNL:PRO:Hydrophobic': 1, 'UNL:PRO:VdWContact': 1, 'UNL:TYR:Hydrophobic': 2, 'UNL:TYR:VdWContact': 3}"
926,AF3,1TOW_CRZ,0.7142857142857143,0.7142857142857143,"{'UNL:ARG:HBAcceptor': 1, 'UNL:ARG:VdWContact': 1, 'UNL:ASP:Hydrophobic': 1, 'UNL:MET:Hydrophobic': 1, 'UNL:PHE:VdWContact': 1, 'UNL:PRO:VdWContact': 1, 'UNL:TYR:VdWContact': 1}","{'UNL:ALA:Hydrophobic': 3, 'UNL:ARG:HBAcceptor': 1, 'UNL:ARG:HBDonor': 1, 'UNL:ARG:VdWContact': 1, 'UNL:ASP:Hydrophobic': 1, 'UNL:CYS:VdWContact': 1, 'UNL:ILE:Hydrophobic': 1, 'UNL:MET:Hydrophobic': 1, 'UNL:PHE:Hydrophobic': 2, 'UNL:PHE:VdWContact': 1, 'UNL:PRO:Hydrophobic': 1, 'UNL:PRO:VdWContact': 1, 'UNL:TYR:VdWContact': 1, 'UNL:VAL:Hydrophobic': 1}"
927,AF3,1XM6_5RM,0.4666666666666667,0.8133333333333334,"{'UNL:GLN:HBAcceptor': 1, 'UNL:GLN:VdWContact': 1, 'UNL:ILE:Hydrophobic': 1, 'UNL:ILE:VdWContact': 1, 'UNL:LEU:VdWContact': 1, 'UNL:MET:Hydrophobic': 1, 'UNL:MET:VdWContact': 1, 'UNL:PHE:Hydrophobic': 1, 'UNL:PHE:VdWContact': 2, 'UNL:SER:VdWContact': 1, 'UNL:TYR:VdWContact': 1}","{'UNL:ASN:VdWContact': 1, 'UNL:GLN:HBAcceptor': 1, 'UNL:GLN:VdWContact': 1, 'UNL:ILE:Hydrophobic': 1, 'UNL:ILE:VdWContact': 1, 'UNL:LEU:Hydrophobic': 2, 'UNL:LEU:VdWContact': 1, 'UNL:MET:Hydrophobic': 3, 'UNL:MET:VdWContact': 1, 'UNL:PHE:Hydrophobic': 3, 'UNL:PHE:VdWContact': 2, 'UNL:THR:VdWContact': 1, 'UNL:TYR:Hydrophobic': 1}"
928,AF3,1YGC_905,0.22222222222222227,0.9111111111111111,"{'UNL:ASP:HBDonor': 1, 'UNL:ASP:VdWContact': 2, 'UNL:GLY:HBDonor': 1, 'UNL:GLY:VdWContact': 3, 'UNL:HIS:Hydrophobic': 1, 'UNL:HIS:VdWContact': 1, 'UNL:LYS:VdWContact': 1, 'UNL:SER:HBAcceptor': 1, 'UNL:SER:HBDonor': 1, 'UNL:SER:VdWContact': 3, 'UNL:THR:VdWContact': 2, 'UNL:TRP:Hydrophobic': 1, 'UNL:TRP:VdWContact': 1, 'UNL:VAL:VdWContact': 1}","{'UNL:ASP:HBDonor': 1, 'UNL:ASP:Hydrophobic': 2, 'UNL:ASP:VdWContact': 2, 'UNL:GLY:HBDonor': 1, 'UNL:GLY:VdWContact': 1, 'UNL:HIS:Hydrophobic': 1, 'UNL:HIS:VdWContact': 1, 'UNL:LYS:Hydrophobic': 1, 'UNL:LYS:VdWContact': 1, 'UNL:SER:HBDonor': 1, 'UNL:SER:VdWContact': 3, 'UNL:THR:Hydrophobic': 1, 'UNL:THR:VdWContact': 1, 'UNL:TRP:Hydrophobic': 1, 'UNL:TRP:VdWContact': 1, 'UNL:VAL:Hydrophobic': 1}"
929,AF3,1R58_AO5,0.2222222222222223,0.9111111111111111,"{'UNL:ASN:VdWContact': 1, 'UNL:ASP:HBDonor': 2, 'UNL:ASP:VdWContact': 2, 'UNL:GLU:HBDonor': 1, 'UNL:GLU:VdWContact': 1, 'UNL:HIS:HBAcceptor': 1, 'UNL:HIS:HBDonor': 1, 'UNL:HIS:Hydrophobic': 1, 'UNL:HIS:VdWContact': 4, 'UNL:ILE:Hydrophobic': 1, 'UNL:PHE:Hydrophobic': 1, 'UNL:PHE:VdWContact': 1, 'UNL:THR:VdWContact': 1, 'UNL:TYR:Hydrophobic': 1, 'UNL:TYR:VdWContact': 1}","{'UNL:ALA:Hydrophobic': 1, 'UNL:ALA:VdWContact': 1, 'UNL:ASP:HBDonor': 2, 'UNL:ASP:VdWContact': 2, 'UNL:GLU:HBDonor': 1, 'UNL:GLU:VdWContact': 1, 'UNL:HIS:HBDonor': 1, 'UNL:HIS:Hydrophobic': 2, 'UNL:HIS:VdWContact': 2, 'UNL:MET:Hydrophobic': 1, 'UNL:PHE:Hydrophobic': 1, 'UNL:PHE:VdWContact': 1, 'UNL:TYR:Hydrophobic': 1, 'UNL:TYR:VdWContact': 1}"
930,AF3,1HNN_SKF,0.3076923076923077,0.8769230769230769,"{'UNL:ASN:Hydrophobic': 1, 'UNL:ASN:VdWContact': 1, 'UNL:ASP:VdWContact': 1, 'UNL:GLU:HBDonor': 1, 'UNL:GLU:VdWContact': 1, 'UNL:LYS:VdWContact': 1, 'UNL:MET:VdWContact': 1, 'UNL:PHE:Hydrophobic': 1, 'UNL:TYR:VdWContact': 1, 'UNL:VAL:VdWContact': 1}","{'UNL:ARG:VdWContact': 1, 'UNL:ASN:Hydrophobic': 1, 'UNL:ASP:VdWContact': 1, 'UNL:GLU:HBDonor': 1, 'UNL:GLU:VdWContact': 1, 'UNL:LYS:VdWContact': 1, 'UNL:MET:Hydrophobic': 1, 'UNL:MET:VdWContact': 1, 'UNL:PHE:Hydrophobic': 1, 'UNL:TYR:Hydrophobic': 2, 'UNL:TYR:VdWContact': 2, 'UNL:VAL:VdWContact': 1}"
931,AF3,1HVY_D16,0.5714285714285713,0.7714285714285715,"{'UNL:ALA:VdWContact': 1, 'UNL:ASN:VdWContact': 1, 'UNL:ASP:VdWContact': 1, 'UNL:ILE:Hydrophobic': 1, 'UNL:ILE:VdWContact': 1, 'UNL:MET:Hydrophobic': 1, 'UNL:PHE:Hydrophobic': 2, 'UNL:PHE:VdWContact': 1, 'UNL:TYR:VdWContact': 1}","{'UNL:ALA:Hydrophobic': 1, 'UNL:ALA:VdWContact': 1, 'UNL:ASP:Hydrophobic': 1, 'UNL:ASP:VdWContact': 1, 'UNL:GLU:VdWContact': 1, 'UNL:GLY:VdWContact': 1, 'UNL:ILE:Hydrophobic': 1, 'UNL:ILE:VdWContact': 1, 'UNL:LEU:Hydrophobic': 1, 'UNL:MET:Hydrophobic': 1, 'UNL:MET:VdWContact': 1, 'UNL:PHE:Hydrophobic': 2, 'UNL:PHE:VdWContact': 2, 'UNL:THR:Hydrophobic': 1, 'UNL:TRP:Hydrophobic': 1, 'UNL:TRP:VdWContact': 1, 'UNL:TYR:Hydrophobic': 1, 'UNL:TYR:VdWContact': 1, 'UNL:UMP:Hydrophobic': 1, 'UNL:UMP:VdWContact': 1}"
932,AF3,1OPK_P16,0.31578947368421056,0.8736842105263158,"{'UNL:ALA:VdWContact': 1, 'UNL:ASP:VdWContact': 1, 'UNL:GLU:VdWContact': 1, 'UNL:GLY:VdWContact': 1, 'UNL:ILE:Hydrophobic': 1, 'UNL:LEU:Hydrophobic': 1, 'UNL:LYS:Hydrophobic': 1, 'UNL:MET:HBAcceptor': 1, 'UNL:MET:HBDonor': 1, 'UNL:MET:Hydrophobic': 1, 'UNL:MET:VdWContact': 1, 'UNL:THR:VdWContact': 1, 'UNL:TYR:VdWContact': 1, 'UNL:VAL:VdWContact': 1}","{'UNL:ALA:Hydrophobic': 1, 'UNL:GLU:VdWContact': 1, 'UNL:ILE:Hydrophobic': 1, 'UNL:LEU:Hydrophobic': 2, 'UNL:LYS:Hydrophobic': 1, 'UNL:MET:HBAcceptor': 1, 'UNL:MET:HBDonor': 1, 'UNL:MET:Hydrophobic': 2, 'UNL:MET:VdWContact': 2, 'UNL:PHE:Hydrophobic': 2, 'UNL:THR:Hydrophobic': 1, 'UNL:THR:VdWContact': 1, 'UNL:TYR:Hydrophobic': 1, 'UNL:TYR:VdWContact': 1, 'UNL:VAL:Hydrophobic': 2}"
933,AF3,1MMV_3AR,0.11764705882352941,0.9529411764705882,"{'UNL:ASP:HBDonor': 1, 'UNL:ASP:VdWContact': 1, 'UNL:GLN:HBAcceptor': 1, 'UNL:GLN:VdWContact': 1, 'UNL:GLU:HBDonor': 1, 'UNL:GLU:VdWContact': 1, 'UNL:GLY:VdWContact': 1, 'UNL:PHE:VdWContact': 1, 'UNL:PRO:VdWContact': 1, 'UNL:TRP:VdWContact': 1, 'UNL:TYR:VdWContact': 1, 'UNL:VAL:VdWContact': 1}","{'UNL:ASP:VdWContact': 1, 'UNL:GLN:HBAcceptor': 1, 'UNL:GLN:VdWContact': 1, 'UNL:GLU:HBDonor': 1, 'UNL:GLU:VdWContact': 1, 'UNL:PHE:Hydrophobic': 1, 'UNL:PHE:VdWContact': 1, 'UNL:PRO:Hydrophobic': 1, 'UNL:SER:VdWContact': 1, 'UNL:TRP:VdWContact': 1, 'UNL:TYR:Hydrophobic': 1, 'UNL:TYR:VdWContact': 1, 'UNL:VAL:Hydrophobic': 1, 'UNL:VAL:VdWContact': 1}"
934,AF3,1SQN_NDR,0.5,0.8,"{'UNL:ARG:HBAcceptor': 1, 'UNL:ARG:VdWContact': 1, 'UNL:ASN:VdWContact': 1, 'UNL:CYS:VdWContact': 1, 'UNL:GLN:HBAcceptor': 1, 'UNL:GLN:VdWContact': 1, 'UNL:LEU:Hydrophobic': 1, 'UNL:LEU:VdWContact': 4, 'UNL:MET:Hydrophobic': 2, 'UNL:MET:VdWContact': 2, 'UNL:TYR:VdWContact': 1}","{'UNL:ARG:VdWContact': 1, 'UNL:CYS:Hydrophobic': 1, 'UNL:CYS:VdWContact': 1, 'UNL:GLN:HBAcceptor': 1, 'UNL:GLN:VdWContact': 1, 'UNL:LEU:Hydrophobic': 5, 'UNL:LEU:VdWContact': 3, 'UNL:MET:Hydrophobic': 4, 'UNL:MET:VdWContact': 2, 'UNL:PHE:Hydrophobic': 1, 'UNL:TRP:Hydrophobic': 1, 'UNL:TYR:Hydrophobic': 1, 'UNL:TYR:VdWContact': 1, 'UNL:VAL:Hydrophobic': 1}"
