,Category,Target,Structured_EMD,Unstructured_EMD,Method_Histogram,Reference_Histogram
0,P2Rank-Vina,2BM2_PM2,0.0,0.3333333333333334,"{'UNL:ARG:Hydrophobic': 1, 'UNL:ARG:VdWContact': 1, 'UNL:GLN:Hydrophobic': 1, 'UNL:HIS:VdWContact': 1, 'UNL:PHE:Hydrophobic': 1, 'UNL:PHE:VdWContact': 1, 'UNL:TYR:HBAcceptor': 1, 'UNL:TYR:VdWContact': 3}","{'UNL:ASP:VdWContact': 1, 'UNL:GLN:Hydrophobic': 2, 'UNL:GLN:VdWContact': 1, 'UNL:GLU:Hydrophobic': 1, 'UNL:GLU:VdWContact': 1, 'UNL:GLY:HBAcceptor': 1, 'UNL:GLY:VdWContact': 1, 'UNL:PRO:Hydrophobic': 1, 'UNL:SER:VdWContact': 1, 'UNL:THR:Hydrophobic': 1, 'UNL:TRP:Hydrophobic': 1, 'UNL:TYR:Hydrophobic': 1, 'UNL:VAL:Hydrophobic': 1}"
1,P2Rank-Vina,1VCJ_IBA,1.0,1.0714285714285716,"{'UNL:ARG:HBAcceptor': 2, 'UNL:ARG:VdWContact': 3, 'UNL:ASP:VdWContact': 1, 'UNL:GLU:Hydrophobic': 1, 'UNL:GLU:VdWContact': 1, 'UNL:TYR:VdWContact': 1}","{'UNL:ALA:Hydrophobic': 1, 'UNL:ALA:VdWContact': 1, 'UNL:ARG:HBAcceptor': 3, 'UNL:ARG:Hydrophobic': 2, 'UNL:ARG:VdWContact': 5, 'UNL:ASN:Hydrophobic': 1, 'UNL:ASP:Hydrophobic': 1, 'UNL:ASP:VdWContact': 1, 'UNL:GLU:Hydrophobic': 1, 'UNL:GLU:VdWContact': 4, 'UNL:ILE:Hydrophobic': 1, 'UNL:SER:VdWContact': 1, 'UNL:TRP:Hydrophobic': 1, 'UNL:TRP:VdWContact': 1, 'UNL:TYR:VdWContact': 1}"
2,P2Rank-Vina,1HWI_115,0.0,0.7999999999999999,"{'UNL:ALA:HBAcceptor': 1, 'UNL:ALA:VdWContact': 2, 'UNL:ARG:HBDonor': 1, 'UNL:ARG:VdWContact': 1, 'UNL:ASP:VdWContact': 1, 'UNL:GLY:VdWContact': 1, 'UNL:PHE:VdWContact': 1, 'UNL:SER:VdWContact': 1, 'UNL:VAL:Hydrophobic': 1, 'UNL:VAL:VdWContact': 1}","{'UNL:ALA:Hydrophobic': 1, 'UNL:ALA:VdWContact': 1, 'UNL:ARG:HBAcceptor': 1, 'UNL:ARG:VdWContact': 1, 'UNL:ASN:HBAcceptor': 1, 'UNL:ASN:VdWContact': 1, 'UNL:ASP:Hydrophobic': 1, 'UNL:ASP:VdWContact': 1, 'UNL:CYS:Hydrophobic': 1, 'UNL:CYS:VdWContact': 1, 'UNL:GLU:VdWContact': 1, 'UNL:GLY:VdWContact': 1, 'UNL:HIS:Hydrophobic': 1, 'UNL:HIS:VdWContact': 1, 'UNL:LEU:Hydrophobic': 4, 'UNL:LEU:VdWContact': 2, 'UNL:LYS:Hydrophobic': 1, 'UNL:LYS:VdWContact': 3, 'UNL:SER:VdWContact': 1, 'UNL:VAL:Hydrophobic': 1, 'UNL:VAL:VdWContact': 1}"
3,P2Rank-Vina,1UML_FR4,0.6666666666666667,0.1428571428571429,"{'UNL:ASP:Hydrophobic': 1, 'UNL:ASP:VdWContact': 3, 'UNL:GLY:VdWContact': 1, 'UNL:HIS:HBAcceptor': 1, 'UNL:HIS:VdWContact': 1, 'UNL:LEU:Hydrophobic': 1, 'UNL:LEU:VdWContact': 1, 'UNL:MET:Hydrophobic': 1, 'UNL:MET:VdWContact': 1, 'UNL:PHE:Hydrophobic': 1, 'UNL:PHE:VdWContact': 1, 'UNL:TRP:HBAcceptor': 1, 'UNL:TRP:VdWContact': 2}","{'UNL:ASP:HBDonor': 2, 'UNL:ASP:Hydrophobic': 1, 'UNL:ASP:VdWContact': 3, 'UNL:GLY:VdWContact': 1, 'UNL:HIS:Hydrophobic': 1, 'UNL:HIS:VdWContact': 1, 'UNL:LEU:Hydrophobic': 3, 'UNL:LEU:VdWContact': 1, 'UNL:MET:Hydrophobic': 1, 'UNL:PHE:Hydrophobic': 2, 'UNL:THR:Hydrophobic': 1, 'UNL:VAL:Hydrophobic': 1}"
4,P2Rank-Vina,1MEH_MOA,0.5,0.8333333333333335,"{'UNL:ARG:VdWContact': 1, 'UNL:ASN:VdWContact': 1, 'UNL:ASP:VdWContact': 1, 'UNL:CYS:HBAcceptor': 1, 'UNL:CYS:VdWContact': 1, 'UNL:GLY:HBAcceptor': 2, 'UNL:GLY:VdWContact': 7, 'UNL:ILE:VdWContact': 1, 'UNL:LYS:VdWContact': 1, 'UNL:MET:Hydrophobic': 1, 'UNL:SER:VdWContact': 2, 'UNL:TYR:VdWContact': 1}","{'UNL:ASP:VdWContact': 1, 'UNL:GLU:Hydrophobic': 1, 'UNL:GLU:VdWContact': 1, 'UNL:GLY:HBAcceptor': 1, 'UNL:GLY:VdWContact': 1, 'UNL:ILE:VdWContact': 1, 'UNL:SER:HBAcceptor': 1, 'UNL:SER:HBDonor': 1, 'UNL:SER:VdWContact': 2}"
5,P2Rank-Vina,2BSM_BSM,0.19999999999999996,0.33333333333333326,"{'UNL:ALA:VdWContact': 1, 'UNL:ASN:Hydrophobic': 2, 'UNL:ASN:VdWContact': 2, 'UNL:ASP:VdWContact': 1, 'UNL:GLY:VdWContact': 2, 'UNL:LYS:HBAcceptor': 1, 'UNL:LYS:VdWContact': 1, 'UNL:MET:Hydrophobic': 1, 'UNL:MET:VdWContact': 1, 'UNL:PHE:HBAcceptor': 1, 'UNL:PHE:Hydrophobic': 1, 'UNL:PHE:VdWContact': 1}","{'UNL:ALA:Hydrophobic': 1, 'UNL:ASN:Hydrophobic': 1, 'UNL:ASN:VdWContact': 1, 'UNL:ASP:HBDonor': 1, 'UNL:ASP:Hydrophobic': 1, 'UNL:ASP:VdWContact': 1, 'UNL:GLY:HBDonor': 1, 'UNL:GLY:VdWContact': 2, 'UNL:ILE:Hydrophobic': 1, 'UNL:LYS:VdWContact': 1, 'UNL:MET:Hydrophobic': 1, 'UNL:PHE:VdWContact': 1, 'UNL:SER:VdWContact': 1, 'UNL:THR:HBDonor': 1, 'UNL:THR:Hydrophobic': 2, 'UNL:THR:VdWContact': 1, 'UNL:VAL:Hydrophobic': 1, 'UNL:VAL:VdWContact': 1}"
6,P2Rank-Vina,1V48_HA1,0.7142857142857142,0.6428571428571429,"{'UNL:ALA:VdWContact': 1, 'UNL:MET:HBAcceptor': 1, 'UNL:MET:VdWContact': 1, 'UNL:PHE:VdWContact': 1, 'UNL:SER:VdWContact': 1, 'UNL:TYR:VdWContact': 1}","{'UNL:ALA:HBAcceptor': 1, 'UNL:ALA:Hydrophobic': 1, 'UNL:ALA:VdWContact': 1, 'UNL:ARG:HBAcceptor': 1, 'UNL:ARG:VdWContact': 1, 'UNL:ASN:HBAcceptor': 1, 'UNL:ASN:VdWContact': 2, 'UNL:GLU:HBDonor': 1, 'UNL:GLU:VdWContact': 1, 'UNL:HIS:VdWContact': 1, 'UNL:MET:Hydrophobic': 1, 'UNL:PHE:Hydrophobic': 1, 'UNL:PHE:VdWContact': 1, 'UNL:SER:HBAcceptor': 1, 'UNL:SER:HBDonor': 1, 'UNL:SER:VdWContact': 2, 'UNL:VAL:Hydrophobic': 1, 'UNL:VAL:VdWContact': 1}"
7,P2Rank-Vina,1JD0_AZM,0.16666666666666663,0.36363636363636365,"{'UNL:ASN:HBDonor': 1, 'UNL:ASN:VdWContact': 1, 'UNL:ASP:VdWContact': 1, 'UNL:GLN:HBAcceptor': 1, 'UNL:GLN:VdWContact': 1, 'UNL:PHE:HBAcceptor': 1, 'UNL:PHE:VdWContact': 1}","{'UNL:GLN:Hydrophobic': 1, 'UNL:HIS:HBDonor': 2, 'UNL:HIS:VdWContact': 1, 'UNL:LEU:Hydrophobic': 1, 'UNL:LEU:VdWContact': 1, 'UNL:THR:HBAcceptor': 1, 'UNL:THR:HBDonor': 1, 'UNL:THR:VdWContact': 2, 'UNL:VAL:Hydrophobic': 1, 'UNL:VAL:VdWContact': 1}"
8,P2Rank-Vina,1S19_MC9,0.5,0.4210526315789475,"{'UNL:ARG:HBAcceptor': 1, 'UNL:ARG:VdWContact': 1, 'UNL:CYS:VdWContact': 1, 'UNL:HIS:VdWContact': 2, 'UNL:ILE:VdWContact': 1, 'UNL:LEU:Hydrophobic': 2, 'UNL:LEU:VdWContact': 3, 'UNL:PHE:VdWContact': 1, 'UNL:SER:VdWContact': 3, 'UNL:TRP:Hydrophobic': 1, 'UNL:TYR:HBAcceptor': 1, 'UNL:TYR:VdWContact': 2, 'UNL:VAL:VdWContact': 2}","{'UNL:ALA:Hydrophobic': 1, 'UNL:ALA:VdWContact': 1, 'UNL:ARG:HBAcceptor': 1, 'UNL:ARG:VdWContact': 1, 'UNL:CYS:VdWContact': 1, 'UNL:HIS:HBAcceptor': 2, 'UNL:HIS:HBDonor': 1, 'UNL:HIS:VdWContact': 2, 'UNL:ILE:Hydrophobic': 2, 'UNL:LEU:Hydrophobic': 6, 'UNL:MET:Hydrophobic': 1, 'UNL:PHE:Hydrophobic': 1, 'UNL:SER:VdWContact': 3, 'UNL:TRP:Hydrophobic': 1, 'UNL:TRP:VdWContact': 1, 'UNL:TYR:Hydrophobic': 2, 'UNL:TYR:VdWContact': 1, 'UNL:VAL:Hydrophobic': 2, 'UNL:VAL:VdWContact': 1}"
9,P2Rank-Vina,1LPZ_CMB,0.0,0.23529411764705885,"{'UNL:GLN:HBDonor': 1, 'UNL:GLN:Hydrophobic': 1, 'UNL:GLN:VdWContact': 1, 'UNL:GLU:VdWContact': 2, 'UNL:GLY:HBDonor': 1, 'UNL:GLY:VdWContact': 1, 'UNL:PHE:Hydrophobic': 1, 'UNL:PHE:VdWContact': 1, 'UNL:SER:VdWContact': 1, 'UNL:TRP:Hydrophobic': 1, 'UNL:TRP:VdWContact': 1, 'UNL:TYR:Hydrophobic': 1, 'UNL:TYR:VdWContact': 1}","{'UNL:ALA:Hydrophobic': 1, 'UNL:ARG:VdWContact': 1, 'UNL:ASP:HBDonor': 1, 'UNL:ASP:VdWContact': 1, 'UNL:CYS:VdWContact': 1, 'UNL:GLN:Hydrophobic': 1, 'UNL:GLN:VdWContact': 1, 'UNL:GLU:Hydrophobic': 1, 'UNL:GLY:HBDonor': 1, 'UNL:GLY:VdWContact': 3, 'UNL:PHE:Hydrophobic': 1, 'UNL:TRP:Hydrophobic': 1, 'UNL:TRP:VdWContact': 1, 'UNL:TYR:Hydrophobic': 1, 'UNL:TYR:VdWContact': 1, 'UNL:VAL:Hydrophobic': 1}"
10,P2Rank-Vina,1X8X_TYR,0.75,0.7777777777777777,"{'UNL:ARG:HBAcceptor': 1, 'UNL:ASP:HBAcceptor': 1, 'UNL:ASP:HBDonor': 1, 'UNL:ASP:VdWContact': 3, 'UNL:GLN:Hydrophobic': 1, 'UNL:GLN:VdWContact': 1, 'UNL:GLY:VdWContact': 1, 'UNL:TYR:VdWContact': 1}","{'UNL:ASP:HBDonor': 2, 'UNL:ASP:Hydrophobic': 1, 'UNL:ASP:VdWContact': 3, 'UNL:GLN:HBDonor': 2, 'UNL:GLN:Hydrophobic': 1, 'UNL:GLN:VdWContact': 3, 'UNL:GLY:VdWContact': 1, 'UNL:LEU:Hydrophobic': 1, 'UNL:THR:Hydrophobic': 1, 'UNL:TYR:Hydrophobic': 1, 'UNL:TYR:VdWContact': 2}"
11,P2Rank-Vina,1T46_STI,0.19999999999999996,0.7826086956521741,"{'UNL:ARG:Hydrophobic': 1, 'UNL:ARG:VdWContact': 1, 'UNL:ASN:HBAcceptor': 1, 'UNL:ASN:VdWContact': 1, 'UNL:ASP:HBDonor': 1, 'UNL:ASP:Hydrophobic': 1, 'UNL:ASP:VdWContact': 2, 'UNL:PHE:Hydrophobic': 1, 'UNL:PHE:VdWContact': 1, 'UNL:TYR:VdWContact': 1}","{'UNL:ALA:Hydrophobic': 1, 'UNL:ARG:VdWContact': 1, 'UNL:ASP:HBAcceptor': 1, 'UNL:ASP:Hydrophobic': 1, 'UNL:ASP:VdWContact': 1, 'UNL:CYS:HBAcceptor': 1, 'UNL:CYS:Hydrophobic': 1, 'UNL:CYS:VdWContact': 2, 'UNL:GLU:Hydrophobic': 1, 'UNL:GLU:VdWContact': 1, 'UNL:HIS:VdWContact': 1, 'UNL:ILE:VdWContact': 1, 'UNL:LEU:Hydrophobic': 4, 'UNL:LEU:VdWContact': 1, 'UNL:LYS:Hydrophobic': 1, 'UNL:LYS:VdWContact': 1, 'UNL:PHE:Hydrophobic': 1, 'UNL:PHE:VdWContact': 1, 'UNL:THR:HBDonor': 1, 'UNL:THR:Hydrophobic': 1, 'UNL:THR:VdWContact': 1, 'UNL:TYR:Hydrophobic': 1, 'UNL:VAL:Hydrophobic': 4}"
12,P2Rank-Vina,1IG3_VIB,0.19999999999999996,0.5833333333333334,"{'UNL:GLN:VdWContact': 1, 'UNL:LYS:HBAcceptor': 1, 'UNL:LYS:VdWContact': 1, 'UNL:THR:HBAcceptor': 1, 'UNL:THR:VdWContact': 1, 'UNL:TRP:VdWContact': 1, 'UNL:VAL:HBDonor': 1, 'UNL:VAL:VdWContact': 1}","{'UNL:ASN:Hydrophobic': 1, 'UNL:ASP:HBDonor': 1, 'UNL:ASP:VdWContact': 1, 'UNL:GLN:HBDonor': 1, 'UNL:GLN:Hydrophobic': 1, 'UNL:GLN:VdWContact': 1, 'UNL:LEU:Hydrophobic': 2, 'UNL:SER:VdWContact': 2, 'UNL:THR:Hydrophobic': 1, 'UNL:THR:VdWContact': 2, 'UNL:TRP:Hydrophobic': 1}"
13,P2Rank-Vina,1SQ5_PAU,0.6666666666666666,0.33333333333333337,"{'UNL:ASN:HBAcceptor': 1, 'UNL:ASN:VdWContact': 1, 'UNL:HIS:VdWContact': 1, 'UNL:LYS:Hydrophobic': 1, 'UNL:LYS:VdWContact': 1, 'UNL:PHE:VdWContact': 1, 'UNL:TYR:VdWContact': 2}","{'UNL:ASN:HBAcceptor': 1, 'UNL:ASN:HBDonor': 1, 'UNL:ASN:VdWContact': 1, 'UNL:ASP:VdWContact': 1, 'UNL:GLY:VdWContact': 1, 'UNL:HIS:HBAcceptor': 1, 'UNL:HIS:VdWContact': 1, 'UNL:ILE:Hydrophobic': 1, 'UNL:LEU:Hydrophobic': 2, 'UNL:LEU:VdWContact': 1, 'UNL:LYS:VdWContact': 1, 'UNL:TYR:VdWContact': 1, 'UNL:VAL:Hydrophobic': 1}"
14,P2Rank-Vina,1U1C_BAU,0.75,0.35714285714285715,"{'UNL:ARG:HBAcceptor': 1, 'UNL:ARG:VdWContact': 2, 'UNL:GLU:Hydrophobic': 1, 'UNL:ILE:Hydrophobic': 1, 'UNL:ILE:VdWContact': 1, 'UNL:MET:Hydrophobic': 1, 'UNL:PHE:VdWContact': 1, 'UNL:THR:VdWContact': 1}","{'UNL:ARG:HBAcceptor': 1, 'UNL:ARG:VdWContact': 1, 'UNL:GLN:HBAcceptor': 1, 'UNL:GLN:HBDonor': 1, 'UNL:GLN:VdWContact': 1, 'UNL:GLU:VdWContact': 1, 'UNL:HIS:HBDonor': 1, 'UNL:HIS:VdWContact': 1, 'UNL:ILE:Hydrophobic': 1, 'UNL:ILE:VdWContact': 1, 'UNL:MET:VdWContact': 1, 'UNL:PHE:Hydrophobic': 2, 'UNL:PHE:VdWContact': 1, 'UNL:PRO:Hydrophobic': 1, 'UNL:THR:VdWContact': 1, 'UNL:VAL:Hydrophobic': 1}"
15,P2Rank-Vina,1YQY_915,0.125,0.6000000000000001,"{'UNL:GLN:HBAcceptor': 1, 'UNL:GLN:VdWContact': 1, 'UNL:GLU:HBDonor': 1, 'UNL:GLU:VdWContact': 1, 'UNL:HIS:HBDonor': 1, 'UNL:HIS:VdWContact': 1, 'UNL:LEU:Hydrophobic': 1, 'UNL:LEU:VdWContact': 1, 'UNL:PRO:VdWContact': 1, 'UNL:TYR:HBAcceptor': 1, 'UNL:TYR:VdWContact': 1, 'UNL:VAL:Hydrophobic': 1, 'UNL:VAL:VdWContact': 1}","{'UNL:ASP:Hydrophobic': 1, 'UNL:GLU:VdWContact': 3, 'UNL:GLY:HBAcceptor': 1, 'UNL:GLY:HBDonor': 1, 'UNL:GLY:VdWContact': 1, 'UNL:HIS:HBAcceptor': 1, 'UNL:HIS:HBDonor': 1, 'UNL:HIS:Hydrophobic': 1, 'UNL:HIS:VdWContact': 1, 'UNL:LEU:Hydrophobic': 2, 'UNL:LEU:VdWContact': 2, 'UNL:LYS:Hydrophobic': 1, 'UNL:SER:VdWContact': 1, 'UNL:TYR:HBDonor': 1, 'UNL:TYR:Hydrophobic': 1, 'UNL:TYR:VdWContact': 1, 'UNL:VAL:Hydrophobic': 2, 'UNL:VAL:VdWContact': 1}"
16,P2Rank-Vina,1HWW_SWA,0.0,0.5384615384615384,"{'UNL:ARG:HBAcceptor': 1, 'UNL:ARG:VdWContact': 2, 'UNL:GLN:VdWContact': 1, 'UNL:GLU:VdWContact': 1, 'UNL:LEU:VdWContact': 1, 'UNL:SER:HBDonor': 1, 'UNL:SER:VdWContact': 1}","{'UNL:ARG:VdWContact': 1, 'UNL:ASP:HBDonor': 1, 'UNL:ASP:VdWContact': 3, 'UNL:HIS:VdWContact': 1, 'UNL:PHE:Hydrophobic': 1, 'UNL:PHE:VdWContact': 1, 'UNL:TRP:HBDonor': 1, 'UNL:TRP:Hydrophobic': 1, 'UNL:TRP:VdWContact': 2, 'UNL:TYR:Hydrophobic': 1, 'UNL:TYR:VdWContact': 2}"
17,P2Rank-Vina,1Z95_198,0.3333333333333333,0.375,"{'UNL:ARG:HBAcceptor': 1, 'UNL:ARG:VdWContact': 1, 'UNL:ASN:VdWContact': 1, 'UNL:GLN:HBAcceptor': 1, 'UNL:GLN:VdWContact': 1, 'UNL:ILE:Hydrophobic': 1, 'UNL:ILE:VdWContact': 1, 'UNL:LEU:Hydrophobic': 2, 'UNL:LEU:VdWContact': 2, 'UNL:MET:Hydrophobic': 3, 'UNL:MET:VdWContact': 5, 'UNL:PHE:VdWContact': 1, 'UNL:THR:VdWContact': 1, 'UNL:VAL:VdWContact': 1}","{'UNL:ARG:VdWContact': 1, 'UNL:ASN:VdWContact': 1, 'UNL:GLY:VdWContact': 1, 'UNL:ILE:Hydrophobic': 2, 'UNL:ILE:VdWContact': 1, 'UNL:LEU:HBDonor': 1, 'UNL:LEU:Hydrophobic': 4, 'UNL:LEU:VdWContact': 2, 'UNL:MET:Hydrophobic': 3, 'UNL:MET:VdWContact': 3, 'UNL:PHE:Hydrophobic': 2, 'UNL:PHE:VdWContact': 1, 'UNL:THR:Hydrophobic': 1, 'UNL:THR:VdWContact': 1, 'UNL:VAL:Hydrophobic': 1}"
18,P2Rank-Vina,1HP0_AD3,0.5,0.7272727272727272,"{'UNL:ASN:HBDonor': 1, 'UNL:ASN:VdWContact': 1, 'UNL:ASP:VdWContact': 2, 'UNL:GLY:VdWContact': 1, 'UNL:PHE:VdWContact': 1, 'UNL:TRP:Hydrophobic': 1}","{'UNL:ASN:HBAcceptor': 2, 'UNL:ASN:Hydrophobic': 1, 'UNL:ASN:VdWContact': 3, 'UNL:ASP:VdWContact': 3, 'UNL:GLU:VdWContact': 1, 'UNL:MET:VdWContact': 1, 'UNL:THR:VdWContact': 1, 'UNL:TRP:Hydrophobic': 2, 'UNL:TRP:VdWContact': 1, 'UNL:TYR:VdWContact': 1}"
19,P2Rank-Vina,1OF1_SCT,0.6000000000000001,0.7142857142857142,"{'UNL:ARG:VdWContact': 2, 'UNL:GLU:HBDonor': 1, 'UNL:GLU:VdWContact': 1, 'UNL:ILE:Hydrophobic': 1, 'UNL:ILE:VdWContact': 1, 'UNL:MET:Hydrophobic': 1, 'UNL:MET:VdWContact': 1}","{'UNL:ALA:Hydrophobic': 2, 'UNL:ALA:VdWContact': 1, 'UNL:ARG:HBAcceptor': 1, 'UNL:ARG:HBDonor': 1, 'UNL:ARG:VdWContact': 1, 'UNL:GLN:HBAcceptor': 1, 'UNL:GLN:HBDonor': 1, 'UNL:GLN:VdWContact': 1, 'UNL:GLU:VdWContact': 2, 'UNL:HIS:Hydrophobic': 1, 'UNL:HIS:VdWContact': 1, 'UNL:ILE:Hydrophobic': 2, 'UNL:MET:Hydrophobic': 1, 'UNL:TRP:Hydrophobic': 1, 'UNL:TYR:Hydrophobic': 2, 'UNL:TYR:VdWContact': 2}"
20,P2Rank-Vina,1SJ0_E4D,0.0,0.4,"{'UNL:ARG:HBDonor': 1, 'UNL:ARG:VdWContact': 1, 'UNL:ASP:VdWContact': 1, 'UNL:CYS:HBDonor': 1, 'UNL:CYS:VdWContact': 1, 'UNL:GLU:VdWContact': 1, 'UNL:HIS:HBDonor': 1, 'UNL:HIS:VdWContact': 1, 'UNL:ILE:Hydrophobic': 1, 'UNL:ILE:VdWContact': 1, 'UNL:LEU:Hydrophobic': 5, 'UNL:LEU:VdWContact': 5, 'UNL:MET:Hydrophobic': 1, 'UNL:MET:VdWContact': 1, 'UNL:PHE:VdWContact': 1, 'UNL:THR:VdWContact': 1, 'UNL:TRP:VdWContact': 1, 'UNL:VAL:VdWContact': 1}","{'UNL:ALA:Hydrophobic': 1, 'UNL:ARG:HBAcceptor': 1, 'UNL:ARG:VdWContact': 1, 'UNL:ASP:VdWContact': 1, 'UNL:CYS:Hydrophobic': 1, 'UNL:CYS:VdWContact': 1, 'UNL:GLU:VdWContact': 1, 'UNL:HIS:HBDonor': 1, 'UNL:HIS:Hydrophobic': 1, 'UNL:HIS:VdWContact': 1, 'UNL:ILE:Hydrophobic': 1, 'UNL:LEU:HBDonor': 1, 'UNL:LEU:Hydrophobic': 7, 'UNL:LEU:VdWContact': 3, 'UNL:MET:Hydrophobic': 3, 'UNL:MET:VdWContact': 1, 'UNL:PHE:Hydrophobic': 1, 'UNL:THR:VdWContact': 1, 'UNL:TRP:Hydrophobic': 1, 'UNL:TRP:VdWContact': 1}"
21,P2Rank-Vina,1Q41_IXM,0.5,0.4666666666666666,"{'UNL:ARG:HBDonor': 1, 'UNL:ARG:Hydrophobic': 1, 'UNL:ARG:VdWContact': 1, 'UNL:GLN:Hydrophobic': 1, 'UNL:THR:VdWContact': 1, 'UNL:TYR:Hydrophobic': 1, 'UNL:TYR:VdWContact': 1}","{'UNL:ALA:Hydrophobic': 1, 'UNL:ASP:HBDonor': 1, 'UNL:ASP:VdWContact': 1, 'UNL:CYS:Hydrophobic': 1, 'UNL:ILE:Hydrophobic': 1, 'UNL:LEU:Hydrophobic': 2, 'UNL:PRO:VdWContact': 1, 'UNL:THR:Hydrophobic': 1, 'UNL:TYR:Hydrophobic': 1, 'UNL:TYR:VdWContact': 1, 'UNL:VAL:HBAcceptor': 1, 'UNL:VAL:HBDonor': 1, 'UNL:VAL:Hydrophobic': 2, 'UNL:VAL:VdWContact': 1}"
22,P2Rank-Vina,1OQ5_CEL,0.0,0.5333333333333333,"{'UNL:GLN:HBAcceptor': 1, 'UNL:GLN:VdWContact': 1, 'UNL:HIS:HBDonor': 1, 'UNL:HIS:VdWContact': 2, 'UNL:LEU:VdWContact': 1, 'UNL:PRO:VdWContact': 1, 'UNL:THR:HBDonor': 1, 'UNL:THR:VdWContact': 2, 'UNL:TRP:VdWContact': 1}","{'UNL:ASN:Hydrophobic': 1, 'UNL:ASN:VdWContact': 1, 'UNL:GLN:Hydrophobic': 1, 'UNL:GLN:VdWContact': 1, 'UNL:GLU:Hydrophobic': 1, 'UNL:GLU:VdWContact': 1, 'UNL:HIS:HBDonor': 1, 'UNL:HIS:VdWContact': 1, 'UNL:LEU:Hydrophobic': 1, 'UNL:LEU:VdWContact': 1, 'UNL:PHE:Hydrophobic': 1, 'UNL:THR:HBAcceptor': 1, 'UNL:THR:HBDonor': 1, 'UNL:THR:Hydrophobic': 1, 'UNL:THR:VdWContact': 2, 'UNL:VAL:Hydrophobic': 1}"
23,P2Rank-Vina,1UOU_CMU,0.16666666666666663,0.6666666666666666,"{'UNL:ASP:VdWContact': 1, 'UNL:GLY:HBDonor': 1, 'UNL:GLY:VdWContact': 2, 'UNL:LYS:HBAcceptor': 2, 'UNL:SER:VdWContact': 2, 'UNL:THR:HBDonor': 1, 'UNL:THR:VdWContact': 2}","{'UNL:ARG:HBAcceptor': 1, 'UNL:ARG:VdWContact': 2, 'UNL:GLY:VdWContact': 1, 'UNL:HIS:HBDonor': 1, 'UNL:HIS:VdWContact': 1, 'UNL:ILE:Hydrophobic': 2, 'UNL:LEU:Hydrophobic': 1, 'UNL:LEU:VdWContact': 1, 'UNL:LYS:VdWContact': 1, 'UNL:SER:HBDonor': 1, 'UNL:SER:VdWContact': 2, 'UNL:THR:VdWContact': 2, 'UNL:TYR:Hydrophobic': 1, 'UNL:TYR:VdWContact': 1}"
24,P2Rank-Vina,1XOZ_CIA,0.0,0.6666666666666666,"{'UNL:ASN:Hydrophobic': 1, 'UNL:ASN:VdWContact': 1, 'UNL:ASP:HBDonor': 1, 'UNL:ASP:VdWContact': 1, 'UNL:LEU:Hydrophobic': 1, 'UNL:LEU:VdWContact': 1, 'UNL:SER:VdWContact': 1}","{'UNL:ALA:Hydrophobic': 2, 'UNL:GLN:HBDonor': 1, 'UNL:GLN:Hydrophobic': 1, 'UNL:GLN:VdWContact': 2, 'UNL:ILE:Hydrophobic': 2, 'UNL:ILE:VdWContact': 1, 'UNL:LEU:Hydrophobic': 1, 'UNL:LEU:VdWContact': 1, 'UNL:MET:Hydrophobic': 1, 'UNL:MET:VdWContact': 1, 'UNL:PHE:Hydrophobic': 2, 'UNL:PHE:VdWContact': 1, 'UNL:TYR:Hydrophobic': 1, 'UNL:VAL:Hydrophobic': 1, 'UNL:VAL:VdWContact': 1}"
25,P2Rank-Vina,1YWR_LI9,0.5,0.6842105263157896,"{'UNL:ALA:VdWContact': 1, 'UNL:ASP:Hydrophobic': 1, 'UNL:ASP:VdWContact': 1, 'UNL:GLY:VdWContact': 1, 'UNL:LEU:Hydrophobic': 1, 'UNL:LEU:VdWContact': 1, 'UNL:LYS:Hydrophobic': 1, 'UNL:MET:HBDonor': 1, 'UNL:MET:VdWContact': 1, 'UNL:TYR:VdWContact': 1, 'UNL:VAL:VdWContact': 1}","{'UNL:ALA:Hydrophobic': 1, 'UNL:ALA:VdWContact': 1, 'UNL:ASP:Hydrophobic': 1, 'UNL:ASP:VdWContact': 1, 'UNL:HIS:VdWContact': 1, 'UNL:ILE:Hydrophobic': 1, 'UNL:LEU:Hydrophobic': 4, 'UNL:LEU:VdWContact': 2, 'UNL:LYS:Hydrophobic': 1, 'UNL:LYS:VdWContact': 1, 'UNL:MET:HBAcceptor': 1, 'UNL:MET:HBDonor': 1, 'UNL:MET:Hydrophobic': 1, 'UNL:MET:VdWContact': 1, 'UNL:THR:Hydrophobic': 1, 'UNL:THR:VdWContact': 1, 'UNL:TYR:Hydrophobic': 1, 'UNL:TYR:VdWContact': 1, 'UNL:VAL:Hydrophobic': 2, 'UNL:VAL:VdWContact': 1}"
26,P2Rank-Vina,1NAV_IH5,0.5,0.5,"{'UNL:ALA:VdWContact': 1, 'UNL:GLY:VdWContact': 1, 'UNL:HIS:HBAcceptor': 1, 'UNL:HIS:VdWContact': 1, 'UNL:ILE:VdWContact': 1, 'UNL:LEU:Hydrophobic': 2, 'UNL:LEU:VdWContact': 2, 'UNL:MET:Hydrophobic': 2, 'UNL:MET:VdWContact': 2, 'UNL:PHE:Hydrophobic': 1, 'UNL:PHE:VdWContact': 1, 'UNL:SER:VdWContact': 1}","{'UNL:ALA:Hydrophobic': 2, 'UNL:GLY:VdWContact': 1, 'UNL:HIS:HBAcceptor': 1, 'UNL:HIS:VdWContact': 1, 'UNL:ILE:Hydrophobic': 1, 'UNL:ILE:VdWContact': 1, 'UNL:LEU:Hydrophobic': 3, 'UNL:LEU:VdWContact': 2, 'UNL:MET:Hydrophobic': 3, 'UNL:MET:VdWContact': 2, 'UNL:PHE:Hydrophobic': 3, 'UNL:PHE:VdWContact': 1, 'UNL:SER:HBAcceptor': 1, 'UNL:SER:VdWContact': 1, 'UNL:THR:Hydrophobic': 1}"
27,P2Rank-Vina,1S3V_TQD,0.0,0.08333333333333326,"{'UNL:ASP:VdWContact': 1, 'UNL:GLY:VdWContact': 1, 'UNL:ILE:VdWContact': 2, 'UNL:PHE:VdWContact': 1, 'UNL:PRO:VdWContact': 2, 'UNL:SER:VdWContact': 1, 'UNL:TYR:HBDonor': 1, 'UNL:TYR:VdWContact': 1, 'UNL:VAL:HBDonor': 1, 'UNL:VAL:VdWContact': 1}","{'UNL:GLU:HBDonor': 1, 'UNL:GLU:VdWContact': 1, 'UNL:ILE:HBDonor': 1, 'UNL:ILE:Hydrophobic': 1, 'UNL:ILE:VdWContact': 1, 'UNL:PHE:Hydrophobic': 2, 'UNL:PHE:VdWContact': 1, 'UNL:PRO:Hydrophobic': 1, 'UNL:SER:VdWContact': 1, 'UNL:VAL:VdWContact': 1}"
28,P2Rank-Vina,1L2S_STC,0.5,0.5454545454545454,"{'UNL:ASN:HBAcceptor': 1, 'UNL:ASN:VdWContact': 3, 'UNL:GLY:VdWContact': 1, 'UNL:SER:HBAcceptor': 1, 'UNL:SER:VdWContact': 1, 'UNL:THR:VdWContact': 1, 'UNL:TYR:Hydrophobic': 1, 'UNL:TYR:VdWContact': 1}","{'UNL:ALA:HBAcceptor': 1, 'UNL:ALA:HBDonor': 1, 'UNL:ALA:VdWContact': 1, 'UNL:ASN:HBAcceptor': 1, 'UNL:ASN:VdWContact': 1, 'UNL:GLN:VdWContact': 1, 'UNL:GLY:VdWContact': 1, 'UNL:LEU:Hydrophobic': 2, 'UNL:SER:HBAcceptor': 1, 'UNL:SER:VdWContact': 1, 'UNL:THR:Hydrophobic': 1, 'UNL:THR:VdWContact': 1, 'UNL:TYR:Hydrophobic': 2, 'UNL:VAL:Hydrophobic': 1}"
29,P2Rank-Vina,1W2G_THM,0.0,1.0,"{'UNL:ASP:VdWContact': 1, 'UNL:GLN:HBAcceptor': 1, 'UNL:GLN:VdWContact': 1, 'UNL:TYR:HBDonor': 1, 'UNL:TYR:VdWContact': 1}","{'UNL:ARG:HBAcceptor': 1, 'UNL:ARG:Hydrophobic': 1, 'UNL:ARG:VdWContact': 1, 'UNL:ASN:HBDonor': 1, 'UNL:ASN:Hydrophobic': 1, 'UNL:ASN:VdWContact': 1, 'UNL:ASP:VdWContact': 1, 'UNL:PHE:Hydrophobic': 2, 'UNL:PRO:Hydrophobic': 1, 'UNL:PRO:VdWContact': 1, 'UNL:TYR:Hydrophobic': 2, 'UNL:TYR:VdWContact': 3}"
30,P2Rank-Vina,1XM6_5RM,0.0,0.4,"{'UNL:ASN:Hydrophobic': 1, 'UNL:ASN:VdWContact': 1, 'UNL:GLN:HBAcceptor': 1, 'UNL:GLN:VdWContact': 1, 'UNL:HIS:VdWContact': 1, 'UNL:ILE:Hydrophobic': 1, 'UNL:ILE:VdWContact': 1, 'UNL:MET:VdWContact': 2, 'UNL:PHE:Hydrophobic': 1, 'UNL:PHE:VdWContact': 1, 'UNL:TYR:VdWContact': 2}","{'UNL:ASN:VdWContact': 1, 'UNL:GLN:HBAcceptor': 1, 'UNL:GLN:VdWContact': 1, 'UNL:ILE:Hydrophobic': 1, 'UNL:ILE:VdWContact': 1, 'UNL:LEU:Hydrophobic': 2, 'UNL:LEU:VdWContact': 1, 'UNL:MET:Hydrophobic': 3, 'UNL:MET:VdWContact': 1, 'UNL:PHE:Hydrophobic': 3, 'UNL:PHE:VdWContact': 2, 'UNL:THR:VdWContact': 1, 'UNL:TYR:Hydrophobic': 1}"
31,P2Rank-Vina,1YGC_905,0.19999999999999996,0.7142857142857143,"{'UNL:ASP:VdWContact': 1, 'UNL:GLY:VdWContact': 1, 'UNL:HIS:HBDonor': 1, 'UNL:HIS:VdWContact': 1, 'UNL:LYS:HBAcceptor': 1, 'UNL:LYS:VdWContact': 1, 'UNL:PRO:VdWContact': 1, 'UNL:THR:VdWContact': 1, 'UNL:TRP:VdWContact': 1}","{'UNL:ASP:HBDonor': 1, 'UNL:ASP:Hydrophobic': 2, 'UNL:ASP:VdWContact': 2, 'UNL:GLY:HBDonor': 1, 'UNL:GLY:VdWContact': 1, 'UNL:HIS:Hydrophobic': 1, 'UNL:HIS:VdWContact': 1, 'UNL:LYS:Hydrophobic': 1, 'UNL:LYS:VdWContact': 1, 'UNL:SER:HBDonor': 1, 'UNL:SER:VdWContact': 3, 'UNL:THR:Hydrophobic': 1, 'UNL:THR:VdWContact': 1, 'UNL:TRP:Hydrophobic': 1, 'UNL:TRP:VdWContact': 1, 'UNL:VAL:Hydrophobic': 1}"
32,P2Rank-Vina,1R58_AO5,0.25,0.125,"{'UNL:ASN:Hydrophobic': 1, 'UNL:ASN:VdWContact': 1, 'UNL:ASP:VdWContact': 1, 'UNL:GLU:HBDonor': 2, 'UNL:GLU:VdWContact': 2, 'UNL:HIS:HBAcceptor': 1, 'UNL:HIS:VdWContact': 1, 'UNL:ILE:Hydrophobic': 1, 'UNL:ILE:VdWContact': 1, 'UNL:LEU:VdWContact': 1, 'UNL:PHE:Hydrophobic': 1, 'UNL:PHE:VdWContact': 2}","{'UNL:ALA:Hydrophobic': 1, 'UNL:ALA:VdWContact': 1, 'UNL:ASP:HBDonor': 2, 'UNL:ASP:VdWContact': 2, 'UNL:GLU:HBDonor': 1, 'UNL:GLU:VdWContact': 1, 'UNL:HIS:HBDonor': 1, 'UNL:HIS:Hydrophobic': 2, 'UNL:HIS:VdWContact': 2, 'UNL:MET:Hydrophobic': 1, 'UNL:PHE:Hydrophobic': 1, 'UNL:PHE:VdWContact': 1, 'UNL:TYR:Hydrophobic': 1, 'UNL:TYR:VdWContact': 1}"
33,DiffDock-L,2BM2_PM2,0.0,0.2857142857142858,"{'UNL:ASP:HBDonor': 1, 'UNL:ASP:VdWContact': 2, 'UNL:GLN:VdWContact': 1, 'UNL:GLU:Hydrophobic': 1, 'UNL:GLU:VdWContact': 1, 'UNL:GLY:VdWContact': 2, 'UNL:SER:VdWContact': 1, 'UNL:TRP:VdWContact': 1, 'UNL:TYR:Hydrophobic': 1, 'UNL:TYR:VdWContact': 1}","{'UNL:ASP:VdWContact': 1, 'UNL:GLN:Hydrophobic': 2, 'UNL:GLN:VdWContact': 1, 'UNL:GLU:Hydrophobic': 1, 'UNL:GLU:VdWContact': 1, 'UNL:GLY:HBAcceptor': 1, 'UNL:GLY:VdWContact': 1, 'UNL:PRO:Hydrophobic': 1, 'UNL:SER:VdWContact': 1, 'UNL:THR:Hydrophobic': 1, 'UNL:TRP:Hydrophobic': 1, 'UNL:TYR:Hydrophobic': 1, 'UNL:VAL:Hydrophobic': 1}"
34,DiffDock-L,1XOQ_ROF,0.0,0.3333333333333334,"{'UNL:ASN:VdWContact': 1, 'UNL:ASP:VdWContact': 1, 'UNL:GLN:HBAcceptor': 1, 'UNL:GLN:VdWContact': 1, 'UNL:HIS:VdWContact': 1, 'UNL:ILE:Hydrophobic': 1, 'UNL:LEU:VdWContact': 1, 'UNL:MET:Hydrophobic': 2, 'UNL:MET:VdWContact': 2, 'UNL:PHE:Hydrophobic': 1, 'UNL:PHE:VdWContact': 1, 'UNL:SER:VdWContact': 1, 'UNL:THR:VdWContact': 2, 'UNL:TRP:VdWContact': 1, 'UNL:TYR:VdWContact': 1}","{'UNL:ASN:VdWContact': 1, 'UNL:GLN:HBAcceptor': 1, 'UNL:GLN:VdWContact': 1, 'UNL:ILE:Hydrophobic': 1, 'UNL:LEU:VdWContact': 1, 'UNL:MET:Hydrophobic': 3, 'UNL:MET:VdWContact': 2, 'UNL:PHE:Hydrophobic': 2, 'UNL:PHE:VdWContact': 1, 'UNL:THR:VdWContact': 2, 'UNL:TYR:Hydrophobic': 1, 'UNL:TYR:VdWContact': 1}"
35,DiffDock-L,1M2Z_DEX,0.39999999999999997,0.33333333333333326,"{'UNL:ASN:HBAcceptor': 1, 'UNL:ASN:HBDonor': 1, 'UNL:ASN:VdWContact': 1, 'UNL:CYS:Hydrophobic': 1, 'UNL:CYS:VdWContact': 1, 'UNL:GLN:Hydrophobic': 1, 'UNL:GLN:VdWContact': 1, 'UNL:GLY:VdWContact': 1, 'UNL:ILE:VdWContact': 1, 'UNL:LEU:VdWContact': 1, 'UNL:MET:Hydrophobic': 2, 'UNL:MET:VdWContact': 4, 'UNL:PHE:VdWContact': 1, 'UNL:TYR:Hydrophobic': 1, 'UNL:TYR:VdWContact': 1}","{'UNL:ALA:Hydrophobic': 1, 'UNL:ARG:HBAcceptor': 1, 'UNL:ARG:VdWContact': 1, 'UNL:ASN:HBAcceptor': 1, 'UNL:ASN:VdWContact': 1, 'UNL:CYS:Hydrophobic': 1, 'UNL:CYS:VdWContact': 1, 'UNL:GLN:HBAcceptor': 1, 'UNL:GLN:HBDonor': 1, 'UNL:GLN:Hydrophobic': 1, 'UNL:GLN:VdWContact': 2, 'UNL:GLY:VdWContact': 1, 'UNL:LEU:Hydrophobic': 4, 'UNL:LEU:VdWContact': 1, 'UNL:MET:Hydrophobic': 3, 'UNL:MET:VdWContact': 1, 'UNL:PHE:Hydrophobic': 1, 'UNL:PHE:VdWContact': 1, 'UNL:TRP:Hydrophobic': 1, 'UNL:TYR:Hydrophobic': 1, 'UNL:TYR:VdWContact': 1}"
36,DiffDock-L,1P62_GEO,0.2,0.25,"{'UNL:ARG:HBAcceptor': 1, 'UNL:ARG:VdWContact': 2, 'UNL:ASP:HBDonor': 1, 'UNL:ASP:VdWContact': 1, 'UNL:GLN:HBAcceptor': 1, 'UNL:GLN:HBDonor': 1, 'UNL:GLN:VdWContact': 1, 'UNL:GLU:HBDonor': 1, 'UNL:GLU:VdWContact': 2, 'UNL:ILE:VdWContact': 1, 'UNL:PHE:Hydrophobic': 1, 'UNL:PHE:VdWContact': 2, 'UNL:TRP:VdWContact': 1, 'UNL:TYR:VdWContact': 1, 'UNL:VAL:VdWContact': 1}","{'UNL:ARG:HBAcceptor': 1, 'UNL:ARG:VdWContact': 1, 'UNL:ASP:HBDonor': 1, 'UNL:ASP:VdWContact': 1, 'UNL:GLN:HBAcceptor': 1, 'UNL:GLN:HBDonor': 1, 'UNL:GLN:VdWContact': 1, 'UNL:GLU:VdWContact': 2, 'UNL:MET:VdWContact': 1, 'UNL:PHE:Hydrophobic': 2, 'UNL:TRP:Hydrophobic': 1, 'UNL:TYR:VdWContact': 1}"
37,DiffDock-L,1KE5_LS1,0.25,0.1875,"{'UNL:ASP:HBAcceptor': 1, 'UNL:ASP:Hydrophobic': 2, 'UNL:ASP:VdWContact': 2, 'UNL:GLN:VdWContact': 1, 'UNL:GLU:HBDonor': 1, 'UNL:GLU:VdWContact': 1, 'UNL:HIS:VdWContact': 1, 'UNL:ILE:VdWContact': 1, 'UNL:LEU:HBAcceptor': 1, 'UNL:LEU:Hydrophobic': 1, 'UNL:LEU:VdWContact': 2, 'UNL:LYS:Hydrophobic': 1, 'UNL:LYS:VdWContact': 1, 'UNL:PHE:Hydrophobic': 1, 'UNL:PHE:VdWContact': 1, 'UNL:VAL:VdWContact': 1}","{'UNL:ALA:Hydrophobic': 2, 'UNL:ASP:HBAcceptor': 1, 'UNL:ASP:Hydrophobic': 1, 'UNL:ASP:VdWContact': 2, 'UNL:GLU:HBDonor': 1, 'UNL:GLU:VdWContact': 1, 'UNL:HIS:VdWContact': 1, 'UNL:ILE:Hydrophobic': 1, 'UNL:ILE:VdWContact': 1, 'UNL:LEU:HBAcceptor': 1, 'UNL:LEU:HBDonor': 1, 'UNL:LEU:Hydrophobic': 1, 'UNL:LEU:VdWContact': 2, 'UNL:LYS:VdWContact': 1, 'UNL:PHE:Hydrophobic': 2, 'UNL:PHE:VdWContact': 2, 'UNL:VAL:Hydrophobic': 2}"
38,DiffDock-L,1TT1_KAI,0.6,0.7,"{'UNL:ALA:HBAcceptor': 1, 'UNL:ALA:VdWContact': 1, 'UNL:ARG:HBAcceptor': 1, 'UNL:ARG:HBDonor': 1, 'UNL:ARG:VdWContact': 1, 'UNL:PRO:VdWContact': 1, 'UNL:TYR:Hydrophobic': 1, 'UNL:TYR:VdWContact': 1}","{'UNL:ALA:HBAcceptor': 2, 'UNL:ALA:VdWContact': 2, 'UNL:ARG:HBAcceptor': 1, 'UNL:ARG:HBDonor': 1, 'UNL:ARG:VdWContact': 1, 'UNL:GLU:Hydrophobic': 2, 'UNL:GLU:VdWContact': 1, 'UNL:PRO:HBDonor': 1, 'UNL:PRO:VdWContact': 1, 'UNL:THR:HBAcceptor': 1, 'UNL:THR:VdWContact': 1, 'UNL:TYR:Hydrophobic': 1, 'UNL:TYR:VdWContact': 1, 'UNL:VAL:Hydrophobic': 1, 'UNL:VAL:VdWContact': 1}"
39,DiffDock-L,1VCJ_IBA,0.0,0.5333333333333333,"{'UNL:ALA:VdWContact': 1, 'UNL:ARG:HBAcceptor': 3, 'UNL:ARG:VdWContact': 4, 'UNL:ASN:VdWContact': 1, 'UNL:ASP:Hydrophobic': 1, 'UNL:ASP:VdWContact': 1, 'UNL:GLU:VdWContact': 3, 'UNL:SER:VdWContact': 1, 'UNL:TRP:VdWContact': 1, 'UNL:TYR:VdWContact': 1}","{'UNL:ALA:Hydrophobic': 1, 'UNL:ALA:VdWContact': 1, 'UNL:ARG:HBAcceptor': 3, 'UNL:ARG:Hydrophobic': 2, 'UNL:ARG:VdWContact': 5, 'UNL:ASN:Hydrophobic': 1, 'UNL:ASP:Hydrophobic': 1, 'UNL:ASP:VdWContact': 1, 'UNL:GLU:Hydrophobic': 1, 'UNL:GLU:VdWContact': 4, 'UNL:ILE:Hydrophobic': 1, 'UNL:SER:VdWContact': 1, 'UNL:TRP:Hydrophobic': 1, 'UNL:TRP:VdWContact': 1, 'UNL:TYR:VdWContact': 1}"
40,DiffDock-L,1HWI_115,0.75,0.42857142857142866,"{'UNL:ALA:VdWContact': 2, 'UNL:ARG:HBAcceptor': 1, 'UNL:ARG:VdWContact': 1, 'UNL:ASN:HBAcceptor': 1, 'UNL:ASN:VdWContact': 1, 'UNL:ASP:VdWContact': 1, 'UNL:CYS:VdWContact': 1, 'UNL:GLU:VdWContact': 1, 'UNL:HIS:Hydrophobic': 1, 'UNL:HIS:VdWContact': 1, 'UNL:LYS:HBAcceptor': 2, 'UNL:LYS:Hydrophobic': 1, 'UNL:LYS:VdWContact': 2, 'UNL:MET:Hydrophobic': 1, 'UNL:MET:VdWContact': 1, 'UNL:SER:HBDonor': 1, 'UNL:SER:VdWContact': 1, 'UNL:VAL:VdWContact': 1}","{'UNL:ALA:Hydrophobic': 1, 'UNL:ALA:VdWContact': 1, 'UNL:ARG:HBAcceptor': 1, 'UNL:ARG:VdWContact': 1, 'UNL:ASN:HBAcceptor': 1, 'UNL:ASN:VdWContact': 1, 'UNL:ASP:Hydrophobic': 1, 'UNL:ASP:VdWContact': 1, 'UNL:CYS:Hydrophobic': 1, 'UNL:CYS:VdWContact': 1, 'UNL:GLU:VdWContact': 1, 'UNL:GLY:VdWContact': 1, 'UNL:HIS:Hydrophobic': 1, 'UNL:HIS:VdWContact': 1, 'UNL:LEU:Hydrophobic': 4, 'UNL:LEU:VdWContact': 2, 'UNL:LYS:Hydrophobic': 1, 'UNL:LYS:VdWContact': 3, 'UNL:SER:VdWContact': 1, 'UNL:VAL:Hydrophobic': 1, 'UNL:VAL:VdWContact': 1}"
41,DiffDock-L,1UML_FR4,0.0,0.47058823529411764,"{'UNL:ASP:HBDonor': 2, 'UNL:ASP:Hydrophobic': 1, 'UNL:ASP:VdWContact': 4, 'UNL:GLU:Hydrophobic': 2, 'UNL:GLU:VdWContact': 2, 'UNL:GLY:VdWContact': 1, 'UNL:HIS:Hydrophobic': 1, 'UNL:HIS:VdWContact': 2, 'UNL:LEU:Hydrophobic': 2, 'UNL:LEU:VdWContact': 3, 'UNL:MET:Hydrophobic': 1, 'UNL:MET:VdWContact': 1, 'UNL:PHE:VdWContact': 1, 'UNL:TYR:VdWContact': 1, 'UNL:VAL:Hydrophobic': 1, 'UNL:VAL:VdWContact': 1}","{'UNL:ASP:HBDonor': 2, 'UNL:ASP:Hydrophobic': 1, 'UNL:ASP:VdWContact': 3, 'UNL:GLY:VdWContact': 1, 'UNL:HIS:Hydrophobic': 1, 'UNL:HIS:VdWContact': 1, 'UNL:LEU:Hydrophobic': 3, 'UNL:LEU:VdWContact': 1, 'UNL:MET:Hydrophobic': 1, 'UNL:PHE:Hydrophobic': 2, 'UNL:THR:Hydrophobic': 1, 'UNL:VAL:Hydrophobic': 1}"
42,DiffDock-L,1JLA_TNK,0.0,0.1666666666666667,"{'UNL:CYS:VdWContact': 1, 'UNL:GLY:VdWContact': 1, 'UNL:HIS:VdWContact': 1, 'UNL:LEU:Hydrophobic': 1, 'UNL:LEU:VdWContact': 2, 'UNL:LYS:HBDonor': 1, 'UNL:LYS:VdWContact': 2, 'UNL:PRO:VdWContact': 2, 'UNL:TRP:Hydrophobic': 1, 'UNL:TRP:VdWContact': 1, 'UNL:TYR:Hydrophobic': 1, 'UNL:TYR:VdWContact': 1, 'UNL:VAL:Hydrophobic': 1, 'UNL:VAL:VdWContact': 2}","{'UNL:CYS:Hydrophobic': 1, 'UNL:CYS:VdWContact': 1, 'UNL:GLY:VdWContact': 1, 'UNL:LEU:Hydrophobic': 2, 'UNL:LYS:HBDonor': 1, 'UNL:LYS:Hydrophobic': 1, 'UNL:LYS:VdWContact': 2, 'UNL:PHE:Hydrophobic': 1, 'UNL:PHE:VdWContact': 1, 'UNL:PRO:Hydrophobic': 2, 'UNL:PRO:VdWContact': 1, 'UNL:TRP:Hydrophobic': 1, 'UNL:TRP:VdWContact': 1, 'UNL:TYR:Hydrophobic': 1, 'UNL:TYR:VdWContact': 1, 'UNL:VAL:Hydrophobic': 1}"
43,DiffDock-L,1LRH_NLA,0.0,0.35714285714285704,"{'UNL:GLN:VdWContact': 1, 'UNL:GLU:VdWContact': 1, 'UNL:HIS:HBAcceptor': 1, 'UNL:HIS:VdWContact': 2, 'UNL:ILE:Hydrophobic': 1, 'UNL:ILE:VdWContact': 2, 'UNL:LEU:Hydrophobic': 1, 'UNL:LEU:VdWContact': 1, 'UNL:PHE:VdWContact': 1, 'UNL:THR:VdWContact': 1, 'UNL:TRP:VdWContact': 1}","{'UNL:GLN:VdWContact': 1, 'UNL:GLU:VdWContact': 1, 'UNL:HIS:HBAcceptor': 1, 'UNL:HIS:VdWContact': 2, 'UNL:ILE:Hydrophobic': 3, 'UNL:ILE:VdWContact': 1, 'UNL:LEU:Hydrophobic': 1, 'UNL:PHE:Hydrophobic': 2, 'UNL:PHE:VdWContact': 1, 'UNL:PRO:Hydrophobic': 1, 'UNL:THR:Hydrophobic': 1, 'UNL:TRP:Hydrophobic': 2, 'UNL:TRP:VdWContact': 1}"
44,DiffDock-L,1KZK_JE2,1.0,0.5384615384615384,"{'UNL:ALA:VdWContact': 1, 'UNL:ASP:HBDonor': 1, 'UNL:ASP:Hydrophobic': 2, 'UNL:ASP:VdWContact': 4, 'UNL:GLY:HBDonor': 2, 'UNL:GLY:VdWContact': 4, 'UNL:ILE:Hydrophobic': 4, 'UNL:ILE:VdWContact': 4, 'UNL:LEU:VdWContact': 1, 'UNL:PRO:VdWContact': 1, 'UNL:VAL:Hydrophobic': 2, 'UNL:VAL:VdWContact': 2}","{'UNL:ALA:Hydrophobic': 2, 'UNL:ASP:Hydrophobic': 3, 'UNL:ASP:VdWContact': 4, 'UNL:GLY:HBDonor': 1, 'UNL:GLY:VdWContact': 3, 'UNL:ILE:Hydrophobic': 6, 'UNL:LEU:Hydrophobic': 3, 'UNL:PRO:Hydrophobic': 2, 'UNL:PRO:VdWContact': 1, 'UNL:VAL:Hydrophobic': 4}"
45,DiffDock-L,1N2J_PAF,0.0,0.75,"{'UNL:GLN:HBAcceptor': 2, 'UNL:GLN:VdWContact': 2, 'UNL:MET:VdWContact': 1, 'UNL:VAL:VdWContact': 1}","{'UNL:GLN:HBAcceptor': 2, 'UNL:GLN:VdWContact': 2, 'UNL:MET:Hydrophobic': 1, 'UNL:MET:VdWContact': 1, 'UNL:PHE:Hydrophobic': 1, 'UNL:PRO:Hydrophobic': 1, 'UNL:PRO:VdWContact': 1, 'UNL:VAL:Hydrophobic': 2, 'UNL:VAL:VdWContact': 1}"
46,DiffDock-L,1MEH_MOA,0.0,0.5384615384615384,"{'UNL:ALA:VdWContact': 1, 'UNL:ARG:HBAcceptor': 1, 'UNL:ARG:VdWContact': 1, 'UNL:ASP:HBDonor': 1, 'UNL:ASP:VdWContact': 1, 'UNL:CYS:Hydrophobic': 1, 'UNL:CYS:VdWContact': 1, 'UNL:GLY:VdWContact': 3, 'UNL:ILE:VdWContact': 1, 'UNL:LEU:VdWContact': 1, 'UNL:MET:Hydrophobic': 1, 'UNL:SER:HBAcceptor': 1, 'UNL:SER:VdWContact': 2, 'UNL:TYR:VdWContact': 1}","{'UNL:ASP:VdWContact': 1, 'UNL:GLU:Hydrophobic': 1, 'UNL:GLU:VdWContact': 1, 'UNL:GLY:HBAcceptor': 1, 'UNL:GLY:VdWContact': 1, 'UNL:ILE:VdWContact': 1, 'UNL:SER:HBAcceptor': 1, 'UNL:SER:HBDonor': 1, 'UNL:SER:VdWContact': 2}"
47,DiffDock-L,2BSM_BSM,0.0,0.3125,"{'UNL:ALA:VdWContact': 1, 'UNL:ASN:Hydrophobic': 1, 'UNL:ASN:VdWContact': 1, 'UNL:ASP:VdWContact': 1, 'UNL:GLY:HBDonor': 1, 'UNL:GLY:VdWContact': 2, 'UNL:LYS:HBAcceptor': 1, 'UNL:LYS:VdWContact': 2, 'UNL:MET:Hydrophobic': 1, 'UNL:PHE:VdWContact': 1, 'UNL:THR:HBDonor': 1, 'UNL:THR:VdWContact': 1, 'UNL:VAL:VdWContact': 1}","{'UNL:ALA:Hydrophobic': 1, 'UNL:ASN:Hydrophobic': 1, 'UNL:ASN:VdWContact': 1, 'UNL:ASP:HBDonor': 1, 'UNL:ASP:Hydrophobic': 1, 'UNL:ASP:VdWContact': 1, 'UNL:GLY:HBDonor': 1, 'UNL:GLY:VdWContact': 2, 'UNL:ILE:Hydrophobic': 1, 'UNL:LYS:VdWContact': 1, 'UNL:MET:Hydrophobic': 1, 'UNL:PHE:VdWContact': 1, 'UNL:SER:VdWContact': 1, 'UNL:THR:HBDonor': 1, 'UNL:THR:Hydrophobic': 2, 'UNL:THR:VdWContact': 1, 'UNL:VAL:Hydrophobic': 1, 'UNL:VAL:VdWContact': 1}"
48,DiffDock-L,1V48_HA1,0.0,0.2857142857142857,"{'UNL:ALA:HBAcceptor': 1, 'UNL:ALA:VdWContact': 1, 'UNL:ARG:HBAcceptor': 1, 'UNL:ARG:VdWContact': 1, 'UNL:ASN:HBAcceptor': 1, 'UNL:ASN:VdWContact': 2, 'UNL:GLU:HBDonor': 1, 'UNL:GLU:VdWContact': 1, 'UNL:GLY:VdWContact': 2, 'UNL:HIS:VdWContact': 1, 'UNL:SER:HBAcceptor': 1, 'UNL:SER:HBDonor': 1, 'UNL:SER:VdWContact': 2, 'UNL:THR:VdWContact': 1, 'UNL:VAL:VdWContact': 1}","{'UNL:ALA:HBAcceptor': 1, 'UNL:ALA:Hydrophobic': 1, 'UNL:ALA:VdWContact': 1, 'UNL:ARG:HBAcceptor': 1, 'UNL:ARG:VdWContact': 1, 'UNL:ASN:HBAcceptor': 1, 'UNL:ASN:VdWContact': 2, 'UNL:GLU:HBDonor': 1, 'UNL:GLU:VdWContact': 1, 'UNL:HIS:VdWContact': 1, 'UNL:MET:Hydrophobic': 1, 'UNL:PHE:Hydrophobic': 1, 'UNL:PHE:VdWContact': 1, 'UNL:SER:HBAcceptor': 1, 'UNL:SER:HBDonor': 1, 'UNL:SER:VdWContact': 2, 'UNL:VAL:Hydrophobic': 1, 'UNL:VAL:VdWContact': 1}"
49,DiffDock-L,1L7F_BCZ,1.0,0.9,"{'UNL:ARG:HBAcceptor': 3, 'UNL:ARG:HBDonor': 2, 'UNL:ARG:VdWContact': 6, 'UNL:ASP:VdWContact': 1, 'UNL:GLU:VdWContact': 2, 'UNL:TRP:VdWContact': 1, 'UNL:TYR:VdWContact': 1}","{'UNL:ALA:Hydrophobic': 1, 'UNL:ARG:HBAcceptor': 4, 'UNL:ARG:HBDonor': 1, 'UNL:ARG:Hydrophobic': 2, 'UNL:ARG:VdWContact': 4, 'UNL:ASP:VdWContact': 1, 'UNL:GLU:HBDonor': 1, 'UNL:GLU:Hydrophobic': 1, 'UNL:GLU:VdWContact': 3, 'UNL:ILE:Hydrophobic': 1, 'UNL:TRP:HBDonor': 1, 'UNL:TRP:Hydrophobic': 1, 'UNL:TRP:VdWContact': 1, 'UNL:TYR:VdWContact': 1}"
50,DiffDock-L,1JD0_AZM,0.33333333333333337,0.5714285714285714,"{'UNL:HIS:HBDonor': 1, 'UNL:HIS:VdWContact': 2, 'UNL:LEU:VdWContact': 1, 'UNL:THR:HBAcceptor': 1, 'UNL:THR:HBDonor': 1, 'UNL:THR:VdWContact': 2, 'UNL:VAL:VdWContact': 1}","{'UNL:GLN:Hydrophobic': 1, 'UNL:HIS:HBDonor': 2, 'UNL:HIS:VdWContact': 1, 'UNL:LEU:Hydrophobic': 1, 'UNL:LEU:VdWContact': 1, 'UNL:THR:HBAcceptor': 1, 'UNL:THR:HBDonor': 1, 'UNL:THR:VdWContact': 2, 'UNL:VAL:Hydrophobic': 1, 'UNL:VAL:VdWContact': 1}"
51,DiffDock-L,1S19_MC9,0.25,0.4736842105263158,"{'UNL:ALA:VdWContact': 1, 'UNL:ARG:Hydrophobic': 1, 'UNL:ARG:VdWContact': 1, 'UNL:HIS:HBAcceptor': 1, 'UNL:HIS:HBDonor': 1, 'UNL:HIS:VdWContact': 2, 'UNL:ILE:VdWContact': 1, 'UNL:LEU:Hydrophobic': 2, 'UNL:LEU:VdWContact': 1, 'UNL:SER:VdWContact': 3, 'UNL:TRP:VdWContact': 1, 'UNL:TYR:HBAcceptor': 1, 'UNL:TYR:VdWContact': 2, 'UNL:VAL:Hydrophobic': 1, 'UNL:VAL:VdWContact': 2}","{'UNL:ALA:Hydrophobic': 1, 'UNL:ALA:VdWContact': 1, 'UNL:ARG:HBAcceptor': 1, 'UNL:ARG:VdWContact': 1, 'UNL:CYS:VdWContact': 1, 'UNL:HIS:HBAcceptor': 2, 'UNL:HIS:HBDonor': 1, 'UNL:HIS:VdWContact': 2, 'UNL:ILE:Hydrophobic': 2, 'UNL:LEU:Hydrophobic': 6, 'UNL:MET:Hydrophobic': 1, 'UNL:PHE:Hydrophobic': 1, 'UNL:SER:VdWContact': 3, 'UNL:TRP:Hydrophobic': 1, 'UNL:TRP:VdWContact': 1, 'UNL:TYR:Hydrophobic': 2, 'UNL:TYR:VdWContact': 1, 'UNL:VAL:Hydrophobic': 2, 'UNL:VAL:VdWContact': 1}"
52,DiffDock-L,1LPZ_CMB,0.5,0.11764705882352941,"{'UNL:ALA:VdWContact': 1, 'UNL:ARG:VdWContact': 1, 'UNL:ASP:HBDonor': 1, 'UNL:ASP:VdWContact': 1, 'UNL:CYS:VdWContact': 1, 'UNL:GLN:Hydrophobic': 1, 'UNL:GLN:VdWContact': 1, 'UNL:GLU:Hydrophobic': 1, 'UNL:GLY:VdWContact': 2, 'UNL:PHE:Hydrophobic': 1, 'UNL:PHE:VdWContact': 1, 'UNL:SER:VdWContact': 1, 'UNL:TRP:Hydrophobic': 1, 'UNL:TYR:Hydrophobic': 1}","{'UNL:ALA:Hydrophobic': 1, 'UNL:ARG:VdWContact': 1, 'UNL:ASP:HBDonor': 1, 'UNL:ASP:VdWContact': 1, 'UNL:CYS:VdWContact': 1, 'UNL:GLN:Hydrophobic': 1, 'UNL:GLN:VdWContact': 1, 'UNL:GLU:Hydrophobic': 1, 'UNL:GLY:HBDonor': 1, 'UNL:GLY:VdWContact': 3, 'UNL:PHE:Hydrophobic': 1, 'UNL:TRP:Hydrophobic': 1, 'UNL:TRP:VdWContact': 1, 'UNL:TYR:Hydrophobic': 1, 'UNL:TYR:VdWContact': 1, 'UNL:VAL:Hydrophobic': 1}"
53,DiffDock-L,1X8X_TYR,1.0,0.40000000000000013,"{'UNL:ASP:HBDonor': 1, 'UNL:ASP:VdWContact': 3, 'UNL:GLN:HBDonor': 1, 'UNL:GLN:Hydrophobic': 1, 'UNL:GLN:VdWContact': 3, 'UNL:GLY:VdWContact': 1, 'UNL:LEU:VdWContact': 1, 'UNL:TYR:VdWContact': 1}","{'UNL:ASP:HBDonor': 2, 'UNL:ASP:Hydrophobic': 1, 'UNL:ASP:VdWContact': 3, 'UNL:GLN:HBDonor': 2, 'UNL:GLN:Hydrophobic': 1, 'UNL:GLN:VdWContact': 3, 'UNL:GLY:VdWContact': 1, 'UNL:LEU:Hydrophobic': 1, 'UNL:THR:Hydrophobic': 1, 'UNL:TYR:Hydrophobic': 1, 'UNL:TYR:VdWContact': 2}"
54,DiffDock-L,1T46_STI,0.6666666666666666,0.30434782608695654,"{'UNL:ALA:VdWContact': 1, 'UNL:ASP:HBAcceptor': 1, 'UNL:ASP:Hydrophobic': 1, 'UNL:ASP:VdWContact': 1, 'UNL:CYS:Hydrophobic': 1, 'UNL:CYS:VdWContact': 2, 'UNL:GLU:Hydrophobic': 1, 'UNL:GLU:VdWContact': 2, 'UNL:GLY:VdWContact': 1, 'UNL:HIS:VdWContact': 1, 'UNL:LEU:Hydrophobic': 3, 'UNL:LEU:VdWContact': 2, 'UNL:LYS:Hydrophobic': 1, 'UNL:LYS:VdWContact': 1, 'UNL:PHE:VdWContact': 1, 'UNL:THR:VdWContact': 1, 'UNL:VAL:Hydrophobic': 1, 'UNL:VAL:VdWContact': 3}","{'UNL:ALA:Hydrophobic': 1, 'UNL:ARG:VdWContact': 1, 'UNL:ASP:HBAcceptor': 1, 'UNL:ASP:Hydrophobic': 1, 'UNL:ASP:VdWContact': 1, 'UNL:CYS:HBAcceptor': 1, 'UNL:CYS:Hydrophobic': 1, 'UNL:CYS:VdWContact': 2, 'UNL:GLU:Hydrophobic': 1, 'UNL:GLU:VdWContact': 1, 'UNL:HIS:VdWContact': 1, 'UNL:ILE:VdWContact': 1, 'UNL:LEU:Hydrophobic': 4, 'UNL:LEU:VdWContact': 1, 'UNL:LYS:Hydrophobic': 1, 'UNL:LYS:VdWContact': 1, 'UNL:PHE:Hydrophobic': 1, 'UNL:PHE:VdWContact': 1, 'UNL:THR:HBDonor': 1, 'UNL:THR:Hydrophobic': 1, 'UNL:THR:VdWContact': 1, 'UNL:TYR:Hydrophobic': 1, 'UNL:VAL:Hydrophobic': 4}"
55,DiffDock-L,1OYT_FSN,0.3333333333333333,0.23076923076923078,"{'UNL:ASN:VdWContact': 1, 'UNL:ASP:HBDonor': 1, 'UNL:ASP:VdWContact': 1, 'UNL:GLY:HBAcceptor': 1, 'UNL:GLY:VdWContact': 2, 'UNL:HIS:VdWContact': 1, 'UNL:LEU:Hydrophobic': 1, 'UNL:LEU:VdWContact': 1, 'UNL:SER:VdWContact': 1, 'UNL:TRP:Hydrophobic': 1, 'UNL:TRP:VdWContact': 2}","{'UNL:ALA:VdWContact': 1, 'UNL:ASN:VdWContact': 1, 'UNL:ASP:HBDonor': 1, 'UNL:ASP:VdWContact': 1, 'UNL:GLU:Hydrophobic': 1, 'UNL:GLY:HBAcceptor': 1, 'UNL:GLY:HBDonor': 1, 'UNL:GLY:VdWContact': 2, 'UNL:HIS:VdWContact': 1, 'UNL:ILE:Hydrophobic': 1, 'UNL:LEU:Hydrophobic': 1, 'UNL:SER:VdWContact': 1, 'UNL:TRP:Hydrophobic': 2, 'UNL:TRP:VdWContact': 1, 'UNL:VAL:Hydrophobic': 1}"
56,DiffDock-L,1UNL_RRC,0.6666666666666666,0.4375,"{'UNL:ALA:VdWContact': 1, 'UNL:ASP:VdWContact': 2, 'UNL:CYS:HBDonor': 1, 'UNL:CYS:VdWContact': 1, 'UNL:GLN:VdWContact': 2, 'UNL:GLU:VdWContact': 1, 'UNL:GLY:VdWContact': 1, 'UNL:ILE:Hydrophobic': 1, 'UNL:ILE:VdWContact': 1, 'UNL:LYS:Hydrophobic': 1, 'UNL:LYS:VdWContact': 1, 'UNL:PHE:VdWContact': 1, 'UNL:VAL:VdWContact': 1}","{'UNL:ALA:Hydrophobic': 2, 'UNL:ALA:VdWContact': 1, 'UNL:ASP:VdWContact': 1, 'UNL:CYS:HBAcceptor': 1, 'UNL:CYS:HBDonor': 1, 'UNL:CYS:VdWContact': 1, 'UNL:GLN:HBDonor': 1, 'UNL:GLN:VdWContact': 2, 'UNL:GLU:VdWContact': 2, 'UNL:ILE:Hydrophobic': 1, 'UNL:ILE:VdWContact': 1, 'UNL:LEU:Hydrophobic': 1, 'UNL:LYS:Hydrophobic': 2, 'UNL:PHE:Hydrophobic': 2, 'UNL:PHE:VdWContact': 1, 'UNL:VAL:Hydrophobic': 2, 'UNL:VAL:VdWContact': 2}"
57,DiffDock-L,1U1C_BAU,0.25,0.3846153846153846,"{'UNL:ARG:VdWContact': 1, 'UNL:GLN:HBAcceptor': 1, 'UNL:GLN:HBDonor': 1, 'UNL:GLN:VdWContact': 1, 'UNL:GLU:VdWContact': 1, 'UNL:HIS:HBDonor': 1, 'UNL:HIS:VdWContact': 1, 'UNL:ILE:Hydrophobic': 1, 'UNL:PHE:Hydrophobic': 1, 'UNL:PHE:VdWContact': 1, 'UNL:VAL:VdWContact': 1}","{'UNL:ARG:HBAcceptor': 1, 'UNL:ARG:VdWContact': 1, 'UNL:GLN:HBAcceptor': 1, 'UNL:GLN:HBDonor': 1, 'UNL:GLN:VdWContact': 1, 'UNL:GLU:VdWContact': 1, 'UNL:HIS:HBDonor': 1, 'UNL:HIS:VdWContact': 1, 'UNL:ILE:Hydrophobic': 1, 'UNL:ILE:VdWContact': 1, 'UNL:MET:VdWContact': 1, 'UNL:PHE:Hydrophobic': 2, 'UNL:PHE:VdWContact': 1, 'UNL:PRO:Hydrophobic': 1, 'UNL:THR:VdWContact': 1, 'UNL:VAL:Hydrophobic': 1}"
58,DiffDock-L,1K3U_IAD,1.0,1.0,"{'UNL:ASP:HBDonor': 1, 'UNL:ASP:VdWContact': 1, 'UNL:GLY:VdWContact': 2, 'UNL:ILE:Hydrophobic': 1, 'UNL:ILE:VdWContact': 1, 'UNL:LEU:Hydrophobic': 1, 'UNL:LEU:VdWContact': 1, 'UNL:PHE:Hydrophobic': 1, 'UNL:SER:HBAcceptor': 1, 'UNL:SER:VdWContact': 1, 'UNL:TYR:VdWContact': 1}","{'UNL:ALA:Hydrophobic': 2, 'UNL:ASP:HBDonor': 1, 'UNL:ASP:VdWContact': 1, 'UNL:GLY:HBAcceptor': 3, 'UNL:GLY:HBDonor': 1, 'UNL:GLY:VdWContact': 4, 'UNL:ILE:HBAcceptor': 1, 'UNL:ILE:Hydrophobic': 3, 'UNL:ILE:VdWContact': 3, 'UNL:LEU:Hydrophobic': 2, 'UNL:PHE:HBAcceptor': 1, 'UNL:PHE:HBDonor': 1, 'UNL:PHE:Hydrophobic': 2, 'UNL:PHE:VdWContact': 2, 'UNL:SER:HBAcceptor': 1, 'UNL:SER:VdWContact': 1, 'UNL:THR:Hydrophobic': 1, 'UNL:THR:VdWContact': 1, 'UNL:TYR:Hydrophobic': 1, 'UNL:TYR:VdWContact': 1}"
59,DiffDock-L,1Q1G_MTI,0.0,0.125,"{'UNL:ARG:HBAcceptor': 1, 'UNL:ARG:VdWContact': 1, 'UNL:ASP:VdWContact': 1, 'UNL:CYS:HBDonor': 1, 'UNL:CYS:VdWContact': 1, 'UNL:GLU:HBDonor': 1, 'UNL:GLU:VdWContact': 2, 'UNL:GLY:VdWContact': 1, 'UNL:HIS:VdWContact': 1, 'UNL:MET:Hydrophobic': 1, 'UNL:MET:VdWContact': 1, 'UNL:SER:VdWContact': 1, 'UNL:TYR:Hydrophobic': 1, 'UNL:TYR:VdWContact': 1, 'UNL:VAL:Hydrophobic': 1, 'UNL:VAL:VdWContact': 2}","{'UNL:ASP:HBDonor': 1, 'UNL:ASP:VdWContact': 1, 'UNL:CYS:VdWContact': 1, 'UNL:GLU:HBDonor': 1, 'UNL:GLU:Hydrophobic': 1, 'UNL:GLU:VdWContact': 2, 'UNL:GLY:VdWContact': 1, 'UNL:MET:HBAcceptor': 1, 'UNL:MET:Hydrophobic': 1, 'UNL:MET:VdWContact': 1, 'UNL:SER:VdWContact': 1, 'UNL:TRP:Hydrophobic': 1, 'UNL:TRP:VdWContact': 1, 'UNL:TYR:Hydrophobic': 1, 'UNL:TYR:VdWContact': 1, 'UNL:VAL:Hydrophobic': 3, 'UNL:VAL:VdWContact': 1}"
60,DiffDock-L,1R1H_BIR,0.5,0.6666666666666666,"{'UNL:ALA:VdWContact': 1, 'UNL:ARG:VdWContact': 1, 'UNL:ASN:HBAcceptor': 1, 'UNL:ASN:HBDonor': 1, 'UNL:ASN:Hydrophobic': 1, 'UNL:ASN:VdWContact': 1, 'UNL:GLU:VdWContact': 1, 'UNL:HIS:VdWContact': 2, 'UNL:TRP:VdWContact': 1}","{'UNL:ALA:Hydrophobic': 1, 'UNL:ALA:VdWContact': 1, 'UNL:ARG:HBAcceptor': 1, 'UNL:ARG:VdWContact': 1, 'UNL:ASN:HBAcceptor': 1, 'UNL:ASN:HBDonor': 1, 'UNL:ASN:VdWContact': 1, 'UNL:GLU:HBDonor': 1, 'UNL:GLU:VdWContact': 1, 'UNL:HIS:Hydrophobic': 1, 'UNL:HIS:VdWContact': 2, 'UNL:MET:Hydrophobic': 1, 'UNL:PHE:Hydrophobic': 3, 'UNL:PHE:VdWContact': 1, 'UNL:TRP:Hydrophobic': 1, 'UNL:TRP:VdWContact': 1, 'UNL:VAL:Hydrophobic': 2, 'UNL:VAL:VdWContact': 1}"
61,DiffDock-L,1YVF_PH7,0.0,0.13636363636363646,"{'UNL:ALA:VdWContact': 1, 'UNL:ARG:Hydrophobic': 1, 'UNL:ARG:VdWContact': 2, 'UNL:ILE:Hydrophobic': 1, 'UNL:ILE:VdWContact': 1, 'UNL:LEU:Hydrophobic': 1, 'UNL:LEU:VdWContact': 1, 'UNL:MET:Hydrophobic': 1, 'UNL:MET:VdWContact': 1, 'UNL:SER:VdWContact': 1, 'UNL:TRP:Hydrophobic': 1, 'UNL:TRP:VdWContact': 1, 'UNL:TYR:HBAcceptor': 1, 'UNL:TYR:VdWContact': 1}","{'UNL:ARG:Hydrophobic': 1, 'UNL:ASN:Hydrophobic': 1, 'UNL:ASN:VdWContact': 1, 'UNL:CYS:Hydrophobic': 1, 'UNL:CYS:VdWContact': 1, 'UNL:GLN:VdWContact': 1, 'UNL:LEU:Hydrophobic': 1, 'UNL:MET:Hydrophobic': 1, 'UNL:MET:VdWContact': 1, 'UNL:PHE:Hydrophobic': 1, 'UNL:PRO:Hydrophobic': 1, 'UNL:PRO:VdWContact': 1, 'UNL:SER:VdWContact': 2, 'UNL:TYR:HBAcceptor': 1, 'UNL:TYR:Hydrophobic': 2, 'UNL:TYR:VdWContact': 1}"
62,DiffDock-L,1YQY_915,0.16666666666666666,0.3571428571428571,"{'UNL:GLU:VdWContact': 2, 'UNL:GLY:HBAcceptor': 1, 'UNL:GLY:HBDonor': 1, 'UNL:GLY:VdWContact': 1, 'UNL:HIS:HBAcceptor': 1, 'UNL:HIS:Hydrophobic': 1, 'UNL:HIS:VdWContact': 1, 'UNL:LEU:Hydrophobic': 1, 'UNL:LEU:VdWContact': 1, 'UNL:LYS:HBAcceptor': 1, 'UNL:LYS:Hydrophobic': 1, 'UNL:LYS:VdWContact': 1, 'UNL:SER:VdWContact': 1, 'UNL:TYR:Hydrophobic': 1, 'UNL:TYR:VdWContact': 1, 'UNL:VAL:VdWContact': 1}","{'UNL:ASP:Hydrophobic': 1, 'UNL:GLU:VdWContact': 3, 'UNL:GLY:HBAcceptor': 1, 'UNL:GLY:HBDonor': 1, 'UNL:GLY:VdWContact': 1, 'UNL:HIS:HBAcceptor': 1, 'UNL:HIS:HBDonor': 1, 'UNL:HIS:Hydrophobic': 1, 'UNL:HIS:VdWContact': 1, 'UNL:LEU:Hydrophobic': 2, 'UNL:LEU:VdWContact': 2, 'UNL:LYS:Hydrophobic': 1, 'UNL:SER:VdWContact': 1, 'UNL:TYR:HBDonor': 1, 'UNL:TYR:Hydrophobic': 1, 'UNL:TYR:VdWContact': 1, 'UNL:VAL:Hydrophobic': 2, 'UNL:VAL:VdWContact': 1}"
63,DiffDock-L,1N1M_A3M,0.0,0.875,"{'UNL:ASN:HBAcceptor': 1, 'UNL:ASN:VdWContact': 1, 'UNL:GLU:HBDonor': 2, 'UNL:GLU:VdWContact': 2, 'UNL:SER:VdWContact': 1, 'UNL:TYR:VdWContact': 3}","{'UNL:ASN:HBAcceptor': 1, 'UNL:ASN:VdWContact': 1, 'UNL:GLU:HBDonor': 2, 'UNL:GLU:VdWContact': 2, 'UNL:PHE:Hydrophobic': 1, 'UNL:SER:VdWContact': 1, 'UNL:TRP:Hydrophobic': 1, 'UNL:TYR:Hydrophobic': 3, 'UNL:TYR:VdWContact': 3, 'UNL:VAL:Hydrophobic': 2}"
64,DiffDock-L,1Z95_198,0.5,0.4285714285714286,"{'UNL:ARG:HBAcceptor': 1, 'UNL:ARG:VdWContact': 1, 'UNL:ASN:VdWContact': 1, 'UNL:ILE:Hydrophobic': 1, 'UNL:ILE:VdWContact': 1, 'UNL:LEU:HBDonor': 1, 'UNL:LEU:Hydrophobic': 3, 'UNL:LEU:VdWContact': 2, 'UNL:MET:Hydrophobic': 3, 'UNL:MET:VdWContact': 4, 'UNL:PHE:VdWContact': 1, 'UNL:THR:VdWContact': 1}","{'UNL:ARG:VdWContact': 1, 'UNL:ASN:VdWContact': 1, 'UNL:GLY:VdWContact': 1, 'UNL:ILE:Hydrophobic': 2, 'UNL:ILE:VdWContact': 1, 'UNL:LEU:HBDonor': 1, 'UNL:LEU:Hydrophobic': 4, 'UNL:LEU:VdWContact': 2, 'UNL:MET:Hydrophobic': 3, 'UNL:MET:VdWContact': 3, 'UNL:PHE:Hydrophobic': 2, 'UNL:PHE:VdWContact': 1, 'UNL:THR:Hydrophobic': 1, 'UNL:THR:VdWContact': 1, 'UNL:VAL:Hydrophobic': 1}"
65,DiffDock-L,1HP0_AD3,0.0,0.6666666666666666,"{'UNL:ASN:HBAcceptor': 2, 'UNL:ASN:VdWContact': 2, 'UNL:ASP:VdWContact': 3, 'UNL:GLU:VdWContact': 1, 'UNL:MET:VdWContact': 1, 'UNL:TRP:Hydrophobic': 1}","{'UNL:ASN:HBAcceptor': 2, 'UNL:ASN:Hydrophobic': 1, 'UNL:ASN:VdWContact': 3, 'UNL:ASP:VdWContact': 3, 'UNL:GLU:VdWContact': 1, 'UNL:MET:VdWContact': 1, 'UNL:THR:VdWContact': 1, 'UNL:TRP:Hydrophobic': 2, 'UNL:TRP:VdWContact': 1, 'UNL:TYR:VdWContact': 1}"
66,DiffDock-L,1OF1_SCT,0.0,0.35714285714285704,"{'UNL:ALA:VdWContact': 1, 'UNL:GLN:HBAcceptor': 1, 'UNL:GLN:HBDonor': 1, 'UNL:GLN:VdWContact': 1, 'UNL:GLU:VdWContact': 2, 'UNL:HIS:HBDonor': 1, 'UNL:HIS:VdWContact': 1, 'UNL:ILE:Hydrophobic': 1, 'UNL:ILE:VdWContact': 1, 'UNL:MET:Hydrophobic': 1, 'UNL:MET:VdWContact': 1, 'UNL:TYR:HBAcceptor': 1, 'UNL:TYR:Hydrophobic': 1, 'UNL:TYR:VdWContact': 2}","{'UNL:ALA:Hydrophobic': 2, 'UNL:ALA:VdWContact': 1, 'UNL:ARG:HBAcceptor': 1, 'UNL:ARG:HBDonor': 1, 'UNL:ARG:VdWContact': 1, 'UNL:GLN:HBAcceptor': 1, 'UNL:GLN:HBDonor': 1, 'UNL:GLN:VdWContact': 1, 'UNL:GLU:VdWContact': 2, 'UNL:HIS:Hydrophobic': 1, 'UNL:HIS:VdWContact': 1, 'UNL:ILE:Hydrophobic': 2, 'UNL:MET:Hydrophobic': 1, 'UNL:TRP:Hydrophobic': 1, 'UNL:TYR:Hydrophobic': 2, 'UNL:TYR:VdWContact': 2}"
67,DiffDock-L,1SJ0_E4D,0.6666666666666666,0.33333333333333354,"{'UNL:ALA:VdWContact': 1, 'UNL:ARG:HBAcceptor': 1, 'UNL:ARG:VdWContact': 1, 'UNL:ASP:VdWContact': 1, 'UNL:CYS:VdWContact': 1, 'UNL:GLU:VdWContact': 1, 'UNL:GLY:VdWContact': 1, 'UNL:HIS:VdWContact': 1, 'UNL:ILE:Hydrophobic': 1, 'UNL:ILE:VdWContact': 1, 'UNL:LEU:Hydrophobic': 4, 'UNL:LEU:VdWContact': 4, 'UNL:MET:Hydrophobic': 1, 'UNL:MET:VdWContact': 1, 'UNL:PHE:VdWContact': 1, 'UNL:THR:VdWContact': 1, 'UNL:TRP:VdWContact': 1}","{'UNL:ALA:Hydrophobic': 1, 'UNL:ARG:HBAcceptor': 1, 'UNL:ARG:VdWContact': 1, 'UNL:ASP:VdWContact': 1, 'UNL:CYS:Hydrophobic': 1, 'UNL:CYS:VdWContact': 1, 'UNL:GLU:VdWContact': 1, 'UNL:HIS:HBDonor': 1, 'UNL:HIS:Hydrophobic': 1, 'UNL:HIS:VdWContact': 1, 'UNL:ILE:Hydrophobic': 1, 'UNL:LEU:HBDonor': 1, 'UNL:LEU:Hydrophobic': 7, 'UNL:LEU:VdWContact': 3, 'UNL:MET:Hydrophobic': 3, 'UNL:MET:VdWContact': 1, 'UNL:PHE:Hydrophobic': 1, 'UNL:THR:VdWContact': 1, 'UNL:TRP:Hydrophobic': 1, 'UNL:TRP:VdWContact': 1}"
68,DiffDock-L,1U4D_DBQ,0.0,0.0,"{'UNL:ALA:HBAcceptor': 1, 'UNL:ALA:VdWContact': 2, 'UNL:ASP:HBDonor': 1, 'UNL:ASP:VdWContact': 1, 'UNL:GLU:HBDonor': 1, 'UNL:GLU:VdWContact': 1, 'UNL:GLY:VdWContact': 1, 'UNL:LEU:Hydrophobic': 1, 'UNL:LEU:VdWContact': 1, 'UNL:THR:VdWContact': 1, 'UNL:VAL:Hydrophobic': 1}","{'UNL:ALA:HBAcceptor': 1, 'UNL:ALA:Hydrophobic': 1, 'UNL:ALA:VdWContact': 1, 'UNL:ASP:HBDonor': 1, 'UNL:ASP:VdWContact': 1, 'UNL:GLU:HBDonor': 1, 'UNL:GLU:VdWContact': 1, 'UNL:LEU:Hydrophobic': 2, 'UNL:LEU:VdWContact': 1, 'UNL:LYS:VdWContact': 1, 'UNL:VAL:Hydrophobic': 1}"
69,DiffDock-L,1Q41_IXM,0.0,0.19999999999999996,"{'UNL:ALA:VdWContact': 1, 'UNL:ARG:VdWContact': 1, 'UNL:ASP:HBDonor': 1, 'UNL:ASP:VdWContact': 1, 'UNL:CYS:Hydrophobic': 1, 'UNL:LEU:Hydrophobic': 1, 'UNL:LEU:VdWContact': 1, 'UNL:LYS:Hydrophobic': 1, 'UNL:PRO:VdWContact': 1, 'UNL:TYR:VdWContact': 1, 'UNL:VAL:HBAcceptor': 1, 'UNL:VAL:HBDonor': 1, 'UNL:VAL:VdWContact': 1}","{'UNL:ALA:Hydrophobic': 1, 'UNL:ASP:HBDonor': 1, 'UNL:ASP:VdWContact': 1, 'UNL:CYS:Hydrophobic': 1, 'UNL:ILE:Hydrophobic': 1, 'UNL:LEU:Hydrophobic': 2, 'UNL:PRO:VdWContact': 1, 'UNL:THR:Hydrophobic': 1, 'UNL:TYR:Hydrophobic': 1, 'UNL:TYR:VdWContact': 1, 'UNL:VAL:HBAcceptor': 1, 'UNL:VAL:HBDonor': 1, 'UNL:VAL:Hydrophobic': 2, 'UNL:VAL:VdWContact': 1}"
70,DiffDock-L,1OWE_675,0.3333333333333333,0.11111111111111105,"{'UNL:ASP:HBDonor': 1, 'UNL:ASP:VdWContact': 1, 'UNL:CYS:VdWContact': 1, 'UNL:GLN:Hydrophobic': 1, 'UNL:GLN:VdWContact': 1, 'UNL:GLY:HBDonor': 1, 'UNL:GLY:VdWContact': 1, 'UNL:HIS:HBDonor': 1, 'UNL:HIS:Hydrophobic': 1, 'UNL:HIS:VdWContact': 2, 'UNL:SER:VdWContact': 2}","{'UNL:ASP:HBDonor': 1, 'UNL:ASP:VdWContact': 1, 'UNL:GLN:Hydrophobic': 1, 'UNL:GLN:VdWContact': 1, 'UNL:GLY:HBDonor': 1, 'UNL:GLY:VdWContact': 1, 'UNL:HIS:Hydrophobic': 1, 'UNL:HIS:VdWContact': 1, 'UNL:SER:VdWContact': 2, 'UNL:VAL:Hydrophobic': 1}"
71,DiffDock-L,1OQ5_CEL,0.0,0.4,"{'UNL:ASN:Hydrophobic': 1, 'UNL:ASN:VdWContact': 1, 'UNL:GLN:Hydrophobic': 1, 'UNL:GLN:VdWContact': 1, 'UNL:HIS:HBDonor': 1, 'UNL:HIS:VdWContact': 2, 'UNL:LEU:Hydrophobic': 1, 'UNL:PRO:VdWContact': 1, 'UNL:THR:HBAcceptor': 1, 'UNL:THR:HBDonor': 1, 'UNL:THR:VdWContact': 2, 'UNL:VAL:VdWContact': 2}","{'UNL:ASN:Hydrophobic': 1, 'UNL:ASN:VdWContact': 1, 'UNL:GLN:Hydrophobic': 1, 'UNL:GLN:VdWContact': 1, 'UNL:GLU:Hydrophobic': 1, 'UNL:GLU:VdWContact': 1, 'UNL:HIS:HBDonor': 1, 'UNL:HIS:VdWContact': 1, 'UNL:LEU:Hydrophobic': 1, 'UNL:LEU:VdWContact': 1, 'UNL:PHE:Hydrophobic': 1, 'UNL:THR:HBAcceptor': 1, 'UNL:THR:HBDonor': 1, 'UNL:THR:Hydrophobic': 1, 'UNL:THR:VdWContact': 2, 'UNL:VAL:Hydrophobic': 1}"
72,DiffDock-L,2BR1_PFP,0.0,0.4166666666666668,"{'UNL:ALA:VdWContact': 1, 'UNL:CYS:HBAcceptor': 1, 'UNL:CYS:VdWContact': 1, 'UNL:GLU:Hydrophobic': 1, 'UNL:GLU:VdWContact': 2, 'UNL:GLY:VdWContact': 2, 'UNL:LEU:Hydrophobic': 2, 'UNL:LEU:VdWContact': 3, 'UNL:SER:VdWContact': 1, 'UNL:VAL:Hydrophobic': 1}","{'UNL:ALA:Hydrophobic': 1, 'UNL:ALA:VdWContact': 1, 'UNL:CYS:HBAcceptor': 1, 'UNL:CYS:Hydrophobic': 1, 'UNL:CYS:VdWContact': 1, 'UNL:GLU:Hydrophobic': 1, 'UNL:GLU:VdWContact': 2, 'UNL:LEU:Hydrophobic': 2, 'UNL:LEU:VdWContact': 1, 'UNL:SER:VdWContact': 1, 'UNL:TYR:Hydrophobic': 1, 'UNL:VAL:Hydrophobic': 1}"
73,DiffDock-L,1UOU_CMU,0.0,0.6666666666666667,"{'UNL:ARG:HBAcceptor': 1, 'UNL:ARG:VdWContact': 1, 'UNL:ILE:VdWContact': 1, 'UNL:LYS:HBAcceptor': 1, 'UNL:LYS:VdWContact': 1, 'UNL:SER:HBDonor': 1, 'UNL:SER:VdWContact': 2, 'UNL:THR:VdWContact': 1, 'UNL:TYR:VdWContact': 1}","{'UNL:ARG:HBAcceptor': 1, 'UNL:ARG:VdWContact': 2, 'UNL:GLY:VdWContact': 1, 'UNL:HIS:HBDonor': 1, 'UNL:HIS:VdWContact': 1, 'UNL:ILE:Hydrophobic': 2, 'UNL:LEU:Hydrophobic': 1, 'UNL:LEU:VdWContact': 1, 'UNL:LYS:VdWContact': 1, 'UNL:SER:HBDonor': 1, 'UNL:SER:VdWContact': 2, 'UNL:THR:VdWContact': 2, 'UNL:TYR:Hydrophobic': 1, 'UNL:TYR:VdWContact': 1}"
74,DiffDock-L,1V0P_PVB,0.3333333333333333,0.0625,"{'UNL:ALA:VdWContact': 2, 'UNL:ASP:VdWContact': 2, 'UNL:GLN:VdWContact': 1, 'UNL:GLU:VdWContact': 2, 'UNL:GLY:VdWContact': 2, 'UNL:HIS:VdWContact': 1, 'UNL:ILE:Hydrophobic': 1, 'UNL:LEU:HBAcceptor': 1, 'UNL:LEU:HBDonor': 1, 'UNL:LEU:VdWContact': 2, 'UNL:LYS:HBAcceptor': 1, 'UNL:LYS:Hydrophobic': 1, 'UNL:LYS:VdWContact': 1, 'UNL:PHE:VdWContact': 1, 'UNL:VAL:VdWContact': 2}","{'UNL:ALA:Hydrophobic': 2, 'UNL:ALA:VdWContact': 2, 'UNL:GLN:VdWContact': 1, 'UNL:GLU:VdWContact': 1, 'UNL:GLY:VdWContact': 2, 'UNL:ILE:Hydrophobic': 1, 'UNL:LEU:HBAcceptor': 1, 'UNL:LEU:HBDonor': 1, 'UNL:LEU:Hydrophobic': 1, 'UNL:LEU:VdWContact': 2, 'UNL:PHE:Hydrophobic': 1, 'UNL:VAL:Hydrophobic': 2, 'UNL:VAL:VdWContact': 2}"
75,DiffDock-L,1XOZ_CIA,0.0,0.3333333333333334,"{'UNL:GLN:HBDonor': 1, 'UNL:GLN:Hydrophobic': 1, 'UNL:GLN:VdWContact': 2, 'UNL:ILE:VdWContact': 1, 'UNL:LEU:VdWContact': 2, 'UNL:MET:Hydrophobic': 1, 'UNL:MET:VdWContact': 1, 'UNL:PHE:Hydrophobic': 1, 'UNL:PHE:VdWContact': 1, 'UNL:TYR:VdWContact': 1, 'UNL:VAL:Hydrophobic': 1, 'UNL:VAL:VdWContact': 1}","{'UNL:ALA:Hydrophobic': 2, 'UNL:GLN:HBDonor': 1, 'UNL:GLN:Hydrophobic': 1, 'UNL:GLN:VdWContact': 2, 'UNL:ILE:Hydrophobic': 2, 'UNL:ILE:VdWContact': 1, 'UNL:LEU:Hydrophobic': 1, 'UNL:LEU:VdWContact': 1, 'UNL:MET:Hydrophobic': 1, 'UNL:MET:VdWContact': 1, 'UNL:PHE:Hydrophobic': 2, 'UNL:PHE:VdWContact': 1, 'UNL:TYR:Hydrophobic': 1, 'UNL:VAL:Hydrophobic': 1, 'UNL:VAL:VdWContact': 1}"
76,DiffDock-L,1R55_097,0.2,0.7,"{'UNL:ALA:HBDonor': 2, 'UNL:ALA:VdWContact': 3, 'UNL:GLU:VdWContact': 1, 'UNL:GLY:HBDonor': 1, 'UNL:GLY:VdWContact': 1, 'UNL:HIS:VdWContact': 3, 'UNL:THR:HBAcceptor': 1, 'UNL:THR:VdWContact': 2, 'UNL:VAL:HBAcceptor': 1, 'UNL:VAL:VdWContact': 1}","{'UNL:ALA:HBDonor': 2, 'UNL:ALA:Hydrophobic': 2, 'UNL:ALA:VdWContact': 2, 'UNL:GLU:VdWContact': 1, 'UNL:GLY:HBDonor': 1, 'UNL:GLY:VdWContact': 1, 'UNL:HIS:HBAcceptor': 1, 'UNL:HIS:Hydrophobic': 1, 'UNL:HIS:VdWContact': 3, 'UNL:THR:HBAcceptor': 1, 'UNL:THR:Hydrophobic': 2, 'UNL:THR:VdWContact': 2, 'UNL:VAL:HBAcceptor': 1, 'UNL:VAL:Hydrophobic': 1, 'UNL:VAL:VdWContact': 1}"
77,DiffDock-L,1HQ2_PH2,0.16666666666666666,0.36363636363636365,"{'UNL:ASN:HBDonor': 1, 'UNL:ASN:VdWContact': 1, 'UNL:ASP:VdWContact': 1, 'UNL:LEU:HBAcceptor': 1, 'UNL:LEU:HBDonor': 1, 'UNL:LEU:VdWContact': 1, 'UNL:PRO:HBDonor': 1, 'UNL:PRO:VdWContact': 1, 'UNL:THR:HBDonor': 1, 'UNL:THR:VdWContact': 1, 'UNL:TRP:VdWContact': 1}","{'UNL:ASN:HBAcceptor': 1, 'UNL:ASN:HBDonor': 1, 'UNL:ASN:VdWContact': 1, 'UNL:ASP:VdWContact': 1, 'UNL:LEU:HBAcceptor': 1, 'UNL:LEU:HBDonor': 1, 'UNL:LEU:Hydrophobic': 1, 'UNL:LEU:VdWContact': 1, 'UNL:PHE:Hydrophobic': 1, 'UNL:PHE:VdWContact': 1, 'UNL:PRO:HBDonor': 1, 'UNL:PRO:VdWContact': 1, 'UNL:THR:HBDonor': 1, 'UNL:THR:VdWContact': 1, 'UNL:TYR:Hydrophobic': 1, 'UNL:TYR:VdWContact': 1}"
78,DiffDock-L,1V4S_MRK,0.6000000000000001,0.22727272727272724,"{'UNL:ASN:HBDonor': 1, 'UNL:ASN:Hydrophobic': 1, 'UNL:ASN:VdWContact': 3, 'UNL:ASP:VdWContact': 1, 'UNL:GLN:VdWContact': 1, 'UNL:GLU:Hydrophobic': 1, 'UNL:GLU:VdWContact': 2, 'UNL:GLY:VdWContact': 1, 'UNL:LYS:Hydrophobic': 1, 'UNL:LYS:VdWContact': 1, 'UNL:PRO:VdWContact': 1, 'UNL:THR:VdWContact': 1}","{'UNL:ALA:Hydrophobic': 1, 'UNL:ARG:HBAcceptor': 1, 'UNL:ARG:HBDonor': 1, 'UNL:ARG:Hydrophobic': 1, 'UNL:ARG:VdWContact': 1, 'UNL:GLU:Hydrophobic': 1, 'UNL:ILE:Hydrophobic': 2, 'UNL:MET:Hydrophobic': 2, 'UNL:MET:VdWContact': 1, 'UNL:PRO:Hydrophobic': 1, 'UNL:THR:HBAcceptor': 1, 'UNL:THR:Hydrophobic': 1, 'UNL:THR:VdWContact': 1, 'UNL:TYR:HBDonor': 1, 'UNL:TYR:Hydrophobic': 2, 'UNL:TYR:VdWContact': 2, 'UNL:VAL:Hydrophobic': 3}"
79,DiffDock-L,1NAV_IH5,0.0,0.3571428571428572,"{'UNL:ALA:VdWContact': 1, 'UNL:GLY:VdWContact': 1, 'UNL:HIS:HBAcceptor': 1, 'UNL:HIS:VdWContact': 1, 'UNL:LEU:Hydrophobic': 2, 'UNL:LEU:VdWContact': 2, 'UNL:MET:Hydrophobic': 3, 'UNL:MET:VdWContact': 3, 'UNL:PHE:Hydrophobic': 1, 'UNL:PHE:VdWContact': 2, 'UNL:SER:HBAcceptor': 1, 'UNL:SER:VdWContact': 1}","{'UNL:ALA:Hydrophobic': 2, 'UNL:GLY:VdWContact': 1, 'UNL:HIS:HBAcceptor': 1, 'UNL:HIS:VdWContact': 1, 'UNL:ILE:Hydrophobic': 1, 'UNL:ILE:VdWContact': 1, 'UNL:LEU:Hydrophobic': 3, 'UNL:LEU:VdWContact': 2, 'UNL:MET:Hydrophobic': 3, 'UNL:MET:VdWContact': 2, 'UNL:PHE:Hydrophobic': 3, 'UNL:PHE:VdWContact': 1, 'UNL:SER:HBAcceptor': 1, 'UNL:SER:VdWContact': 1, 'UNL:THR:Hydrophobic': 1}"
80,DiffDock-L,1JJE_BYS,0.19999999999999996,0.4666666666666667,"{'UNL:ASN:Hydrophobic': 1, 'UNL:ASP:VdWContact': 1, 'UNL:GLU:VdWContact': 1, 'UNL:HIS:HBAcceptor': 1, 'UNL:HIS:Hydrophobic': 1, 'UNL:HIS:VdWContact': 3, 'UNL:LYS:HBAcceptor': 1, 'UNL:LYS:VdWContact': 1, 'UNL:TRP:Hydrophobic': 1, 'UNL:TRP:VdWContact': 1, 'UNL:VAL:VdWContact': 1}","{'UNL:ASN:HBAcceptor': 1, 'UNL:ASN:Hydrophobic': 1, 'UNL:ASN:VdWContact': 1, 'UNL:ASP:Hydrophobic': 1, 'UNL:ASP:VdWContact': 1, 'UNL:CYS:VdWContact': 1, 'UNL:GLY:VdWContact': 1, 'UNL:HIS:HBDonor': 1, 'UNL:HIS:Hydrophobic': 2, 'UNL:HIS:VdWContact': 3, 'UNL:LYS:HBDonor': 1, 'UNL:LYS:VdWContact': 1, 'UNL:PHE:Hydrophobic': 1, 'UNL:TRP:Hydrophobic': 1, 'UNL:TRP:VdWContact': 1, 'UNL:VAL:Hydrophobic': 2, 'UNL:VAL:VdWContact': 1}"
81,DiffDock-L,1J3J_CP6,0.0,0.0714285714285714,"{'UNL:ASN:VdWContact': 1, 'UNL:ASP:HBDonor': 1, 'UNL:ASP:VdWContact': 1, 'UNL:CYS:VdWContact': 1, 'UNL:ILE:HBDonor': 2, 'UNL:ILE:Hydrophobic': 2, 'UNL:ILE:VdWContact': 3, 'UNL:MET:Hydrophobic': 1, 'UNL:MET:VdWContact': 1, 'UNL:PHE:Hydrophobic': 1, 'UNL:PHE:VdWContact': 1, 'UNL:THR:VdWContact': 1, 'UNL:TYR:VdWContact': 1}","{'UNL:ALA:Hydrophobic': 1, 'UNL:ASN:Hydrophobic': 1, 'UNL:ASN:VdWContact': 1, 'UNL:ASP:HBDonor': 1, 'UNL:ASP:VdWContact': 1, 'UNL:CYS:VdWContact': 1, 'UNL:ILE:HBDonor': 2, 'UNL:ILE:Hydrophobic': 2, 'UNL:ILE:VdWContact': 2, 'UNL:LEU:Hydrophobic': 1, 'UNL:MET:Hydrophobic': 1, 'UNL:PHE:Hydrophobic': 1, 'UNL:PHE:VdWContact': 1}"
82,DiffDock-L,1N2V_BDI,0.3333333333333333,0.22222222222222215,"{'UNL:ASP:HBDonor': 1, 'UNL:ASP:VdWContact': 2, 'UNL:GLN:HBAcceptor': 1, 'UNL:GLN:VdWContact': 1, 'UNL:GLY:VdWContact': 2, 'UNL:MET:Hydrophobic': 1, 'UNL:MET:VdWContact': 1, 'UNL:TYR:Hydrophobic': 1, 'UNL:TYR:VdWContact': 1}","{'UNL:ALA:Hydrophobic': 1, 'UNL:ASP:HBDonor': 1, 'UNL:ASP:VdWContact': 1, 'UNL:CYS:Hydrophobic': 1, 'UNL:GLN:HBAcceptor': 1, 'UNL:GLN:VdWContact': 1, 'UNL:GLY:HBAcceptor': 1, 'UNL:GLY:VdWContact': 2, 'UNL:MET:Hydrophobic': 1, 'UNL:TYR:Hydrophobic': 1, 'UNL:TYR:VdWContact': 1}"
83,DiffDock-L,1W1P_GIO,0.0,0.6363636363636362,"{'UNL:GLU:VdWContact': 1, 'UNL:MET:VdWContact': 1, 'UNL:PHE:VdWContact': 1, 'UNL:TRP:HBAcceptor': 1, 'UNL:TRP:VdWContact': 2, 'UNL:TYR:VdWContact': 1}","{'UNL:ALA:Hydrophobic': 1, 'UNL:ASP:Hydrophobic': 1, 'UNL:GLU:VdWContact': 1, 'UNL:MET:Hydrophobic': 1, 'UNL:MET:VdWContact': 1, 'UNL:PHE:Hydrophobic': 1, 'UNL:PHE:VdWContact': 1, 'UNL:TRP:HBAcceptor': 1, 'UNL:TRP:Hydrophobic': 1, 'UNL:TRP:VdWContact': 2, 'UNL:TYR:Hydrophobic': 1, 'UNL:TYR:VdWContact': 2}"
84,DiffDock-L,1S3V_TQD,0.0,0.1818181818181817,"{'UNL:ALA:VdWContact': 1, 'UNL:ASN:VdWContact': 1, 'UNL:GLU:HBDonor': 1, 'UNL:GLU:VdWContact': 1, 'UNL:ILE:HBDonor': 1, 'UNL:ILE:Hydrophobic': 1, 'UNL:ILE:VdWContact': 1, 'UNL:LEU:VdWContact': 2, 'UNL:PHE:Hydrophobic': 1, 'UNL:PHE:VdWContact': 2, 'UNL:VAL:VdWContact': 1}","{'UNL:GLU:HBDonor': 1, 'UNL:GLU:VdWContact': 1, 'UNL:ILE:HBDonor': 1, 'UNL:ILE:Hydrophobic': 1, 'UNL:ILE:VdWContact': 1, 'UNL:PHE:Hydrophobic': 2, 'UNL:PHE:VdWContact': 1, 'UNL:PRO:Hydrophobic': 1, 'UNL:SER:VdWContact': 1, 'UNL:VAL:VdWContact': 1}"
85,DiffDock-L,1W2G_THM,0.5,0.8,"{'UNL:ARG:HBAcceptor': 1, 'UNL:ARG:VdWContact': 1, 'UNL:ASN:HBDonor': 1, 'UNL:ASN:VdWContact': 1, 'UNL:ASP:HBDonor': 1, 'UNL:ASP:VdWContact': 1, 'UNL:PHE:Hydrophobic': 1, 'UNL:TYR:HBAcceptor': 1, 'UNL:TYR:VdWContact': 2}","{'UNL:ARG:HBAcceptor': 1, 'UNL:ARG:Hydrophobic': 1, 'UNL:ARG:VdWContact': 1, 'UNL:ASN:HBDonor': 1, 'UNL:ASN:Hydrophobic': 1, 'UNL:ASN:VdWContact': 1, 'UNL:ASP:VdWContact': 1, 'UNL:PHE:Hydrophobic': 2, 'UNL:PRO:Hydrophobic': 1, 'UNL:PRO:VdWContact': 1, 'UNL:TYR:Hydrophobic': 2, 'UNL:TYR:VdWContact': 3}"
86,DiffDock-L,1XM6_5RM,0.0,0.42857142857142855,"{'UNL:ASN:VdWContact': 1, 'UNL:GLN:HBAcceptor': 1, 'UNL:GLN:VdWContact': 1, 'UNL:ILE:Hydrophobic': 1, 'UNL:ILE:VdWContact': 1, 'UNL:LEU:VdWContact': 1, 'UNL:MET:Hydrophobic': 2, 'UNL:MET:VdWContact': 2, 'UNL:PHE:VdWContact': 1, 'UNL:SER:VdWContact': 1, 'UNL:TYR:VdWContact': 1}","{'UNL:ASN:VdWContact': 1, 'UNL:GLN:HBAcceptor': 1, 'UNL:GLN:VdWContact': 1, 'UNL:ILE:Hydrophobic': 1, 'UNL:ILE:VdWContact': 1, 'UNL:LEU:Hydrophobic': 2, 'UNL:LEU:VdWContact': 1, 'UNL:MET:Hydrophobic': 3, 'UNL:MET:VdWContact': 1, 'UNL:PHE:Hydrophobic': 3, 'UNL:PHE:VdWContact': 2, 'UNL:THR:VdWContact': 1, 'UNL:TYR:Hydrophobic': 1}"
87,DiffDock-L,1YGC_905,0.3333333333333333,0.4285714285714285,"{'UNL:ASP:HBDonor': 1, 'UNL:ASP:VdWContact': 2, 'UNL:CYS:VdWContact': 2, 'UNL:GLY:VdWContact': 1, 'UNL:HIS:VdWContact': 1, 'UNL:LYS:Hydrophobic': 1, 'UNL:LYS:VdWContact': 1, 'UNL:SER:HBDonor': 1, 'UNL:SER:VdWContact': 2, 'UNL:THR:VdWContact': 2, 'UNL:TRP:Hydrophobic': 1}","{'UNL:ASP:HBDonor': 1, 'UNL:ASP:Hydrophobic': 2, 'UNL:ASP:VdWContact': 2, 'UNL:GLY:HBDonor': 1, 'UNL:GLY:VdWContact': 1, 'UNL:HIS:Hydrophobic': 1, 'UNL:HIS:VdWContact': 1, 'UNL:LYS:Hydrophobic': 1, 'UNL:LYS:VdWContact': 1, 'UNL:SER:HBDonor': 1, 'UNL:SER:VdWContact': 3, 'UNL:THR:Hydrophobic': 1, 'UNL:THR:VdWContact': 1, 'UNL:TRP:Hydrophobic': 1, 'UNL:TRP:VdWContact': 1, 'UNL:VAL:Hydrophobic': 1}"
88,DiffDock-L,1R58_AO5,0.0,0.1538461538461538,"{'UNL:ASP:HBDonor': 2, 'UNL:ASP:VdWContact': 2, 'UNL:GLU:HBDonor': 1, 'UNL:GLU:VdWContact': 1, 'UNL:HIS:HBAcceptor': 1, 'UNL:HIS:Hydrophobic': 1, 'UNL:HIS:VdWContact': 2, 'UNL:ILE:Hydrophobic': 1, 'UNL:ILE:VdWContact': 1, 'UNL:PHE:Hydrophobic': 1, 'UNL:PHE:VdWContact': 1, 'UNL:TYR:Hydrophobic': 1, 'UNL:TYR:VdWContact': 1}","{'UNL:ALA:Hydrophobic': 1, 'UNL:ALA:VdWContact': 1, 'UNL:ASP:HBDonor': 2, 'UNL:ASP:VdWContact': 2, 'UNL:GLU:HBDonor': 1, 'UNL:GLU:VdWContact': 1, 'UNL:HIS:HBDonor': 1, 'UNL:HIS:Hydrophobic': 2, 'UNL:HIS:VdWContact': 2, 'UNL:MET:Hydrophobic': 1, 'UNL:PHE:Hydrophobic': 1, 'UNL:PHE:VdWContact': 1, 'UNL:TYR:Hydrophobic': 1, 'UNL:TYR:VdWContact': 1}"
89,DiffDock-L,1OPK_P16,0.0,0.21052631578947367,"{'UNL:ALA:VdWContact': 2, 'UNL:ASP:VdWContact': 1, 'UNL:GLU:VdWContact': 1, 'UNL:GLY:VdWContact': 1, 'UNL:ILE:Hydrophobic': 1, 'UNL:LEU:Hydrophobic': 1, 'UNL:LEU:VdWContact': 1, 'UNL:LYS:Hydrophobic': 1, 'UNL:LYS:VdWContact': 1, 'UNL:MET:HBAcceptor': 1, 'UNL:MET:HBDonor': 1, 'UNL:MET:Hydrophobic': 1, 'UNL:MET:VdWContact': 1, 'UNL:THR:VdWContact': 1, 'UNL:VAL:VdWContact': 1}","{'UNL:ALA:Hydrophobic': 1, 'UNL:GLU:VdWContact': 1, 'UNL:ILE:Hydrophobic': 1, 'UNL:LEU:Hydrophobic': 2, 'UNL:LYS:Hydrophobic': 1, 'UNL:MET:HBAcceptor': 1, 'UNL:MET:HBDonor': 1, 'UNL:MET:Hydrophobic': 2, 'UNL:MET:VdWContact': 2, 'UNL:PHE:Hydrophobic': 2, 'UNL:THR:Hydrophobic': 1, 'UNL:THR:VdWContact': 1, 'UNL:TYR:Hydrophobic': 1, 'UNL:TYR:VdWContact': 1, 'UNL:VAL:Hydrophobic': 2}"
90,DiffDock-L,1SQN_NDR,0.5,0.6428571428571428,"{'UNL:ARG:HBAcceptor': 1, 'UNL:ARG:VdWContact': 1, 'UNL:ASN:VdWContact': 1, 'UNL:CYS:VdWContact': 1, 'UNL:GLN:HBAcceptor': 1, 'UNL:GLN:VdWContact': 1, 'UNL:LEU:VdWContact': 4, 'UNL:MET:Hydrophobic': 2, 'UNL:MET:VdWContact': 3, 'UNL:TYR:VdWContact': 1}","{'UNL:ARG:VdWContact': 1, 'UNL:CYS:Hydrophobic': 1, 'UNL:CYS:VdWContact': 1, 'UNL:GLN:HBAcceptor': 1, 'UNL:GLN:VdWContact': 1, 'UNL:LEU:Hydrophobic': 5, 'UNL:LEU:VdWContact': 3, 'UNL:MET:Hydrophobic': 4, 'UNL:MET:VdWContact': 2, 'UNL:PHE:Hydrophobic': 1, 'UNL:TRP:Hydrophobic': 1, 'UNL:TYR:Hydrophobic': 1, 'UNL:TYR:VdWContact': 1, 'UNL:VAL:Hydrophobic': 1}"
91,DynamicBind,1M2Z_DEX,0.39999999999999997,0.38888888888888895,"{'UNL:ARG:HBAcceptor': 1, 'UNL:ARG:VdWContact': 1, 'UNL:ASN:VdWContact': 1, 'UNL:CYS:VdWContact': 1, 'UNL:GLN:HBAcceptor': 2, 'UNL:GLN:Hydrophobic': 1, 'UNL:GLN:VdWContact': 2, 'UNL:GLY:VdWContact': 1, 'UNL:LEU:VdWContact': 1, 'UNL:MET:Hydrophobic': 2, 'UNL:MET:VdWContact': 4, 'UNL:PHE:VdWContact': 2, 'UNL:THR:HBDonor': 1, 'UNL:THR:VdWContact': 1, 'UNL:TYR:VdWContact': 1}","{'UNL:ALA:Hydrophobic': 1, 'UNL:ARG:HBAcceptor': 1, 'UNL:ARG:VdWContact': 1, 'UNL:ASN:HBAcceptor': 1, 'UNL:ASN:VdWContact': 1, 'UNL:CYS:Hydrophobic': 1, 'UNL:CYS:VdWContact': 1, 'UNL:GLN:HBAcceptor': 1, 'UNL:GLN:HBDonor': 1, 'UNL:GLN:Hydrophobic': 1, 'UNL:GLN:VdWContact': 2, 'UNL:GLY:VdWContact': 1, 'UNL:LEU:Hydrophobic': 4, 'UNL:LEU:VdWContact': 1, 'UNL:MET:Hydrophobic': 3, 'UNL:MET:VdWContact': 1, 'UNL:PHE:Hydrophobic': 1, 'UNL:PHE:VdWContact': 1, 'UNL:TRP:Hydrophobic': 1, 'UNL:TYR:Hydrophobic': 1, 'UNL:TYR:VdWContact': 1}"
92,DynamicBind,1P62_GEO,0.75,0.1818181818181817,"{'UNL:ARG:VdWContact': 1, 'UNL:ASP:VdWContact': 1, 'UNL:GLN:HBAcceptor': 1, 'UNL:GLN:VdWContact': 1, 'UNL:GLU:VdWContact': 1, 'UNL:ILE:VdWContact': 1, 'UNL:PHE:Hydrophobic': 1, 'UNL:PHE:VdWContact': 2, 'UNL:TYR:VdWContact': 1, 'UNL:VAL:VdWContact': 1}","{'UNL:ARG:HBAcceptor': 1, 'UNL:ARG:VdWContact': 1, 'UNL:ASP:HBDonor': 1, 'UNL:ASP:VdWContact': 1, 'UNL:GLN:HBAcceptor': 1, 'UNL:GLN:HBDonor': 1, 'UNL:GLN:VdWContact': 1, 'UNL:GLU:VdWContact': 2, 'UNL:MET:VdWContact': 1, 'UNL:PHE:Hydrophobic': 2, 'UNL:TRP:Hydrophobic': 1, 'UNL:TYR:VdWContact': 1}"
93,DynamicBind,1KE5_LS1,0.2,0.6,"{'UNL:ALA:VdWContact': 1, 'UNL:GLU:HBDonor': 1, 'UNL:GLU:VdWContact': 1, 'UNL:HIS:VdWContact': 1, 'UNL:ILE:Hydrophobic': 1, 'UNL:ILE:VdWContact': 1, 'UNL:LEU:HBAcceptor': 1, 'UNL:LEU:VdWContact': 1, 'UNL:LYS:HBAcceptor': 1, 'UNL:LYS:VdWContact': 1, 'UNL:PHE:Hydrophobic': 1, 'UNL:PHE:VdWContact': 1, 'UNL:VAL:VdWContact': 1}","{'UNL:ALA:Hydrophobic': 2, 'UNL:ASP:HBAcceptor': 1, 'UNL:ASP:Hydrophobic': 1, 'UNL:ASP:VdWContact': 2, 'UNL:GLU:HBDonor': 1, 'UNL:GLU:VdWContact': 1, 'UNL:HIS:VdWContact': 1, 'UNL:ILE:Hydrophobic': 1, 'UNL:ILE:VdWContact': 1, 'UNL:LEU:HBAcceptor': 1, 'UNL:LEU:HBDonor': 1, 'UNL:LEU:Hydrophobic': 1, 'UNL:LEU:VdWContact': 2, 'UNL:LYS:VdWContact': 1, 'UNL:PHE:Hydrophobic': 2, 'UNL:PHE:VdWContact': 2, 'UNL:VAL:Hydrophobic': 2}"
94,DynamicBind,1UML_FR4,0.0,0.125,"{'UNL:ASP:HBDonor': 2, 'UNL:ASP:VdWContact': 3, 'UNL:GLU:Hydrophobic': 1, 'UNL:GLU:VdWContact': 1, 'UNL:HIS:VdWContact': 1, 'UNL:LEU:VdWContact': 2, 'UNL:MET:Hydrophobic': 1, 'UNL:PHE:VdWContact': 2, 'UNL:THR:VdWContact': 1, 'UNL:VAL:Hydrophobic': 1, 'UNL:VAL:VdWContact': 1}","{'UNL:ASP:HBDonor': 2, 'UNL:ASP:Hydrophobic': 1, 'UNL:ASP:VdWContact': 3, 'UNL:GLY:VdWContact': 1, 'UNL:HIS:Hydrophobic': 1, 'UNL:HIS:VdWContact': 1, 'UNL:LEU:Hydrophobic': 3, 'UNL:LEU:VdWContact': 1, 'UNL:MET:Hydrophobic': 1, 'UNL:PHE:Hydrophobic': 2, 'UNL:THR:Hydrophobic': 1, 'UNL:VAL:Hydrophobic': 1}"
95,DynamicBind,1JLA_TNK,0.0,0.3529411764705883,"{'UNL:CYS:Hydrophobic': 1, 'UNL:CYS:VdWContact': 1, 'UNL:HIS:VdWContact': 1, 'UNL:LEU:VdWContact': 1, 'UNL:LYS:HBDonor': 1, 'UNL:LYS:VdWContact': 1, 'UNL:PHE:VdWContact': 1, 'UNL:PRO:VdWContact': 2, 'UNL:TRP:Hydrophobic': 1, 'UNL:TYR:Hydrophobic': 1, 'UNL:TYR:VdWContact': 1, 'UNL:VAL:Hydrophobic': 1}","{'UNL:CYS:Hydrophobic': 1, 'UNL:CYS:VdWContact': 1, 'UNL:GLY:VdWContact': 1, 'UNL:LEU:Hydrophobic': 2, 'UNL:LYS:HBDonor': 1, 'UNL:LYS:Hydrophobic': 1, 'UNL:LYS:VdWContact': 2, 'UNL:PHE:Hydrophobic': 1, 'UNL:PHE:VdWContact': 1, 'UNL:PRO:Hydrophobic': 2, 'UNL:PRO:VdWContact': 1, 'UNL:TRP:Hydrophobic': 1, 'UNL:TRP:VdWContact': 1, 'UNL:TYR:Hydrophobic': 1, 'UNL:TYR:VdWContact': 1, 'UNL:VAL:Hydrophobic': 1}"
96,DynamicBind,1N46_PFA,0.7999999999999999,0.7058823529411764,"{'UNL:ALA:VdWContact': 2, 'UNL:ARG:VdWContact': 1, 'UNL:ASN:HBAcceptor': 1, 'UNL:ASN:VdWContact': 1, 'UNL:HIS:HBAcceptor': 1, 'UNL:HIS:VdWContact': 1, 'UNL:LEU:Hydrophobic': 2, 'UNL:LEU:VdWContact': 1, 'UNL:MET:Hydrophobic': 3, 'UNL:MET:VdWContact': 3, 'UNL:PHE:Hydrophobic': 1, 'UNL:PHE:VdWContact': 1, 'UNL:THR:VdWContact': 1}","{'UNL:ALA:Hydrophobic': 2, 'UNL:ALA:VdWContact': 2, 'UNL:ARG:HBAcceptor': 2, 'UNL:ARG:HBDonor': 1, 'UNL:ARG:Hydrophobic': 1, 'UNL:ARG:VdWContact': 2, 'UNL:ASN:HBAcceptor': 1, 'UNL:ASN:VdWContact': 1, 'UNL:GLY:VdWContact': 1, 'UNL:HIS:HBAcceptor': 1, 'UNL:HIS:HBDonor': 1, 'UNL:HIS:VdWContact': 1, 'UNL:ILE:Hydrophobic': 3, 'UNL:ILE:VdWContact': 1, 'UNL:LEU:Hydrophobic': 3, 'UNL:LEU:VdWContact': 2, 'UNL:MET:Hydrophobic': 3, 'UNL:MET:VdWContact': 2, 'UNL:PHE:Hydrophobic': 3, 'UNL:PHE:VdWContact': 1, 'UNL:THR:Hydrophobic': 1}"
97,DynamicBind,1MEH_MOA,0.25,0.30000000000000004,"{'UNL:ASP:Hydrophobic': 1, 'UNL:ASP:VdWContact': 1, 'UNL:CYS:HBAcceptor': 1, 'UNL:CYS:Hydrophobic': 1, 'UNL:CYS:VdWContact': 1, 'UNL:GLU:Hydrophobic': 1, 'UNL:GLU:VdWContact': 1, 'UNL:GLY:HBAcceptor': 1, 'UNL:GLY:VdWContact': 2, 'UNL:SER:VdWContact': 1, 'UNL:THR:VdWContact': 1}","{'UNL:ASP:VdWContact': 1, 'UNL:GLU:Hydrophobic': 1, 'UNL:GLU:VdWContact': 1, 'UNL:GLY:HBAcceptor': 1, 'UNL:GLY:VdWContact': 1, 'UNL:ILE:VdWContact': 1, 'UNL:SER:HBAcceptor': 1, 'UNL:SER:HBDonor': 1, 'UNL:SER:VdWContact': 2}"
98,DynamicBind,1V48_HA1,0.6666666666666666,0.2666666666666666,"{'UNL:ALA:VdWContact': 1, 'UNL:ASN:HBAcceptor': 1, 'UNL:ASN:VdWContact': 1, 'UNL:GLU:HBDonor': 1, 'UNL:GLU:VdWContact': 1, 'UNL:HIS:VdWContact': 1, 'UNL:LEU:VdWContact': 1, 'UNL:MET:VdWContact': 1, 'UNL:PHE:VdWContact': 1, 'UNL:SER:VdWContact': 1, 'UNL:TYR:VdWContact': 1, 'UNL:VAL:VdWContact': 1}","{'UNL:ALA:HBAcceptor': 1, 'UNL:ALA:Hydrophobic': 1, 'UNL:ALA:VdWContact': 1, 'UNL:ARG:HBAcceptor': 1, 'UNL:ARG:VdWContact': 1, 'UNL:ASN:HBAcceptor': 1, 'UNL:ASN:VdWContact': 2, 'UNL:GLU:HBDonor': 1, 'UNL:GLU:VdWContact': 1, 'UNL:HIS:VdWContact': 1, 'UNL:MET:Hydrophobic': 1, 'UNL:PHE:Hydrophobic': 1, 'UNL:PHE:VdWContact': 1, 'UNL:SER:HBAcceptor': 1, 'UNL:SER:HBDonor': 1, 'UNL:SER:VdWContact': 2, 'UNL:VAL:Hydrophobic': 1, 'UNL:VAL:VdWContact': 1}"
99,DynamicBind,1L7F_BCZ,1.0,0.5833333333333334,"{'UNL:ARG:HBAcceptor': 2, 'UNL:ARG:HBDonor': 1, 'UNL:ARG:VdWContact': 6, 'UNL:ASN:VdWContact': 1, 'UNL:ASP:VdWContact': 1, 'UNL:GLU:VdWContact': 2, 'UNL:LEU:VdWContact': 1, 'UNL:TRP:VdWContact': 1, 'UNL:TYR:VdWContact': 1}","{'UNL:ALA:Hydrophobic': 1, 'UNL:ARG:HBAcceptor': 4, 'UNL:ARG:HBDonor': 1, 'UNL:ARG:Hydrophobic': 2, 'UNL:ARG:VdWContact': 4, 'UNL:ASP:VdWContact': 1, 'UNL:GLU:HBDonor': 1, 'UNL:GLU:Hydrophobic': 1, 'UNL:GLU:VdWContact': 3, 'UNL:ILE:Hydrophobic': 1, 'UNL:TRP:HBDonor': 1, 'UNL:TRP:Hydrophobic': 1, 'UNL:TRP:VdWContact': 1, 'UNL:TYR:VdWContact': 1}"
100,DynamicBind,1JD0_AZM,0.33333333333333337,0.4285714285714286,"{'UNL:HIS:HBDonor': 1, 'UNL:HIS:VdWContact': 1, 'UNL:LEU:VdWContact': 1, 'UNL:THR:HBAcceptor': 1, 'UNL:THR:HBDonor': 1, 'UNL:THR:VdWContact': 1, 'UNL:VAL:Hydrophobic': 1, 'UNL:VAL:VdWContact': 1}","{'UNL:GLN:Hydrophobic': 1, 'UNL:HIS:HBDonor': 2, 'UNL:HIS:VdWContact': 1, 'UNL:LEU:Hydrophobic': 1, 'UNL:LEU:VdWContact': 1, 'UNL:THR:HBAcceptor': 1, 'UNL:THR:HBDonor': 1, 'UNL:THR:VdWContact': 2, 'UNL:VAL:Hydrophobic': 1, 'UNL:VAL:VdWContact': 1}"
101,DynamicBind,1LPZ_CMB,0.5,0.11764705882352944,"{'UNL:ARG:VdWContact': 1, 'UNL:ASP:HBDonor': 1, 'UNL:ASP:VdWContact': 1, 'UNL:GLN:Hydrophobic': 1, 'UNL:GLN:VdWContact': 1, 'UNL:GLU:Hydrophobic': 1, 'UNL:GLU:VdWContact': 1, 'UNL:GLY:VdWContact': 2, 'UNL:PHE:Hydrophobic': 1, 'UNL:SER:VdWContact': 2, 'UNL:THR:VdWContact': 1, 'UNL:TRP:Hydrophobic': 1, 'UNL:TRP:VdWContact': 1, 'UNL:TYR:Hydrophobic': 1, 'UNL:TYR:VdWContact': 1}","{'UNL:ALA:Hydrophobic': 1, 'UNL:ARG:VdWContact': 1, 'UNL:ASP:HBDonor': 1, 'UNL:ASP:VdWContact': 1, 'UNL:CYS:VdWContact': 1, 'UNL:GLN:Hydrophobic': 1, 'UNL:GLN:VdWContact': 1, 'UNL:GLU:Hydrophobic': 1, 'UNL:GLY:HBDonor': 1, 'UNL:GLY:VdWContact': 3, 'UNL:PHE:Hydrophobic': 1, 'UNL:TRP:Hydrophobic': 1, 'UNL:TRP:VdWContact': 1, 'UNL:TYR:Hydrophobic': 1, 'UNL:TYR:VdWContact': 1, 'UNL:VAL:Hydrophobic': 1}"
102,DynamicBind,1OYT_FSN,0.0,0.06666666666666665,"{'UNL:ASN:VdWContact': 1, 'UNL:ASP:HBDonor': 1, 'UNL:ASP:VdWContact': 1, 'UNL:GLU:VdWContact': 1, 'UNL:GLY:HBAcceptor': 1, 'UNL:GLY:HBDonor': 1, 'UNL:GLY:VdWContact': 2, 'UNL:HIS:VdWContact': 1, 'UNL:LEU:Hydrophobic': 1, 'UNL:LEU:VdWContact': 1, 'UNL:LYS:VdWContact': 1, 'UNL:SER:VdWContact': 1, 'UNL:TRP:Hydrophobic': 1, 'UNL:TRP:VdWContact': 2}","{'UNL:ALA:VdWContact': 1, 'UNL:ASN:VdWContact': 1, 'UNL:ASP:HBDonor': 1, 'UNL:ASP:VdWContact': 1, 'UNL:GLU:Hydrophobic': 1, 'UNL:GLY:HBAcceptor': 1, 'UNL:GLY:HBDonor': 1, 'UNL:GLY:VdWContact': 2, 'UNL:HIS:VdWContact': 1, 'UNL:ILE:Hydrophobic': 1, 'UNL:LEU:Hydrophobic': 1, 'UNL:SER:VdWContact': 1, 'UNL:TRP:Hydrophobic': 2, 'UNL:TRP:VdWContact': 1, 'UNL:VAL:Hydrophobic': 1}"
103,DynamicBind,1K3U_IAD,0.875,0.368421052631579,"{'UNL:ALA:VdWContact': 1, 'UNL:CYS:VdWContact': 1, 'UNL:GLY:HBDonor': 1, 'UNL:GLY:VdWContact': 3, 'UNL:LEU:Hydrophobic': 2, 'UNL:LEU:VdWContact': 2, 'UNL:LYS:HBDonor': 1, 'UNL:LYS:Hydrophobic': 1, 'UNL:LYS:VdWContact': 1, 'UNL:MET:Hydrophobic': 1, 'UNL:PHE:Hydrophobic': 2, 'UNL:PHE:VdWContact': 2, 'UNL:THR:VdWContact': 1}","{'UNL:ALA:Hydrophobic': 2, 'UNL:ASP:HBDonor': 1, 'UNL:ASP:VdWContact': 1, 'UNL:GLY:HBAcceptor': 3, 'UNL:GLY:HBDonor': 1, 'UNL:GLY:VdWContact': 4, 'UNL:ILE:HBAcceptor': 1, 'UNL:ILE:Hydrophobic': 3, 'UNL:ILE:VdWContact': 3, 'UNL:LEU:Hydrophobic': 2, 'UNL:PHE:HBAcceptor': 1, 'UNL:PHE:HBDonor': 1, 'UNL:PHE:Hydrophobic': 2, 'UNL:PHE:VdWContact': 2, 'UNL:SER:HBAcceptor': 1, 'UNL:SER:VdWContact': 1, 'UNL:THR:Hydrophobic': 1, 'UNL:THR:VdWContact': 1, 'UNL:TYR:Hydrophobic': 1, 'UNL:TYR:VdWContact': 1}"
104,DynamicBind,1IA1_TQ3,0.5,0.5,"{'UNL:GLU:HBDonor': 1, 'UNL:GLU:VdWContact': 1, 'UNL:ILE:Hydrophobic': 1, 'UNL:ILE:VdWContact': 2, 'UNL:LYS:Hydrophobic': 1, 'UNL:LYS:VdWContact': 1, 'UNL:PHE:Hydrophobic': 2, 'UNL:PHE:VdWContact': 2}","{'UNL:ALA:Hydrophobic': 1, 'UNL:GLU:HBDonor': 1, 'UNL:GLU:VdWContact': 1, 'UNL:ILE:HBDonor': 1, 'UNL:ILE:Hydrophobic': 4, 'UNL:ILE:VdWContact': 3, 'UNL:LEU:Hydrophobic': 1, 'UNL:MET:Hydrophobic': 1, 'UNL:MET:VdWContact': 1, 'UNL:PHE:Hydrophobic': 1, 'UNL:THR:Hydrophobic': 1}"
105,DynamicBind,1Q1G_MTI,0.3333333333333333,0.16666666666666674,"{'UNL:ARG:VdWContact': 1, 'UNL:CYS:Hydrophobic': 1, 'UNL:CYS:VdWContact': 1, 'UNL:GLU:HBDonor': 1, 'UNL:GLU:Hydrophobic': 1, 'UNL:GLU:VdWContact': 1, 'UNL:GLY:VdWContact': 1, 'UNL:HIS:VdWContact': 1, 'UNL:MET:HBAcceptor': 1, 'UNL:MET:Hydrophobic': 1, 'UNL:MET:VdWContact': 1, 'UNL:PRO:VdWContact': 1, 'UNL:SER:VdWContact': 2, 'UNL:TYR:VdWContact': 1, 'UNL:VAL:VdWContact': 1}","{'UNL:ASP:HBDonor': 1, 'UNL:ASP:VdWContact': 1, 'UNL:CYS:VdWContact': 1, 'UNL:GLU:HBDonor': 1, 'UNL:GLU:Hydrophobic': 1, 'UNL:GLU:VdWContact': 2, 'UNL:GLY:VdWContact': 1, 'UNL:MET:HBAcceptor': 1, 'UNL:MET:Hydrophobic': 1, 'UNL:MET:VdWContact': 1, 'UNL:SER:VdWContact': 1, 'UNL:TRP:Hydrophobic': 1, 'UNL:TRP:VdWContact': 1, 'UNL:TYR:Hydrophobic': 1, 'UNL:TYR:VdWContact': 1, 'UNL:VAL:Hydrophobic': 3, 'UNL:VAL:VdWContact': 1}"
106,DynamicBind,1R1H_BIR,0.39999999999999997,0.2666666666666667,"{'UNL:ALA:VdWContact': 1, 'UNL:ARG:HBAcceptor': 1, 'UNL:ARG:VdWContact': 1, 'UNL:GLU:HBDonor': 1, 'UNL:GLU:VdWContact': 2, 'UNL:HIS:HBAcceptor': 2, 'UNL:HIS:Hydrophobic': 1, 'UNL:HIS:VdWContact': 3, 'UNL:MET:Hydrophobic': 1, 'UNL:MET:VdWContact': 1, 'UNL:PHE:Hydrophobic': 1, 'UNL:PHE:VdWContact': 3, 'UNL:TRP:Hydrophobic': 1, 'UNL:TRP:VdWContact': 1, 'UNL:VAL:Hydrophobic': 2, 'UNL:VAL:VdWContact': 2}","{'UNL:ALA:Hydrophobic': 1, 'UNL:ALA:VdWContact': 1, 'UNL:ARG:HBAcceptor': 1, 'UNL:ARG:VdWContact': 1, 'UNL:ASN:HBAcceptor': 1, 'UNL:ASN:HBDonor': 1, 'UNL:ASN:VdWContact': 1, 'UNL:GLU:HBDonor': 1, 'UNL:GLU:VdWContact': 1, 'UNL:HIS:Hydrophobic': 1, 'UNL:HIS:VdWContact': 2, 'UNL:MET:Hydrophobic': 1, 'UNL:PHE:Hydrophobic': 3, 'UNL:PHE:VdWContact': 1, 'UNL:TRP:Hydrophobic': 1, 'UNL:TRP:VdWContact': 1, 'UNL:VAL:Hydrophobic': 2, 'UNL:VAL:VdWContact': 1}"
107,DynamicBind,1GKC_NFH,0.33333333333333337,0.25,"{'UNL:ALA:VdWContact': 1, 'UNL:ARG:VdWContact': 2, 'UNL:GLU:VdWContact': 1, 'UNL:GLY:VdWContact': 1, 'UNL:HIS:HBAcceptor': 1, 'UNL:HIS:HBDonor': 1, 'UNL:HIS:VdWContact': 1, 'UNL:LEU:VdWContact': 1, 'UNL:MET:Hydrophobic': 2, 'UNL:MET:VdWContact': 2, 'UNL:PHE:VdWContact': 1, 'UNL:PRO:VdWContact': 1, 'UNL:TYR:HBAcceptor': 1, 'UNL:TYR:Hydrophobic': 1, 'UNL:TYR:VdWContact': 2, 'UNL:VAL:VdWContact': 1}","{'UNL:ALA:VdWContact': 1, 'UNL:GLU:VdWContact': 1, 'UNL:GLY:HBDonor': 1, 'UNL:GLY:VdWContact': 1, 'UNL:HIS:HBAcceptor': 1, 'UNL:HIS:Hydrophobic': 1, 'UNL:HIS:VdWContact': 2, 'UNL:LEU:HBAcceptor': 1, 'UNL:LEU:Hydrophobic': 1, 'UNL:LEU:VdWContact': 1, 'UNL:MET:Hydrophobic': 1, 'UNL:MET:VdWContact': 1, 'UNL:PRO:HBDonor': 1, 'UNL:PRO:VdWContact': 1, 'UNL:TYR:HBAcceptor': 1, 'UNL:TYR:Hydrophobic': 1, 'UNL:TYR:VdWContact': 1, 'UNL:VAL:Hydrophobic': 1, 'UNL:VAL:VdWContact': 1}"
108,DynamicBind,1HP0_AD3,0.6666666666666667,0.5555555555555556,"{'UNL:ASN:Hydrophobic': 1, 'UNL:ASN:VdWContact': 2, 'UNL:ASP:HBDonor': 1, 'UNL:ASP:VdWContact': 3, 'UNL:GLU:HBDonor': 1, 'UNL:GLU:VdWContact': 1, 'UNL:TRP:VdWContact': 1, 'UNL:TYR:VdWContact': 1}","{'UNL:ASN:HBAcceptor': 2, 'UNL:ASN:Hydrophobic': 1, 'UNL:ASN:VdWContact': 3, 'UNL:ASP:VdWContact': 3, 'UNL:GLU:VdWContact': 1, 'UNL:MET:VdWContact': 1, 'UNL:THR:VdWContact': 1, 'UNL:TRP:Hydrophobic': 2, 'UNL:TRP:VdWContact': 1, 'UNL:TYR:VdWContact': 1}"
109,DynamicBind,1OF1_SCT,0.5,0.6923076923076923,"{'UNL:ALA:VdWContact': 2, 'UNL:ARG:HBAcceptor': 1, 'UNL:ARG:HBDonor': 1, 'UNL:ARG:VdWContact': 1, 'UNL:GLU:VdWContact': 1, 'UNL:HIS:VdWContact': 1, 'UNL:TRP:VdWContact': 1, 'UNL:TYR:VdWContact': 2}","{'UNL:ALA:Hydrophobic': 2, 'UNL:ALA:VdWContact': 1, 'UNL:ARG:HBAcceptor': 1, 'UNL:ARG:HBDonor': 1, 'UNL:ARG:VdWContact': 1, 'UNL:GLN:HBAcceptor': 1, 'UNL:GLN:HBDonor': 1, 'UNL:GLN:VdWContact': 1, 'UNL:GLU:VdWContact': 2, 'UNL:HIS:Hydrophobic': 1, 'UNL:HIS:VdWContact': 1, 'UNL:ILE:Hydrophobic': 2, 'UNL:MET:Hydrophobic': 1, 'UNL:TRP:Hydrophobic': 1, 'UNL:TYR:Hydrophobic': 2, 'UNL:TYR:VdWContact': 2}"
110,DynamicBind,1U4D_DBQ,0.0,0.18181818181818177,"{'UNL:ALA:HBAcceptor': 1, 'UNL:ALA:VdWContact': 2, 'UNL:ARG:VdWContact': 1, 'UNL:ASP:HBDonor': 1, 'UNL:ASP:VdWContact': 1, 'UNL:GLU:HBDonor': 1, 'UNL:GLU:VdWContact': 1, 'UNL:GLY:VdWContact': 1, 'UNL:LEU:Hydrophobic': 2, 'UNL:LEU:VdWContact': 2, 'UNL:VAL:VdWContact': 1}","{'UNL:ALA:HBAcceptor': 1, 'UNL:ALA:Hydrophobic': 1, 'UNL:ALA:VdWContact': 1, 'UNL:ASP:HBDonor': 1, 'UNL:ASP:VdWContact': 1, 'UNL:GLU:HBDonor': 1, 'UNL:GLU:VdWContact': 1, 'UNL:LEU:Hydrophobic': 2, 'UNL:LEU:VdWContact': 1, 'UNL:LYS:VdWContact': 1, 'UNL:VAL:Hydrophobic': 1}"
111,DynamicBind,1Q41_IXM,0.0,0.21428571428571427,"{'UNL:ARG:VdWContact': 1, 'UNL:ASP:HBDonor': 1, 'UNL:ASP:VdWContact': 1, 'UNL:CYS:Hydrophobic': 1, 'UNL:GLY:VdWContact': 1, 'UNL:LEU:Hydrophobic': 2, 'UNL:LEU:VdWContact': 2, 'UNL:PRO:VdWContact': 1, 'UNL:VAL:HBAcceptor': 1, 'UNL:VAL:HBDonor': 1, 'UNL:VAL:VdWContact': 1}","{'UNL:ALA:Hydrophobic': 1, 'UNL:ASP:HBDonor': 1, 'UNL:ASP:VdWContact': 1, 'UNL:CYS:Hydrophobic': 1, 'UNL:ILE:Hydrophobic': 1, 'UNL:LEU:Hydrophobic': 2, 'UNL:PRO:VdWContact': 1, 'UNL:THR:Hydrophobic': 1, 'UNL:TYR:Hydrophobic': 1, 'UNL:TYR:VdWContact': 1, 'UNL:VAL:HBAcceptor': 1, 'UNL:VAL:HBDonor': 1, 'UNL:VAL:Hydrophobic': 2, 'UNL:VAL:VdWContact': 1}"
112,DynamicBind,1OWE_675,0.33333333333333337,0.09999999999999998,"{'UNL:CYS:VdWContact': 1, 'UNL:GLN:Hydrophobic': 1, 'UNL:GLN:VdWContact': 1, 'UNL:GLY:HBDonor': 1, 'UNL:GLY:VdWContact': 1, 'UNL:HIS:VdWContact': 1, 'UNL:SER:HBAcceptor': 2, 'UNL:SER:VdWContact': 2, 'UNL:VAL:VdWContact': 1}","{'UNL:ASP:HBDonor': 1, 'UNL:ASP:VdWContact': 1, 'UNL:GLN:Hydrophobic': 1, 'UNL:GLN:VdWContact': 1, 'UNL:GLY:HBDonor': 1, 'UNL:GLY:VdWContact': 1, 'UNL:HIS:Hydrophobic': 1, 'UNL:HIS:VdWContact': 1, 'UNL:SER:VdWContact': 2, 'UNL:VAL:Hydrophobic': 1}"
113,DynamicBind,1OQ5_CEL,0.25,0.3125,"{'UNL:ASN:VdWContact': 1, 'UNL:GLN:HBAcceptor': 1, 'UNL:GLN:VdWContact': 1, 'UNL:LEU:Hydrophobic': 1, 'UNL:LEU:VdWContact': 2, 'UNL:PHE:VdWContact': 1, 'UNL:PRO:VdWContact': 1, 'UNL:THR:HBDonor': 1, 'UNL:THR:VdWContact': 2, 'UNL:VAL:Hydrophobic': 1, 'UNL:VAL:VdWContact': 1}","{'UNL:ASN:Hydrophobic': 1, 'UNL:ASN:VdWContact': 1, 'UNL:GLN:Hydrophobic': 1, 'UNL:GLN:VdWContact': 1, 'UNL:GLU:Hydrophobic': 1, 'UNL:GLU:VdWContact': 1, 'UNL:HIS:HBDonor': 1, 'UNL:HIS:VdWContact': 1, 'UNL:LEU:Hydrophobic': 1, 'UNL:LEU:VdWContact': 1, 'UNL:PHE:Hydrophobic': 1, 'UNL:THR:HBAcceptor': 1, 'UNL:THR:HBDonor': 1, 'UNL:THR:Hydrophobic': 1, 'UNL:THR:VdWContact': 2, 'UNL:VAL:Hydrophobic': 1}"
114,DynamicBind,1UOU_CMU,0.3333333333333333,0.7272727272727273,"{'UNL:ARG:HBAcceptor': 1, 'UNL:ARG:VdWContact': 1, 'UNL:HIS:VdWContact': 1, 'UNL:ILE:Hydrophobic': 1, 'UNL:LYS:VdWContact': 1, 'UNL:SER:HBDonor': 1, 'UNL:SER:VdWContact': 2, 'UNL:THR:VdWContact': 1}","{'UNL:ARG:HBAcceptor': 1, 'UNL:ARG:VdWContact': 2, 'UNL:GLY:VdWContact': 1, 'UNL:HIS:HBDonor': 1, 'UNL:HIS:VdWContact': 1, 'UNL:ILE:Hydrophobic': 2, 'UNL:LEU:Hydrophobic': 1, 'UNL:LEU:VdWContact': 1, 'UNL:LYS:VdWContact': 1, 'UNL:SER:HBDonor': 1, 'UNL:SER:VdWContact': 2, 'UNL:THR:VdWContact': 2, 'UNL:TYR:Hydrophobic': 1, 'UNL:TYR:VdWContact': 1}"
115,DynamicBind,1R55_097,0.5,0.8999999999999999,"{'UNL:ALA:VdWContact': 4, 'UNL:GLU:HBDonor': 1, 'UNL:GLU:VdWContact': 1, 'UNL:HIS:VdWContact': 3, 'UNL:THR:HBAcceptor': 1, 'UNL:THR:VdWContact': 2, 'UNL:VAL:HBAcceptor': 1, 'UNL:VAL:VdWContact': 1}","{'UNL:ALA:HBDonor': 2, 'UNL:ALA:Hydrophobic': 2, 'UNL:ALA:VdWContact': 2, 'UNL:GLU:VdWContact': 1, 'UNL:GLY:HBDonor': 1, 'UNL:GLY:VdWContact': 1, 'UNL:HIS:HBAcceptor': 1, 'UNL:HIS:Hydrophobic': 1, 'UNL:HIS:VdWContact': 3, 'UNL:THR:HBAcceptor': 1, 'UNL:THR:Hydrophobic': 2, 'UNL:THR:VdWContact': 2, 'UNL:VAL:HBAcceptor': 1, 'UNL:VAL:Hydrophobic': 1, 'UNL:VAL:VdWContact': 1}"
116,DynamicBind,1HQ2_PH2,0.6666666666666666,0.2727272727272727,"{'UNL:ASN:HBDonor': 1, 'UNL:ASN:VdWContact': 1, 'UNL:LEU:VdWContact': 1, 'UNL:PHE:VdWContact': 1, 'UNL:PRO:HBDonor': 1, 'UNL:PRO:VdWContact': 1, 'UNL:THR:VdWContact': 1, 'UNL:TRP:VdWContact': 1, 'UNL:TYR:VdWContact': 1}","{'UNL:ASN:HBAcceptor': 1, 'UNL:ASN:HBDonor': 1, 'UNL:ASN:VdWContact': 1, 'UNL:ASP:VdWContact': 1, 'UNL:LEU:HBAcceptor': 1, 'UNL:LEU:HBDonor': 1, 'UNL:LEU:Hydrophobic': 1, 'UNL:LEU:VdWContact': 1, 'UNL:PHE:Hydrophobic': 1, 'UNL:PHE:VdWContact': 1, 'UNL:PRO:HBDonor': 1, 'UNL:PRO:VdWContact': 1, 'UNL:THR:HBDonor': 1, 'UNL:THR:VdWContact': 1, 'UNL:TYR:Hydrophobic': 1, 'UNL:TYR:VdWContact': 1}"
117,DynamicBind,1MZC_BNE,0.3333333333333333,1.0,"{'UNL:HIS:VdWContact': 1, 'UNL:TRP:HBAcceptor': 1, 'UNL:TRP:Hydrophobic': 1, 'UNL:TRP:VdWContact': 3, 'UNL:TYR:VdWContact': 5}","{'UNL:ALA:Hydrophobic': 1, 'UNL:ARG:HBAcceptor': 1, 'UNL:ARG:VdWContact': 1, 'UNL:ASP:VdWContact': 1, 'UNL:CYS:HBAcceptor': 1, 'UNL:CYS:VdWContact': 1, 'UNL:LEU:Hydrophobic': 1, 'UNL:SER:VdWContact': 1, 'UNL:TRP:Hydrophobic': 3, 'UNL:TRP:VdWContact': 2, 'UNL:TYR:Hydrophobic': 2, 'UNL:TYR:VdWContact': 2}"
118,DynamicBind,1JJE_BYS,0.25,0.23529411764705885,"{'UNL:ASP:Hydrophobic': 1, 'UNL:ASP:VdWContact': 1, 'UNL:CYS:VdWContact': 1, 'UNL:GLU:Hydrophobic': 1, 'UNL:GLU:VdWContact': 1, 'UNL:GLY:VdWContact': 1, 'UNL:HIS:Hydrophobic': 1, 'UNL:HIS:VdWContact': 2, 'UNL:LYS:HBAcceptor': 1, 'UNL:LYS:HBDonor': 1, 'UNL:LYS:VdWContact': 1, 'UNL:PHE:VdWContact': 1, 'UNL:TRP:Hydrophobic': 1, 'UNL:TRP:VdWContact': 1, 'UNL:VAL:VdWContact': 1}","{'UNL:ASN:HBAcceptor': 1, 'UNL:ASN:Hydrophobic': 1, 'UNL:ASN:VdWContact': 1, 'UNL:ASP:Hydrophobic': 1, 'UNL:ASP:VdWContact': 1, 'UNL:CYS:VdWContact': 1, 'UNL:GLY:VdWContact': 1, 'UNL:HIS:HBDonor': 1, 'UNL:HIS:Hydrophobic': 2, 'UNL:HIS:VdWContact': 3, 'UNL:LYS:HBDonor': 1, 'UNL:LYS:VdWContact': 1, 'UNL:PHE:Hydrophobic': 1, 'UNL:TRP:Hydrophobic': 1, 'UNL:TRP:VdWContact': 1, 'UNL:VAL:Hydrophobic': 2, 'UNL:VAL:VdWContact': 1}"
119,DynamicBind,1PMN_984,0.0,0.5333333333333333,"{'UNL:ALA:VdWContact': 1, 'UNL:ASN:Hydrophobic': 1, 'UNL:ASN:VdWContact': 1, 'UNL:GLY:VdWContact': 1, 'UNL:ILE:VdWContact': 1, 'UNL:LEU:Hydrophobic': 1, 'UNL:LEU:VdWContact': 1, 'UNL:LYS:Hydrophobic': 1, 'UNL:MET:HBDonor': 1, 'UNL:MET:Hydrophobic': 1, 'UNL:MET:VdWContact': 2, 'UNL:SER:VdWContact': 2, 'UNL:VAL:Hydrophobic': 1, 'UNL:VAL:VdWContact': 2}","{'UNL:ALA:Hydrophobic': 1, 'UNL:ALA:VdWContact': 2, 'UNL:ASN:VdWContact': 1, 'UNL:ILE:Hydrophobic': 2, 'UNL:ILE:VdWContact': 2, 'UNL:LEU:Hydrophobic': 3, 'UNL:LEU:VdWContact': 2, 'UNL:LYS:Hydrophobic': 1, 'UNL:MET:HBAcceptor': 1, 'UNL:MET:Hydrophobic': 2, 'UNL:MET:VdWContact': 2, 'UNL:VAL:Hydrophobic': 2}"
120,DynamicBind,1N2V_BDI,0.6666666666666667,0.19999999999999996,"{'UNL:ASP:HBDonor': 2, 'UNL:ASP:VdWContact': 2, 'UNL:CYS:VdWContact': 1, 'UNL:GLY:HBAcceptor': 1, 'UNL:GLY:VdWContact': 2, 'UNL:MET:Hydrophobic': 1, 'UNL:MET:VdWContact': 1, 'UNL:TYR:Hydrophobic': 1, 'UNL:TYR:VdWContact': 1}","{'UNL:ALA:Hydrophobic': 1, 'UNL:ASP:HBDonor': 1, 'UNL:ASP:VdWContact': 1, 'UNL:CYS:Hydrophobic': 1, 'UNL:GLN:HBAcceptor': 1, 'UNL:GLN:VdWContact': 1, 'UNL:GLY:HBAcceptor': 1, 'UNL:GLY:VdWContact': 2, 'UNL:MET:Hydrophobic': 1, 'UNL:TYR:Hydrophobic': 1, 'UNL:TYR:VdWContact': 1}"
121,DynamicBind,1Y6B_AAX,0.3333333333333333,0.47058823529411764,"{'UNL:ARG:VdWContact': 1, 'UNL:ASN:Hydrophobic': 1, 'UNL:ASN:VdWContact': 1, 'UNL:ASP:VdWContact': 1, 'UNL:CYS:HBAcceptor': 1, 'UNL:CYS:HBDonor': 1, 'UNL:CYS:VdWContact': 1, 'UNL:GLU:VdWContact': 1, 'UNL:GLY:VdWContact': 1, 'UNL:LEU:VdWContact': 1, 'UNL:LYS:VdWContact': 1, 'UNL:VAL:Hydrophobic': 1, 'UNL:VAL:VdWContact': 1}","{'UNL:ALA:Hydrophobic': 1, 'UNL:ASN:HBAcceptor': 1, 'UNL:ASN:VdWContact': 1, 'UNL:CYS:HBAcceptor': 1, 'UNL:CYS:HBDonor': 1, 'UNL:CYS:Hydrophobic': 1, 'UNL:CYS:VdWContact': 1, 'UNL:GLU:VdWContact': 2, 'UNL:GLY:VdWContact': 1, 'UNL:LEU:Hydrophobic': 2, 'UNL:LYS:Hydrophobic': 1, 'UNL:LYS:VdWContact': 1, 'UNL:PHE:Hydrophobic': 2, 'UNL:PHE:VdWContact': 1, 'UNL:VAL:Hydrophobic': 3, 'UNL:VAL:VdWContact': 2}"
122,DynamicBind,1L2S_STC,0.75,0.24999999999999992,"{'UNL:ALA:HBDonor': 1, 'UNL:ALA:VdWContact': 1, 'UNL:ASN:VdWContact': 1, 'UNL:LEU:Hydrophobic': 1, 'UNL:LEU:VdWContact': 1, 'UNL:SER:VdWContact': 1, 'UNL:THR:VdWContact': 1, 'UNL:TYR:Hydrophobic': 1, 'UNL:TYR:VdWContact': 2}","{'UNL:ALA:HBAcceptor': 1, 'UNL:ALA:HBDonor': 1, 'UNL:ALA:VdWContact': 1, 'UNL:ASN:HBAcceptor': 1, 'UNL:ASN:VdWContact': 1, 'UNL:GLN:VdWContact': 1, 'UNL:GLY:VdWContact': 1, 'UNL:LEU:Hydrophobic': 2, 'UNL:SER:HBAcceptor': 1, 'UNL:SER:VdWContact': 1, 'UNL:THR:Hydrophobic': 1, 'UNL:THR:VdWContact': 1, 'UNL:TYR:Hydrophobic': 2, 'UNL:VAL:Hydrophobic': 1}"
123,DynamicBind,1YGC_905,0.25,0.33333333333333337,"{'UNL:ASP:HBDonor': 1, 'UNL:ASP:Hydrophobic': 1, 'UNL:ASP:VdWContact': 3, 'UNL:CYS:VdWContact': 1, 'UNL:GLY:HBDonor': 1, 'UNL:GLY:VdWContact': 2, 'UNL:HIS:Hydrophobic': 1, 'UNL:HIS:VdWContact': 1, 'UNL:SER:HBAcceptor': 1, 'UNL:SER:HBDonor': 1, 'UNL:SER:VdWContact': 3, 'UNL:THR:VdWContact': 2, 'UNL:TRP:Hydrophobic': 1, 'UNL:TYR:VdWContact': 1}","{'UNL:ASP:HBDonor': 1, 'UNL:ASP:Hydrophobic': 2, 'UNL:ASP:VdWContact': 2, 'UNL:GLY:HBDonor': 1, 'UNL:GLY:VdWContact': 1, 'UNL:HIS:Hydrophobic': 1, 'UNL:HIS:VdWContact': 1, 'UNL:LYS:Hydrophobic': 1, 'UNL:LYS:VdWContact': 1, 'UNL:SER:HBDonor': 1, 'UNL:SER:VdWContact': 3, 'UNL:THR:Hydrophobic': 1, 'UNL:THR:VdWContact': 1, 'UNL:TRP:Hydrophobic': 1, 'UNL:TRP:VdWContact': 1, 'UNL:VAL:Hydrophobic': 1}"
124,DynamicBind,1MMV_3AR,0.6666666666666667,0.30434782608695654,"{'UNL:ALA:VdWContact': 1, 'UNL:ARG:VdWContact': 1, 'UNL:ASN:VdWContact': 1, 'UNL:CYS:VdWContact': 1, 'UNL:GLN:Hydrophobic': 1, 'UNL:GLN:VdWContact': 1, 'UNL:ILE:Hydrophobic': 1, 'UNL:ILE:VdWContact': 1, 'UNL:LEU:Hydrophobic': 1, 'UNL:LEU:VdWContact': 2, 'UNL:MET:VdWContact': 1, 'UNL:PHE:VdWContact': 1, 'UNL:PRO:HBDonor': 2, 'UNL:PRO:VdWContact': 2, 'UNL:SER:VdWContact': 2, 'UNL:VAL:Hydrophobic': 1, 'UNL:VAL:VdWContact': 1}","{'UNL:ASP:VdWContact': 1, 'UNL:GLN:HBAcceptor': 1, 'UNL:GLN:VdWContact': 1, 'UNL:GLU:HBDonor': 1, 'UNL:GLU:VdWContact': 1, 'UNL:PHE:Hydrophobic': 1, 'UNL:PHE:VdWContact': 1, 'UNL:PRO:Hydrophobic': 1, 'UNL:SER:VdWContact': 1, 'UNL:TRP:VdWContact': 1, 'UNL:TYR:Hydrophobic': 1, 'UNL:TYR:VdWContact': 1, 'UNL:VAL:Hydrophobic': 1, 'UNL:VAL:VdWContact': 1}"
125,NeuralPLexer,2BM2_PM2,0.0,0.6000000000000001,"{'UNL:CYS:Hydrophobic': 1, 'UNL:CYS:VdWContact': 2, 'UNL:GLN:Hydrophobic': 2, 'UNL:GLN:VdWContact': 4, 'UNL:GLY:VdWContact': 2, 'UNL:SER:HBDonor': 1, 'UNL:SER:VdWContact': 1, 'UNL:TRP:Hydrophobic': 1, 'UNL:TRP:VdWContact': 1}","{'UNL:ASP:VdWContact': 1, 'UNL:GLN:Hydrophobic': 2, 'UNL:GLN:VdWContact': 1, 'UNL:GLU:Hydrophobic': 1, 'UNL:GLU:VdWContact': 1, 'UNL:GLY:HBAcceptor': 1, 'UNL:GLY:VdWContact': 1, 'UNL:PRO:Hydrophobic': 1, 'UNL:SER:VdWContact': 1, 'UNL:THR:Hydrophobic': 1, 'UNL:TRP:Hydrophobic': 1, 'UNL:TYR:Hydrophobic': 1, 'UNL:VAL:Hydrophobic': 1}"
126,NeuralPLexer,1M2Z_DEX,0.75,0.6470588235294118,"{'UNL:ASN:VdWContact': 1, 'UNL:GLN:HBAcceptor': 1, 'UNL:GLN:VdWContact': 1, 'UNL:LEU:Hydrophobic': 1, 'UNL:LEU:VdWContact': 2, 'UNL:MET:Hydrophobic': 1, 'UNL:MET:VdWContact': 4, 'UNL:PHE:VdWContact': 1, 'UNL:TYR:VdWContact': 1}","{'UNL:ALA:Hydrophobic': 1, 'UNL:ARG:HBAcceptor': 1, 'UNL:ARG:VdWContact': 1, 'UNL:ASN:HBAcceptor': 1, 'UNL:ASN:VdWContact': 1, 'UNL:CYS:Hydrophobic': 1, 'UNL:CYS:VdWContact': 1, 'UNL:GLN:HBAcceptor': 1, 'UNL:GLN:HBDonor': 1, 'UNL:GLN:Hydrophobic': 1, 'UNL:GLN:VdWContact': 2, 'UNL:GLY:VdWContact': 1, 'UNL:LEU:Hydrophobic': 4, 'UNL:LEU:VdWContact': 1, 'UNL:MET:Hydrophobic': 3, 'UNL:MET:VdWContact': 1, 'UNL:PHE:Hydrophobic': 1, 'UNL:PHE:VdWContact': 1, 'UNL:TRP:Hydrophobic': 1, 'UNL:TYR:Hydrophobic': 1, 'UNL:TYR:VdWContact': 1}"
127,NeuralPLexer,1HWI_115,0.3333333333333333,0.5217391304347825,"{'UNL:ALA:VdWContact': 3, 'UNL:ASN:VdWContact': 1, 'UNL:GLY:VdWContact': 3, 'UNL:LYS:Hydrophobic': 1, 'UNL:LYS:VdWContact': 1, 'UNL:PRO:VdWContact': 1, 'UNL:SER:VdWContact': 2, 'UNL:THR:HBAcceptor': 1, 'UNL:THR:VdWContact': 1, 'UNL:TYR:Hydrophobic': 2, 'UNL:TYR:VdWContact': 2}","{'UNL:ALA:Hydrophobic': 1, 'UNL:ALA:VdWContact': 1, 'UNL:ARG:HBAcceptor': 1, 'UNL:ARG:VdWContact': 1, 'UNL:ASN:HBAcceptor': 1, 'UNL:ASN:VdWContact': 1, 'UNL:ASP:Hydrophobic': 1, 'UNL:ASP:VdWContact': 1, 'UNL:CYS:Hydrophobic': 1, 'UNL:CYS:VdWContact': 1, 'UNL:GLU:VdWContact': 1, 'UNL:GLY:VdWContact': 1, 'UNL:HIS:Hydrophobic': 1, 'UNL:HIS:VdWContact': 1, 'UNL:LEU:Hydrophobic': 4, 'UNL:LEU:VdWContact': 2, 'UNL:LYS:Hydrophobic': 1, 'UNL:LYS:VdWContact': 3, 'UNL:SER:VdWContact': 1, 'UNL:VAL:Hydrophobic': 1, 'UNL:VAL:VdWContact': 1}"
128,NeuralPLexer,1UML_FR4,1.0,0.14285714285714282,"{'UNL:ASP:HBDonor': 1, 'UNL:ASP:Hydrophobic': 1, 'UNL:ASP:VdWContact': 4, 'UNL:GLY:VdWContact': 1, 'UNL:HIS:VdWContact': 1, 'UNL:LEU:Hydrophobic': 2, 'UNL:LEU:VdWContact': 3, 'UNL:MET:VdWContact': 1, 'UNL:PHE:VdWContact': 1, 'UNL:VAL:Hydrophobic': 1, 'UNL:VAL:VdWContact': 1}","{'UNL:ASP:HBDonor': 2, 'UNL:ASP:Hydrophobic': 1, 'UNL:ASP:VdWContact': 3, 'UNL:GLY:VdWContact': 1, 'UNL:HIS:Hydrophobic': 1, 'UNL:HIS:VdWContact': 1, 'UNL:LEU:Hydrophobic': 3, 'UNL:LEU:VdWContact': 1, 'UNL:MET:Hydrophobic': 1, 'UNL:PHE:Hydrophobic': 2, 'UNL:THR:Hydrophobic': 1, 'UNL:VAL:Hydrophobic': 1}"
129,NeuralPLexer,1JLA_TNK,0.0,0.2,"{'UNL:ASN:HBAcceptor': 1, 'UNL:ASN:VdWContact': 1, 'UNL:ASP:Hydrophobic': 2, 'UNL:ASP:VdWContact': 2, 'UNL:GLN:VdWContact': 1, 'UNL:GLY:VdWContact': 1, 'UNL:ILE:VdWContact': 1, 'UNL:LEU:Hydrophobic': 1, 'UNL:LEU:VdWContact': 1, 'UNL:MET:Hydrophobic': 1, 'UNL:MET:VdWContact': 1, 'UNL:PHE:Hydrophobic': 1, 'UNL:PHE:VdWContact': 1, 'UNL:PRO:Hydrophobic': 1, 'UNL:PRO:VdWContact': 1, 'UNL:SER:VdWContact': 1, 'UNL:TRP:Hydrophobic': 1, 'UNL:TRP:VdWContact': 2, 'UNL:TYR:Hydrophobic': 1, 'UNL:TYR:VdWContact': 1, 'UNL:VAL:VdWContact': 1}","{'UNL:CYS:Hydrophobic': 1, 'UNL:CYS:VdWContact': 1, 'UNL:GLY:VdWContact': 1, 'UNL:LEU:Hydrophobic': 2, 'UNL:LYS:HBDonor': 1, 'UNL:LYS:Hydrophobic': 1, 'UNL:LYS:VdWContact': 2, 'UNL:PHE:Hydrophobic': 1, 'UNL:PHE:VdWContact': 1, 'UNL:PRO:Hydrophobic': 2, 'UNL:PRO:VdWContact': 1, 'UNL:TRP:Hydrophobic': 1, 'UNL:TRP:VdWContact': 1, 'UNL:TYR:Hydrophobic': 1, 'UNL:TYR:VdWContact': 1, 'UNL:VAL:Hydrophobic': 1}"
130,NeuralPLexer,1N46_PFA,0.6,1.0,"{'UNL:ALA:VdWContact': 1, 'UNL:ARG:HBAcceptor': 1, 'UNL:ARG:HBDonor': 1, 'UNL:ARG:VdWContact': 1, 'UNL:ASN:HBAcceptor': 1, 'UNL:ASN:VdWContact': 1, 'UNL:LEU:Hydrophobic': 2, 'UNL:LEU:VdWContact': 1, 'UNL:MET:Hydrophobic': 2, 'UNL:MET:VdWContact': 2, 'UNL:PHE:Hydrophobic': 1, 'UNL:PHE:VdWContact': 2}","{'UNL:ALA:Hydrophobic': 2, 'UNL:ALA:VdWContact': 2, 'UNL:ARG:HBAcceptor': 2, 'UNL:ARG:HBDonor': 1, 'UNL:ARG:Hydrophobic': 1, 'UNL:ARG:VdWContact': 2, 'UNL:ASN:HBAcceptor': 1, 'UNL:ASN:VdWContact': 1, 'UNL:GLY:VdWContact': 1, 'UNL:HIS:HBAcceptor': 1, 'UNL:HIS:HBDonor': 1, 'UNL:HIS:VdWContact': 1, 'UNL:ILE:Hydrophobic': 3, 'UNL:ILE:VdWContact': 1, 'UNL:LEU:Hydrophobic': 3, 'UNL:LEU:VdWContact': 2, 'UNL:MET:Hydrophobic': 3, 'UNL:MET:VdWContact': 2, 'UNL:PHE:Hydrophobic': 3, 'UNL:PHE:VdWContact': 1, 'UNL:THR:Hydrophobic': 1}"
131,NeuralPLexer,1KZK_JE2,0.3333333333333333,1.166666666666667,"{'UNL:ALA:VdWContact': 2, 'UNL:ASP:HBAcceptor': 1, 'UNL:ASP:HBDonor': 1, 'UNL:ASP:Hydrophobic': 1, 'UNL:ASP:VdWContact': 3, 'UNL:GLY:VdWContact': 5, 'UNL:ILE:VdWContact': 1, 'UNL:PRO:Hydrophobic': 1, 'UNL:VAL:VdWContact': 1}","{'UNL:ALA:Hydrophobic': 2, 'UNL:ASP:Hydrophobic': 3, 'UNL:ASP:VdWContact': 4, 'UNL:GLY:HBDonor': 1, 'UNL:GLY:VdWContact': 3, 'UNL:ILE:Hydrophobic': 6, 'UNL:LEU:Hydrophobic': 3, 'UNL:PRO:Hydrophobic': 2, 'UNL:PRO:VdWContact': 1, 'UNL:VAL:Hydrophobic': 4}"
132,NeuralPLexer,1N2J_PAF,0.5,0.875,"{'UNL:GLN:HBDonor': 1, 'UNL:GLN:VdWContact': 1, 'UNL:MET:VdWContact': 1, 'UNL:VAL:VdWContact': 1}","{'UNL:GLN:HBAcceptor': 2, 'UNL:GLN:VdWContact': 2, 'UNL:MET:Hydrophobic': 1, 'UNL:MET:VdWContact': 1, 'UNL:PHE:Hydrophobic': 1, 'UNL:PRO:Hydrophobic': 1, 'UNL:PRO:VdWContact': 1, 'UNL:VAL:Hydrophobic': 2, 'UNL:VAL:VdWContact': 1}"
133,NeuralPLexer,2BSM_BSM,0.3333333333333333,0.3529411764705882,"{'UNL:ALA:VdWContact': 1, 'UNL:ASN:Hydrophobic': 2, 'UNL:ASP:VdWContact': 2, 'UNL:GLY:HBDonor': 1, 'UNL:GLY:VdWContact': 1, 'UNL:LEU:VdWContact': 2, 'UNL:MET:Hydrophobic': 1, 'UNL:PHE:VdWContact': 1, 'UNL:SER:VdWContact': 1, 'UNL:THR:HBDonor': 1, 'UNL:THR:VdWContact': 1, 'UNL:VAL:VdWContact': 1}","{'UNL:ALA:Hydrophobic': 1, 'UNL:ASN:Hydrophobic': 1, 'UNL:ASN:VdWContact': 1, 'UNL:ASP:HBDonor': 1, 'UNL:ASP:Hydrophobic': 1, 'UNL:ASP:VdWContact': 1, 'UNL:GLY:HBDonor': 1, 'UNL:GLY:VdWContact': 2, 'UNL:ILE:Hydrophobic': 1, 'UNL:LYS:VdWContact': 1, 'UNL:MET:Hydrophobic': 1, 'UNL:PHE:VdWContact': 1, 'UNL:SER:VdWContact': 1, 'UNL:THR:HBDonor': 1, 'UNL:THR:Hydrophobic': 2, 'UNL:THR:VdWContact': 1, 'UNL:VAL:Hydrophobic': 1, 'UNL:VAL:VdWContact': 1}"
134,NeuralPLexer,1V48_HA1,0.42857142857142855,0.125,"{'UNL:ALA:VdWContact': 1, 'UNL:ARG:VdWContact': 1, 'UNL:ASN:HBAcceptor': 1, 'UNL:ASN:VdWContact': 1, 'UNL:GLU:HBDonor': 1, 'UNL:GLU:VdWContact': 1, 'UNL:GLY:VdWContact': 1, 'UNL:HIS:HBAcceptor': 1, 'UNL:HIS:VdWContact': 1, 'UNL:MET:VdWContact': 1, 'UNL:PHE:VdWContact': 1, 'UNL:SER:VdWContact': 2, 'UNL:THR:VdWContact': 1, 'UNL:TYR:VdWContact': 1}","{'UNL:ALA:HBAcceptor': 1, 'UNL:ALA:Hydrophobic': 1, 'UNL:ALA:VdWContact': 1, 'UNL:ARG:HBAcceptor': 1, 'UNL:ARG:VdWContact': 1, 'UNL:ASN:HBAcceptor': 1, 'UNL:ASN:VdWContact': 2, 'UNL:GLU:HBDonor': 1, 'UNL:GLU:VdWContact': 1, 'UNL:HIS:VdWContact': 1, 'UNL:MET:Hydrophobic': 1, 'UNL:PHE:Hydrophobic': 1, 'UNL:PHE:VdWContact': 1, 'UNL:SER:HBAcceptor': 1, 'UNL:SER:HBDonor': 1, 'UNL:SER:VdWContact': 2, 'UNL:VAL:Hydrophobic': 1, 'UNL:VAL:VdWContact': 1}"
135,NeuralPLexer,1L7F_BCZ,0.9999999999999998,0.3846153846153846,"{'UNL:ALA:VdWContact': 1, 'UNL:ARG:VdWContact': 2, 'UNL:ASN:HBAcceptor': 1, 'UNL:ASN:VdWContact': 1, 'UNL:ASP:Hydrophobic': 1, 'UNL:ASP:VdWContact': 1, 'UNL:GLU:HBDonor': 1, 'UNL:GLU:Hydrophobic': 1, 'UNL:GLU:VdWContact': 3, 'UNL:TYR:VdWContact': 1}","{'UNL:ALA:Hydrophobic': 1, 'UNL:ARG:HBAcceptor': 4, 'UNL:ARG:HBDonor': 1, 'UNL:ARG:Hydrophobic': 2, 'UNL:ARG:VdWContact': 4, 'UNL:ASP:VdWContact': 1, 'UNL:GLU:HBDonor': 1, 'UNL:GLU:Hydrophobic': 1, 'UNL:GLU:VdWContact': 3, 'UNL:ILE:Hydrophobic': 1, 'UNL:TRP:HBDonor': 1, 'UNL:TRP:Hydrophobic': 1, 'UNL:TRP:VdWContact': 1, 'UNL:TYR:VdWContact': 1}"
136,NeuralPLexer,1JD0_AZM,0.75,0.42857142857142855,"{'UNL:HIS:HBAcceptor': 1, 'UNL:HIS:VdWContact': 1, 'UNL:LEU:Hydrophobic': 1, 'UNL:LEU:VdWContact': 1, 'UNL:THR:VdWContact': 2}","{'UNL:GLN:Hydrophobic': 1, 'UNL:HIS:HBDonor': 2, 'UNL:HIS:VdWContact': 1, 'UNL:LEU:Hydrophobic': 1, 'UNL:LEU:VdWContact': 1, 'UNL:THR:HBAcceptor': 1, 'UNL:THR:HBDonor': 1, 'UNL:THR:VdWContact': 2, 'UNL:VAL:Hydrophobic': 1, 'UNL:VAL:VdWContact': 1}"
137,NeuralPLexer,1X8X_TYR,0.3333333333333333,0.6666666666666667,"{'UNL:ASP:HBDonor': 1, 'UNL:ASP:Hydrophobic': 1, 'UNL:ASP:VdWContact': 2, 'UNL:GLN:HBAcceptor': 2, 'UNL:GLN:Hydrophobic': 1, 'UNL:GLN:VdWContact': 2, 'UNL:GLY:VdWContact': 1, 'UNL:TYR:VdWContact': 1}","{'UNL:ASP:HBDonor': 2, 'UNL:ASP:Hydrophobic': 1, 'UNL:ASP:VdWContact': 3, 'UNL:GLN:HBDonor': 2, 'UNL:GLN:Hydrophobic': 1, 'UNL:GLN:VdWContact': 3, 'UNL:GLY:VdWContact': 1, 'UNL:LEU:Hydrophobic': 1, 'UNL:THR:Hydrophobic': 1, 'UNL:TYR:Hydrophobic': 1, 'UNL:TYR:VdWContact': 2}"
138,NeuralPLexer,1T46_STI,0.5,0.39130434782608703,"{'UNL:ALA:VdWContact': 1, 'UNL:ASP:HBDonor': 1, 'UNL:ASP:Hydrophobic': 1, 'UNL:ASP:VdWContact': 1, 'UNL:CYS:Hydrophobic': 2, 'UNL:CYS:VdWContact': 2, 'UNL:GLU:Hydrophobic': 1, 'UNL:GLU:VdWContact': 2, 'UNL:LEU:Hydrophobic': 2, 'UNL:LEU:VdWContact': 3, 'UNL:LYS:Hydrophobic': 1, 'UNL:LYS:VdWContact': 1, 'UNL:PHE:Hydrophobic': 1, 'UNL:PHE:VdWContact': 1, 'UNL:TYR:VdWContact': 1, 'UNL:VAL:Hydrophobic': 1, 'UNL:VAL:VdWContact': 1}","{'UNL:ALA:Hydrophobic': 1, 'UNL:ARG:VdWContact': 1, 'UNL:ASP:HBAcceptor': 1, 'UNL:ASP:Hydrophobic': 1, 'UNL:ASP:VdWContact': 1, 'UNL:CYS:HBAcceptor': 1, 'UNL:CYS:Hydrophobic': 1, 'UNL:CYS:VdWContact': 2, 'UNL:GLU:Hydrophobic': 1, 'UNL:GLU:VdWContact': 1, 'UNL:HIS:VdWContact': 1, 'UNL:ILE:VdWContact': 1, 'UNL:LEU:Hydrophobic': 4, 'UNL:LEU:VdWContact': 1, 'UNL:LYS:Hydrophobic': 1, 'UNL:LYS:VdWContact': 1, 'UNL:PHE:Hydrophobic': 1, 'UNL:PHE:VdWContact': 1, 'UNL:THR:HBDonor': 1, 'UNL:THR:Hydrophobic': 1, 'UNL:THR:VdWContact': 1, 'UNL:TYR:Hydrophobic': 1, 'UNL:VAL:Hydrophobic': 4}"
139,NeuralPLexer,1IG3_VIB,0.5,0.3333333333333333,"{'UNL:ASP:HBDonor': 1, 'UNL:ASP:VdWContact': 1, 'UNL:GLN:Hydrophobic': 1, 'UNL:GLN:VdWContact': 1, 'UNL:HIS:VdWContact': 1, 'UNL:SER:VdWContact': 2, 'UNL:TRP:VdWContact': 1, 'UNL:VAL:VdWContact': 1}","{'UNL:ASN:Hydrophobic': 1, 'UNL:ASP:HBDonor': 1, 'UNL:ASP:VdWContact': 1, 'UNL:GLN:HBDonor': 1, 'UNL:GLN:Hydrophobic': 1, 'UNL:GLN:VdWContact': 1, 'UNL:LEU:Hydrophobic': 2, 'UNL:SER:VdWContact': 2, 'UNL:THR:Hydrophobic': 1, 'UNL:THR:VdWContact': 2, 'UNL:TRP:Hydrophobic': 1}"
140,NeuralPLexer,1SQ5_PAU,0.0,0.5454545454545454,"{'UNL:ASP:HBDonor': 1, 'UNL:ASP:VdWContact': 1, 'UNL:HIS:VdWContact': 1, 'UNL:LYS:VdWContact': 1, 'UNL:MET:HBDonor': 1, 'UNL:MET:VdWContact': 1, 'UNL:TYR:HBAcceptor': 1, 'UNL:TYR:VdWContact': 1}","{'UNL:ASN:HBAcceptor': 1, 'UNL:ASN:HBDonor': 1, 'UNL:ASN:VdWContact': 1, 'UNL:ASP:VdWContact': 1, 'UNL:GLY:VdWContact': 1, 'UNL:HIS:HBAcceptor': 1, 'UNL:HIS:VdWContact': 1, 'UNL:ILE:Hydrophobic': 1, 'UNL:LEU:Hydrophobic': 2, 'UNL:LEU:VdWContact': 1, 'UNL:LYS:VdWContact': 1, 'UNL:TYR:VdWContact': 1, 'UNL:VAL:Hydrophobic': 1}"
141,NeuralPLexer,1OYT_FSN,0.0,0.38461538461538464,"{'UNL:ASP:HBDonor': 1, 'UNL:ASP:VdWContact': 1, 'UNL:GLU:VdWContact': 1, 'UNL:GLY:HBAcceptor': 1, 'UNL:GLY:HBDonor': 1, 'UNL:GLY:VdWContact': 2, 'UNL:HIS:VdWContact': 1, 'UNL:SER:VdWContact': 1, 'UNL:TRP:Hydrophobic': 1, 'UNL:TRP:VdWContact': 2}","{'UNL:ALA:VdWContact': 1, 'UNL:ASN:VdWContact': 1, 'UNL:ASP:HBDonor': 1, 'UNL:ASP:VdWContact': 1, 'UNL:GLU:Hydrophobic': 1, 'UNL:GLY:HBAcceptor': 1, 'UNL:GLY:HBDonor': 1, 'UNL:GLY:VdWContact': 2, 'UNL:HIS:VdWContact': 1, 'UNL:ILE:Hydrophobic': 1, 'UNL:LEU:Hydrophobic': 1, 'UNL:SER:VdWContact': 1, 'UNL:TRP:Hydrophobic': 2, 'UNL:TRP:VdWContact': 1, 'UNL:VAL:Hydrophobic': 1}"
142,NeuralPLexer,1UNL_RRC,0.5,0.8823529411764706,"{'UNL:ASP:VdWContact': 1, 'UNL:GLY:HBDonor': 1, 'UNL:GLY:VdWContact': 1, 'UNL:LEU:VdWContact': 1, 'UNL:LYS:Hydrophobic': 1, 'UNL:LYS:VdWContact': 1, 'UNL:VAL:VdWContact': 1}","{'UNL:ALA:Hydrophobic': 2, 'UNL:ALA:VdWContact': 1, 'UNL:ASP:VdWContact': 1, 'UNL:CYS:HBAcceptor': 1, 'UNL:CYS:HBDonor': 1, 'UNL:CYS:VdWContact': 1, 'UNL:GLN:HBDonor': 1, 'UNL:GLN:VdWContact': 2, 'UNL:GLU:VdWContact': 2, 'UNL:ILE:Hydrophobic': 1, 'UNL:ILE:VdWContact': 1, 'UNL:LEU:Hydrophobic': 1, 'UNL:LYS:Hydrophobic': 2, 'UNL:PHE:Hydrophobic': 2, 'UNL:PHE:VdWContact': 1, 'UNL:VAL:Hydrophobic': 2, 'UNL:VAL:VdWContact': 2}"
143,NeuralPLexer,1K3U_IAD,1.1428571428571428,0.36363636363636365,"{'UNL:ALA:VdWContact': 1, 'UNL:CYS:VdWContact': 1, 'UNL:GLN:Hydrophobic': 1, 'UNL:GLU:Hydrophobic': 1, 'UNL:GLU:VdWContact': 1, 'UNL:GLY:HBAcceptor': 1, 'UNL:GLY:VdWContact': 3, 'UNL:HIS:Hydrophobic': 1, 'UNL:LEU:Hydrophobic': 1, 'UNL:LEU:VdWContact': 1, 'UNL:LYS:Hydrophobic': 1, 'UNL:LYS:VdWContact': 1, 'UNL:PHE:Hydrophobic': 1, 'UNL:PHE:VdWContact': 2}","{'UNL:ALA:Hydrophobic': 2, 'UNL:ASP:HBDonor': 1, 'UNL:ASP:VdWContact': 1, 'UNL:GLY:HBAcceptor': 3, 'UNL:GLY:HBDonor': 1, 'UNL:GLY:VdWContact': 4, 'UNL:ILE:HBAcceptor': 1, 'UNL:ILE:Hydrophobic': 3, 'UNL:ILE:VdWContact': 3, 'UNL:LEU:Hydrophobic': 2, 'UNL:PHE:HBAcceptor': 1, 'UNL:PHE:HBDonor': 1, 'UNL:PHE:Hydrophobic': 2, 'UNL:PHE:VdWContact': 2, 'UNL:SER:HBAcceptor': 1, 'UNL:SER:VdWContact': 1, 'UNL:THR:Hydrophobic': 1, 'UNL:THR:VdWContact': 1, 'UNL:TYR:Hydrophobic': 1, 'UNL:TYR:VdWContact': 1}"
144,NeuralPLexer,1IA1_TQ3,0.5,0.6363636363636364,"{'UNL:ALA:VdWContact': 1, 'UNL:GLU:HBDonor': 1, 'UNL:GLU:VdWContact': 1, 'UNL:ILE:VdWContact': 1, 'UNL:MET:Hydrophobic': 1, 'UNL:MET:VdWContact': 1, 'UNL:PHE:Hydrophobic': 1, 'UNL:PHE:VdWContact': 1}","{'UNL:ALA:Hydrophobic': 1, 'UNL:GLU:HBDonor': 1, 'UNL:GLU:VdWContact': 1, 'UNL:ILE:HBDonor': 1, 'UNL:ILE:Hydrophobic': 4, 'UNL:ILE:VdWContact': 3, 'UNL:LEU:Hydrophobic': 1, 'UNL:MET:Hydrophobic': 1, 'UNL:MET:VdWContact': 1, 'UNL:PHE:Hydrophobic': 1, 'UNL:THR:Hydrophobic': 1}"
145,NeuralPLexer,1Q1G_MTI,0.5,0.125,"{'UNL:ASP:VdWContact': 1, 'UNL:CYS:VdWContact': 1, 'UNL:GLY:VdWContact': 1, 'UNL:HIS:HBDonor': 1, 'UNL:HIS:VdWContact': 1, 'UNL:MET:Hydrophobic': 1, 'UNL:MET:VdWContact': 1, 'UNL:PHE:VdWContact': 1, 'UNL:SER:VdWContact': 1, 'UNL:TYR:Hydrophobic': 1, 'UNL:TYR:VdWContact': 2, 'UNL:VAL:Hydrophobic': 1, 'UNL:VAL:VdWContact': 3}","{'UNL:ASP:HBDonor': 1, 'UNL:ASP:VdWContact': 1, 'UNL:CYS:VdWContact': 1, 'UNL:GLU:HBDonor': 1, 'UNL:GLU:Hydrophobic': 1, 'UNL:GLU:VdWContact': 2, 'UNL:GLY:VdWContact': 1, 'UNL:MET:HBAcceptor': 1, 'UNL:MET:Hydrophobic': 1, 'UNL:MET:VdWContact': 1, 'UNL:SER:VdWContact': 1, 'UNL:TRP:Hydrophobic': 1, 'UNL:TRP:VdWContact': 1, 'UNL:TYR:Hydrophobic': 1, 'UNL:TYR:VdWContact': 1, 'UNL:VAL:Hydrophobic': 3, 'UNL:VAL:VdWContact': 1}"
146,NeuralPLexer,1YQY_915,0.4,0.125,"{'UNL:ARG:VdWContact': 1, 'UNL:GLU:VdWContact': 2, 'UNL:GLY:HBAcceptor': 1, 'UNL:GLY:VdWContact': 2, 'UNL:HIS:HBAcceptor': 1, 'UNL:HIS:Hydrophobic': 1, 'UNL:HIS:VdWContact': 3, 'UNL:LEU:Hydrophobic': 1, 'UNL:LEU:VdWContact': 1, 'UNL:LYS:Hydrophobic': 1, 'UNL:LYS:VdWContact': 1, 'UNL:PHE:VdWContact': 1, 'UNL:SER:VdWContact': 1, 'UNL:TYR:HBDonor': 1, 'UNL:TYR:Hydrophobic': 1, 'UNL:TYR:VdWContact': 1, 'UNL:VAL:VdWContact': 1}","{'UNL:ASP:Hydrophobic': 1, 'UNL:GLU:VdWContact': 3, 'UNL:GLY:HBAcceptor': 1, 'UNL:GLY:HBDonor': 1, 'UNL:GLY:VdWContact': 1, 'UNL:HIS:HBAcceptor': 1, 'UNL:HIS:HBDonor': 1, 'UNL:HIS:Hydrophobic': 1, 'UNL:HIS:VdWContact': 1, 'UNL:LEU:Hydrophobic': 2, 'UNL:LEU:VdWContact': 2, 'UNL:LYS:Hydrophobic': 1, 'UNL:SER:VdWContact': 1, 'UNL:TYR:HBDonor': 1, 'UNL:TYR:Hydrophobic': 1, 'UNL:TYR:VdWContact': 1, 'UNL:VAL:Hydrophobic': 2, 'UNL:VAL:VdWContact': 1}"
147,NeuralPLexer,1HWW_SWA,0.25,0.6666666666666667,"{'UNL:ARG:VdWContact': 1, 'UNL:ASP:VdWContact': 4, 'UNL:HIS:HBAcceptor': 2, 'UNL:HIS:HBDonor': 1, 'UNL:HIS:VdWContact': 2, 'UNL:PHE:VdWContact': 1, 'UNL:TRP:VdWContact': 1}","{'UNL:ARG:VdWContact': 1, 'UNL:ASP:HBDonor': 1, 'UNL:ASP:VdWContact': 3, 'UNL:HIS:VdWContact': 1, 'UNL:PHE:Hydrophobic': 1, 'UNL:PHE:VdWContact': 1, 'UNL:TRP:HBDonor': 1, 'UNL:TRP:Hydrophobic': 1, 'UNL:TRP:VdWContact': 2, 'UNL:TYR:Hydrophobic': 1, 'UNL:TYR:VdWContact': 2}"
148,NeuralPLexer,1T40_ID5,0.5999999999999999,0.6875,"{'UNL:CYS:Hydrophobic': 1, 'UNL:CYS:VdWContact': 2, 'UNL:LEU:Hydrophobic': 1, 'UNL:LEU:VdWContact': 1, 'UNL:PHE:VdWContact': 1, 'UNL:SER:VdWContact': 1, 'UNL:TRP:HBAcceptor': 2, 'UNL:TRP:HBDonor': 1, 'UNL:TRP:VdWContact': 2, 'UNL:TYR:Hydrophobic': 1, 'UNL:TYR:VdWContact': 1}","{'UNL:CYS:Hydrophobic': 1, 'UNL:CYS:VdWContact': 2, 'UNL:HIS:HBAcceptor': 1, 'UNL:HIS:HBDonor': 1, 'UNL:HIS:VdWContact': 1, 'UNL:LEU:HBAcceptor': 1, 'UNL:LEU:Hydrophobic': 1, 'UNL:LEU:VdWContact': 1, 'UNL:PHE:Hydrophobic': 2, 'UNL:THR:Hydrophobic': 1, 'UNL:THR:VdWContact': 1, 'UNL:TRP:HBAcceptor': 1, 'UNL:TRP:Hydrophobic': 4, 'UNL:TRP:VdWContact': 2, 'UNL:TYR:Hydrophobic': 2, 'UNL:TYR:VdWContact': 2, 'UNL:VAL:Hydrophobic': 1, 'UNL:VAL:VdWContact': 1}"
149,NeuralPLexer,1GKC_NFH,0.6,0.375,"{'UNL:ALA:VdWContact': 1, 'UNL:ARG:Hydrophobic': 1, 'UNL:ARG:VdWContact': 2, 'UNL:GLU:VdWContact': 1, 'UNL:GLY:VdWContact': 1, 'UNL:HIS:HBAcceptor': 1, 'UNL:HIS:VdWContact': 3, 'UNL:LEU:Hydrophobic': 1, 'UNL:LEU:VdWContact': 2, 'UNL:MET:Hydrophobic': 1, 'UNL:MET:VdWContact': 2, 'UNL:PRO:VdWContact': 1, 'UNL:TYR:HBAcceptor': 1, 'UNL:TYR:Hydrophobic': 1, 'UNL:TYR:VdWContact': 2}","{'UNL:ALA:VdWContact': 1, 'UNL:GLU:VdWContact': 1, 'UNL:GLY:HBDonor': 1, 'UNL:GLY:VdWContact': 1, 'UNL:HIS:HBAcceptor': 1, 'UNL:HIS:Hydrophobic': 1, 'UNL:HIS:VdWContact': 2, 'UNL:LEU:HBAcceptor': 1, 'UNL:LEU:Hydrophobic': 1, 'UNL:LEU:VdWContact': 1, 'UNL:MET:Hydrophobic': 1, 'UNL:MET:VdWContact': 1, 'UNL:PRO:HBDonor': 1, 'UNL:PRO:VdWContact': 1, 'UNL:TYR:HBAcceptor': 1, 'UNL:TYR:Hydrophobic': 1, 'UNL:TYR:VdWContact': 1, 'UNL:VAL:Hydrophobic': 1, 'UNL:VAL:VdWContact': 1}"
150,NeuralPLexer,1N1M_A3M,0.6666666666666667,0.36363636363636365,"{'UNL:ARG:VdWContact': 1, 'UNL:ASN:VdWContact': 1, 'UNL:ASP:VdWContact': 1, 'UNL:GLU:VdWContact': 2, 'UNL:HIS:VdWContact': 1, 'UNL:SER:VdWContact': 1, 'UNL:TYR:HBAcceptor': 1, 'UNL:TYR:VdWContact': 3}","{'UNL:ASN:HBAcceptor': 1, 'UNL:ASN:VdWContact': 1, 'UNL:GLU:HBDonor': 2, 'UNL:GLU:VdWContact': 2, 'UNL:PHE:Hydrophobic': 1, 'UNL:SER:VdWContact': 1, 'UNL:TRP:Hydrophobic': 1, 'UNL:TYR:Hydrophobic': 3, 'UNL:TYR:VdWContact': 3, 'UNL:VAL:Hydrophobic': 2}"
151,NeuralPLexer,1Z95_198,0.3333333333333333,0.5333333333333332,"{'UNL:ASN:VdWContact': 1, 'UNL:GLN:HBAcceptor': 1, 'UNL:GLN:VdWContact': 1, 'UNL:GLY:VdWContact': 1, 'UNL:ILE:VdWContact': 1, 'UNL:LEU:Hydrophobic': 2, 'UNL:LEU:VdWContact': 3, 'UNL:MET:HBAcceptor': 1, 'UNL:MET:Hydrophobic': 4, 'UNL:MET:VdWContact': 5, 'UNL:PHE:VdWContact': 1, 'UNL:THR:VdWContact': 1}","{'UNL:ARG:VdWContact': 1, 'UNL:ASN:VdWContact': 1, 'UNL:GLY:VdWContact': 1, 'UNL:ILE:Hydrophobic': 2, 'UNL:ILE:VdWContact': 1, 'UNL:LEU:HBDonor': 1, 'UNL:LEU:Hydrophobic': 4, 'UNL:LEU:VdWContact': 2, 'UNL:MET:Hydrophobic': 3, 'UNL:MET:VdWContact': 3, 'UNL:PHE:Hydrophobic': 2, 'UNL:PHE:VdWContact': 1, 'UNL:THR:Hydrophobic': 1, 'UNL:THR:VdWContact': 1, 'UNL:VAL:Hydrophobic': 1}"
152,NeuralPLexer,1Q41_IXM,0.0,0.23529411764705882,"{'UNL:ALA:VdWContact': 1, 'UNL:ASN:HBAcceptor': 1, 'UNL:ASN:Hydrophobic': 1, 'UNL:ASN:VdWContact': 1, 'UNL:ASP:HBDonor': 1, 'UNL:ASP:VdWContact': 2, 'UNL:CYS:Hydrophobic': 1, 'UNL:GLY:VdWContact': 1, 'UNL:LEU:VdWContact': 1, 'UNL:LYS:HBAcceptor': 1, 'UNL:LYS:VdWContact': 1}","{'UNL:ALA:Hydrophobic': 1, 'UNL:ASP:HBDonor': 1, 'UNL:ASP:VdWContact': 1, 'UNL:CYS:Hydrophobic': 1, 'UNL:ILE:Hydrophobic': 1, 'UNL:LEU:Hydrophobic': 2, 'UNL:PRO:VdWContact': 1, 'UNL:THR:Hydrophobic': 1, 'UNL:TYR:Hydrophobic': 1, 'UNL:TYR:VdWContact': 1, 'UNL:VAL:HBAcceptor': 1, 'UNL:VAL:HBDonor': 1, 'UNL:VAL:Hydrophobic': 2, 'UNL:VAL:VdWContact': 1}"
153,NeuralPLexer,1OWE_675,0.0,0.25,"{'UNL:ASP:VdWContact': 1, 'UNL:GLN:Hydrophobic': 1, 'UNL:GLN:VdWContact': 1, 'UNL:GLY:HBDonor': 1, 'UNL:GLY:VdWContact': 2, 'UNL:HIS:HBDonor': 1, 'UNL:HIS:VdWContact': 1, 'UNL:SER:VdWContact': 1}","{'UNL:ASP:HBDonor': 1, 'UNL:ASP:VdWContact': 1, 'UNL:GLN:Hydrophobic': 1, 'UNL:GLN:VdWContact': 1, 'UNL:GLY:HBDonor': 1, 'UNL:GLY:VdWContact': 1, 'UNL:HIS:Hydrophobic': 1, 'UNL:HIS:VdWContact': 1, 'UNL:SER:VdWContact': 2, 'UNL:VAL:Hydrophobic': 1}"
154,NeuralPLexer,2BR1_PFP,0.0,0.25,"{'UNL:ALA:VdWContact': 1, 'UNL:ASN:VdWContact': 1, 'UNL:ASP:VdWContact': 2, 'UNL:GLU:Hydrophobic': 1, 'UNL:GLU:VdWContact': 2, 'UNL:GLY:VdWContact': 2, 'UNL:LEU:Hydrophobic': 2, 'UNL:LEU:VdWContact': 2, 'UNL:LYS:HBAcceptor': 1, 'UNL:LYS:VdWContact': 1, 'UNL:SER:VdWContact': 1, 'UNL:VAL:Hydrophobic': 1, 'UNL:VAL:VdWContact': 1}","{'UNL:ALA:Hydrophobic': 1, 'UNL:ALA:VdWContact': 1, 'UNL:CYS:HBAcceptor': 1, 'UNL:CYS:Hydrophobic': 1, 'UNL:CYS:VdWContact': 1, 'UNL:GLU:Hydrophobic': 1, 'UNL:GLU:VdWContact': 2, 'UNL:LEU:Hydrophobic': 2, 'UNL:LEU:VdWContact': 1, 'UNL:SER:VdWContact': 1, 'UNL:TYR:Hydrophobic': 1, 'UNL:VAL:Hydrophobic': 1}"
155,NeuralPLexer,1XOZ_CIA,0.0,0.3125,"{'UNL:ALA:VdWContact': 1, 'UNL:GLN:HBAcceptor': 1, 'UNL:GLN:Hydrophobic': 1, 'UNL:GLN:VdWContact': 1, 'UNL:ILE:VdWContact': 1, 'UNL:LEU:VdWContact': 1, 'UNL:MET:Hydrophobic': 1, 'UNL:MET:VdWContact': 1, 'UNL:PHE:Hydrophobic': 1, 'UNL:PHE:VdWContact': 2, 'UNL:TYR:VdWContact': 1, 'UNL:VAL:Hydrophobic': 1, 'UNL:VAL:VdWContact': 1}","{'UNL:ALA:Hydrophobic': 2, 'UNL:GLN:HBDonor': 1, 'UNL:GLN:Hydrophobic': 1, 'UNL:GLN:VdWContact': 2, 'UNL:ILE:Hydrophobic': 2, 'UNL:ILE:VdWContact': 1, 'UNL:LEU:Hydrophobic': 1, 'UNL:LEU:VdWContact': 1, 'UNL:MET:Hydrophobic': 1, 'UNL:MET:VdWContact': 1, 'UNL:PHE:Hydrophobic': 2, 'UNL:PHE:VdWContact': 1, 'UNL:TYR:Hydrophobic': 1, 'UNL:VAL:Hydrophobic': 1, 'UNL:VAL:VdWContact': 1}"
156,NeuralPLexer,1R55_097,0.33333333333333337,1.0,"{'UNL:ALA:VdWContact': 1, 'UNL:GLU:HBDonor': 1, 'UNL:GLU:VdWContact': 1, 'UNL:GLY:HBDonor': 1, 'UNL:HIS:HBAcceptor': 2, 'UNL:HIS:VdWContact': 3, 'UNL:VAL:VdWContact': 1}","{'UNL:ALA:HBDonor': 2, 'UNL:ALA:Hydrophobic': 2, 'UNL:ALA:VdWContact': 2, 'UNL:GLU:VdWContact': 1, 'UNL:GLY:HBDonor': 1, 'UNL:GLY:VdWContact': 1, 'UNL:HIS:HBAcceptor': 1, 'UNL:HIS:Hydrophobic': 1, 'UNL:HIS:VdWContact': 3, 'UNL:THR:HBAcceptor': 1, 'UNL:THR:Hydrophobic': 2, 'UNL:THR:VdWContact': 2, 'UNL:VAL:HBAcceptor': 1, 'UNL:VAL:Hydrophobic': 1, 'UNL:VAL:VdWContact': 1}"
157,NeuralPLexer,1YWR_LI9,0.5,0.7222222222222222,"{'UNL:ALA:VdWContact': 1, 'UNL:ASP:VdWContact': 1, 'UNL:HIS:VdWContact': 1, 'UNL:LEU:Hydrophobic': 1, 'UNL:LYS:Hydrophobic': 1, 'UNL:LYS:VdWContact': 1, 'UNL:MET:HBAcceptor': 1, 'UNL:MET:VdWContact': 1, 'UNL:THR:VdWContact': 1, 'UNL:VAL:Hydrophobic': 1, 'UNL:VAL:VdWContact': 1}","{'UNL:ALA:Hydrophobic': 1, 'UNL:ALA:VdWContact': 1, 'UNL:ASP:Hydrophobic': 1, 'UNL:ASP:VdWContact': 1, 'UNL:HIS:VdWContact': 1, 'UNL:ILE:Hydrophobic': 1, 'UNL:LEU:Hydrophobic': 4, 'UNL:LEU:VdWContact': 2, 'UNL:LYS:Hydrophobic': 1, 'UNL:LYS:VdWContact': 1, 'UNL:MET:HBAcceptor': 1, 'UNL:MET:HBDonor': 1, 'UNL:MET:Hydrophobic': 1, 'UNL:MET:VdWContact': 1, 'UNL:THR:Hydrophobic': 1, 'UNL:THR:VdWContact': 1, 'UNL:TYR:Hydrophobic': 1, 'UNL:TYR:VdWContact': 1, 'UNL:VAL:Hydrophobic': 2, 'UNL:VAL:VdWContact': 1}"
158,NeuralPLexer,1HQ2_PH2,0.6666666666666666,0.2727272727272727,"{'UNL:ASN:HBDonor': 1, 'UNL:ASN:VdWContact': 1, 'UNL:LEU:VdWContact': 1, 'UNL:PHE:VdWContact': 1, 'UNL:PRO:VdWContact': 1, 'UNL:THR:HBDonor': 1, 'UNL:THR:VdWContact': 1, 'UNL:TRP:VdWContact': 1, 'UNL:TYR:VdWContact': 1}","{'UNL:ASN:HBAcceptor': 1, 'UNL:ASN:HBDonor': 1, 'UNL:ASN:VdWContact': 1, 'UNL:ASP:VdWContact': 1, 'UNL:LEU:HBAcceptor': 1, 'UNL:LEU:HBDonor': 1, 'UNL:LEU:Hydrophobic': 1, 'UNL:LEU:VdWContact': 1, 'UNL:PHE:Hydrophobic': 1, 'UNL:PHE:VdWContact': 1, 'UNL:PRO:HBDonor': 1, 'UNL:PRO:VdWContact': 1, 'UNL:THR:HBDonor': 1, 'UNL:THR:VdWContact': 1, 'UNL:TYR:Hydrophobic': 1, 'UNL:TYR:VdWContact': 1}"
159,NeuralPLexer,1MZC_BNE,0.0,0.2666666666666668,"{'UNL:ALA:VdWContact': 3, 'UNL:ASN:VdWContact': 1, 'UNL:CYS:VdWContact': 1, 'UNL:GLN:HBAcceptor': 1, 'UNL:GLN:VdWContact': 1, 'UNL:HIS:VdWContact': 1, 'UNL:LYS:VdWContact': 1, 'UNL:SER:VdWContact': 1, 'UNL:TYR:HBAcceptor': 1, 'UNL:TYR:VdWContact': 2}","{'UNL:ALA:Hydrophobic': 1, 'UNL:ARG:HBAcceptor': 1, 'UNL:ARG:VdWContact': 1, 'UNL:ASP:VdWContact': 1, 'UNL:CYS:HBAcceptor': 1, 'UNL:CYS:VdWContact': 1, 'UNL:LEU:Hydrophobic': 1, 'UNL:SER:VdWContact': 1, 'UNL:TRP:Hydrophobic': 3, 'UNL:TRP:VdWContact': 2, 'UNL:TYR:Hydrophobic': 2, 'UNL:TYR:VdWContact': 2}"
160,NeuralPLexer,1V4S_MRK,0.6000000000000001,0.0,"{'UNL:ARG:Hydrophobic': 1, 'UNL:ARG:VdWContact': 1, 'UNL:CYS:Hydrophobic': 1, 'UNL:CYS:VdWContact': 2, 'UNL:ILE:VdWContact': 1, 'UNL:LEU:VdWContact': 1, 'UNL:MET:Hydrophobic': 1, 'UNL:MET:VdWContact': 2, 'UNL:SER:HBDonor': 1, 'UNL:SER:VdWContact': 2, 'UNL:TYR:Hydrophobic': 1, 'UNL:TYR:VdWContact': 1, 'UNL:VAL:Hydrophobic': 2, 'UNL:VAL:VdWContact': 3}","{'UNL:ALA:Hydrophobic': 1, 'UNL:ARG:HBAcceptor': 1, 'UNL:ARG:HBDonor': 1, 'UNL:ARG:Hydrophobic': 1, 'UNL:ARG:VdWContact': 1, 'UNL:GLU:Hydrophobic': 1, 'UNL:ILE:Hydrophobic': 2, 'UNL:MET:Hydrophobic': 2, 'UNL:MET:VdWContact': 1, 'UNL:PRO:Hydrophobic': 1, 'UNL:THR:HBAcceptor': 1, 'UNL:THR:Hydrophobic': 1, 'UNL:THR:VdWContact': 1, 'UNL:TYR:HBDonor': 1, 'UNL:TYR:Hydrophobic': 2, 'UNL:TYR:VdWContact': 2, 'UNL:VAL:Hydrophobic': 3}"
161,NeuralPLexer,1J3J_CP6,1.0,0.2857142857142858,"{'UNL:ASN:VdWContact': 1, 'UNL:ASP:HBDonor': 1, 'UNL:ASP:VdWContact': 1, 'UNL:LEU:Hydrophobic': 2, 'UNL:LEU:VdWContact': 1, 'UNL:MET:Hydrophobic': 1, 'UNL:MET:VdWContact': 1, 'UNL:PHE:VdWContact': 1, 'UNL:SER:VdWContact': 1}","{'UNL:ALA:Hydrophobic': 1, 'UNL:ASN:Hydrophobic': 1, 'UNL:ASN:VdWContact': 1, 'UNL:ASP:HBDonor': 1, 'UNL:ASP:VdWContact': 1, 'UNL:CYS:VdWContact': 1, 'UNL:ILE:HBDonor': 2, 'UNL:ILE:Hydrophobic': 2, 'UNL:ILE:VdWContact': 2, 'UNL:LEU:Hydrophobic': 1, 'UNL:MET:Hydrophobic': 1, 'UNL:PHE:Hydrophobic': 1, 'UNL:PHE:VdWContact': 1}"
162,NeuralPLexer,1T9B_1CS,0.0,0.5999999999999999,"{'UNL:ARG:HBAcceptor': 1, 'UNL:ARG:VdWContact': 1, 'UNL:GLY:VdWContact': 1, 'UNL:LYS:Hydrophobic': 1, 'UNL:TRP:Hydrophobic': 1, 'UNL:TRP:VdWContact': 1}","{'UNL:ALA:Hydrophobic': 2, 'UNL:ALA:VdWContact': 1, 'UNL:ARG:HBAcceptor': 1, 'UNL:ARG:VdWContact': 1, 'UNL:ASP:VdWContact': 1, 'UNL:MET:Hydrophobic': 1, 'UNL:MET:VdWContact': 1, 'UNL:PHE:Hydrophobic': 1, 'UNL:PHE:VdWContact': 1, 'UNL:PRO:Hydrophobic': 1, 'UNL:TRP:Hydrophobic': 1, 'UNL:VAL:Hydrophobic': 2, 'UNL:VAL:VdWContact': 1}"
163,NeuralPLexer,1N2V_BDI,0.6666666666666666,0.09999999999999998,"{'UNL:ASP:HBDonor': 1, 'UNL:ASP:VdWContact': 1, 'UNL:CYS:VdWContact': 1, 'UNL:GLN:VdWContact': 1, 'UNL:GLY:VdWContact': 1, 'UNL:MET:Hydrophobic': 1, 'UNL:MET:VdWContact': 1, 'UNL:TYR:Hydrophobic': 1, 'UNL:TYR:VdWContact': 1}","{'UNL:ALA:Hydrophobic': 1, 'UNL:ASP:HBDonor': 1, 'UNL:ASP:VdWContact': 1, 'UNL:CYS:Hydrophobic': 1, 'UNL:GLN:HBAcceptor': 1, 'UNL:GLN:VdWContact': 1, 'UNL:GLY:HBAcceptor': 1, 'UNL:GLY:VdWContact': 2, 'UNL:MET:Hydrophobic': 1, 'UNL:TYR:Hydrophobic': 1, 'UNL:TYR:VdWContact': 1}"
164,NeuralPLexer,1S3V_TQD,0.0,0.0,"{'UNL:ALA:VdWContact': 1, 'UNL:GLN:HBAcceptor': 1, 'UNL:GLN:VdWContact': 1, 'UNL:GLU:HBDonor': 1, 'UNL:GLU:VdWContact': 1, 'UNL:LEU:VdWContact': 1, 'UNL:PHE:Hydrophobic': 1, 'UNL:PHE:VdWContact': 2, 'UNL:SER:VdWContact': 1, 'UNL:VAL:VdWContact': 1}","{'UNL:GLU:HBDonor': 1, 'UNL:GLU:VdWContact': 1, 'UNL:ILE:HBDonor': 1, 'UNL:ILE:Hydrophobic': 1, 'UNL:ILE:VdWContact': 1, 'UNL:PHE:Hydrophobic': 2, 'UNL:PHE:VdWContact': 1, 'UNL:PRO:Hydrophobic': 1, 'UNL:SER:VdWContact': 1, 'UNL:VAL:VdWContact': 1}"
165,NeuralPLexer,1Y6B_AAX,0.6666666666666666,0.5294117647058822,"{'UNL:ALA:VdWContact': 1, 'UNL:ARG:VdWContact': 1, 'UNL:ASN:HBAcceptor': 1, 'UNL:ASN:VdWContact': 1, 'UNL:ASP:VdWContact': 1, 'UNL:CYS:Hydrophobic': 1, 'UNL:CYS:VdWContact': 1, 'UNL:LEU:Hydrophobic': 1, 'UNL:LEU:VdWContact': 1, 'UNL:PHE:Hydrophobic': 1, 'UNL:PHE:VdWContact': 1}","{'UNL:ALA:Hydrophobic': 1, 'UNL:ASN:HBAcceptor': 1, 'UNL:ASN:VdWContact': 1, 'UNL:CYS:HBAcceptor': 1, 'UNL:CYS:HBDonor': 1, 'UNL:CYS:Hydrophobic': 1, 'UNL:CYS:VdWContact': 1, 'UNL:GLU:VdWContact': 2, 'UNL:GLY:VdWContact': 1, 'UNL:LEU:Hydrophobic': 2, 'UNL:LYS:Hydrophobic': 1, 'UNL:LYS:VdWContact': 1, 'UNL:PHE:Hydrophobic': 2, 'UNL:PHE:VdWContact': 1, 'UNL:VAL:Hydrophobic': 3, 'UNL:VAL:VdWContact': 2}"
166,NeuralPLexer,1W2G_THM,0.0,0.3846153846153845,"{'UNL:ARG:HBAcceptor': 1, 'UNL:ARG:VdWContact': 2, 'UNL:ASN:VdWContact': 1, 'UNL:ASP:HBDonor': 1, 'UNL:ASP:VdWContact': 1, 'UNL:LEU:VdWContact': 1, 'UNL:PHE:Hydrophobic': 1, 'UNL:PHE:VdWContact': 2, 'UNL:SER:VdWContact': 1}","{'UNL:ARG:HBAcceptor': 1, 'UNL:ARG:Hydrophobic': 1, 'UNL:ARG:VdWContact': 1, 'UNL:ASN:HBDonor': 1, 'UNL:ASN:Hydrophobic': 1, 'UNL:ASN:VdWContact': 1, 'UNL:ASP:VdWContact': 1, 'UNL:PHE:Hydrophobic': 2, 'UNL:PRO:Hydrophobic': 1, 'UNL:PRO:VdWContact': 1, 'UNL:TYR:Hydrophobic': 2, 'UNL:TYR:VdWContact': 3}"
167,NeuralPLexer,1YGC_905,0.0,0.11764705882352944,"{'UNL:ASP:VdWContact': 1, 'UNL:CYS:HBDonor': 1, 'UNL:CYS:VdWContact': 4, 'UNL:GLN:VdWContact': 1, 'UNL:GLY:VdWContact': 2, 'UNL:HIS:Hydrophobic': 1, 'UNL:HIS:VdWContact': 1, 'UNL:LEU:VdWContact': 1, 'UNL:LYS:HBAcceptor': 1, 'UNL:LYS:Hydrophobic': 1, 'UNL:LYS:VdWContact': 1, 'UNL:SER:VdWContact': 3, 'UNL:TRP:HBDonor': 1, 'UNL:TRP:Hydrophobic': 1, 'UNL:TRP:VdWContact': 1, 'UNL:VAL:VdWContact': 1}","{'UNL:ASP:HBDonor': 1, 'UNL:ASP:Hydrophobic': 2, 'UNL:ASP:VdWContact': 2, 'UNL:GLY:HBDonor': 1, 'UNL:GLY:VdWContact': 1, 'UNL:HIS:Hydrophobic': 1, 'UNL:HIS:VdWContact': 1, 'UNL:LYS:Hydrophobic': 1, 'UNL:LYS:VdWContact': 1, 'UNL:SER:HBDonor': 1, 'UNL:SER:VdWContact': 3, 'UNL:THR:Hydrophobic': 1, 'UNL:THR:VdWContact': 1, 'UNL:TRP:Hydrophobic': 1, 'UNL:TRP:VdWContact': 1, 'UNL:VAL:Hydrophobic': 1}"
168,NeuralPLexer,1R58_AO5,0.6,0.46153846153846145,"{'UNL:ASN:HBAcceptor': 1, 'UNL:ASN:Hydrophobic': 1, 'UNL:ASN:VdWContact': 1, 'UNL:ASP:HBDonor': 1, 'UNL:ASP:VdWContact': 2, 'UNL:GLU:HBDonor': 1, 'UNL:GLU:VdWContact': 2, 'UNL:HIS:HBAcceptor': 1, 'UNL:HIS:HBDonor': 1, 'UNL:HIS:Hydrophobic': 1, 'UNL:HIS:VdWContact': 3}","{'UNL:ALA:Hydrophobic': 1, 'UNL:ALA:VdWContact': 1, 'UNL:ASP:HBDonor': 2, 'UNL:ASP:VdWContact': 2, 'UNL:GLU:HBDonor': 1, 'UNL:GLU:VdWContact': 1, 'UNL:HIS:HBDonor': 1, 'UNL:HIS:Hydrophobic': 2, 'UNL:HIS:VdWContact': 2, 'UNL:MET:Hydrophobic': 1, 'UNL:PHE:Hydrophobic': 1, 'UNL:PHE:VdWContact': 1, 'UNL:TYR:Hydrophobic': 1, 'UNL:TYR:VdWContact': 1}"
169,NeuralPLexer,1HNN_SKF,0.3333333333333333,0.14285714285714282,"{'UNL:ALA:VdWContact': 2, 'UNL:ARG:HBAcceptor': 1, 'UNL:ARG:VdWContact': 1, 'UNL:ASN:Hydrophobic': 1, 'UNL:ASN:VdWContact': 1, 'UNL:ASP:VdWContact': 1, 'UNL:GLU:VdWContact': 2, 'UNL:PHE:HBDonor': 1, 'UNL:PHE:Hydrophobic': 1, 'UNL:PHE:VdWContact': 1, 'UNL:TYR:VdWContact': 2, 'UNL:VAL:VdWContact': 1}","{'UNL:ARG:VdWContact': 1, 'UNL:ASN:Hydrophobic': 1, 'UNL:ASP:VdWContact': 1, 'UNL:GLU:HBDonor': 1, 'UNL:GLU:VdWContact': 1, 'UNL:LYS:VdWContact': 1, 'UNL:MET:Hydrophobic': 1, 'UNL:MET:VdWContact': 1, 'UNL:PHE:Hydrophobic': 1, 'UNL:TYR:Hydrophobic': 2, 'UNL:TYR:VdWContact': 2, 'UNL:VAL:VdWContact': 1}"
170,RFAA,1XOQ_ROF,0.0,0.6111111111111112,"{'UNL:ALA:VdWContact': 3, 'UNL:ASN:VdWContact': 1, 'UNL:ASP:VdWContact': 1, 'UNL:GLN:VdWContact': 1, 'UNL:HIS:HBDonor': 1, 'UNL:HIS:VdWContact': 3, 'UNL:ILE:Hydrophobic': 1, 'UNL:ILE:VdWContact': 3, 'UNL:LEU:VdWContact': 1, 'UNL:MET:VdWContact': 2, 'UNL:PHE:VdWContact': 3, 'UNL:SER:VdWContact': 2, 'UNL:VAL:Hydrophobic': 2, 'UNL:VAL:VdWContact': 4}","{'UNL:ASN:VdWContact': 1, 'UNL:GLN:HBAcceptor': 1, 'UNL:GLN:VdWContact': 1, 'UNL:ILE:Hydrophobic': 1, 'UNL:LEU:VdWContact': 1, 'UNL:MET:Hydrophobic': 3, 'UNL:MET:VdWContact': 2, 'UNL:PHE:Hydrophobic': 2, 'UNL:PHE:VdWContact': 1, 'UNL:THR:VdWContact': 2, 'UNL:TYR:Hydrophobic': 1, 'UNL:TYR:VdWContact': 1}"
171,RFAA,1KE5_LS1,0.5,0.7692307692307693,"{'UNL:ASP:VdWContact': 1, 'UNL:GLU:HBDonor': 1, 'UNL:GLU:VdWContact': 1, 'UNL:LEU:HBAcceptor': 1, 'UNL:LEU:Hydrophobic': 1, 'UNL:LEU:VdWContact': 2, 'UNL:LYS:VdWContact': 1, 'UNL:PHE:Hydrophobic': 1, 'UNL:PHE:VdWContact': 2}","{'UNL:ALA:Hydrophobic': 2, 'UNL:ASP:HBAcceptor': 1, 'UNL:ASP:Hydrophobic': 1, 'UNL:ASP:VdWContact': 2, 'UNL:GLU:HBDonor': 1, 'UNL:GLU:VdWContact': 1, 'UNL:HIS:VdWContact': 1, 'UNL:ILE:Hydrophobic': 1, 'UNL:ILE:VdWContact': 1, 'UNL:LEU:HBAcceptor': 1, 'UNL:LEU:HBDonor': 1, 'UNL:LEU:Hydrophobic': 1, 'UNL:LEU:VdWContact': 2, 'UNL:LYS:VdWContact': 1, 'UNL:PHE:Hydrophobic': 2, 'UNL:PHE:VdWContact': 2, 'UNL:VAL:Hydrophobic': 2}"
172,RFAA,1TT1_KAI,0.8333333333333334,0.15789473684210525,"{'UNL:GLN:VdWContact': 1, 'UNL:HIS:VdWContact': 1, 'UNL:LEU:HBDonor': 1, 'UNL:LEU:Hydrophobic': 1, 'UNL:LEU:VdWContact': 1, 'UNL:LYS:VdWContact': 1, 'UNL:MET:VdWContact': 1, 'UNL:PHE:Hydrophobic': 1, 'UNL:PHE:VdWContact': 1, 'UNL:SER:VdWContact': 1, 'UNL:THR:VdWContact': 1, 'UNL:TYR:VdWContact': 1}","{'UNL:ALA:HBAcceptor': 2, 'UNL:ALA:VdWContact': 2, 'UNL:ARG:HBAcceptor': 1, 'UNL:ARG:HBDonor': 1, 'UNL:ARG:VdWContact': 1, 'UNL:GLU:Hydrophobic': 2, 'UNL:GLU:VdWContact': 1, 'UNL:PRO:HBDonor': 1, 'UNL:PRO:VdWContact': 1, 'UNL:THR:HBAcceptor': 1, 'UNL:THR:VdWContact': 1, 'UNL:TYR:Hydrophobic': 1, 'UNL:TYR:VdWContact': 1, 'UNL:VAL:Hydrophobic': 1, 'UNL:VAL:VdWContact': 1}"
173,RFAA,1VCJ_IBA,1.3333333333333335,0.8666666666666666,"{'UNL:ARG:HBAcceptor': 1, 'UNL:ARG:HBDonor': 1, 'UNL:ARG:VdWContact': 3, 'UNL:ASP:VdWContact': 1, 'UNL:GLU:HBDonor': 1, 'UNL:GLU:VdWContact': 2, 'UNL:ILE:VdWContact': 1, 'UNL:SER:VdWContact': 1, 'UNL:TRP:VdWContact': 1}","{'UNL:ALA:Hydrophobic': 1, 'UNL:ALA:VdWContact': 1, 'UNL:ARG:HBAcceptor': 3, 'UNL:ARG:Hydrophobic': 2, 'UNL:ARG:VdWContact': 5, 'UNL:ASN:Hydrophobic': 1, 'UNL:ASP:Hydrophobic': 1, 'UNL:ASP:VdWContact': 1, 'UNL:GLU:Hydrophobic': 1, 'UNL:GLU:VdWContact': 4, 'UNL:ILE:Hydrophobic': 1, 'UNL:SER:VdWContact': 1, 'UNL:TRP:Hydrophobic': 1, 'UNL:TRP:VdWContact': 1, 'UNL:TYR:VdWContact': 1}"
174,RFAA,1MEH_MOA,0.5,0.5,"{'UNL:ALA:VdWContact': 1, 'UNL:ARG:VdWContact': 1, 'UNL:ASN:HBAcceptor': 1, 'UNL:ASN:VdWContact': 1, 'UNL:ASP:VdWContact': 2, 'UNL:GLY:VdWContact': 2, 'UNL:ILE:VdWContact': 1, 'UNL:MET:Hydrophobic': 1, 'UNL:MET:VdWContact': 1, 'UNL:SER:VdWContact': 2, 'UNL:TYR:VdWContact': 1}","{'UNL:ASP:VdWContact': 1, 'UNL:GLU:Hydrophobic': 1, 'UNL:GLU:VdWContact': 1, 'UNL:GLY:HBAcceptor': 1, 'UNL:GLY:VdWContact': 1, 'UNL:ILE:VdWContact': 1, 'UNL:SER:HBAcceptor': 1, 'UNL:SER:HBDonor': 1, 'UNL:SER:VdWContact': 2}"
175,RFAA,1L7F_BCZ,0.75,0.4615384615384615,"{'UNL:ALA:VdWContact': 1, 'UNL:ARG:HBAcceptor': 1, 'UNL:ARG:HBDonor': 1, 'UNL:ARG:VdWContact': 2, 'UNL:ASN:VdWContact': 1, 'UNL:ASP:VdWContact': 1, 'UNL:GLU:HBDonor': 2, 'UNL:GLU:VdWContact': 3, 'UNL:ILE:VdWContact': 1, 'UNL:TYR:VdWContact': 1}","{'UNL:ALA:Hydrophobic': 1, 'UNL:ARG:HBAcceptor': 4, 'UNL:ARG:HBDonor': 1, 'UNL:ARG:Hydrophobic': 2, 'UNL:ARG:VdWContact': 4, 'UNL:ASP:VdWContact': 1, 'UNL:GLU:HBDonor': 1, 'UNL:GLU:Hydrophobic': 1, 'UNL:GLU:VdWContact': 3, 'UNL:ILE:Hydrophobic': 1, 'UNL:TRP:HBDonor': 1, 'UNL:TRP:Hydrophobic': 1, 'UNL:TRP:VdWContact': 1, 'UNL:TYR:VdWContact': 1}"
176,RFAA,1JD0_AZM,0.75,1.2,"{'UNL:GLN:HBDonor': 1, 'UNL:GLN:VdWContact': 2, 'UNL:HIS:VdWContact': 3, 'UNL:ILE:VdWContact': 1, 'UNL:LEU:VdWContact': 1, 'UNL:THR:VdWContact': 3, 'UNL:TRP:VdWContact': 2, 'UNL:VAL:Hydrophobic': 4, 'UNL:VAL:VdWContact': 4}","{'UNL:GLN:Hydrophobic': 1, 'UNL:HIS:HBDonor': 2, 'UNL:HIS:VdWContact': 1, 'UNL:LEU:Hydrophobic': 1, 'UNL:LEU:VdWContact': 1, 'UNL:THR:HBAcceptor': 1, 'UNL:THR:HBDonor': 1, 'UNL:THR:VdWContact': 2, 'UNL:VAL:Hydrophobic': 1, 'UNL:VAL:VdWContact': 1}"
177,RFAA,1S19_MC9,0.3999999999999999,0.9444444444444446,"{'UNL:ARG:HBDonor': 1, 'UNL:ARG:VdWContact': 1, 'UNL:CYS:VdWContact': 1, 'UNL:HIS:VdWContact': 1, 'UNL:ILE:VdWContact': 1, 'UNL:LEU:VdWContact': 2, 'UNL:SER:VdWContact': 2, 'UNL:TYR:HBAcceptor': 1, 'UNL:TYR:VdWContact': 2}","{'UNL:ALA:Hydrophobic': 1, 'UNL:ALA:VdWContact': 1, 'UNL:ARG:HBAcceptor': 1, 'UNL:ARG:VdWContact': 1, 'UNL:CYS:VdWContact': 1, 'UNL:HIS:HBAcceptor': 2, 'UNL:HIS:HBDonor': 1, 'UNL:HIS:VdWContact': 2, 'UNL:ILE:Hydrophobic': 2, 'UNL:LEU:Hydrophobic': 6, 'UNL:MET:Hydrophobic': 1, 'UNL:PHE:Hydrophobic': 1, 'UNL:SER:VdWContact': 3, 'UNL:TRP:Hydrophobic': 1, 'UNL:TRP:VdWContact': 1, 'UNL:TYR:Hydrophobic': 2, 'UNL:TYR:VdWContact': 1, 'UNL:VAL:Hydrophobic': 2, 'UNL:VAL:VdWContact': 1}"
178,RFAA,1X8X_TYR,0.5,0.6000000000000001,"{'UNL:ASP:HBAcceptor': 1, 'UNL:ASP:VdWContact': 3, 'UNL:GLN:VdWContact': 1, 'UNL:GLY:VdWContact': 1, 'UNL:THR:VdWContact': 1, 'UNL:TYR:HBDonor': 1, 'UNL:TYR:VdWContact': 2}","{'UNL:ASP:HBDonor': 2, 'UNL:ASP:Hydrophobic': 1, 'UNL:ASP:VdWContact': 3, 'UNL:GLN:HBDonor': 2, 'UNL:GLN:Hydrophobic': 1, 'UNL:GLN:VdWContact': 3, 'UNL:GLY:VdWContact': 1, 'UNL:LEU:Hydrophobic': 1, 'UNL:THR:Hydrophobic': 1, 'UNL:TYR:Hydrophobic': 1, 'UNL:TYR:VdWContact': 2}"
179,RFAA,1UNL_RRC,0.5,0.6666666666666667,"{'UNL:ALA:VdWContact': 3, 'UNL:ASN:VdWContact': 4, 'UNL:GLU:VdWContact': 2, 'UNL:GLY:VdWContact': 2, 'UNL:LEU:VdWContact': 2, 'UNL:LYS:VdWContact': 2, 'UNL:PHE:HBDonor': 1, 'UNL:PHE:VdWContact': 3, 'UNL:VAL:VdWContact': 3}","{'UNL:ALA:Hydrophobic': 2, 'UNL:ALA:VdWContact': 1, 'UNL:ASP:VdWContact': 1, 'UNL:CYS:HBAcceptor': 1, 'UNL:CYS:HBDonor': 1, 'UNL:CYS:VdWContact': 1, 'UNL:GLN:HBDonor': 1, 'UNL:GLN:VdWContact': 2, 'UNL:GLU:VdWContact': 2, 'UNL:ILE:Hydrophobic': 1, 'UNL:ILE:VdWContact': 1, 'UNL:LEU:Hydrophobic': 1, 'UNL:LYS:Hydrophobic': 2, 'UNL:PHE:Hydrophobic': 2, 'UNL:PHE:VdWContact': 1, 'UNL:VAL:Hydrophobic': 2, 'UNL:VAL:VdWContact': 2}"
180,RFAA,1IA1_TQ3,0.3333333333333333,0.7857142857142857,"{'UNL:ALA:HBAcceptor': 1, 'UNL:ALA:VdWContact': 2, 'UNL:GLU:VdWContact': 1, 'UNL:ILE:Hydrophobic': 4, 'UNL:ILE:VdWContact': 6, 'UNL:LYS:VdWContact': 1, 'UNL:MET:Hydrophobic': 2, 'UNL:MET:VdWContact': 1, 'UNL:PHE:Hydrophobic': 2, 'UNL:PHE:VdWContact': 2, 'UNL:TYR:VdWContact': 2, 'UNL:VAL:VdWContact': 2}","{'UNL:ALA:Hydrophobic': 1, 'UNL:GLU:HBDonor': 1, 'UNL:GLU:VdWContact': 1, 'UNL:ILE:HBDonor': 1, 'UNL:ILE:Hydrophobic': 4, 'UNL:ILE:VdWContact': 3, 'UNL:LEU:Hydrophobic': 1, 'UNL:MET:Hydrophobic': 1, 'UNL:MET:VdWContact': 1, 'UNL:PHE:Hydrophobic': 1, 'UNL:THR:Hydrophobic': 1}"
181,RFAA,1R1H_BIR,0.5,0.2,"{'UNL:ALA:VdWContact': 1, 'UNL:ARG:HBAcceptor': 1, 'UNL:ARG:VdWContact': 1, 'UNL:ASN:HBDonor': 1, 'UNL:ASN:VdWContact': 1, 'UNL:GLU:VdWContact': 1, 'UNL:HIS:VdWContact': 1, 'UNL:MET:Hydrophobic': 1, 'UNL:MET:VdWContact': 1, 'UNL:PHE:VdWContact': 2, 'UNL:TRP:Hydrophobic': 1, 'UNL:TRP:VdWContact': 1, 'UNL:VAL:Hydrophobic': 2, 'UNL:VAL:VdWContact': 2}","{'UNL:ALA:Hydrophobic': 1, 'UNL:ALA:VdWContact': 1, 'UNL:ARG:HBAcceptor': 1, 'UNL:ARG:VdWContact': 1, 'UNL:ASN:HBAcceptor': 1, 'UNL:ASN:HBDonor': 1, 'UNL:ASN:VdWContact': 1, 'UNL:GLU:HBDonor': 1, 'UNL:GLU:VdWContact': 1, 'UNL:HIS:Hydrophobic': 1, 'UNL:HIS:VdWContact': 2, 'UNL:MET:Hydrophobic': 1, 'UNL:PHE:Hydrophobic': 3, 'UNL:PHE:VdWContact': 1, 'UNL:TRP:Hydrophobic': 1, 'UNL:TRP:VdWContact': 1, 'UNL:VAL:Hydrophobic': 2, 'UNL:VAL:VdWContact': 1}"
182,RFAA,1YQY_915,0.4,0.3571428571428571,"{'UNL:GLU:VdWContact': 2, 'UNL:GLY:HBAcceptor': 1, 'UNL:GLY:HBDonor': 1, 'UNL:GLY:VdWContact': 2, 'UNL:HIS:HBDonor': 1, 'UNL:HIS:VdWContact': 2, 'UNL:LEU:Hydrophobic': 1, 'UNL:LEU:VdWContact': 2, 'UNL:LYS:VdWContact': 1, 'UNL:SER:VdWContact': 1, 'UNL:TYR:VdWContact': 1, 'UNL:VAL:VdWContact': 1}","{'UNL:ASP:Hydrophobic': 1, 'UNL:GLU:VdWContact': 3, 'UNL:GLY:HBAcceptor': 1, 'UNL:GLY:HBDonor': 1, 'UNL:GLY:VdWContact': 1, 'UNL:HIS:HBAcceptor': 1, 'UNL:HIS:HBDonor': 1, 'UNL:HIS:Hydrophobic': 1, 'UNL:HIS:VdWContact': 1, 'UNL:LEU:Hydrophobic': 2, 'UNL:LEU:VdWContact': 2, 'UNL:LYS:Hydrophobic': 1, 'UNL:SER:VdWContact': 1, 'UNL:TYR:HBDonor': 1, 'UNL:TYR:Hydrophobic': 1, 'UNL:TYR:VdWContact': 1, 'UNL:VAL:Hydrophobic': 2, 'UNL:VAL:VdWContact': 1}"
183,RFAA,1GKC_NFH,0.2,0.39999999999999997,"{'UNL:ALA:VdWContact': 1, 'UNL:ASP:VdWContact': 1, 'UNL:GLU:VdWContact': 1, 'UNL:GLY:HBDonor': 1, 'UNL:GLY:VdWContact': 1, 'UNL:HIS:VdWContact': 4, 'UNL:LEU:HBAcceptor': 1, 'UNL:LEU:VdWContact': 2, 'UNL:MET:Hydrophobic': 1, 'UNL:MET:VdWContact': 1, 'UNL:PRO:HBDonor': 1, 'UNL:PRO:VdWContact': 1, 'UNL:TYR:HBAcceptor': 1, 'UNL:TYR:VdWContact': 1, 'UNL:VAL:VdWContact': 1}","{'UNL:ALA:VdWContact': 1, 'UNL:GLU:VdWContact': 1, 'UNL:GLY:HBDonor': 1, 'UNL:GLY:VdWContact': 1, 'UNL:HIS:HBAcceptor': 1, 'UNL:HIS:Hydrophobic': 1, 'UNL:HIS:VdWContact': 2, 'UNL:LEU:HBAcceptor': 1, 'UNL:LEU:Hydrophobic': 1, 'UNL:LEU:VdWContact': 1, 'UNL:MET:Hydrophobic': 1, 'UNL:MET:VdWContact': 1, 'UNL:PRO:HBDonor': 1, 'UNL:PRO:VdWContact': 1, 'UNL:TYR:HBAcceptor': 1, 'UNL:TYR:Hydrophobic': 1, 'UNL:TYR:VdWContact': 1, 'UNL:VAL:Hydrophobic': 1, 'UNL:VAL:VdWContact': 1}"
184,RFAA,1OF1_SCT,0.6000000000000001,0.6000000000000001,"{'UNL:ALA:HBDonor': 1, 'UNL:ALA:VdWContact': 1, 'UNL:GLN:VdWContact': 1, 'UNL:ILE:VdWContact': 2, 'UNL:MET:Hydrophobic': 1, 'UNL:MET:VdWContact': 1, 'UNL:TRP:Hydrophobic': 1, 'UNL:TRP:VdWContact': 1}","{'UNL:ALA:Hydrophobic': 2, 'UNL:ALA:VdWContact': 1, 'UNL:ARG:HBAcceptor': 1, 'UNL:ARG:HBDonor': 1, 'UNL:ARG:VdWContact': 1, 'UNL:GLN:HBAcceptor': 1, 'UNL:GLN:HBDonor': 1, 'UNL:GLN:VdWContact': 1, 'UNL:GLU:VdWContact': 2, 'UNL:HIS:Hydrophobic': 1, 'UNL:HIS:VdWContact': 1, 'UNL:ILE:Hydrophobic': 2, 'UNL:MET:Hydrophobic': 1, 'UNL:TRP:Hydrophobic': 1, 'UNL:TYR:Hydrophobic': 2, 'UNL:TYR:VdWContact': 2}"
185,RFAA,1SJ0_E4D,0.19999999999999996,0.4736842105263159,"{'UNL:ALA:VdWContact': 1, 'UNL:ARG:HBDonor': 1, 'UNL:ARG:VdWContact': 1, 'UNL:ASP:VdWContact': 1, 'UNL:GLU:VdWContact': 1, 'UNL:LEU:Hydrophobic': 3, 'UNL:LEU:VdWContact': 6, 'UNL:MET:Hydrophobic': 2, 'UNL:MET:VdWContact': 2, 'UNL:PHE:HBDonor': 1, 'UNL:PHE:Hydrophobic': 1, 'UNL:PHE:VdWContact': 2, 'UNL:THR:VdWContact': 1, 'UNL:TRP:VdWContact': 1}","{'UNL:ALA:Hydrophobic': 1, 'UNL:ARG:HBAcceptor': 1, 'UNL:ARG:VdWContact': 1, 'UNL:ASP:VdWContact': 1, 'UNL:CYS:Hydrophobic': 1, 'UNL:CYS:VdWContact': 1, 'UNL:GLU:VdWContact': 1, 'UNL:HIS:HBDonor': 1, 'UNL:HIS:Hydrophobic': 1, 'UNL:HIS:VdWContact': 1, 'UNL:ILE:Hydrophobic': 1, 'UNL:LEU:HBDonor': 1, 'UNL:LEU:Hydrophobic': 7, 'UNL:LEU:VdWContact': 3, 'UNL:MET:Hydrophobic': 3, 'UNL:MET:VdWContact': 1, 'UNL:PHE:Hydrophobic': 1, 'UNL:THR:VdWContact': 1, 'UNL:TRP:Hydrophobic': 1, 'UNL:TRP:VdWContact': 1}"
186,RFAA,1U4D_DBQ,0.19999999999999996,0.7222222222222223,"{'UNL:ALA:VdWContact': 1, 'UNL:ARG:VdWContact': 1, 'UNL:ASP:VdWContact': 1, 'UNL:GLU:VdWContact': 2, 'UNL:GLY:HBAcceptor': 1, 'UNL:GLY:HBDonor': 1, 'UNL:GLY:VdWContact': 2, 'UNL:HIS:VdWContact': 1, 'UNL:ILE:VdWContact': 3, 'UNL:LEU:VdWContact': 1, 'UNL:MET:VdWContact': 2, 'UNL:PHE:VdWContact': 1, 'UNL:THR:VdWContact': 2, 'UNL:TRP:VdWContact': 1, 'UNL:TYR:VdWContact': 1, 'UNL:VAL:Hydrophobic': 2, 'UNL:VAL:VdWContact': 1}","{'UNL:ALA:HBAcceptor': 1, 'UNL:ALA:Hydrophobic': 1, 'UNL:ALA:VdWContact': 1, 'UNL:ASP:HBDonor': 1, 'UNL:ASP:VdWContact': 1, 'UNL:GLU:HBDonor': 1, 'UNL:GLU:VdWContact': 1, 'UNL:LEU:Hydrophobic': 2, 'UNL:LEU:VdWContact': 1, 'UNL:LYS:VdWContact': 1, 'UNL:VAL:Hydrophobic': 1}"
187,RFAA,1Q41_IXM,0.0,0.8333333333333334,"{'UNL:ALA:VdWContact': 2, 'UNL:ASN:VdWContact': 1, 'UNL:ASP:VdWContact': 3, 'UNL:CYS:VdWContact': 2, 'UNL:HIS:VdWContact': 2, 'UNL:ILE:HBDonor': 1, 'UNL:ILE:VdWContact': 1, 'UNL:LEU:Hydrophobic': 4, 'UNL:LEU:VdWContact': 6, 'UNL:MET:VdWContact': 1, 'UNL:VAL:HBAcceptor': 1, 'UNL:VAL:HBDonor': 1, 'UNL:VAL:Hydrophobic': 3, 'UNL:VAL:VdWContact': 3}","{'UNL:ALA:Hydrophobic': 1, 'UNL:ASP:HBDonor': 1, 'UNL:ASP:VdWContact': 1, 'UNL:CYS:Hydrophobic': 1, 'UNL:ILE:Hydrophobic': 1, 'UNL:LEU:Hydrophobic': 2, 'UNL:PRO:VdWContact': 1, 'UNL:THR:Hydrophobic': 1, 'UNL:TYR:Hydrophobic': 1, 'UNL:TYR:VdWContact': 1, 'UNL:VAL:HBAcceptor': 1, 'UNL:VAL:HBDonor': 1, 'UNL:VAL:Hydrophobic': 2, 'UNL:VAL:VdWContact': 1}"
188,RFAA,1OQ5_CEL,0.5,0.33333333333333337,"{'UNL:ASN:HBAcceptor': 1, 'UNL:ASN:VdWContact': 2, 'UNL:GLN:VdWContact': 1, 'UNL:HIS:VdWContact': 2, 'UNL:LEU:Hydrophobic': 1, 'UNL:LEU:VdWContact': 1, 'UNL:PRO:VdWContact': 1, 'UNL:THR:VdWContact': 1, 'UNL:VAL:Hydrophobic': 1, 'UNL:VAL:VdWContact': 1}","{'UNL:ASN:Hydrophobic': 1, 'UNL:ASN:VdWContact': 1, 'UNL:GLN:Hydrophobic': 1, 'UNL:GLN:VdWContact': 1, 'UNL:GLU:Hydrophobic': 1, 'UNL:GLU:VdWContact': 1, 'UNL:HIS:HBDonor': 1, 'UNL:HIS:VdWContact': 1, 'UNL:LEU:Hydrophobic': 1, 'UNL:LEU:VdWContact': 1, 'UNL:PHE:Hydrophobic': 1, 'UNL:THR:HBAcceptor': 1, 'UNL:THR:HBDonor': 1, 'UNL:THR:Hydrophobic': 1, 'UNL:THR:VdWContact': 2, 'UNL:VAL:Hydrophobic': 1}"
189,RFAA,1SG0_STL,0.3333333333333333,0.5833333333333334,"{'UNL:ASP:HBDonor': 1, 'UNL:ASP:VdWContact': 1, 'UNL:LEU:Hydrophobic': 1, 'UNL:LEU:VdWContact': 1, 'UNL:LYS:VdWContact': 1, 'UNL:PHE:Hydrophobic': 1, 'UNL:PHE:VdWContact': 1, 'UNL:SER:VdWContact': 1, 'UNL:TRP:Hydrophobic': 1, 'UNL:TRP:VdWContact': 1, 'UNL:TYR:VdWContact': 1}","{'UNL:ASN:HBAcceptor': 1, 'UNL:ASN:VdWContact': 1, 'UNL:GLY:HBDonor': 1, 'UNL:GLY:VdWContact': 1, 'UNL:PHE:Hydrophobic': 3, 'UNL:PHE:VdWContact': 2, 'UNL:TRP:Hydrophobic': 1, 'UNL:TRP:VdWContact': 1}"
190,RFAA,2BR1_PFP,0.0,0.1333333333333333,"{'UNL:ALA:VdWContact': 1, 'UNL:CYS:HBAcceptor': 1, 'UNL:CYS:VdWContact': 1, 'UNL:GLU:VdWContact': 2, 'UNL:GLY:VdWContact': 1, 'UNL:LEU:Hydrophobic': 2, 'UNL:LEU:VdWContact': 2, 'UNL:LYS:VdWContact': 1, 'UNL:TYR:VdWContact': 1, 'UNL:VAL:Hydrophobic': 1, 'UNL:VAL:VdWContact': 1}","{'UNL:ALA:Hydrophobic': 1, 'UNL:ALA:VdWContact': 1, 'UNL:CYS:HBAcceptor': 1, 'UNL:CYS:Hydrophobic': 1, 'UNL:CYS:VdWContact': 1, 'UNL:GLU:Hydrophobic': 1, 'UNL:GLU:VdWContact': 2, 'UNL:LEU:Hydrophobic': 2, 'UNL:LEU:VdWContact': 1, 'UNL:SER:VdWContact': 1, 'UNL:TYR:Hydrophobic': 1, 'UNL:VAL:Hydrophobic': 1}"
191,RFAA,1YWR_LI9,0.0,0.7368421052631581,"{'UNL:ASN:VdWContact': 1, 'UNL:ASP:VdWContact': 1, 'UNL:HIS:VdWContact': 1, 'UNL:LYS:VdWContact': 1, 'UNL:MET:HBAcceptor': 1, 'UNL:MET:HBDonor': 1, 'UNL:MET:VdWContact': 1, 'UNL:THR:VdWContact': 1, 'UNL:VAL:Hydrophobic': 1, 'UNL:VAL:VdWContact': 2}","{'UNL:ALA:Hydrophobic': 1, 'UNL:ALA:VdWContact': 1, 'UNL:ASP:Hydrophobic': 1, 'UNL:ASP:VdWContact': 1, 'UNL:HIS:VdWContact': 1, 'UNL:ILE:Hydrophobic': 1, 'UNL:LEU:Hydrophobic': 4, 'UNL:LEU:VdWContact': 2, 'UNL:LYS:Hydrophobic': 1, 'UNL:LYS:VdWContact': 1, 'UNL:MET:HBAcceptor': 1, 'UNL:MET:HBDonor': 1, 'UNL:MET:Hydrophobic': 1, 'UNL:MET:VdWContact': 1, 'UNL:THR:Hydrophobic': 1, 'UNL:THR:VdWContact': 1, 'UNL:TYR:Hydrophobic': 1, 'UNL:TYR:VdWContact': 1, 'UNL:VAL:Hydrophobic': 2, 'UNL:VAL:VdWContact': 1}"
192,RFAA,1MZC_BNE,0.0,0.4615384615384614,"{'UNL:ALA:VdWContact': 1, 'UNL:ARG:VdWContact': 1, 'UNL:CYS:VdWContact': 3, 'UNL:GLY:VdWContact': 1, 'UNL:HIS:VdWContact': 1, 'UNL:TRP:Hydrophobic': 2, 'UNL:TRP:VdWContact': 3, 'UNL:TYR:HBAcceptor': 1, 'UNL:TYR:HBDonor': 1, 'UNL:TYR:Hydrophobic': 1, 'UNL:TYR:VdWContact': 6}","{'UNL:ALA:Hydrophobic': 1, 'UNL:ARG:HBAcceptor': 1, 'UNL:ARG:VdWContact': 1, 'UNL:ASP:VdWContact': 1, 'UNL:CYS:HBAcceptor': 1, 'UNL:CYS:VdWContact': 1, 'UNL:LEU:Hydrophobic': 1, 'UNL:SER:VdWContact': 1, 'UNL:TRP:Hydrophobic': 3, 'UNL:TRP:VdWContact': 2, 'UNL:TYR:Hydrophobic': 2, 'UNL:TYR:VdWContact': 2}"
193,RFAA,1NAV_IH5,0.3333333333333333,0.6,"{'UNL:ALA:VdWContact': 1, 'UNL:ARG:HBAcceptor': 1, 'UNL:ARG:VdWContact': 1, 'UNL:HIS:VdWContact': 1, 'UNL:ILE:VdWContact': 2, 'UNL:LEU:Hydrophobic': 1, 'UNL:LEU:VdWContact': 2, 'UNL:MET:VdWContact': 1, 'UNL:PHE:Hydrophobic': 1, 'UNL:PHE:VdWContact': 1, 'UNL:SER:VdWContact': 2}","{'UNL:ALA:Hydrophobic': 2, 'UNL:GLY:VdWContact': 1, 'UNL:HIS:HBAcceptor': 1, 'UNL:HIS:VdWContact': 1, 'UNL:ILE:Hydrophobic': 1, 'UNL:ILE:VdWContact': 1, 'UNL:LEU:Hydrophobic': 3, 'UNL:LEU:VdWContact': 2, 'UNL:MET:Hydrophobic': 3, 'UNL:MET:VdWContact': 2, 'UNL:PHE:Hydrophobic': 3, 'UNL:PHE:VdWContact': 1, 'UNL:SER:HBAcceptor': 1, 'UNL:SER:VdWContact': 1, 'UNL:THR:Hydrophobic': 1}"
194,RFAA,1PMN_984,0.5,0.5,"{'UNL:ALA:VdWContact': 1, 'UNL:ASP:VdWContact': 1, 'UNL:GLU:VdWContact': 1, 'UNL:ILE:VdWContact': 2, 'UNL:LEU:Hydrophobic': 1, 'UNL:LEU:VdWContact': 1, 'UNL:MET:HBAcceptor': 1, 'UNL:MET:HBDonor': 1, 'UNL:MET:Hydrophobic': 2, 'UNL:MET:VdWContact': 3, 'UNL:SER:VdWContact': 1}","{'UNL:ALA:Hydrophobic': 1, 'UNL:ALA:VdWContact': 2, 'UNL:ASN:VdWContact': 1, 'UNL:ILE:Hydrophobic': 2, 'UNL:ILE:VdWContact': 2, 'UNL:LEU:Hydrophobic': 3, 'UNL:LEU:VdWContact': 2, 'UNL:LYS:Hydrophobic': 1, 'UNL:MET:HBAcceptor': 1, 'UNL:MET:Hydrophobic': 2, 'UNL:MET:VdWContact': 2, 'UNL:VAL:Hydrophobic': 2}"
195,RFAA,1N2V_BDI,0.0,0.4444444444444445,"{'UNL:ASP:HBDonor': 1, 'UNL:ASP:VdWContact': 1, 'UNL:GLY:HBAcceptor': 1, 'UNL:GLY:VdWContact': 3, 'UNL:MET:VdWContact': 1, 'UNL:TYR:HBAcceptor': 1, 'UNL:TYR:Hydrophobic': 1, 'UNL:TYR:VdWContact': 1}","{'UNL:ALA:Hydrophobic': 1, 'UNL:ASP:HBDonor': 1, 'UNL:ASP:VdWContact': 1, 'UNL:CYS:Hydrophobic': 1, 'UNL:GLN:HBAcceptor': 1, 'UNL:GLN:VdWContact': 1, 'UNL:GLY:HBAcceptor': 1, 'UNL:GLY:VdWContact': 2, 'UNL:MET:Hydrophobic': 1, 'UNL:TYR:Hydrophobic': 1, 'UNL:TYR:VdWContact': 1}"
196,RFAA,1S3V_TQD,0.3333333333333333,0.08333333333333331,"{'UNL:ALA:VdWContact': 1, 'UNL:ASN:HBAcceptor': 1, 'UNL:ASN:VdWContact': 1, 'UNL:GLU:HBDonor': 1, 'UNL:GLU:VdWContact': 1, 'UNL:ILE:HBDonor': 1, 'UNL:ILE:VdWContact': 1, 'UNL:LEU:VdWContact': 1, 'UNL:PHE:Hydrophobic': 1, 'UNL:PHE:VdWContact': 2, 'UNL:PRO:VdWContact': 1, 'UNL:VAL:VdWContact': 1}","{'UNL:GLU:HBDonor': 1, 'UNL:GLU:VdWContact': 1, 'UNL:ILE:HBDonor': 1, 'UNL:ILE:Hydrophobic': 1, 'UNL:ILE:VdWContact': 1, 'UNL:PHE:Hydrophobic': 2, 'UNL:PHE:VdWContact': 1, 'UNL:PRO:Hydrophobic': 1, 'UNL:SER:VdWContact': 1, 'UNL:VAL:VdWContact': 1}"
197,RFAA,1Y6B_AAX,0.3333333333333333,0.4999999999999999,"{'UNL:CYS:HBAcceptor': 1, 'UNL:CYS:HBDonor': 1, 'UNL:CYS:VdWContact': 1, 'UNL:GLU:VdWContact': 2, 'UNL:GLY:VdWContact': 1, 'UNL:LEU:Hydrophobic': 1, 'UNL:LEU:VdWContact': 2, 'UNL:LYS:VdWContact': 1, 'UNL:VAL:Hydrophobic': 2, 'UNL:VAL:VdWContact': 2}","{'UNL:ALA:Hydrophobic': 1, 'UNL:ASN:HBAcceptor': 1, 'UNL:ASN:VdWContact': 1, 'UNL:CYS:HBAcceptor': 1, 'UNL:CYS:HBDonor': 1, 'UNL:CYS:Hydrophobic': 1, 'UNL:CYS:VdWContact': 1, 'UNL:GLU:VdWContact': 2, 'UNL:GLY:VdWContact': 1, 'UNL:LEU:Hydrophobic': 2, 'UNL:LYS:Hydrophobic': 1, 'UNL:LYS:VdWContact': 1, 'UNL:PHE:Hydrophobic': 2, 'UNL:PHE:VdWContact': 1, 'UNL:VAL:Hydrophobic': 3, 'UNL:VAL:VdWContact': 2}"
198,RFAA,1L2S_STC,0.1428571428571429,0.875,"{'UNL:ALA:VdWContact': 2, 'UNL:ARG:HBAcceptor': 1, 'UNL:ARG:VdWContact': 1, 'UNL:ASN:VdWContact': 2, 'UNL:GLN:VdWContact': 1, 'UNL:GLY:VdWContact': 3, 'UNL:LEU:VdWContact': 1, 'UNL:LYS:VdWContact': 1, 'UNL:MET:VdWContact': 1, 'UNL:SER:HBAcceptor': 1, 'UNL:SER:VdWContact': 3, 'UNL:THR:HBDonor': 2, 'UNL:THR:VdWContact': 3, 'UNL:TYR:HBDonor': 1, 'UNL:TYR:Hydrophobic': 2, 'UNL:TYR:VdWContact': 4, 'UNL:VAL:Hydrophobic': 1, 'UNL:VAL:VdWContact': 1}","{'UNL:ALA:HBAcceptor': 1, 'UNL:ALA:HBDonor': 1, 'UNL:ALA:VdWContact': 1, 'UNL:ASN:HBAcceptor': 1, 'UNL:ASN:VdWContact': 1, 'UNL:GLN:VdWContact': 1, 'UNL:GLY:VdWContact': 1, 'UNL:LEU:Hydrophobic': 2, 'UNL:SER:HBAcceptor': 1, 'UNL:SER:VdWContact': 1, 'UNL:THR:Hydrophobic': 1, 'UNL:THR:VdWContact': 1, 'UNL:TYR:Hydrophobic': 2, 'UNL:VAL:Hydrophobic': 1}"
199,RFAA,1R58_AO5,0.25,0.7500000000000001,"{'UNL:ASN:HBAcceptor': 1, 'UNL:ASN:VdWContact': 1, 'UNL:ASP:HBDonor': 1, 'UNL:ASP:VdWContact': 2, 'UNL:GLU:HBDonor': 1, 'UNL:GLU:VdWContact': 1, 'UNL:HIS:VdWContact': 4, 'UNL:PHE:Hydrophobic': 1}","{'UNL:ALA:Hydrophobic': 1, 'UNL:ALA:VdWContact': 1, 'UNL:ASP:HBDonor': 2, 'UNL:ASP:VdWContact': 2, 'UNL:GLU:HBDonor': 1, 'UNL:GLU:VdWContact': 1, 'UNL:HIS:HBDonor': 1, 'UNL:HIS:Hydrophobic': 2, 'UNL:HIS:VdWContact': 2, 'UNL:MET:Hydrophobic': 1, 'UNL:PHE:Hydrophobic': 1, 'UNL:PHE:VdWContact': 1, 'UNL:TYR:Hydrophobic': 1, 'UNL:TYR:VdWContact': 1}"
200,RFAA,1HNN_SKF,0.5,0.2857142857142856,"{'UNL:ARG:HBAcceptor': 1, 'UNL:ARG:VdWContact': 1, 'UNL:ASN:VdWContact': 1, 'UNL:ASP:VdWContact': 1, 'UNL:GLU:HBDonor': 1, 'UNL:GLU:VdWContact': 1, 'UNL:GLY:VdWContact': 1, 'UNL:LYS:VdWContact': 2, 'UNL:PHE:Hydrophobic': 1, 'UNL:PHE:VdWContact': 1, 'UNL:TYR:VdWContact': 4, 'UNL:VAL:VdWContact': 2}","{'UNL:ARG:VdWContact': 1, 'UNL:ASN:Hydrophobic': 1, 'UNL:ASP:VdWContact': 1, 'UNL:GLU:HBDonor': 1, 'UNL:GLU:VdWContact': 1, 'UNL:LYS:VdWContact': 1, 'UNL:MET:Hydrophobic': 1, 'UNL:MET:VdWContact': 1, 'UNL:PHE:Hydrophobic': 1, 'UNL:TYR:Hydrophobic': 2, 'UNL:TYR:VdWContact': 2, 'UNL:VAL:VdWContact': 1}"
201,RFAA,1OPK_P16,0.0,0.25,"{'UNL:ALA:VdWContact': 1, 'UNL:ASN:VdWContact': 1, 'UNL:ASP:VdWContact': 1, 'UNL:GLU:VdWContact': 1, 'UNL:GLY:VdWContact': 1, 'UNL:LEU:Hydrophobic': 1, 'UNL:LEU:VdWContact': 2, 'UNL:LYS:VdWContact': 1, 'UNL:MET:HBAcceptor': 1, 'UNL:MET:HBDonor': 1, 'UNL:MET:Hydrophobic': 1, 'UNL:MET:VdWContact': 1, 'UNL:THR:VdWContact': 1, 'UNL:VAL:VdWContact': 1}","{'UNL:ALA:Hydrophobic': 1, 'UNL:GLU:VdWContact': 1, 'UNL:ILE:Hydrophobic': 1, 'UNL:LEU:Hydrophobic': 2, 'UNL:LYS:Hydrophobic': 1, 'UNL:MET:HBAcceptor': 1, 'UNL:MET:HBDonor': 1, 'UNL:MET:Hydrophobic': 2, 'UNL:MET:VdWContact': 2, 'UNL:PHE:Hydrophobic': 2, 'UNL:THR:Hydrophobic': 1, 'UNL:THR:VdWContact': 1, 'UNL:TYR:Hydrophobic': 1, 'UNL:TYR:VdWContact': 1, 'UNL:VAL:Hydrophobic': 2}"
202,RFAA,1SQN_NDR,0.0,0.25000000000000006,"{'UNL:ASN:VdWContact': 2, 'UNL:CYS:VdWContact': 1, 'UNL:GLN:VdWContact': 2, 'UNL:GLY:VdWContact': 1, 'UNL:ILE:VdWContact': 2, 'UNL:LEU:Hydrophobic': 1, 'UNL:LEU:VdWContact': 5, 'UNL:MET:Hydrophobic': 1, 'UNL:MET:VdWContact': 3, 'UNL:PHE:HBDonor': 1, 'UNL:PHE:VdWContact': 4, 'UNL:SER:VdWContact': 2, 'UNL:THR:VdWContact': 2, 'UNL:TYR:VdWContact': 1, 'UNL:VAL:VdWContact': 1}","{'UNL:ARG:VdWContact': 1, 'UNL:CYS:Hydrophobic': 1, 'UNL:CYS:VdWContact': 1, 'UNL:GLN:HBAcceptor': 1, 'UNL:GLN:VdWContact': 1, 'UNL:LEU:Hydrophobic': 5, 'UNL:LEU:VdWContact': 3, 'UNL:MET:Hydrophobic': 4, 'UNL:MET:VdWContact': 2, 'UNL:PHE:Hydrophobic': 1, 'UNL:TRP:Hydrophobic': 1, 'UNL:TYR:Hydrophobic': 1, 'UNL:TYR:VdWContact': 1, 'UNL:VAL:Hydrophobic': 1}"
203,Chai-1-Single-Seq,2BM2_PM2,0.0,0.21428571428571436,"{'UNL:ASP:VdWContact': 1, 'UNL:GLN:Hydrophobic': 2, 'UNL:GLN:VdWContact': 1, 'UNL:GLU:Hydrophobic': 1, 'UNL:GLU:VdWContact': 1, 'UNL:GLY:HBAcceptor': 1, 'UNL:GLY:VdWContact': 2, 'UNL:PRO:VdWContact': 1, 'UNL:SER:VdWContact': 1, 'UNL:TYR:Hydrophobic': 1, 'UNL:TYR:VdWContact': 1}","{'UNL:ASP:VdWContact': 1, 'UNL:GLN:Hydrophobic': 2, 'UNL:GLN:VdWContact': 1, 'UNL:GLU:Hydrophobic': 1, 'UNL:GLU:VdWContact': 1, 'UNL:GLY:HBAcceptor': 1, 'UNL:GLY:VdWContact': 1, 'UNL:PRO:Hydrophobic': 1, 'UNL:SER:VdWContact': 1, 'UNL:THR:Hydrophobic': 1, 'UNL:TRP:Hydrophobic': 1, 'UNL:TYR:Hydrophobic': 1, 'UNL:VAL:Hydrophobic': 1}"
204,Chai-1-Single-Seq,1XOQ_ROF,0.0,0.4615384615384615,"{'UNL:GLN:HBAcceptor': 1, 'UNL:GLN:VdWContact': 1, 'UNL:HIS:VdWContact': 1, 'UNL:ILE:Hydrophobic': 1, 'UNL:ILE:VdWContact': 1, 'UNL:LEU:VdWContact': 1, 'UNL:MET:Hydrophobic': 2, 'UNL:MET:VdWContact': 2, 'UNL:PHE:Hydrophobic': 1}","{'UNL:ASN:VdWContact': 1, 'UNL:GLN:HBAcceptor': 1, 'UNL:GLN:VdWContact': 1, 'UNL:ILE:Hydrophobic': 1, 'UNL:LEU:VdWContact': 1, 'UNL:MET:Hydrophobic': 3, 'UNL:MET:VdWContact': 2, 'UNL:PHE:Hydrophobic': 2, 'UNL:PHE:VdWContact': 1, 'UNL:THR:VdWContact': 2, 'UNL:TYR:Hydrophobic': 1, 'UNL:TYR:VdWContact': 1}"
205,Chai-1-Single-Seq,1M2Z_DEX,0.39999999999999997,0.4736842105263159,"{'UNL:ARG:VdWContact': 1, 'UNL:ASN:HBDonor': 1, 'UNL:ASN:VdWContact': 1, 'UNL:CYS:Hydrophobic': 1, 'UNL:CYS:VdWContact': 1, 'UNL:GLN:HBAcceptor': 1, 'UNL:GLN:VdWContact': 2, 'UNL:ILE:VdWContact': 1, 'UNL:LEU:VdWContact': 1, 'UNL:MET:Hydrophobic': 2, 'UNL:MET:VdWContact': 1, 'UNL:PHE:VdWContact': 1, 'UNL:THR:VdWContact': 1, 'UNL:TYR:VdWContact': 1}","{'UNL:ALA:Hydrophobic': 1, 'UNL:ARG:HBAcceptor': 1, 'UNL:ARG:VdWContact': 1, 'UNL:ASN:HBAcceptor': 1, 'UNL:ASN:VdWContact': 1, 'UNL:CYS:Hydrophobic': 1, 'UNL:CYS:VdWContact': 1, 'UNL:GLN:HBAcceptor': 1, 'UNL:GLN:HBDonor': 1, 'UNL:GLN:Hydrophobic': 1, 'UNL:GLN:VdWContact': 2, 'UNL:GLY:VdWContact': 1, 'UNL:LEU:Hydrophobic': 4, 'UNL:LEU:VdWContact': 1, 'UNL:MET:Hydrophobic': 3, 'UNL:MET:VdWContact': 1, 'UNL:PHE:Hydrophobic': 1, 'UNL:PHE:VdWContact': 1, 'UNL:TRP:Hydrophobic': 1, 'UNL:TYR:Hydrophobic': 1, 'UNL:TYR:VdWContact': 1}"
206,Chai-1-Single-Seq,1P62_GEO,0.2,0.18181818181818182,"{'UNL:ARG:HBAcceptor': 1, 'UNL:ARG:VdWContact': 2, 'UNL:ASP:HBDonor': 1, 'UNL:ASP:VdWContact': 1, 'UNL:GLN:HBAcceptor': 1, 'UNL:GLN:HBDonor': 1, 'UNL:GLN:VdWContact': 1, 'UNL:GLU:HBDonor': 1, 'UNL:GLU:VdWContact': 2, 'UNL:LEU:VdWContact': 1, 'UNL:PHE:Hydrophobic': 1, 'UNL:PHE:VdWContact': 2, 'UNL:TRP:VdWContact': 1, 'UNL:TYR:VdWContact': 1}","{'UNL:ARG:HBAcceptor': 1, 'UNL:ARG:VdWContact': 1, 'UNL:ASP:HBDonor': 1, 'UNL:ASP:VdWContact': 1, 'UNL:GLN:HBAcceptor': 1, 'UNL:GLN:HBDonor': 1, 'UNL:GLN:VdWContact': 1, 'UNL:GLU:VdWContact': 2, 'UNL:MET:VdWContact': 1, 'UNL:PHE:Hydrophobic': 2, 'UNL:TRP:Hydrophobic': 1, 'UNL:TYR:VdWContact': 1}"
207,Chai-1-Single-Seq,1KE5_LS1,0.0,0.25,"{'UNL:ALA:VdWContact': 1, 'UNL:ASP:HBAcceptor': 1, 'UNL:ASP:Hydrophobic': 1, 'UNL:ASP:VdWContact': 1, 'UNL:GLN:VdWContact': 1, 'UNL:GLU:HBDonor': 1, 'UNL:GLU:VdWContact': 1, 'UNL:HIS:VdWContact': 1, 'UNL:ILE:VdWContact': 1, 'UNL:LEU:HBAcceptor': 1, 'UNL:LEU:HBDonor': 1, 'UNL:LEU:Hydrophobic': 1, 'UNL:LEU:VdWContact': 2, 'UNL:LYS:VdWContact': 1, 'UNL:PHE:Hydrophobic': 1, 'UNL:PHE:VdWContact': 2, 'UNL:VAL:VdWContact': 1}","{'UNL:ALA:Hydrophobic': 2, 'UNL:ASP:HBAcceptor': 1, 'UNL:ASP:Hydrophobic': 1, 'UNL:ASP:VdWContact': 2, 'UNL:GLU:HBDonor': 1, 'UNL:GLU:VdWContact': 1, 'UNL:HIS:VdWContact': 1, 'UNL:ILE:Hydrophobic': 1, 'UNL:ILE:VdWContact': 1, 'UNL:LEU:HBAcceptor': 1, 'UNL:LEU:HBDonor': 1, 'UNL:LEU:Hydrophobic': 1, 'UNL:LEU:VdWContact': 2, 'UNL:LYS:VdWContact': 1, 'UNL:PHE:Hydrophobic': 2, 'UNL:PHE:VdWContact': 2, 'UNL:VAL:Hydrophobic': 2}"
208,Chai-1-Single-Seq,1TT1_KAI,0.16666666666666666,0.3,"{'UNL:ALA:HBAcceptor': 2, 'UNL:ALA:VdWContact': 2, 'UNL:ARG:HBAcceptor': 1, 'UNL:ARG:HBDonor': 1, 'UNL:ARG:VdWContact': 1, 'UNL:GLU:VdWContact': 1, 'UNL:PRO:HBDonor': 1, 'UNL:PRO:VdWContact': 1, 'UNL:THR:HBAcceptor': 1, 'UNL:THR:HBDonor': 1, 'UNL:THR:VdWContact': 1, 'UNL:TYR:Hydrophobic': 1, 'UNL:TYR:VdWContact': 1, 'UNL:VAL:VdWContact': 1}","{'UNL:ALA:HBAcceptor': 2, 'UNL:ALA:VdWContact': 2, 'UNL:ARG:HBAcceptor': 1, 'UNL:ARG:HBDonor': 1, 'UNL:ARG:VdWContact': 1, 'UNL:GLU:Hydrophobic': 2, 'UNL:GLU:VdWContact': 1, 'UNL:PRO:HBDonor': 1, 'UNL:PRO:VdWContact': 1, 'UNL:THR:HBAcceptor': 1, 'UNL:THR:VdWContact': 1, 'UNL:TYR:Hydrophobic': 1, 'UNL:TYR:VdWContact': 1, 'UNL:VAL:Hydrophobic': 1, 'UNL:VAL:VdWContact': 1}"
209,Chai-1-Single-Seq,1UML_FR4,1.0,0.33333333333333337,"{'UNL:ASP:HBDonor': 1, 'UNL:ASP:Hydrophobic': 1, 'UNL:ASP:VdWContact': 3, 'UNL:GLY:VdWContact': 1, 'UNL:HIS:VdWContact': 1, 'UNL:LEU:Hydrophobic': 2, 'UNL:LEU:VdWContact': 3, 'UNL:PHE:Hydrophobic': 1, 'UNL:PHE:VdWContact': 2}","{'UNL:ASP:HBDonor': 2, 'UNL:ASP:Hydrophobic': 1, 'UNL:ASP:VdWContact': 3, 'UNL:GLY:VdWContact': 1, 'UNL:HIS:Hydrophobic': 1, 'UNL:HIS:VdWContact': 1, 'UNL:LEU:Hydrophobic': 3, 'UNL:LEU:VdWContact': 1, 'UNL:MET:Hydrophobic': 1, 'UNL:PHE:Hydrophobic': 2, 'UNL:THR:Hydrophobic': 1, 'UNL:VAL:Hydrophobic': 1}"
210,Chai-1-Single-Seq,1JLA_TNK,0.0,0.4117647058823529,"{'UNL:CYS:Hydrophobic': 1, 'UNL:CYS:VdWContact': 1, 'UNL:ILE:VdWContact': 1, 'UNL:LEU:VdWContact': 2, 'UNL:LYS:Hydrophobic': 1, 'UNL:LYS:VdWContact': 1, 'UNL:TRP:HBAcceptor': 1, 'UNL:TYR:Hydrophobic': 2, 'UNL:TYR:VdWContact': 2}","{'UNL:CYS:Hydrophobic': 1, 'UNL:CYS:VdWContact': 1, 'UNL:GLY:VdWContact': 1, 'UNL:LEU:Hydrophobic': 2, 'UNL:LYS:HBDonor': 1, 'UNL:LYS:Hydrophobic': 1, 'UNL:LYS:VdWContact': 2, 'UNL:PHE:Hydrophobic': 1, 'UNL:PHE:VdWContact': 1, 'UNL:PRO:Hydrophobic': 2, 'UNL:PRO:VdWContact': 1, 'UNL:TRP:Hydrophobic': 1, 'UNL:TRP:VdWContact': 1, 'UNL:TYR:Hydrophobic': 1, 'UNL:TYR:VdWContact': 1, 'UNL:VAL:Hydrophobic': 1}"
211,Chai-1-Single-Seq,1N46_PFA,0.7999999999999999,0.875,"{'UNL:ARG:VdWContact': 2, 'UNL:ASN:HBAcceptor': 1, 'UNL:ASN:VdWContact': 1, 'UNL:HIS:HBAcceptor': 1, 'UNL:HIS:VdWContact': 1, 'UNL:ILE:VdWContact': 1, 'UNL:LEU:Hydrophobic': 2, 'UNL:LEU:VdWContact': 2, 'UNL:MET:Hydrophobic': 2, 'UNL:MET:VdWContact': 1, 'UNL:PHE:Hydrophobic': 1, 'UNL:PHE:VdWContact': 2}","{'UNL:ALA:Hydrophobic': 2, 'UNL:ALA:VdWContact': 2, 'UNL:ARG:HBAcceptor': 2, 'UNL:ARG:HBDonor': 1, 'UNL:ARG:Hydrophobic': 1, 'UNL:ARG:VdWContact': 2, 'UNL:ASN:HBAcceptor': 1, 'UNL:ASN:VdWContact': 1, 'UNL:GLY:VdWContact': 1, 'UNL:HIS:HBAcceptor': 1, 'UNL:HIS:HBDonor': 1, 'UNL:HIS:VdWContact': 1, 'UNL:ILE:Hydrophobic': 3, 'UNL:ILE:VdWContact': 1, 'UNL:LEU:Hydrophobic': 3, 'UNL:LEU:VdWContact': 2, 'UNL:MET:Hydrophobic': 3, 'UNL:MET:VdWContact': 2, 'UNL:PHE:Hydrophobic': 3, 'UNL:PHE:VdWContact': 1, 'UNL:THR:Hydrophobic': 1}"
212,Chai-1-Single-Seq,1LRH_NLA,0.0,0.2941176470588236,"{'UNL:GLN:HBDonor': 1, 'UNL:GLN:Hydrophobic': 1, 'UNL:GLN:VdWContact': 1, 'UNL:GLU:VdWContact': 1, 'UNL:HIS:Hydrophobic': 2, 'UNL:HIS:VdWContact': 1, 'UNL:ILE:VdWContact': 1, 'UNL:LEU:Hydrophobic': 1, 'UNL:LEU:VdWContact': 1, 'UNL:TRP:VdWContact': 1, 'UNL:TYR:Hydrophobic': 1, 'UNL:TYR:VdWContact': 1}","{'UNL:GLN:VdWContact': 1, 'UNL:GLU:VdWContact': 1, 'UNL:HIS:HBAcceptor': 1, 'UNL:HIS:VdWContact': 2, 'UNL:ILE:Hydrophobic': 3, 'UNL:ILE:VdWContact': 1, 'UNL:LEU:Hydrophobic': 1, 'UNL:PHE:Hydrophobic': 2, 'UNL:PHE:VdWContact': 1, 'UNL:PRO:Hydrophobic': 1, 'UNL:THR:Hydrophobic': 1, 'UNL:TRP:Hydrophobic': 2, 'UNL:TRP:VdWContact': 1}"
213,Chai-1-Single-Seq,1KZK_JE2,0.5,0.5833333333333334,"{'UNL:ALA:VdWContact': 1, 'UNL:ASP:HBAcceptor': 1, 'UNL:ASP:Hydrophobic': 3, 'UNL:ASP:VdWContact': 5, 'UNL:GLY:HBDonor': 1, 'UNL:GLY:VdWContact': 4, 'UNL:ILE:Hydrophobic': 2, 'UNL:ILE:VdWContact': 1, 'UNL:PRO:VdWContact': 1, 'UNL:VAL:Hydrophobic': 1, 'UNL:VAL:VdWContact': 3}","{'UNL:ALA:Hydrophobic': 2, 'UNL:ASP:Hydrophobic': 3, 'UNL:ASP:VdWContact': 4, 'UNL:GLY:HBDonor': 1, 'UNL:GLY:VdWContact': 3, 'UNL:ILE:Hydrophobic': 6, 'UNL:LEU:Hydrophobic': 3, 'UNL:PRO:Hydrophobic': 2, 'UNL:PRO:VdWContact': 1, 'UNL:VAL:Hydrophobic': 4}"
214,Chai-1-Single-Seq,1N2J_PAF,0.0,0.5555555555555556,"{'UNL:GLN:HBAcceptor': 2, 'UNL:GLN:VdWContact': 2, 'UNL:MET:VdWContact': 1, 'UNL:PHE:VdWContact': 1, 'UNL:PRO:VdWContact': 1}","{'UNL:GLN:HBAcceptor': 2, 'UNL:GLN:VdWContact': 2, 'UNL:MET:Hydrophobic': 1, 'UNL:MET:VdWContact': 1, 'UNL:PHE:Hydrophobic': 1, 'UNL:PRO:Hydrophobic': 1, 'UNL:PRO:VdWContact': 1, 'UNL:VAL:Hydrophobic': 2, 'UNL:VAL:VdWContact': 1}"
215,Chai-1-Single-Seq,2BSM_BSM,0.25,0.16666666666666666,"{'UNL:ALA:VdWContact': 1, 'UNL:ASN:Hydrophobic': 2, 'UNL:ASN:VdWContact': 1, 'UNL:ASP:HBDonor': 1, 'UNL:ASP:Hydrophobic': 1, 'UNL:ASP:VdWContact': 2, 'UNL:GLY:HBDonor': 1, 'UNL:GLY:VdWContact': 1, 'UNL:ILE:VdWContact': 1, 'UNL:LYS:HBAcceptor': 1, 'UNL:LYS:VdWContact': 1, 'UNL:MET:Hydrophobic': 1, 'UNL:MET:VdWContact': 1, 'UNL:PHE:VdWContact': 1, 'UNL:THR:HBDonor': 1, 'UNL:THR:VdWContact': 1}","{'UNL:ALA:Hydrophobic': 1, 'UNL:ASN:Hydrophobic': 1, 'UNL:ASN:VdWContact': 1, 'UNL:ASP:HBDonor': 1, 'UNL:ASP:Hydrophobic': 1, 'UNL:ASP:VdWContact': 1, 'UNL:GLY:HBDonor': 1, 'UNL:GLY:VdWContact': 2, 'UNL:ILE:Hydrophobic': 1, 'UNL:LYS:VdWContact': 1, 'UNL:MET:Hydrophobic': 1, 'UNL:PHE:VdWContact': 1, 'UNL:SER:VdWContact': 1, 'UNL:THR:HBDonor': 1, 'UNL:THR:Hydrophobic': 2, 'UNL:THR:VdWContact': 1, 'UNL:VAL:Hydrophobic': 1, 'UNL:VAL:VdWContact': 1}"
216,Chai-1-Single-Seq,1V48_HA1,0.3333333333333333,0.3076923076923077,"{'UNL:ALA:HBAcceptor': 1, 'UNL:ALA:VdWContact': 1, 'UNL:ARG:HBAcceptor': 1, 'UNL:ARG:VdWContact': 1, 'UNL:ASN:VdWContact': 1, 'UNL:GLU:HBDonor': 1, 'UNL:GLU:VdWContact': 1, 'UNL:GLY:VdWContact': 2, 'UNL:HIS:VdWContact': 1, 'UNL:MET:Hydrophobic': 1, 'UNL:SER:HBAcceptor': 1, 'UNL:SER:VdWContact': 2}","{'UNL:ALA:HBAcceptor': 1, 'UNL:ALA:Hydrophobic': 1, 'UNL:ALA:VdWContact': 1, 'UNL:ARG:HBAcceptor': 1, 'UNL:ARG:VdWContact': 1, 'UNL:ASN:HBAcceptor': 1, 'UNL:ASN:VdWContact': 2, 'UNL:GLU:HBDonor': 1, 'UNL:GLU:VdWContact': 1, 'UNL:HIS:VdWContact': 1, 'UNL:MET:Hydrophobic': 1, 'UNL:PHE:Hydrophobic': 1, 'UNL:PHE:VdWContact': 1, 'UNL:SER:HBAcceptor': 1, 'UNL:SER:HBDonor': 1, 'UNL:SER:VdWContact': 2, 'UNL:VAL:Hydrophobic': 1, 'UNL:VAL:VdWContact': 1}"
217,Chai-1-Single-Seq,1L7F_BCZ,1.25,0.4545454545454545,"{'UNL:ARG:HBAcceptor': 2, 'UNL:ARG:Hydrophobic': 1, 'UNL:ARG:VdWContact': 4, 'UNL:ASP:VdWContact': 1, 'UNL:GLU:HBDonor': 2, 'UNL:GLU:VdWContact': 2, 'UNL:ILE:VdWContact': 1, 'UNL:TRP:VdWContact': 1, 'UNL:TYR:VdWContact': 1}","{'UNL:ALA:Hydrophobic': 1, 'UNL:ARG:HBAcceptor': 4, 'UNL:ARG:HBDonor': 1, 'UNL:ARG:Hydrophobic': 2, 'UNL:ARG:VdWContact': 4, 'UNL:ASP:VdWContact': 1, 'UNL:GLU:HBDonor': 1, 'UNL:GLU:Hydrophobic': 1, 'UNL:GLU:VdWContact': 3, 'UNL:ILE:Hydrophobic': 1, 'UNL:TRP:HBDonor': 1, 'UNL:TRP:Hydrophobic': 1, 'UNL:TRP:VdWContact': 1, 'UNL:TYR:VdWContact': 1}"
218,Chai-1-Single-Seq,1JD0_AZM,0.6666666666666667,0.42857142857142855,"{'UNL:HIS:HBDonor': 1, 'UNL:HIS:VdWContact': 1, 'UNL:LEU:VdWContact': 1, 'UNL:THR:HBAcceptor': 1, 'UNL:THR:VdWContact': 2, 'UNL:VAL:VdWContact': 1}","{'UNL:GLN:Hydrophobic': 1, 'UNL:HIS:HBDonor': 2, 'UNL:HIS:VdWContact': 1, 'UNL:LEU:Hydrophobic': 1, 'UNL:LEU:VdWContact': 1, 'UNL:THR:HBAcceptor': 1, 'UNL:THR:HBDonor': 1, 'UNL:THR:VdWContact': 2, 'UNL:VAL:Hydrophobic': 1, 'UNL:VAL:VdWContact': 1}"
219,Chai-1-Single-Seq,1S19_MC9,0.3333333333333333,0.7058823529411764,"{'UNL:ALA:VdWContact': 1, 'UNL:ARG:HBAcceptor': 1, 'UNL:ARG:VdWContact': 1, 'UNL:CYS:VdWContact': 1, 'UNL:HIS:HBAcceptor': 2, 'UNL:HIS:VdWContact': 2, 'UNL:ILE:VdWContact': 1, 'UNL:LEU:Hydrophobic': 1, 'UNL:SER:VdWContact': 3, 'UNL:TRP:Hydrophobic': 1, 'UNL:TRP:VdWContact': 1, 'UNL:TYR:VdWContact': 2, 'UNL:VAL:VdWContact': 1}","{'UNL:ALA:Hydrophobic': 1, 'UNL:ALA:VdWContact': 1, 'UNL:ARG:HBAcceptor': 1, 'UNL:ARG:VdWContact': 1, 'UNL:CYS:VdWContact': 1, 'UNL:HIS:HBAcceptor': 2, 'UNL:HIS:HBDonor': 1, 'UNL:HIS:VdWContact': 2, 'UNL:ILE:Hydrophobic': 2, 'UNL:LEU:Hydrophobic': 6, 'UNL:MET:Hydrophobic': 1, 'UNL:PHE:Hydrophobic': 1, 'UNL:SER:VdWContact': 3, 'UNL:TRP:Hydrophobic': 1, 'UNL:TRP:VdWContact': 1, 'UNL:TYR:Hydrophobic': 2, 'UNL:TYR:VdWContact': 1, 'UNL:VAL:Hydrophobic': 2, 'UNL:VAL:VdWContact': 1}"
220,Chai-1-Single-Seq,1LPZ_CMB,0.0,0.26315789473684215,"{'UNL:ALA:VdWContact': 1, 'UNL:ASP:HBDonor': 1, 'UNL:ASP:VdWContact': 1, 'UNL:GLN:Hydrophobic': 2, 'UNL:GLN:VdWContact': 1, 'UNL:GLU:VdWContact': 1, 'UNL:GLY:VdWContact': 2, 'UNL:HIS:VdWContact': 1, 'UNL:PHE:VdWContact': 1, 'UNL:SER:HBAcceptor': 1, 'UNL:SER:VdWContact': 2, 'UNL:TRP:Hydrophobic': 1, 'UNL:TRP:VdWContact': 1, 'UNL:TYR:VdWContact': 1}","{'UNL:ALA:Hydrophobic': 1, 'UNL:ARG:VdWContact': 1, 'UNL:ASP:HBDonor': 1, 'UNL:ASP:VdWContact': 1, 'UNL:CYS:VdWContact': 1, 'UNL:GLN:Hydrophobic': 1, 'UNL:GLN:VdWContact': 1, 'UNL:GLU:Hydrophobic': 1, 'UNL:GLY:HBDonor': 1, 'UNL:GLY:VdWContact': 3, 'UNL:PHE:Hydrophobic': 1, 'UNL:TRP:Hydrophobic': 1, 'UNL:TRP:VdWContact': 1, 'UNL:TYR:Hydrophobic': 1, 'UNL:TYR:VdWContact': 1, 'UNL:VAL:Hydrophobic': 1}"
221,Chai-1-Single-Seq,1X8X_TYR,0.6666666666666667,0.3333333333333333,"{'UNL:ASP:Hydrophobic': 1, 'UNL:ASP:VdWContact': 3, 'UNL:GLN:HBDonor': 1, 'UNL:GLN:Hydrophobic': 1, 'UNL:GLN:VdWContact': 3, 'UNL:GLY:VdWContact': 1, 'UNL:TYR:HBDonor': 1, 'UNL:TYR:VdWContact': 2}","{'UNL:ASP:HBDonor': 2, 'UNL:ASP:Hydrophobic': 1, 'UNL:ASP:VdWContact': 3, 'UNL:GLN:HBDonor': 2, 'UNL:GLN:Hydrophobic': 1, 'UNL:GLN:VdWContact': 3, 'UNL:GLY:VdWContact': 1, 'UNL:LEU:Hydrophobic': 1, 'UNL:THR:Hydrophobic': 1, 'UNL:TYR:Hydrophobic': 1, 'UNL:TYR:VdWContact': 2}"
222,Chai-1-Single-Seq,1T46_STI,0.25,0.5833333333333334,"{'UNL:ALA:VdWContact': 2, 'UNL:CYS:HBAcceptor': 1, 'UNL:CYS:HBDonor': 1, 'UNL:CYS:VdWContact': 2, 'UNL:GLU:VdWContact': 1, 'UNL:GLY:VdWContact': 1, 'UNL:LEU:Hydrophobic': 1, 'UNL:LEU:VdWContact': 1, 'UNL:PHE:Hydrophobic': 1, 'UNL:PHE:VdWContact': 1, 'UNL:TYR:VdWContact': 1, 'UNL:VAL:Hydrophobic': 1, 'UNL:VAL:VdWContact': 1}","{'UNL:ALA:Hydrophobic': 1, 'UNL:ARG:VdWContact': 1, 'UNL:ASP:HBAcceptor': 1, 'UNL:ASP:Hydrophobic': 1, 'UNL:ASP:VdWContact': 1, 'UNL:CYS:HBAcceptor': 1, 'UNL:CYS:Hydrophobic': 1, 'UNL:CYS:VdWContact': 2, 'UNL:GLU:Hydrophobic': 1, 'UNL:GLU:VdWContact': 1, 'UNL:HIS:VdWContact': 1, 'UNL:ILE:VdWContact': 1, 'UNL:LEU:Hydrophobic': 4, 'UNL:LEU:VdWContact': 1, 'UNL:LYS:Hydrophobic': 1, 'UNL:LYS:VdWContact': 1, 'UNL:PHE:Hydrophobic': 1, 'UNL:PHE:VdWContact': 1, 'UNL:THR:HBDonor': 1, 'UNL:THR:Hydrophobic': 1, 'UNL:THR:VdWContact': 1, 'UNL:TYR:Hydrophobic': 1, 'UNL:VAL:Hydrophobic': 4}"
223,Chai-1-Single-Seq,1IG3_VIB,0.0,0.24999999999999994,"{'UNL:ASP:HBDonor': 1, 'UNL:ASP:VdWContact': 1, 'UNL:GLN:HBDonor': 1, 'UNL:GLN:VdWContact': 1, 'UNL:HIS:VdWContact': 1, 'UNL:LEU:VdWContact': 1, 'UNL:SER:VdWContact': 2, 'UNL:THR:VdWContact': 1, 'UNL:TRP:Hydrophobic': 1, 'UNL:TRP:VdWContact': 1}","{'UNL:ASN:Hydrophobic': 1, 'UNL:ASP:HBDonor': 1, 'UNL:ASP:VdWContact': 1, 'UNL:GLN:HBDonor': 1, 'UNL:GLN:Hydrophobic': 1, 'UNL:GLN:VdWContact': 1, 'UNL:LEU:Hydrophobic': 2, 'UNL:SER:VdWContact': 2, 'UNL:THR:Hydrophobic': 1, 'UNL:THR:VdWContact': 2, 'UNL:TRP:Hydrophobic': 1}"
224,Chai-1-Single-Seq,1SQ5_PAU,0.25,0.7,"{'UNL:ASN:HBAcceptor': 1, 'UNL:ASN:VdWContact': 1, 'UNL:ASP:VdWContact': 1, 'UNL:TYR:HBAcceptor': 1, 'UNL:TYR:VdWContact': 2}","{'UNL:ASN:HBAcceptor': 1, 'UNL:ASN:HBDonor': 1, 'UNL:ASN:VdWContact': 1, 'UNL:ASP:VdWContact': 1, 'UNL:GLY:VdWContact': 1, 'UNL:HIS:HBAcceptor': 1, 'UNL:HIS:VdWContact': 1, 'UNL:ILE:Hydrophobic': 1, 'UNL:LEU:Hydrophobic': 2, 'UNL:LEU:VdWContact': 1, 'UNL:LYS:VdWContact': 1, 'UNL:TYR:VdWContact': 1, 'UNL:VAL:Hydrophobic': 1}"
225,Chai-1-Single-Seq,1Q4G_BFL,0.3333333333333333,0.1428571428571428,"{'UNL:ARG:HBAcceptor': 1, 'UNL:ARG:HBDonor': 1, 'UNL:ARG:VdWContact': 1, 'UNL:ILE:VdWContact': 1, 'UNL:LEU:Hydrophobic': 2, 'UNL:LEU:VdWContact': 2, 'UNL:PHE:VdWContact': 1, 'UNL:SER:VdWContact': 1, 'UNL:TRP:VdWContact': 1, 'UNL:TYR:VdWContact': 3, 'UNL:VAL:Hydrophobic': 1}","{'UNL:ALA:Hydrophobic': 1, 'UNL:ALA:VdWContact': 1, 'UNL:ARG:HBAcceptor': 1, 'UNL:ARG:HBDonor': 1, 'UNL:ARG:VdWContact': 1, 'UNL:ILE:Hydrophobic': 1, 'UNL:LEU:Hydrophobic': 4, 'UNL:TRP:Hydrophobic': 1, 'UNL:TYR:HBAcceptor': 1, 'UNL:TYR:Hydrophobic': 2, 'UNL:TYR:VdWContact': 2, 'UNL:VAL:Hydrophobic': 2}"
226,Chai-1-Single-Seq,1OYT_FSN,0.0,0.0,"{'UNL:ALA:VdWContact': 1, 'UNL:ASN:VdWContact': 1, 'UNL:ASP:HBDonor': 1, 'UNL:ASP:VdWContact': 1, 'UNL:GLU:VdWContact': 1, 'UNL:GLY:HBAcceptor': 1, 'UNL:GLY:HBDonor': 1, 'UNL:GLY:VdWContact': 2, 'UNL:HIS:VdWContact': 1, 'UNL:LEU:Hydrophobic': 1, 'UNL:LEU:VdWContact': 1, 'UNL:SER:VdWContact': 2, 'UNL:TRP:Hydrophobic': 1, 'UNL:TRP:VdWContact': 1, 'UNL:TYR:VdWContact': 1}","{'UNL:ALA:VdWContact': 1, 'UNL:ASN:VdWContact': 1, 'UNL:ASP:HBDonor': 1, 'UNL:ASP:VdWContact': 1, 'UNL:GLU:Hydrophobic': 1, 'UNL:GLY:HBAcceptor': 1, 'UNL:GLY:HBDonor': 1, 'UNL:GLY:VdWContact': 2, 'UNL:HIS:VdWContact': 1, 'UNL:ILE:Hydrophobic': 1, 'UNL:LEU:Hydrophobic': 1, 'UNL:SER:VdWContact': 1, 'UNL:TRP:Hydrophobic': 2, 'UNL:TRP:VdWContact': 1, 'UNL:VAL:Hydrophobic': 1}"
227,Chai-1-Single-Seq,1UNL_RRC,0.3333333333333333,0.8125,"{'UNL:CYS:HBAcceptor': 1, 'UNL:CYS:HBDonor': 1, 'UNL:CYS:VdWContact': 1, 'UNL:GLN:VdWContact': 2, 'UNL:GLU:VdWContact': 1, 'UNL:GLY:VdWContact': 1, 'UNL:ILE:Hydrophobic': 1, 'UNL:LEU:VdWContact': 1, 'UNL:VAL:VdWContact': 1}","{'UNL:ALA:Hydrophobic': 2, 'UNL:ALA:VdWContact': 1, 'UNL:ASP:VdWContact': 1, 'UNL:CYS:HBAcceptor': 1, 'UNL:CYS:HBDonor': 1, 'UNL:CYS:VdWContact': 1, 'UNL:GLN:HBDonor': 1, 'UNL:GLN:VdWContact': 2, 'UNL:GLU:VdWContact': 2, 'UNL:ILE:Hydrophobic': 1, 'UNL:ILE:VdWContact': 1, 'UNL:LEU:Hydrophobic': 1, 'UNL:LYS:Hydrophobic': 2, 'UNL:PHE:Hydrophobic': 2, 'UNL:PHE:VdWContact': 1, 'UNL:VAL:Hydrophobic': 2, 'UNL:VAL:VdWContact': 2}"
228,Chai-1-Single-Seq,1U1C_BAU,0.25,0.23076923076923078,"{'UNL:ARG:HBAcceptor': 1, 'UNL:ARG:VdWContact': 2, 'UNL:GLN:HBAcceptor': 1, 'UNL:GLN:HBDonor': 1, 'UNL:GLN:VdWContact': 1, 'UNL:GLU:VdWContact': 2, 'UNL:HIS:VdWContact': 1, 'UNL:ILE:Hydrophobic': 1, 'UNL:ILE:VdWContact': 1, 'UNL:MET:VdWContact': 1, 'UNL:PHE:Hydrophobic': 1, 'UNL:PHE:VdWContact': 2, 'UNL:THR:VdWContact': 1, 'UNL:VAL:VdWContact': 1}","{'UNL:ARG:HBAcceptor': 1, 'UNL:ARG:VdWContact': 1, 'UNL:GLN:HBAcceptor': 1, 'UNL:GLN:HBDonor': 1, 'UNL:GLN:VdWContact': 1, 'UNL:GLU:VdWContact': 1, 'UNL:HIS:HBDonor': 1, 'UNL:HIS:VdWContact': 1, 'UNL:ILE:Hydrophobic': 1, 'UNL:ILE:VdWContact': 1, 'UNL:MET:VdWContact': 1, 'UNL:PHE:Hydrophobic': 2, 'UNL:PHE:VdWContact': 1, 'UNL:PRO:Hydrophobic': 1, 'UNL:THR:VdWContact': 1, 'UNL:VAL:Hydrophobic': 1}"
229,Chai-1-Single-Seq,1K3U_IAD,0.2857142857142857,0.6428571428571429,"{'UNL:ASP:HBDonor': 1, 'UNL:ASP:VdWContact': 1, 'UNL:GLU:Hydrophobic': 1, 'UNL:GLY:HBAcceptor': 3, 'UNL:GLY:HBDonor': 1, 'UNL:GLY:VdWContact': 4, 'UNL:ILE:VdWContact': 2, 'UNL:LEU:Hydrophobic': 1, 'UNL:PHE:HBAcceptor': 1, 'UNL:PHE:Hydrophobic': 1, 'UNL:PHE:VdWContact': 2, 'UNL:SER:HBAcceptor': 1, 'UNL:SER:VdWContact': 1, 'UNL:THR:VdWContact': 1, 'UNL:TYR:VdWContact': 1}","{'UNL:ALA:Hydrophobic': 2, 'UNL:ASP:HBDonor': 1, 'UNL:ASP:VdWContact': 1, 'UNL:GLY:HBAcceptor': 3, 'UNL:GLY:HBDonor': 1, 'UNL:GLY:VdWContact': 4, 'UNL:ILE:HBAcceptor': 1, 'UNL:ILE:Hydrophobic': 3, 'UNL:ILE:VdWContact': 3, 'UNL:LEU:Hydrophobic': 2, 'UNL:PHE:HBAcceptor': 1, 'UNL:PHE:HBDonor': 1, 'UNL:PHE:Hydrophobic': 2, 'UNL:PHE:VdWContact': 2, 'UNL:SER:HBAcceptor': 1, 'UNL:SER:VdWContact': 1, 'UNL:THR:Hydrophobic': 1, 'UNL:THR:VdWContact': 1, 'UNL:TYR:Hydrophobic': 1, 'UNL:TYR:VdWContact': 1}"
230,Chai-1-Single-Seq,1IA1_TQ3,0.0,0.1538461538461538,"{'UNL:GLU:HBDonor': 1, 'UNL:GLU:VdWContact': 1, 'UNL:ILE:HBDonor': 1, 'UNL:ILE:Hydrophobic': 3, 'UNL:ILE:VdWContact': 3, 'UNL:MET:Hydrophobic': 1, 'UNL:MET:VdWContact': 1, 'UNL:PHE:Hydrophobic': 1, 'UNL:PHE:VdWContact': 1, 'UNL:SER:VdWContact': 1, 'UNL:THR:VdWContact': 1, 'UNL:TYR:VdWContact': 1}","{'UNL:ALA:Hydrophobic': 1, 'UNL:GLU:HBDonor': 1, 'UNL:GLU:VdWContact': 1, 'UNL:ILE:HBDonor': 1, 'UNL:ILE:Hydrophobic': 4, 'UNL:ILE:VdWContact': 3, 'UNL:LEU:Hydrophobic': 1, 'UNL:MET:Hydrophobic': 1, 'UNL:MET:VdWContact': 1, 'UNL:PHE:Hydrophobic': 1, 'UNL:THR:Hydrophobic': 1}"
231,Chai-1-Single-Seq,1R1H_BIR,0.0,0.06666666666666665,"{'UNL:ALA:VdWContact': 1, 'UNL:ARG:HBAcceptor': 1, 'UNL:ARG:VdWContact': 1, 'UNL:ASN:HBAcceptor': 1, 'UNL:ASN:HBDonor': 1, 'UNL:ASN:VdWContact': 1, 'UNL:GLU:HBDonor': 1, 'UNL:GLU:VdWContact': 2, 'UNL:HIS:Hydrophobic': 1, 'UNL:HIS:VdWContact': 2, 'UNL:MET:Hydrophobic': 1, 'UNL:MET:VdWContact': 1, 'UNL:PHE:Hydrophobic': 1, 'UNL:PHE:VdWContact': 4, 'UNL:TRP:Hydrophobic': 1, 'UNL:TRP:VdWContact': 1, 'UNL:VAL:Hydrophobic': 1, 'UNL:VAL:VdWContact': 1}","{'UNL:ALA:Hydrophobic': 1, 'UNL:ALA:VdWContact': 1, 'UNL:ARG:HBAcceptor': 1, 'UNL:ARG:VdWContact': 1, 'UNL:ASN:HBAcceptor': 1, 'UNL:ASN:HBDonor': 1, 'UNL:ASN:VdWContact': 1, 'UNL:GLU:HBDonor': 1, 'UNL:GLU:VdWContact': 1, 'UNL:HIS:Hydrophobic': 1, 'UNL:HIS:VdWContact': 2, 'UNL:MET:Hydrophobic': 1, 'UNL:PHE:Hydrophobic': 3, 'UNL:PHE:VdWContact': 1, 'UNL:TRP:Hydrophobic': 1, 'UNL:TRP:VdWContact': 1, 'UNL:VAL:Hydrophobic': 2, 'UNL:VAL:VdWContact': 1}"
232,Chai-1-Single-Seq,1YQY_915,0.0,0.21428571428571436,"{'UNL:GLU:VdWContact': 3, 'UNL:GLY:HBAcceptor': 1, 'UNL:GLY:HBDonor': 1, 'UNL:GLY:VdWContact': 1, 'UNL:HIS:HBAcceptor': 1, 'UNL:HIS:HBDonor': 1, 'UNL:HIS:Hydrophobic': 2, 'UNL:HIS:VdWContact': 3, 'UNL:LEU:Hydrophobic': 1, 'UNL:LEU:VdWContact': 2, 'UNL:LYS:Hydrophobic': 1, 'UNL:LYS:VdWContact': 1, 'UNL:SER:VdWContact': 1, 'UNL:TYR:HBAcceptor': 1, 'UNL:TYR:VdWContact': 1, 'UNL:VAL:VdWContact': 1}","{'UNL:ASP:Hydrophobic': 1, 'UNL:GLU:VdWContact': 3, 'UNL:GLY:HBAcceptor': 1, 'UNL:GLY:HBDonor': 1, 'UNL:GLY:VdWContact': 1, 'UNL:HIS:HBAcceptor': 1, 'UNL:HIS:HBDonor': 1, 'UNL:HIS:Hydrophobic': 1, 'UNL:HIS:VdWContact': 1, 'UNL:LEU:Hydrophobic': 2, 'UNL:LEU:VdWContact': 2, 'UNL:LYS:Hydrophobic': 1, 'UNL:SER:VdWContact': 1, 'UNL:TYR:HBDonor': 1, 'UNL:TYR:Hydrophobic': 1, 'UNL:TYR:VdWContact': 1, 'UNL:VAL:Hydrophobic': 2, 'UNL:VAL:VdWContact': 1}"
233,Chai-1-Single-Seq,1T40_ID5,0.5,0.857142857142857,"{'UNL:CYS:Hydrophobic': 1, 'UNL:HIS:VdWContact': 1, 'UNL:LEU:HBAcceptor': 1, 'UNL:LEU:Hydrophobic': 1, 'UNL:LEU:VdWContact': 1, 'UNL:THR:VdWContact': 1, 'UNL:TRP:HBAcceptor': 1, 'UNL:TRP:Hydrophobic': 2, 'UNL:TRP:VdWContact': 2, 'UNL:TYR:VdWContact': 1}","{'UNL:CYS:Hydrophobic': 1, 'UNL:CYS:VdWContact': 2, 'UNL:HIS:HBAcceptor': 1, 'UNL:HIS:HBDonor': 1, 'UNL:HIS:VdWContact': 1, 'UNL:LEU:HBAcceptor': 1, 'UNL:LEU:Hydrophobic': 1, 'UNL:LEU:VdWContact': 1, 'UNL:PHE:Hydrophobic': 2, 'UNL:THR:Hydrophobic': 1, 'UNL:THR:VdWContact': 1, 'UNL:TRP:HBAcceptor': 1, 'UNL:TRP:Hydrophobic': 4, 'UNL:TRP:VdWContact': 2, 'UNL:TYR:Hydrophobic': 2, 'UNL:TYR:VdWContact': 2, 'UNL:VAL:Hydrophobic': 1, 'UNL:VAL:VdWContact': 1}"
234,Chai-1-Single-Seq,1GKC_NFH,0.2,0.5,"{'UNL:ALA:VdWContact': 1, 'UNL:GLY:HBDonor': 1, 'UNL:GLY:VdWContact': 1, 'UNL:HIS:VdWContact': 2, 'UNL:LEU:HBAcceptor': 1, 'UNL:LEU:VdWContact': 1, 'UNL:PRO:HBDonor': 1, 'UNL:PRO:VdWContact': 1, 'UNL:TYR:HBAcceptor': 1, 'UNL:TYR:Hydrophobic': 1, 'UNL:TYR:VdWContact': 1}","{'UNL:ALA:VdWContact': 1, 'UNL:GLU:VdWContact': 1, 'UNL:GLY:HBDonor': 1, 'UNL:GLY:VdWContact': 1, 'UNL:HIS:HBAcceptor': 1, 'UNL:HIS:Hydrophobic': 1, 'UNL:HIS:VdWContact': 2, 'UNL:LEU:HBAcceptor': 1, 'UNL:LEU:Hydrophobic': 1, 'UNL:LEU:VdWContact': 1, 'UNL:MET:Hydrophobic': 1, 'UNL:MET:VdWContact': 1, 'UNL:PRO:HBDonor': 1, 'UNL:PRO:VdWContact': 1, 'UNL:TYR:HBAcceptor': 1, 'UNL:TYR:Hydrophobic': 1, 'UNL:TYR:VdWContact': 1, 'UNL:VAL:Hydrophobic': 1, 'UNL:VAL:VdWContact': 1}"
235,Chai-1-Single-Seq,1Z95_198,0.0,0.4285714285714286,"{'UNL:ARG:VdWContact': 1, 'UNL:ASN:VdWContact': 1, 'UNL:GLY:VdWContact': 1, 'UNL:ILE:Hydrophobic': 1, 'UNL:ILE:VdWContact': 1, 'UNL:LEU:HBDonor': 1, 'UNL:LEU:Hydrophobic': 3, 'UNL:LEU:VdWContact': 2, 'UNL:MET:Hydrophobic': 2, 'UNL:MET:VdWContact': 4, 'UNL:PHE:VdWContact': 1, 'UNL:THR:VdWContact': 1}","{'UNL:ARG:VdWContact': 1, 'UNL:ASN:VdWContact': 1, 'UNL:GLY:VdWContact': 1, 'UNL:ILE:Hydrophobic': 2, 'UNL:ILE:VdWContact': 1, 'UNL:LEU:HBDonor': 1, 'UNL:LEU:Hydrophobic': 4, 'UNL:LEU:VdWContact': 2, 'UNL:MET:Hydrophobic': 3, 'UNL:MET:VdWContact': 3, 'UNL:PHE:Hydrophobic': 2, 'UNL:PHE:VdWContact': 1, 'UNL:THR:Hydrophobic': 1, 'UNL:THR:VdWContact': 1, 'UNL:VAL:Hydrophobic': 1}"
236,Chai-1-Single-Seq,1HP0_AD3,0.5,0.4444444444444445,"{'UNL:ASN:HBAcceptor': 2, 'UNL:ASN:HBDonor': 1, 'UNL:ASN:VdWContact': 3, 'UNL:ASP:VdWContact': 3, 'UNL:GLU:VdWContact': 1, 'UNL:TRP:Hydrophobic': 1, 'UNL:TRP:VdWContact': 1, 'UNL:TYR:VdWContact': 1}","{'UNL:ASN:HBAcceptor': 2, 'UNL:ASN:Hydrophobic': 1, 'UNL:ASN:VdWContact': 3, 'UNL:ASP:VdWContact': 3, 'UNL:GLU:VdWContact': 1, 'UNL:MET:VdWContact': 1, 'UNL:THR:VdWContact': 1, 'UNL:TRP:Hydrophobic': 2, 'UNL:TRP:VdWContact': 1, 'UNL:TYR:VdWContact': 1}"
237,Chai-1-Single-Seq,1OF1_SCT,0.2,0.46666666666666673,"{'UNL:ALA:VdWContact': 1, 'UNL:GLN:HBAcceptor': 1, 'UNL:GLN:HBDonor': 1, 'UNL:GLN:VdWContact': 1, 'UNL:HIS:HBDonor': 1, 'UNL:HIS:VdWContact': 1, 'UNL:ILE:Hydrophobic': 1, 'UNL:ILE:VdWContact': 1, 'UNL:MET:VdWContact': 1, 'UNL:TRP:VdWContact': 1, 'UNL:TYR:Hydrophobic': 1, 'UNL:TYR:VdWContact': 2}","{'UNL:ALA:Hydrophobic': 2, 'UNL:ALA:VdWContact': 1, 'UNL:ARG:HBAcceptor': 1, 'UNL:ARG:HBDonor': 1, 'UNL:ARG:VdWContact': 1, 'UNL:GLN:HBAcceptor': 1, 'UNL:GLN:HBDonor': 1, 'UNL:GLN:VdWContact': 1, 'UNL:GLU:VdWContact': 2, 'UNL:HIS:Hydrophobic': 1, 'UNL:HIS:VdWContact': 1, 'UNL:ILE:Hydrophobic': 2, 'UNL:MET:Hydrophobic': 1, 'UNL:TRP:Hydrophobic': 1, 'UNL:TYR:Hydrophobic': 2, 'UNL:TYR:VdWContact': 2}"
238,Chai-1-Single-Seq,1SJ0_E4D,0.25,0.3684210526315791,"{'UNL:ARG:HBAcceptor': 1, 'UNL:ARG:VdWContact': 1, 'UNL:ASP:VdWContact': 1, 'UNL:CYS:VdWContact': 1, 'UNL:GLU:HBDonor': 1, 'UNL:GLU:VdWContact': 1, 'UNL:GLY:VdWContact': 1, 'UNL:HIS:VdWContact': 1, 'UNL:ILE:VdWContact': 1, 'UNL:LEU:Hydrophobic': 5, 'UNL:LEU:VdWContact': 3, 'UNL:MET:Hydrophobic': 2, 'UNL:MET:VdWContact': 1, 'UNL:THR:VdWContact': 1, 'UNL:TRP:VdWContact': 1}","{'UNL:ALA:Hydrophobic': 1, 'UNL:ARG:HBAcceptor': 1, 'UNL:ARG:VdWContact': 1, 'UNL:ASP:VdWContact': 1, 'UNL:CYS:Hydrophobic': 1, 'UNL:CYS:VdWContact': 1, 'UNL:GLU:VdWContact': 1, 'UNL:HIS:HBDonor': 1, 'UNL:HIS:Hydrophobic': 1, 'UNL:HIS:VdWContact': 1, 'UNL:ILE:Hydrophobic': 1, 'UNL:LEU:HBDonor': 1, 'UNL:LEU:Hydrophobic': 7, 'UNL:LEU:VdWContact': 3, 'UNL:MET:Hydrophobic': 3, 'UNL:MET:VdWContact': 1, 'UNL:PHE:Hydrophobic': 1, 'UNL:THR:VdWContact': 1, 'UNL:TRP:Hydrophobic': 1, 'UNL:TRP:VdWContact': 1}"
239,Chai-1-Single-Seq,1U4D_DBQ,0.25,0.19999999999999998,"{'UNL:ALA:HBAcceptor': 1, 'UNL:ALA:VdWContact': 1, 'UNL:ASN:VdWContact': 1, 'UNL:ASP:HBDonor': 1, 'UNL:ASP:VdWContact': 1, 'UNL:GLU:HBDonor': 1, 'UNL:GLU:VdWContact': 1, 'UNL:LEU:Hydrophobic': 2, 'UNL:LEU:VdWContact': 2, 'UNL:LYS:HBAcceptor': 1, 'UNL:LYS:VdWContact': 1, 'UNL:VAL:Hydrophobic': 1, 'UNL:VAL:VdWContact': 1}","{'UNL:ALA:HBAcceptor': 1, 'UNL:ALA:Hydrophobic': 1, 'UNL:ALA:VdWContact': 1, 'UNL:ASP:HBDonor': 1, 'UNL:ASP:VdWContact': 1, 'UNL:GLU:HBDonor': 1, 'UNL:GLU:VdWContact': 1, 'UNL:LEU:Hydrophobic': 2, 'UNL:LEU:VdWContact': 1, 'UNL:LYS:VdWContact': 1, 'UNL:VAL:Hydrophobic': 1}"
240,Chai-1-Single-Seq,1Q41_IXM,0.0,0.21428571428571438,"{'UNL:ALA:VdWContact': 1, 'UNL:ARG:VdWContact': 1, 'UNL:ASP:HBDonor': 1, 'UNL:ASP:VdWContact': 1, 'UNL:CYS:Hydrophobic': 1, 'UNL:LEU:Hydrophobic': 2, 'UNL:LEU:VdWContact': 1, 'UNL:PRO:VdWContact': 1, 'UNL:TYR:VdWContact': 1, 'UNL:VAL:HBAcceptor': 1, 'UNL:VAL:HBDonor': 1, 'UNL:VAL:VdWContact': 1}","{'UNL:ALA:Hydrophobic': 1, 'UNL:ASP:HBDonor': 1, 'UNL:ASP:VdWContact': 1, 'UNL:CYS:Hydrophobic': 1, 'UNL:ILE:Hydrophobic': 1, 'UNL:LEU:Hydrophobic': 2, 'UNL:PRO:VdWContact': 1, 'UNL:THR:Hydrophobic': 1, 'UNL:TYR:Hydrophobic': 1, 'UNL:TYR:VdWContact': 1, 'UNL:VAL:HBAcceptor': 1, 'UNL:VAL:HBDonor': 1, 'UNL:VAL:Hydrophobic': 2, 'UNL:VAL:VdWContact': 1}"
241,Chai-1-Single-Seq,1OWE_675,0.0,0.375,"{'UNL:ASP:HBDonor': 1, 'UNL:ASP:VdWContact': 1, 'UNL:GLN:Hydrophobic': 1, 'UNL:GLN:VdWContact': 1, 'UNL:GLY:HBDonor': 1, 'UNL:GLY:VdWContact': 2, 'UNL:HIS:VdWContact': 1, 'UNL:SER:VdWContact': 2}","{'UNL:ASP:HBDonor': 1, 'UNL:ASP:VdWContact': 1, 'UNL:GLN:Hydrophobic': 1, 'UNL:GLN:VdWContact': 1, 'UNL:GLY:HBDonor': 1, 'UNL:GLY:VdWContact': 1, 'UNL:HIS:Hydrophobic': 1, 'UNL:HIS:VdWContact': 1, 'UNL:SER:VdWContact': 2, 'UNL:VAL:Hydrophobic': 1}"
242,Chai-1-Single-Seq,1OQ5_CEL,0.0,0.4666666666666667,"{'UNL:ASN:VdWContact': 1, 'UNL:GLN:VdWContact': 1, 'UNL:HIS:HBDonor': 1, 'UNL:HIS:VdWContact': 3, 'UNL:LEU:Hydrophobic': 1, 'UNL:LEU:VdWContact': 1, 'UNL:PHE:VdWContact': 1, 'UNL:THR:HBAcceptor': 1, 'UNL:THR:HBDonor': 1, 'UNL:THR:VdWContact': 2, 'UNL:TRP:VdWContact': 1}","{'UNL:ASN:Hydrophobic': 1, 'UNL:ASN:VdWContact': 1, 'UNL:GLN:Hydrophobic': 1, 'UNL:GLN:VdWContact': 1, 'UNL:GLU:Hydrophobic': 1, 'UNL:GLU:VdWContact': 1, 'UNL:HIS:HBDonor': 1, 'UNL:HIS:VdWContact': 1, 'UNL:LEU:Hydrophobic': 1, 'UNL:LEU:VdWContact': 1, 'UNL:PHE:Hydrophobic': 1, 'UNL:THR:HBAcceptor': 1, 'UNL:THR:HBDonor': 1, 'UNL:THR:Hydrophobic': 1, 'UNL:THR:VdWContact': 2, 'UNL:VAL:Hydrophobic': 1}"
243,Chai-1-Single-Seq,2BR1_PFP,0.0,0.2857142857142858,"{'UNL:CYS:HBAcceptor': 1, 'UNL:CYS:VdWContact': 1, 'UNL:GLU:Hydrophobic': 1, 'UNL:GLU:VdWContact': 2, 'UNL:GLY:VdWContact': 1, 'UNL:LEU:Hydrophobic': 1, 'UNL:TYR:VdWContact': 1, 'UNL:VAL:Hydrophobic': 1, 'UNL:VAL:VdWContact': 1}","{'UNL:ALA:Hydrophobic': 1, 'UNL:ALA:VdWContact': 1, 'UNL:CYS:HBAcceptor': 1, 'UNL:CYS:Hydrophobic': 1, 'UNL:CYS:VdWContact': 1, 'UNL:GLU:Hydrophobic': 1, 'UNL:GLU:VdWContact': 2, 'UNL:LEU:Hydrophobic': 2, 'UNL:LEU:VdWContact': 1, 'UNL:SER:VdWContact': 1, 'UNL:TYR:Hydrophobic': 1, 'UNL:VAL:Hydrophobic': 1}"
244,Chai-1-Single-Seq,1UOU_CMU,0.2,0.23076923076923078,"{'UNL:ARG:HBAcceptor': 1, 'UNL:ARG:VdWContact': 1, 'UNL:HIS:HBAcceptor': 1, 'UNL:HIS:VdWContact': 1, 'UNL:ILE:Hydrophobic': 1, 'UNL:ILE:VdWContact': 1, 'UNL:LEU:VdWContact': 1, 'UNL:LYS:HBAcceptor': 1, 'UNL:LYS:VdWContact': 1, 'UNL:SER:HBDonor': 1, 'UNL:SER:VdWContact': 2, 'UNL:THR:VdWContact': 1, 'UNL:TYR:VdWContact': 1, 'UNL:VAL:VdWContact': 2}","{'UNL:ARG:HBAcceptor': 1, 'UNL:ARG:VdWContact': 2, 'UNL:GLY:VdWContact': 1, 'UNL:HIS:HBDonor': 1, 'UNL:HIS:VdWContact': 1, 'UNL:ILE:Hydrophobic': 2, 'UNL:LEU:Hydrophobic': 1, 'UNL:LEU:VdWContact': 1, 'UNL:LYS:VdWContact': 1, 'UNL:SER:HBDonor': 1, 'UNL:SER:VdWContact': 2, 'UNL:THR:VdWContact': 2, 'UNL:TYR:Hydrophobic': 1, 'UNL:TYR:VdWContact': 1}"
245,Chai-1-Single-Seq,1R9O_FLP,0.5,0.39999999999999997,"{'UNL:ALA:VdWContact': 1, 'UNL:ARG:VdWContact': 1, 'UNL:ASN:HBAcceptor': 1, 'UNL:ASN:VdWContact': 1, 'UNL:ASP:VdWContact': 1, 'UNL:ILE:VdWContact': 1, 'UNL:LEU:VdWContact': 2, 'UNL:MET:VdWContact': 1, 'UNL:VAL:VdWContact': 2}","{'UNL:ALA:Hydrophobic': 1, 'UNL:ARG:HBAcceptor': 1, 'UNL:ARG:VdWContact': 1, 'UNL:ASN:HBAcceptor': 1, 'UNL:ASN:VdWContact': 1, 'UNL:ASP:VdWContact': 1, 'UNL:GLY:VdWContact': 1, 'UNL:ILE:Hydrophobic': 1, 'UNL:LEU:Hydrophobic': 4, 'UNL:MET:Hydrophobic': 1, 'UNL:MET:VdWContact': 1, 'UNL:THR:Hydrophobic': 1, 'UNL:VAL:Hydrophobic': 2, 'UNL:VAL:VdWContact': 1}"
246,Chai-1-Single-Seq,1V0P_PVB,0.0,0.20000000000000007,"{'UNL:ALA:VdWContact': 1, 'UNL:ASP:VdWContact': 2, 'UNL:GLN:VdWContact': 1, 'UNL:GLU:VdWContact': 1, 'UNL:GLY:VdWContact': 1, 'UNL:HIS:VdWContact': 1, 'UNL:ILE:Hydrophobic': 1, 'UNL:LEU:HBAcceptor': 1, 'UNL:LEU:HBDonor': 1, 'UNL:LEU:VdWContact': 2, 'UNL:LYS:VdWContact': 1, 'UNL:PHE:VdWContact': 1, 'UNL:VAL:VdWContact': 2}","{'UNL:ALA:Hydrophobic': 2, 'UNL:ALA:VdWContact': 2, 'UNL:GLN:VdWContact': 1, 'UNL:GLU:VdWContact': 1, 'UNL:GLY:VdWContact': 2, 'UNL:ILE:Hydrophobic': 1, 'UNL:LEU:HBAcceptor': 1, 'UNL:LEU:HBDonor': 1, 'UNL:LEU:Hydrophobic': 1, 'UNL:LEU:VdWContact': 2, 'UNL:PHE:Hydrophobic': 1, 'UNL:VAL:Hydrophobic': 2, 'UNL:VAL:VdWContact': 2}"
247,Chai-1-Single-Seq,1XOZ_CIA,0.0,0.5333333333333334,"{'UNL:ALA:VdWContact': 2, 'UNL:GLN:HBDonor': 1, 'UNL:GLN:Hydrophobic': 1, 'UNL:GLN:VdWContact': 1, 'UNL:LEU:VdWContact': 1, 'UNL:MET:Hydrophobic': 1, 'UNL:MET:VdWContact': 1, 'UNL:PHE:VdWContact': 1, 'UNL:VAL:Hydrophobic': 1, 'UNL:VAL:VdWContact': 1}","{'UNL:ALA:Hydrophobic': 2, 'UNL:GLN:HBDonor': 1, 'UNL:GLN:Hydrophobic': 1, 'UNL:GLN:VdWContact': 2, 'UNL:ILE:Hydrophobic': 2, 'UNL:ILE:VdWContact': 1, 'UNL:LEU:Hydrophobic': 1, 'UNL:LEU:VdWContact': 1, 'UNL:MET:Hydrophobic': 1, 'UNL:MET:VdWContact': 1, 'UNL:PHE:Hydrophobic': 2, 'UNL:PHE:VdWContact': 1, 'UNL:TYR:Hydrophobic': 1, 'UNL:VAL:Hydrophobic': 1, 'UNL:VAL:VdWContact': 1}"
248,Chai-1-Single-Seq,1R55_097,0.0,0.7,"{'UNL:ALA:HBDonor': 2, 'UNL:ALA:VdWContact': 2, 'UNL:GLU:VdWContact': 1, 'UNL:GLY:HBDonor': 1, 'UNL:GLY:VdWContact': 1, 'UNL:HIS:HBAcceptor': 1, 'UNL:HIS:VdWContact': 3, 'UNL:THR:HBAcceptor': 1, 'UNL:THR:VdWContact': 3, 'UNL:VAL:HBAcceptor': 1, 'UNL:VAL:VdWContact': 1}","{'UNL:ALA:HBDonor': 2, 'UNL:ALA:Hydrophobic': 2, 'UNL:ALA:VdWContact': 2, 'UNL:GLU:VdWContact': 1, 'UNL:GLY:HBDonor': 1, 'UNL:GLY:VdWContact': 1, 'UNL:HIS:HBAcceptor': 1, 'UNL:HIS:Hydrophobic': 1, 'UNL:HIS:VdWContact': 3, 'UNL:THR:HBAcceptor': 1, 'UNL:THR:Hydrophobic': 2, 'UNL:THR:VdWContact': 2, 'UNL:VAL:HBAcceptor': 1, 'UNL:VAL:Hydrophobic': 1, 'UNL:VAL:VdWContact': 1}"
249,Chai-1-Single-Seq,1YWR_LI9,0.5,0.5263157894736843,"{'UNL:ALA:VdWContact': 2, 'UNL:ASN:VdWContact': 1, 'UNL:ASP:HBDonor': 1, 'UNL:ASP:Hydrophobic': 1, 'UNL:ASP:VdWContact': 1, 'UNL:HIS:VdWContact': 1, 'UNL:LEU:Hydrophobic': 1, 'UNL:LEU:VdWContact': 1, 'UNL:LYS:HBAcceptor': 1, 'UNL:LYS:Hydrophobic': 1, 'UNL:LYS:VdWContact': 1, 'UNL:MET:HBAcceptor': 1, 'UNL:MET:HBDonor': 1, 'UNL:MET:VdWContact': 1, 'UNL:THR:VdWContact': 1, 'UNL:TYR:VdWContact': 1}","{'UNL:ALA:Hydrophobic': 1, 'UNL:ALA:VdWContact': 1, 'UNL:ASP:Hydrophobic': 1, 'UNL:ASP:VdWContact': 1, 'UNL:HIS:VdWContact': 1, 'UNL:ILE:Hydrophobic': 1, 'UNL:LEU:Hydrophobic': 4, 'UNL:LEU:VdWContact': 2, 'UNL:LYS:Hydrophobic': 1, 'UNL:LYS:VdWContact': 1, 'UNL:MET:HBAcceptor': 1, 'UNL:MET:HBDonor': 1, 'UNL:MET:Hydrophobic': 1, 'UNL:MET:VdWContact': 1, 'UNL:THR:Hydrophobic': 1, 'UNL:THR:VdWContact': 1, 'UNL:TYR:Hydrophobic': 1, 'UNL:TYR:VdWContact': 1, 'UNL:VAL:Hydrophobic': 2, 'UNL:VAL:VdWContact': 1}"
250,Chai-1-Single-Seq,1HQ2_PH2,0.0,0.25,"{'UNL:ARG:VdWContact': 1, 'UNL:ASN:HBAcceptor': 1, 'UNL:ASN:HBDonor': 1, 'UNL:ASN:VdWContact': 1, 'UNL:LEU:HBAcceptor': 1, 'UNL:LEU:HBDonor': 1, 'UNL:LEU:VdWContact': 1, 'UNL:PHE:VdWContact': 1, 'UNL:PRO:HBDonor': 1, 'UNL:PRO:VdWContact': 1, 'UNL:THR:HBDonor': 1, 'UNL:THR:VdWContact': 1, 'UNL:TRP:VdWContact': 1}","{'UNL:ASN:HBAcceptor': 1, 'UNL:ASN:HBDonor': 1, 'UNL:ASN:VdWContact': 1, 'UNL:ASP:VdWContact': 1, 'UNL:LEU:HBAcceptor': 1, 'UNL:LEU:HBDonor': 1, 'UNL:LEU:Hydrophobic': 1, 'UNL:LEU:VdWContact': 1, 'UNL:PHE:Hydrophobic': 1, 'UNL:PHE:VdWContact': 1, 'UNL:PRO:HBDonor': 1, 'UNL:PRO:VdWContact': 1, 'UNL:THR:HBDonor': 1, 'UNL:THR:VdWContact': 1, 'UNL:TYR:Hydrophobic': 1, 'UNL:TYR:VdWContact': 1}"
251,Chai-1-Single-Seq,1V4S_MRK,0.3333333333333333,0.22222222222222215,"{'UNL:ARG:Hydrophobic': 1, 'UNL:ARG:VdWContact': 2, 'UNL:CYS:HBAcceptor': 1, 'UNL:CYS:Hydrophobic': 1, 'UNL:CYS:VdWContact': 1, 'UNL:ILE:Hydrophobic': 1, 'UNL:ILE:VdWContact': 1, 'UNL:MET:Hydrophobic': 3, 'UNL:MET:VdWContact': 1, 'UNL:SER:HBDonor': 1, 'UNL:SER:VdWContact': 1, 'UNL:TYR:Hydrophobic': 1, 'UNL:TYR:VdWContact': 1, 'UNL:VAL:VdWContact': 1}","{'UNL:ALA:Hydrophobic': 1, 'UNL:ARG:HBAcceptor': 1, 'UNL:ARG:HBDonor': 1, 'UNL:ARG:Hydrophobic': 1, 'UNL:ARG:VdWContact': 1, 'UNL:GLU:Hydrophobic': 1, 'UNL:ILE:Hydrophobic': 2, 'UNL:MET:Hydrophobic': 2, 'UNL:MET:VdWContact': 1, 'UNL:PRO:Hydrophobic': 1, 'UNL:THR:HBAcceptor': 1, 'UNL:THR:Hydrophobic': 1, 'UNL:THR:VdWContact': 1, 'UNL:TYR:HBDonor': 1, 'UNL:TYR:Hydrophobic': 2, 'UNL:TYR:VdWContact': 2, 'UNL:VAL:Hydrophobic': 3}"
252,Chai-1-Single-Seq,1NAV_IH5,0.5,0.4375,"{'UNL:ALA:VdWContact': 1, 'UNL:ARG:HBAcceptor': 1, 'UNL:ARG:Hydrophobic': 1, 'UNL:ARG:VdWContact': 1, 'UNL:GLY:VdWContact': 1, 'UNL:HIS:HBAcceptor': 1, 'UNL:HIS:HBDonor': 1, 'UNL:HIS:VdWContact': 1, 'UNL:LEU:Hydrophobic': 2, 'UNL:LEU:VdWContact': 2, 'UNL:MET:Hydrophobic': 3, 'UNL:MET:VdWContact': 1, 'UNL:PHE:Hydrophobic': 1, 'UNL:SER:HBAcceptor': 1, 'UNL:SER:VdWContact': 1}","{'UNL:ALA:Hydrophobic': 2, 'UNL:GLY:VdWContact': 1, 'UNL:HIS:HBAcceptor': 1, 'UNL:HIS:VdWContact': 1, 'UNL:ILE:Hydrophobic': 1, 'UNL:ILE:VdWContact': 1, 'UNL:LEU:Hydrophobic': 3, 'UNL:LEU:VdWContact': 2, 'UNL:MET:Hydrophobic': 3, 'UNL:MET:VdWContact': 2, 'UNL:PHE:Hydrophobic': 3, 'UNL:PHE:VdWContact': 1, 'UNL:SER:HBAcceptor': 1, 'UNL:SER:VdWContact': 1, 'UNL:THR:Hydrophobic': 1}"
253,Chai-1-Single-Seq,1JJE_BYS,0.25,0.26666666666666666,"{'UNL:ASN:HBAcceptor': 1, 'UNL:ASN:Hydrophobic': 1, 'UNL:ASN:VdWContact': 1, 'UNL:ASP:Hydrophobic': 1, 'UNL:GLY:VdWContact': 1, 'UNL:HIS:Hydrophobic': 2, 'UNL:HIS:VdWContact': 2, 'UNL:LYS:HBAcceptor': 1, 'UNL:LYS:VdWContact': 1, 'UNL:SER:VdWContact': 1, 'UNL:TRP:Hydrophobic': 1, 'UNL:TRP:VdWContact': 1, 'UNL:VAL:Hydrophobic': 1, 'UNL:VAL:VdWContact': 1}","{'UNL:ASN:HBAcceptor': 1, 'UNL:ASN:Hydrophobic': 1, 'UNL:ASN:VdWContact': 1, 'UNL:ASP:Hydrophobic': 1, 'UNL:ASP:VdWContact': 1, 'UNL:CYS:VdWContact': 1, 'UNL:GLY:VdWContact': 1, 'UNL:HIS:HBDonor': 1, 'UNL:HIS:Hydrophobic': 2, 'UNL:HIS:VdWContact': 3, 'UNL:LYS:HBDonor': 1, 'UNL:LYS:VdWContact': 1, 'UNL:PHE:Hydrophobic': 1, 'UNL:TRP:Hydrophobic': 1, 'UNL:TRP:VdWContact': 1, 'UNL:VAL:Hydrophobic': 2, 'UNL:VAL:VdWContact': 1}"
254,Chai-1-Single-Seq,1J3J_CP6,0.0,0.06666666666666665,"{'UNL:ASN:VdWContact': 1, 'UNL:ASP:HBDonor': 1, 'UNL:ASP:VdWContact': 1, 'UNL:CYS:VdWContact': 1, 'UNL:ILE:HBDonor': 2, 'UNL:ILE:VdWContact': 2, 'UNL:LEU:VdWContact': 1, 'UNL:MET:Hydrophobic': 1, 'UNL:MET:VdWContact': 1, 'UNL:PHE:Hydrophobic': 1, 'UNL:PHE:VdWContact': 1, 'UNL:SER:VdWContact': 1, 'UNL:TYR:VdWContact': 1}","{'UNL:ALA:Hydrophobic': 1, 'UNL:ASN:Hydrophobic': 1, 'UNL:ASN:VdWContact': 1, 'UNL:ASP:HBDonor': 1, 'UNL:ASP:VdWContact': 1, 'UNL:CYS:VdWContact': 1, 'UNL:ILE:HBDonor': 2, 'UNL:ILE:Hydrophobic': 2, 'UNL:ILE:VdWContact': 2, 'UNL:LEU:Hydrophobic': 1, 'UNL:MET:Hydrophobic': 1, 'UNL:PHE:Hydrophobic': 1, 'UNL:PHE:VdWContact': 1}"
255,Chai-1-Single-Seq,1T9B_1CS,0.0,0.0625,"{'UNL:ALA:VdWContact': 2, 'UNL:ARG:HBAcceptor': 1, 'UNL:ARG:VdWContact': 1, 'UNL:GLY:VdWContact': 1, 'UNL:HIS:VdWContact': 1, 'UNL:LYS:VdWContact': 1, 'UNL:MET:VdWContact': 2, 'UNL:PHE:Hydrophobic': 1, 'UNL:PHE:VdWContact': 1, 'UNL:PRO:VdWContact': 1, 'UNL:VAL:Hydrophobic': 1, 'UNL:VAL:VdWContact': 1}","{'UNL:ALA:Hydrophobic': 2, 'UNL:ALA:VdWContact': 1, 'UNL:ARG:HBAcceptor': 1, 'UNL:ARG:VdWContact': 1, 'UNL:ASP:VdWContact': 1, 'UNL:MET:Hydrophobic': 1, 'UNL:MET:VdWContact': 1, 'UNL:PHE:Hydrophobic': 1, 'UNL:PHE:VdWContact': 1, 'UNL:PRO:Hydrophobic': 1, 'UNL:TRP:Hydrophobic': 1, 'UNL:VAL:Hydrophobic': 2, 'UNL:VAL:VdWContact': 1}"
256,Chai-1-Single-Seq,1PMN_984,0.5,0.2666666666666666,"{'UNL:ALA:VdWContact': 1, 'UNL:ASN:VdWContact': 1, 'UNL:GLU:VdWContact': 2, 'UNL:GLY:VdWContact': 2, 'UNL:ILE:Hydrophobic': 2, 'UNL:ILE:VdWContact': 2, 'UNL:LEU:Hydrophobic': 1, 'UNL:LEU:VdWContact': 2, 'UNL:LYS:Hydrophobic': 1, 'UNL:MET:HBAcceptor': 1, 'UNL:MET:HBDonor': 1, 'UNL:MET:Hydrophobic': 1, 'UNL:MET:VdWContact': 2, 'UNL:SER:VdWContact': 2, 'UNL:VAL:VdWContact': 1}","{'UNL:ALA:Hydrophobic': 1, 'UNL:ALA:VdWContact': 2, 'UNL:ASN:VdWContact': 1, 'UNL:ILE:Hydrophobic': 2, 'UNL:ILE:VdWContact': 2, 'UNL:LEU:Hydrophobic': 3, 'UNL:LEU:VdWContact': 2, 'UNL:LYS:Hydrophobic': 1, 'UNL:MET:HBAcceptor': 1, 'UNL:MET:Hydrophobic': 2, 'UNL:MET:VdWContact': 2, 'UNL:VAL:Hydrophobic': 2}"
257,Chai-1-Single-Seq,1N2V_BDI,0.0,0.0,"{'UNL:ALA:VdWContact': 1, 'UNL:ASP:HBDonor': 1, 'UNL:ASP:VdWContact': 1, 'UNL:CYS:VdWContact': 1, 'UNL:GLN:HBAcceptor': 1, 'UNL:GLN:VdWContact': 1, 'UNL:GLY:HBAcceptor': 1, 'UNL:GLY:VdWContact': 2, 'UNL:MET:Hydrophobic': 1, 'UNL:MET:VdWContact': 1, 'UNL:TYR:VdWContact': 1}","{'UNL:ALA:Hydrophobic': 1, 'UNL:ASP:HBDonor': 1, 'UNL:ASP:VdWContact': 1, 'UNL:CYS:Hydrophobic': 1, 'UNL:GLN:HBAcceptor': 1, 'UNL:GLN:VdWContact': 1, 'UNL:GLY:HBAcceptor': 1, 'UNL:GLY:VdWContact': 2, 'UNL:MET:Hydrophobic': 1, 'UNL:TYR:Hydrophobic': 1, 'UNL:TYR:VdWContact': 1}"
258,Chai-1-Single-Seq,1S3V_TQD,0.3333333333333333,0.3076923076923077,"{'UNL:ALA:VdWContact': 1, 'UNL:ASN:VdWContact': 1, 'UNL:GLU:HBDonor': 1, 'UNL:GLU:VdWContact': 1, 'UNL:ILE:HBDonor': 1, 'UNL:ILE:Hydrophobic': 1, 'UNL:ILE:VdWContact': 1, 'UNL:LEU:Hydrophobic': 1, 'UNL:LEU:VdWContact': 1, 'UNL:PHE:Hydrophobic': 1, 'UNL:PHE:VdWContact': 2, 'UNL:PRO:VdWContact': 1, 'UNL:SER:VdWContact': 1, 'UNL:VAL:HBDonor': 1, 'UNL:VAL:VdWContact': 1}","{'UNL:GLU:HBDonor': 1, 'UNL:GLU:VdWContact': 1, 'UNL:ILE:HBDonor': 1, 'UNL:ILE:Hydrophobic': 1, 'UNL:ILE:VdWContact': 1, 'UNL:PHE:Hydrophobic': 2, 'UNL:PHE:VdWContact': 1, 'UNL:PRO:Hydrophobic': 1, 'UNL:SER:VdWContact': 1, 'UNL:VAL:VdWContact': 1}"
259,Chai-1-Single-Seq,1Y6B_AAX,0.0,0.41176470588235287,"{'UNL:ARG:HBAcceptor': 1, 'UNL:ARG:Hydrophobic': 1, 'UNL:ARG:VdWContact': 1, 'UNL:CYS:HBAcceptor': 1, 'UNL:CYS:HBDonor': 1, 'UNL:CYS:VdWContact': 2, 'UNL:GLU:Hydrophobic': 1, 'UNL:GLU:VdWContact': 2, 'UNL:GLY:VdWContact': 2, 'UNL:LEU:VdWContact': 1, 'UNL:LYS:VdWContact': 2}","{'UNL:ALA:Hydrophobic': 1, 'UNL:ASN:HBAcceptor': 1, 'UNL:ASN:VdWContact': 1, 'UNL:CYS:HBAcceptor': 1, 'UNL:CYS:HBDonor': 1, 'UNL:CYS:Hydrophobic': 1, 'UNL:CYS:VdWContact': 1, 'UNL:GLU:VdWContact': 2, 'UNL:GLY:VdWContact': 1, 'UNL:LEU:Hydrophobic': 2, 'UNL:LYS:Hydrophobic': 1, 'UNL:LYS:VdWContact': 1, 'UNL:PHE:Hydrophobic': 2, 'UNL:PHE:VdWContact': 1, 'UNL:VAL:Hydrophobic': 3, 'UNL:VAL:VdWContact': 2}"
260,Chai-1-Single-Seq,1L2S_STC,0.0,0.5454545454545454,"{'UNL:ALA:HBAcceptor': 1, 'UNL:ALA:HBDonor': 1, 'UNL:ALA:VdWContact': 1, 'UNL:ASN:HBAcceptor': 1, 'UNL:ASN:VdWContact': 1, 'UNL:LEU:Hydrophobic': 1, 'UNL:SER:HBAcceptor': 1, 'UNL:SER:VdWContact': 1, 'UNL:TYR:Hydrophobic': 1, 'UNL:TYR:VdWContact': 1}","{'UNL:ALA:HBAcceptor': 1, 'UNL:ALA:HBDonor': 1, 'UNL:ALA:VdWContact': 1, 'UNL:ASN:HBAcceptor': 1, 'UNL:ASN:VdWContact': 1, 'UNL:GLN:VdWContact': 1, 'UNL:GLY:VdWContact': 1, 'UNL:LEU:Hydrophobic': 2, 'UNL:SER:HBAcceptor': 1, 'UNL:SER:VdWContact': 1, 'UNL:THR:Hydrophobic': 1, 'UNL:THR:VdWContact': 1, 'UNL:TYR:Hydrophobic': 2, 'UNL:VAL:Hydrophobic': 1}"
261,Chai-1-Single-Seq,1W2G_THM,0.0,0.4545454545454545,"{'UNL:ARG:HBAcceptor': 1, 'UNL:ARG:VdWContact': 1, 'UNL:ASN:HBDonor': 1, 'UNL:ASN:VdWContact': 1, 'UNL:ASP:VdWContact': 1, 'UNL:PHE:Hydrophobic': 1, 'UNL:PHE:VdWContact': 1, 'UNL:PRO:VdWContact': 1, 'UNL:TYR:VdWContact': 3}","{'UNL:ARG:HBAcceptor': 1, 'UNL:ARG:Hydrophobic': 1, 'UNL:ARG:VdWContact': 1, 'UNL:ASN:HBDonor': 1, 'UNL:ASN:Hydrophobic': 1, 'UNL:ASN:VdWContact': 1, 'UNL:ASP:VdWContact': 1, 'UNL:PHE:Hydrophobic': 2, 'UNL:PRO:Hydrophobic': 1, 'UNL:PRO:VdWContact': 1, 'UNL:TYR:Hydrophobic': 2, 'UNL:TYR:VdWContact': 3}"
262,Chai-1-Single-Seq,1TOW_CRZ,0.5,0.5384615384615384,"{'UNL:ALA:VdWContact': 1, 'UNL:ARG:HBAcceptor': 1, 'UNL:ARG:VdWContact': 1, 'UNL:ASP:Hydrophobic': 1, 'UNL:CYS:VdWContact': 1, 'UNL:MET:Hydrophobic': 1, 'UNL:PHE:VdWContact': 1, 'UNL:PRO:VdWContact': 1, 'UNL:TYR:VdWContact': 1}","{'UNL:ALA:Hydrophobic': 3, 'UNL:ARG:HBAcceptor': 1, 'UNL:ARG:HBDonor': 1, 'UNL:ARG:VdWContact': 1, 'UNL:ASP:Hydrophobic': 1, 'UNL:CYS:VdWContact': 1, 'UNL:ILE:Hydrophobic': 1, 'UNL:MET:Hydrophobic': 1, 'UNL:PHE:Hydrophobic': 2, 'UNL:PHE:VdWContact': 1, 'UNL:PRO:Hydrophobic': 1, 'UNL:PRO:VdWContact': 1, 'UNL:TYR:VdWContact': 1, 'UNL:VAL:Hydrophobic': 1}"
263,Chai-1-Single-Seq,1XM6_5RM,0.5,0.3571428571428572,"{'UNL:GLN:HBAcceptor': 1, 'UNL:GLN:VdWContact': 1, 'UNL:HIS:HBDonor': 1, 'UNL:HIS:VdWContact': 1, 'UNL:ILE:Hydrophobic': 1, 'UNL:ILE:VdWContact': 1, 'UNL:LEU:VdWContact': 1, 'UNL:MET:Hydrophobic': 1, 'UNL:MET:VdWContact': 1, 'UNL:PHE:Hydrophobic': 1, 'UNL:PHE:VdWContact': 3, 'UNL:SER:VdWContact': 1, 'UNL:THR:VdWContact': 1}","{'UNL:ASN:VdWContact': 1, 'UNL:GLN:HBAcceptor': 1, 'UNL:GLN:VdWContact': 1, 'UNL:ILE:Hydrophobic': 1, 'UNL:ILE:VdWContact': 1, 'UNL:LEU:Hydrophobic': 2, 'UNL:LEU:VdWContact': 1, 'UNL:MET:Hydrophobic': 3, 'UNL:MET:VdWContact': 1, 'UNL:PHE:Hydrophobic': 3, 'UNL:PHE:VdWContact': 2, 'UNL:THR:VdWContact': 1, 'UNL:TYR:Hydrophobic': 1}"
264,Chai-1-Single-Seq,1YGC_905,0.3333333333333333,0.30769230769230765,"{'UNL:ASP:HBDonor': 1, 'UNL:ASP:Hydrophobic': 1, 'UNL:ASP:VdWContact': 3, 'UNL:GLY:VdWContact': 1, 'UNL:HIS:Hydrophobic': 1, 'UNL:HIS:VdWContact': 1, 'UNL:LYS:VdWContact': 1, 'UNL:SER:HBDonor': 1, 'UNL:SER:VdWContact': 2, 'UNL:THR:VdWContact': 1, 'UNL:TRP:Hydrophobic': 1, 'UNL:TRP:VdWContact': 1}","{'UNL:ASP:HBDonor': 1, 'UNL:ASP:Hydrophobic': 2, 'UNL:ASP:VdWContact': 2, 'UNL:GLY:HBDonor': 1, 'UNL:GLY:VdWContact': 1, 'UNL:HIS:Hydrophobic': 1, 'UNL:HIS:VdWContact': 1, 'UNL:LYS:Hydrophobic': 1, 'UNL:LYS:VdWContact': 1, 'UNL:SER:HBDonor': 1, 'UNL:SER:VdWContact': 3, 'UNL:THR:Hydrophobic': 1, 'UNL:THR:VdWContact': 1, 'UNL:TRP:Hydrophobic': 1, 'UNL:TRP:VdWContact': 1, 'UNL:VAL:Hydrophobic': 1}"
265,Chai-1-Single-Seq,1R58_AO5,0.0,0.3571428571428571,"{'UNL:ASN:VdWContact': 1, 'UNL:ASP:HBDonor': 2, 'UNL:ASP:VdWContact': 2, 'UNL:GLU:HBDonor': 1, 'UNL:GLU:VdWContact': 1, 'UNL:HIS:HBAcceptor': 1, 'UNL:HIS:VdWContact': 3, 'UNL:ILE:Hydrophobic': 1, 'UNL:PHE:Hydrophobic': 1, 'UNL:PHE:VdWContact': 1, 'UNL:THR:VdWContact': 1}","{'UNL:ALA:Hydrophobic': 1, 'UNL:ALA:VdWContact': 1, 'UNL:ASP:HBDonor': 2, 'UNL:ASP:VdWContact': 2, 'UNL:GLU:HBDonor': 1, 'UNL:GLU:VdWContact': 1, 'UNL:HIS:HBDonor': 1, 'UNL:HIS:Hydrophobic': 2, 'UNL:HIS:VdWContact': 2, 'UNL:MET:Hydrophobic': 1, 'UNL:PHE:Hydrophobic': 1, 'UNL:PHE:VdWContact': 1, 'UNL:TYR:Hydrophobic': 1, 'UNL:TYR:VdWContact': 1}"
266,Chai-1-Single-Seq,1HNN_SKF,0.5,0.5454545454545454,"{'UNL:ASN:Hydrophobic': 1, 'UNL:ASP:VdWContact': 1, 'UNL:GLU:HBDonor': 1, 'UNL:GLU:VdWContact': 1, 'UNL:LYS:HBAcceptor': 1, 'UNL:LYS:VdWContact': 1, 'UNL:PHE:Hydrophobic': 1, 'UNL:TYR:VdWContact': 2}","{'UNL:ARG:VdWContact': 1, 'UNL:ASN:Hydrophobic': 1, 'UNL:ASP:VdWContact': 1, 'UNL:GLU:HBDonor': 1, 'UNL:GLU:VdWContact': 1, 'UNL:LYS:VdWContact': 1, 'UNL:MET:Hydrophobic': 1, 'UNL:MET:VdWContact': 1, 'UNL:PHE:Hydrophobic': 1, 'UNL:TYR:Hydrophobic': 2, 'UNL:TYR:VdWContact': 2, 'UNL:VAL:VdWContact': 1}"
267,Chai-1-Single-Seq,1SQN_NDR,0.5,0.8571428571428571,"{'UNL:ARG:HBAcceptor': 1, 'UNL:ARG:VdWContact': 1, 'UNL:ASN:VdWContact': 1, 'UNL:CYS:VdWContact': 1, 'UNL:GLN:HBAcceptor': 1, 'UNL:GLN:VdWContact': 1, 'UNL:LEU:VdWContact': 2, 'UNL:MET:Hydrophobic': 2, 'UNL:MET:VdWContact': 2, 'UNL:TYR:VdWContact': 1}","{'UNL:ARG:VdWContact': 1, 'UNL:CYS:Hydrophobic': 1, 'UNL:CYS:VdWContact': 1, 'UNL:GLN:HBAcceptor': 1, 'UNL:GLN:VdWContact': 1, 'UNL:LEU:Hydrophobic': 5, 'UNL:LEU:VdWContact': 3, 'UNL:MET:Hydrophobic': 4, 'UNL:MET:VdWContact': 2, 'UNL:PHE:Hydrophobic': 1, 'UNL:TRP:Hydrophobic': 1, 'UNL:TYR:Hydrophobic': 1, 'UNL:TYR:VdWContact': 1, 'UNL:VAL:Hydrophobic': 1}"
268,Chai-1,2BM2_PM2,0.5,0.3333333333333333,"{'UNL:GLN:Hydrophobic': 2, 'UNL:GLN:VdWContact': 2, 'UNL:GLU:Hydrophobic': 1, 'UNL:GLU:VdWContact': 1, 'UNL:GLY:HBAcceptor': 1, 'UNL:GLY:HBDonor': 1, 'UNL:GLY:VdWContact': 2, 'UNL:SER:VdWContact': 1, 'UNL:THR:VdWContact': 1, 'UNL:TRP:VdWContact': 1, 'UNL:TYR:VdWContact': 1}","{'UNL:ASP:VdWContact': 1, 'UNL:GLN:Hydrophobic': 2, 'UNL:GLN:VdWContact': 1, 'UNL:GLU:Hydrophobic': 1, 'UNL:GLU:VdWContact': 1, 'UNL:GLY:HBAcceptor': 1, 'UNL:GLY:VdWContact': 1, 'UNL:PRO:Hydrophobic': 1, 'UNL:SER:VdWContact': 1, 'UNL:THR:Hydrophobic': 1, 'UNL:TRP:Hydrophobic': 1, 'UNL:TYR:Hydrophobic': 1, 'UNL:VAL:Hydrophobic': 1}"
269,Chai-1,1XOQ_ROF,0.0,0.3571428571428571,"{'UNL:GLN:HBAcceptor': 1, 'UNL:GLN:VdWContact': 1, 'UNL:HIS:VdWContact': 1, 'UNL:ILE:Hydrophobic': 1, 'UNL:ILE:VdWContact': 1, 'UNL:LEU:VdWContact': 1, 'UNL:MET:Hydrophobic': 2, 'UNL:MET:VdWContact': 3, 'UNL:SER:VdWContact': 1}","{'UNL:ASN:VdWContact': 1, 'UNL:GLN:HBAcceptor': 1, 'UNL:GLN:VdWContact': 1, 'UNL:ILE:Hydrophobic': 1, 'UNL:LEU:VdWContact': 1, 'UNL:MET:Hydrophobic': 3, 'UNL:MET:VdWContact': 2, 'UNL:PHE:Hydrophobic': 2, 'UNL:PHE:VdWContact': 1, 'UNL:THR:VdWContact': 2, 'UNL:TYR:Hydrophobic': 1, 'UNL:TYR:VdWContact': 1}"
270,Chai-1,1M2Z_DEX,0.75,0.7647058823529412,"{'UNL:ARG:VdWContact': 1, 'UNL:ASN:HBAcceptor': 1, 'UNL:ASN:VdWContact': 1, 'UNL:CYS:VdWContact': 1, 'UNL:GLN:VdWContact': 1, 'UNL:LEU:VdWContact': 1, 'UNL:MET:Hydrophobic': 2, 'UNL:MET:VdWContact': 2, 'UNL:TYR:VdWContact': 1}","{'UNL:ALA:Hydrophobic': 1, 'UNL:ARG:HBAcceptor': 1, 'UNL:ARG:VdWContact': 1, 'UNL:ASN:HBAcceptor': 1, 'UNL:ASN:VdWContact': 1, 'UNL:CYS:Hydrophobic': 1, 'UNL:CYS:VdWContact': 1, 'UNL:GLN:HBAcceptor': 1, 'UNL:GLN:HBDonor': 1, 'UNL:GLN:Hydrophobic': 1, 'UNL:GLN:VdWContact': 2, 'UNL:GLY:VdWContact': 1, 'UNL:LEU:Hydrophobic': 4, 'UNL:LEU:VdWContact': 1, 'UNL:MET:Hydrophobic': 3, 'UNL:MET:VdWContact': 1, 'UNL:PHE:Hydrophobic': 1, 'UNL:PHE:VdWContact': 1, 'UNL:TRP:Hydrophobic': 1, 'UNL:TYR:Hydrophobic': 1, 'UNL:TYR:VdWContact': 1}"
271,Chai-1,1P62_GEO,0.2,0.24999999999999992,"{'UNL:ARG:HBAcceptor': 1, 'UNL:ARG:VdWContact': 1, 'UNL:ASP:HBDonor': 1, 'UNL:ASP:VdWContact': 1, 'UNL:GLN:HBAcceptor': 1, 'UNL:GLN:HBDonor': 1, 'UNL:GLN:VdWContact': 1, 'UNL:GLU:VdWContact': 2, 'UNL:ILE:VdWContact': 1, 'UNL:LEU:VdWContact': 1, 'UNL:PHE:Hydrophobic': 1, 'UNL:PHE:VdWContact': 1, 'UNL:TRP:VdWContact': 1, 'UNL:TYR:HBAcceptor': 1, 'UNL:TYR:VdWContact': 1}","{'UNL:ARG:HBAcceptor': 1, 'UNL:ARG:VdWContact': 1, 'UNL:ASP:HBDonor': 1, 'UNL:ASP:VdWContact': 1, 'UNL:GLN:HBAcceptor': 1, 'UNL:GLN:HBDonor': 1, 'UNL:GLN:VdWContact': 1, 'UNL:GLU:VdWContact': 2, 'UNL:MET:VdWContact': 1, 'UNL:PHE:Hydrophobic': 2, 'UNL:TRP:Hydrophobic': 1, 'UNL:TYR:VdWContact': 1}"
272,Chai-1,1KE5_LS1,0.2,0.5,"{'UNL:ASP:HBAcceptor': 1, 'UNL:ASP:Hydrophobic': 1, 'UNL:ASP:VdWContact': 1, 'UNL:GLN:VdWContact': 1, 'UNL:GLU:HBDonor': 1, 'UNL:GLU:VdWContact': 1, 'UNL:HIS:VdWContact': 1, 'UNL:ILE:VdWContact': 1, 'UNL:LEU:HBAcceptor': 1, 'UNL:LEU:HBDonor': 1, 'UNL:LEU:VdWContact': 2, 'UNL:LYS:HBAcceptor': 1, 'UNL:LYS:VdWContact': 1, 'UNL:PHE:Hydrophobic': 1, 'UNL:PHE:VdWContact': 2}","{'UNL:ALA:Hydrophobic': 2, 'UNL:ASP:HBAcceptor': 1, 'UNL:ASP:Hydrophobic': 1, 'UNL:ASP:VdWContact': 2, 'UNL:GLU:HBDonor': 1, 'UNL:GLU:VdWContact': 1, 'UNL:HIS:VdWContact': 1, 'UNL:ILE:Hydrophobic': 1, 'UNL:ILE:VdWContact': 1, 'UNL:LEU:HBAcceptor': 1, 'UNL:LEU:HBDonor': 1, 'UNL:LEU:Hydrophobic': 1, 'UNL:LEU:VdWContact': 2, 'UNL:LYS:VdWContact': 1, 'UNL:PHE:Hydrophobic': 2, 'UNL:PHE:VdWContact': 2, 'UNL:VAL:Hydrophobic': 2}"
273,Chai-1,1TT1_KAI,0.16666666666666666,0.09090909090909083,"{'UNL:ALA:HBAcceptor': 2, 'UNL:ALA:VdWContact': 2, 'UNL:ARG:HBAcceptor': 1, 'UNL:ARG:HBDonor': 1, 'UNL:ARG:VdWContact': 1, 'UNL:ASN:VdWContact': 1, 'UNL:GLU:Hydrophobic': 1, 'UNL:GLU:VdWContact': 1, 'UNL:PRO:HBDonor': 1, 'UNL:PRO:VdWContact': 1, 'UNL:THR:HBAcceptor': 1, 'UNL:THR:HBDonor': 1, 'UNL:THR:VdWContact': 1, 'UNL:TYR:Hydrophobic': 1, 'UNL:TYR:VdWContact': 1, 'UNL:VAL:VdWContact': 1}","{'UNL:ALA:HBAcceptor': 2, 'UNL:ALA:VdWContact': 2, 'UNL:ARG:HBAcceptor': 1, 'UNL:ARG:HBDonor': 1, 'UNL:ARG:VdWContact': 1, 'UNL:GLU:Hydrophobic': 2, 'UNL:GLU:VdWContact': 1, 'UNL:PRO:HBDonor': 1, 'UNL:PRO:VdWContact': 1, 'UNL:THR:HBAcceptor': 1, 'UNL:THR:VdWContact': 1, 'UNL:TYR:Hydrophobic': 1, 'UNL:TYR:VdWContact': 1, 'UNL:VAL:Hydrophobic': 1, 'UNL:VAL:VdWContact': 1}"
274,Chai-1,1VCJ_IBA,0.5,0.7142857142857143,"{'UNL:ALA:VdWContact': 1, 'UNL:ARG:HBAcceptor': 3, 'UNL:ARG:HBDonor': 1, 'UNL:ARG:VdWContact': 4, 'UNL:ASP:Hydrophobic': 1, 'UNL:GLU:VdWContact': 3, 'UNL:SER:VdWContact': 1, 'UNL:TRP:VdWContact': 1, 'UNL:TYR:VdWContact': 1}","{'UNL:ALA:Hydrophobic': 1, 'UNL:ALA:VdWContact': 1, 'UNL:ARG:HBAcceptor': 3, 'UNL:ARG:Hydrophobic': 2, 'UNL:ARG:VdWContact': 5, 'UNL:ASN:Hydrophobic': 1, 'UNL:ASP:Hydrophobic': 1, 'UNL:ASP:VdWContact': 1, 'UNL:GLU:Hydrophobic': 1, 'UNL:GLU:VdWContact': 4, 'UNL:ILE:Hydrophobic': 1, 'UNL:SER:VdWContact': 1, 'UNL:TRP:Hydrophobic': 1, 'UNL:TRP:VdWContact': 1, 'UNL:TYR:VdWContact': 1}"
275,Chai-1,1HWI_115,0.7999999999999999,0.5789473684210527,"{'UNL:ARG:HBAcceptor': 1, 'UNL:ARG:VdWContact': 1, 'UNL:ASN:HBAcceptor': 1, 'UNL:ASN:VdWContact': 1, 'UNL:ASP:HBDonor': 1, 'UNL:ASP:Hydrophobic': 1, 'UNL:ASP:VdWContact': 1, 'UNL:CYS:Hydrophobic': 1, 'UNL:CYS:VdWContact': 1, 'UNL:GLU:VdWContact': 1, 'UNL:HIS:Hydrophobic': 1, 'UNL:LEU:VdWContact': 1, 'UNL:LYS:HBAcceptor': 2, 'UNL:LYS:Hydrophobic': 1, 'UNL:LYS:VdWContact': 2, 'UNL:SER:HBDonor': 1, 'UNL:SER:VdWContact': 1, 'UNL:VAL:VdWContact': 1}","{'UNL:ALA:Hydrophobic': 1, 'UNL:ALA:VdWContact': 1, 'UNL:ARG:HBAcceptor': 1, 'UNL:ARG:VdWContact': 1, 'UNL:ASN:HBAcceptor': 1, 'UNL:ASN:VdWContact': 1, 'UNL:ASP:Hydrophobic': 1, 'UNL:ASP:VdWContact': 1, 'UNL:CYS:Hydrophobic': 1, 'UNL:CYS:VdWContact': 1, 'UNL:GLU:VdWContact': 1, 'UNL:GLY:VdWContact': 1, 'UNL:HIS:Hydrophobic': 1, 'UNL:HIS:VdWContact': 1, 'UNL:LEU:Hydrophobic': 4, 'UNL:LEU:VdWContact': 2, 'UNL:LYS:Hydrophobic': 1, 'UNL:LYS:VdWContact': 3, 'UNL:SER:VdWContact': 1, 'UNL:VAL:Hydrophobic': 1, 'UNL:VAL:VdWContact': 1}"
276,Chai-1,1UML_FR4,0.0,0.23076923076923078,"{'UNL:ASP:HBDonor': 2, 'UNL:ASP:Hydrophobic': 1, 'UNL:ASP:VdWContact': 2, 'UNL:GLY:VdWContact': 1, 'UNL:HIS:VdWContact': 1, 'UNL:LEU:Hydrophobic': 2, 'UNL:LEU:VdWContact': 2, 'UNL:MET:Hydrophobic': 1, 'UNL:MET:VdWContact': 1, 'UNL:PHE:Hydrophobic': 1, 'UNL:PHE:VdWContact': 1}","{'UNL:ASP:HBDonor': 2, 'UNL:ASP:Hydrophobic': 1, 'UNL:ASP:VdWContact': 3, 'UNL:GLY:VdWContact': 1, 'UNL:HIS:Hydrophobic': 1, 'UNL:HIS:VdWContact': 1, 'UNL:LEU:Hydrophobic': 3, 'UNL:LEU:VdWContact': 1, 'UNL:MET:Hydrophobic': 1, 'UNL:PHE:Hydrophobic': 2, 'UNL:THR:Hydrophobic': 1, 'UNL:VAL:Hydrophobic': 1}"
277,Chai-1,1JLA_TNK,0.3333333333333333,0.22727272727272724,"{'UNL:ALA:VdWContact': 1, 'UNL:GLN:Hydrophobic': 2, 'UNL:GLN:VdWContact': 2, 'UNL:GLU:HBAcceptor': 1, 'UNL:GLU:Hydrophobic': 1, 'UNL:GLU:VdWContact': 1, 'UNL:LYS:Hydrophobic': 1, 'UNL:LYS:VdWContact': 1, 'UNL:THR:HBDonor': 1, 'UNL:THR:VdWContact': 2, 'UNL:VAL:Hydrophobic': 1, 'UNL:VAL:VdWContact': 1}","{'UNL:CYS:Hydrophobic': 1, 'UNL:CYS:VdWContact': 1, 'UNL:GLY:VdWContact': 1, 'UNL:LEU:Hydrophobic': 2, 'UNL:LYS:HBDonor': 1, 'UNL:LYS:Hydrophobic': 1, 'UNL:LYS:VdWContact': 2, 'UNL:PHE:Hydrophobic': 1, 'UNL:PHE:VdWContact': 1, 'UNL:PRO:Hydrophobic': 2, 'UNL:PRO:VdWContact': 1, 'UNL:TRP:Hydrophobic': 1, 'UNL:TRP:VdWContact': 1, 'UNL:TYR:Hydrophobic': 1, 'UNL:TYR:VdWContact': 1, 'UNL:VAL:Hydrophobic': 1}"
278,Chai-1,1N46_PFA,0.4,0.875,"{'UNL:ARG:HBAcceptor': 2, 'UNL:ARG:VdWContact': 2, 'UNL:ASN:HBAcceptor': 1, 'UNL:ASN:VdWContact': 1, 'UNL:HIS:HBAcceptor': 1, 'UNL:HIS:VdWContact': 1, 'UNL:ILE:VdWContact': 1, 'UNL:LEU:Hydrophobic': 2, 'UNL:LEU:VdWContact': 1, 'UNL:MET:Hydrophobic': 3, 'UNL:MET:VdWContact': 1, 'UNL:PHE:Hydrophobic': 1, 'UNL:PHE:VdWContact': 2}","{'UNL:ALA:Hydrophobic': 2, 'UNL:ALA:VdWContact': 2, 'UNL:ARG:HBAcceptor': 2, 'UNL:ARG:HBDonor': 1, 'UNL:ARG:Hydrophobic': 1, 'UNL:ARG:VdWContact': 2, 'UNL:ASN:HBAcceptor': 1, 'UNL:ASN:VdWContact': 1, 'UNL:GLY:VdWContact': 1, 'UNL:HIS:HBAcceptor': 1, 'UNL:HIS:HBDonor': 1, 'UNL:HIS:VdWContact': 1, 'UNL:ILE:Hydrophobic': 3, 'UNL:ILE:VdWContact': 1, 'UNL:LEU:Hydrophobic': 3, 'UNL:LEU:VdWContact': 2, 'UNL:MET:Hydrophobic': 3, 'UNL:MET:VdWContact': 2, 'UNL:PHE:Hydrophobic': 3, 'UNL:PHE:VdWContact': 1, 'UNL:THR:Hydrophobic': 1}"
279,Chai-1,1KZK_JE2,0.5,1.0,"{'UNL:ALA:VdWContact': 1, 'UNL:ASP:HBAcceptor': 1, 'UNL:ASP:Hydrophobic': 3, 'UNL:ASP:VdWContact': 4, 'UNL:GLY:HBDonor': 1, 'UNL:GLY:VdWContact': 4, 'UNL:ILE:Hydrophobic': 3, 'UNL:VAL:Hydrophobic': 1, 'UNL:VAL:VdWContact': 1}","{'UNL:ALA:Hydrophobic': 2, 'UNL:ASP:Hydrophobic': 3, 'UNL:ASP:VdWContact': 4, 'UNL:GLY:HBDonor': 1, 'UNL:GLY:VdWContact': 3, 'UNL:ILE:Hydrophobic': 6, 'UNL:LEU:Hydrophobic': 3, 'UNL:PRO:Hydrophobic': 2, 'UNL:PRO:VdWContact': 1, 'UNL:VAL:Hydrophobic': 4}"
280,Chai-1,1N2J_PAF,0.6666666666666667,0.49999999999999994,"{'UNL:GLN:VdWContact': 1, 'UNL:HIS:HBAcceptor': 1, 'UNL:HIS:VdWContact': 1, 'UNL:MET:HBAcceptor': 1, 'UNL:MET:VdWContact': 1, 'UNL:PRO:VdWContact': 1, 'UNL:THR:VdWContact': 1}","{'UNL:GLN:HBAcceptor': 2, 'UNL:GLN:VdWContact': 2, 'UNL:MET:Hydrophobic': 1, 'UNL:MET:VdWContact': 1, 'UNL:PHE:Hydrophobic': 1, 'UNL:PRO:Hydrophobic': 1, 'UNL:PRO:VdWContact': 1, 'UNL:VAL:Hydrophobic': 2, 'UNL:VAL:VdWContact': 1}"
281,Chai-1,1MEH_MOA,0.3333333333333333,0.25,"{'UNL:ASP:VdWContact': 1, 'UNL:GLU:Hydrophobic': 1, 'UNL:GLU:VdWContact': 1, 'UNL:GLY:HBAcceptor': 1, 'UNL:GLY:VdWContact': 1, 'UNL:ILE:VdWContact': 1, 'UNL:SER:HBAcceptor': 1, 'UNL:SER:VdWContact': 2, 'UNL:TRP:Hydrophobic': 1, 'UNL:TRP:VdWContact': 1}","{'UNL:ASP:VdWContact': 1, 'UNL:GLU:Hydrophobic': 1, 'UNL:GLU:VdWContact': 1, 'UNL:GLY:HBAcceptor': 1, 'UNL:GLY:VdWContact': 1, 'UNL:ILE:VdWContact': 1, 'UNL:SER:HBAcceptor': 1, 'UNL:SER:HBDonor': 1, 'UNL:SER:VdWContact': 2}"
282,Chai-1,2BSM_BSM,0.0,0.1666666666666667,"{'UNL:ALA:VdWContact': 1, 'UNL:ASN:Hydrophobic': 1, 'UNL:ASN:VdWContact': 1, 'UNL:ASP:HBDonor': 1, 'UNL:ASP:Hydrophobic': 1, 'UNL:ASP:VdWContact': 2, 'UNL:GLY:HBDonor': 1, 'UNL:GLY:VdWContact': 1, 'UNL:ILE:VdWContact': 1, 'UNL:LYS:VdWContact': 1, 'UNL:MET:Hydrophobic': 1, 'UNL:MET:VdWContact': 1, 'UNL:PHE:VdWContact': 1, 'UNL:THR:HBDonor': 1, 'UNL:THR:VdWContact': 1, 'UNL:VAL:VdWContact': 1}","{'UNL:ALA:Hydrophobic': 1, 'UNL:ASN:Hydrophobic': 1, 'UNL:ASN:VdWContact': 1, 'UNL:ASP:HBDonor': 1, 'UNL:ASP:Hydrophobic': 1, 'UNL:ASP:VdWContact': 1, 'UNL:GLY:HBDonor': 1, 'UNL:GLY:VdWContact': 2, 'UNL:ILE:Hydrophobic': 1, 'UNL:LYS:VdWContact': 1, 'UNL:MET:Hydrophobic': 1, 'UNL:PHE:VdWContact': 1, 'UNL:SER:VdWContact': 1, 'UNL:THR:HBDonor': 1, 'UNL:THR:Hydrophobic': 2, 'UNL:THR:VdWContact': 1, 'UNL:VAL:Hydrophobic': 1, 'UNL:VAL:VdWContact': 1}"
283,Chai-1,1V48_HA1,0.16666666666666666,0.3076923076923077,"{'UNL:ALA:HBAcceptor': 1, 'UNL:ALA:VdWContact': 1, 'UNL:ARG:HBAcceptor': 1, 'UNL:ARG:VdWContact': 1, 'UNL:ASN:HBAcceptor': 1, 'UNL:ASN:VdWContact': 2, 'UNL:GLU:HBDonor': 1, 'UNL:GLU:VdWContact': 1, 'UNL:HIS:VdWContact': 1, 'UNL:LEU:VdWContact': 1, 'UNL:MET:Hydrophobic': 1, 'UNL:SER:HBAcceptor': 1, 'UNL:SER:VdWContact': 2}","{'UNL:ALA:HBAcceptor': 1, 'UNL:ALA:Hydrophobic': 1, 'UNL:ALA:VdWContact': 1, 'UNL:ARG:HBAcceptor': 1, 'UNL:ARG:VdWContact': 1, 'UNL:ASN:HBAcceptor': 1, 'UNL:ASN:VdWContact': 2, 'UNL:GLU:HBDonor': 1, 'UNL:GLU:VdWContact': 1, 'UNL:HIS:VdWContact': 1, 'UNL:MET:Hydrophobic': 1, 'UNL:PHE:Hydrophobic': 1, 'UNL:PHE:VdWContact': 1, 'UNL:SER:HBAcceptor': 1, 'UNL:SER:HBDonor': 1, 'UNL:SER:VdWContact': 2, 'UNL:VAL:Hydrophobic': 1, 'UNL:VAL:VdWContact': 1}"
284,Chai-1,1L7F_BCZ,0.25,0.9,"{'UNL:ARG:HBAcceptor': 4, 'UNL:ARG:HBDonor': 1, 'UNL:ARG:VdWContact': 5, 'UNL:ASP:VdWContact': 1, 'UNL:GLU:VdWContact': 1, 'UNL:TRP:HBDonor': 1, 'UNL:TRP:VdWContact': 1, 'UNL:TYR:VdWContact': 1}","{'UNL:ALA:Hydrophobic': 1, 'UNL:ARG:HBAcceptor': 4, 'UNL:ARG:HBDonor': 1, 'UNL:ARG:Hydrophobic': 2, 'UNL:ARG:VdWContact': 4, 'UNL:ASP:VdWContact': 1, 'UNL:GLU:HBDonor': 1, 'UNL:GLU:Hydrophobic': 1, 'UNL:GLU:VdWContact': 3, 'UNL:ILE:Hydrophobic': 1, 'UNL:TRP:HBDonor': 1, 'UNL:TRP:Hydrophobic': 1, 'UNL:TRP:VdWContact': 1, 'UNL:TYR:VdWContact': 1}"
285,Chai-1,1JD0_AZM,0.33333333333333337,0.5,"{'UNL:GLN:VdWContact': 1, 'UNL:HIS:HBDonor': 1, 'UNL:HIS:VdWContact': 2, 'UNL:LEU:VdWContact': 1, 'UNL:THR:HBAcceptor': 1, 'UNL:THR:HBDonor': 1, 'UNL:THR:VdWContact': 2}","{'UNL:GLN:Hydrophobic': 1, 'UNL:HIS:HBDonor': 2, 'UNL:HIS:VdWContact': 1, 'UNL:LEU:Hydrophobic': 1, 'UNL:LEU:VdWContact': 1, 'UNL:THR:HBAcceptor': 1, 'UNL:THR:HBDonor': 1, 'UNL:THR:VdWContact': 2, 'UNL:VAL:Hydrophobic': 1, 'UNL:VAL:VdWContact': 1}"
286,Chai-1,1S19_MC9,0.25,0.9411764705882353,"{'UNL:ALA:VdWContact': 1, 'UNL:ARG:HBAcceptor': 1, 'UNL:ARG:VdWContact': 1, 'UNL:HIS:HBAcceptor': 1, 'UNL:HIS:VdWContact': 1, 'UNL:ILE:VdWContact': 1, 'UNL:LEU:Hydrophobic': 1, 'UNL:SER:VdWContact': 3, 'UNL:TRP:Hydrophobic': 1, 'UNL:TRP:VdWContact': 1, 'UNL:TYR:HBAcceptor': 1, 'UNL:TYR:VdWContact': 1}","{'UNL:ALA:Hydrophobic': 1, 'UNL:ALA:VdWContact': 1, 'UNL:ARG:HBAcceptor': 1, 'UNL:ARG:VdWContact': 1, 'UNL:CYS:VdWContact': 1, 'UNL:HIS:HBAcceptor': 2, 'UNL:HIS:HBDonor': 1, 'UNL:HIS:VdWContact': 2, 'UNL:ILE:Hydrophobic': 2, 'UNL:LEU:Hydrophobic': 6, 'UNL:MET:Hydrophobic': 1, 'UNL:PHE:Hydrophobic': 1, 'UNL:SER:VdWContact': 3, 'UNL:TRP:Hydrophobic': 1, 'UNL:TRP:VdWContact': 1, 'UNL:TYR:Hydrophobic': 2, 'UNL:TYR:VdWContact': 1, 'UNL:VAL:Hydrophobic': 2, 'UNL:VAL:VdWContact': 1}"
287,Chai-1,1LPZ_CMB,0.5,0.05882352941176472,"{'UNL:ARG:VdWContact': 1, 'UNL:ASP:HBDonor': 1, 'UNL:ASP:VdWContact': 1, 'UNL:CYS:VdWContact': 1, 'UNL:GLN:Hydrophobic': 1, 'UNL:GLN:VdWContact': 1, 'UNL:GLU:Hydrophobic': 1, 'UNL:GLU:VdWContact': 1, 'UNL:GLY:VdWContact': 2, 'UNL:LYS:VdWContact': 1, 'UNL:SER:VdWContact': 1, 'UNL:TRP:Hydrophobic': 1, 'UNL:TRP:VdWContact': 1, 'UNL:TYR:Hydrophobic': 1, 'UNL:TYR:VdWContact': 1}","{'UNL:ALA:Hydrophobic': 1, 'UNL:ARG:VdWContact': 1, 'UNL:ASP:HBDonor': 1, 'UNL:ASP:VdWContact': 1, 'UNL:CYS:VdWContact': 1, 'UNL:GLN:Hydrophobic': 1, 'UNL:GLN:VdWContact': 1, 'UNL:GLU:Hydrophobic': 1, 'UNL:GLY:HBDonor': 1, 'UNL:GLY:VdWContact': 3, 'UNL:PHE:Hydrophobic': 1, 'UNL:TRP:Hydrophobic': 1, 'UNL:TRP:VdWContact': 1, 'UNL:TYR:Hydrophobic': 1, 'UNL:TYR:VdWContact': 1, 'UNL:VAL:Hydrophobic': 1}"
288,Chai-1,1X8X_TYR,0.5,0.44444444444444436,"{'UNL:ASP:HBDonor': 2, 'UNL:ASP:Hydrophobic': 1, 'UNL:ASP:VdWContact': 3, 'UNL:GLN:HBDonor': 1, 'UNL:GLN:Hydrophobic': 1, 'UNL:GLN:VdWContact': 2, 'UNL:GLY:VdWContact': 1, 'UNL:TYR:VdWContact': 2}","{'UNL:ASP:HBDonor': 2, 'UNL:ASP:Hydrophobic': 1, 'UNL:ASP:VdWContact': 3, 'UNL:GLN:HBDonor': 2, 'UNL:GLN:Hydrophobic': 1, 'UNL:GLN:VdWContact': 3, 'UNL:GLY:VdWContact': 1, 'UNL:LEU:Hydrophobic': 1, 'UNL:THR:Hydrophobic': 1, 'UNL:TYR:Hydrophobic': 1, 'UNL:TYR:VdWContact': 2}"
289,Chai-1,1T46_STI,0.25,0.5833333333333334,"{'UNL:ALA:VdWContact': 1, 'UNL:CYS:HBAcceptor': 1, 'UNL:CYS:HBDonor': 1, 'UNL:CYS:VdWContact': 2, 'UNL:GLU:VdWContact': 1, 'UNL:GLY:VdWContact': 2, 'UNL:LEU:Hydrophobic': 1, 'UNL:LEU:VdWContact': 1, 'UNL:PHE:Hydrophobic': 1, 'UNL:PHE:VdWContact': 1, 'UNL:TYR:VdWContact': 1, 'UNL:VAL:Hydrophobic': 1, 'UNL:VAL:VdWContact': 1}","{'UNL:ALA:Hydrophobic': 1, 'UNL:ARG:VdWContact': 1, 'UNL:ASP:HBAcceptor': 1, 'UNL:ASP:Hydrophobic': 1, 'UNL:ASP:VdWContact': 1, 'UNL:CYS:HBAcceptor': 1, 'UNL:CYS:Hydrophobic': 1, 'UNL:CYS:VdWContact': 2, 'UNL:GLU:Hydrophobic': 1, 'UNL:GLU:VdWContact': 1, 'UNL:HIS:VdWContact': 1, 'UNL:ILE:VdWContact': 1, 'UNL:LEU:Hydrophobic': 4, 'UNL:LEU:VdWContact': 1, 'UNL:LYS:Hydrophobic': 1, 'UNL:LYS:VdWContact': 1, 'UNL:PHE:Hydrophobic': 1, 'UNL:PHE:VdWContact': 1, 'UNL:THR:HBDonor': 1, 'UNL:THR:Hydrophobic': 1, 'UNL:THR:VdWContact': 1, 'UNL:TYR:Hydrophobic': 1, 'UNL:VAL:Hydrophobic': 4}"
290,Chai-1,1IG3_VIB,0.0,0.3636363636363636,"{'UNL:ASP:HBDonor': 1, 'UNL:ASP:VdWContact': 1, 'UNL:GLN:HBDonor': 1, 'UNL:GLN:VdWContact': 1, 'UNL:LEU:VdWContact': 1, 'UNL:SER:VdWContact': 2, 'UNL:THR:VdWContact': 1, 'UNL:TRP:Hydrophobic': 1, 'UNL:TRP:VdWContact': 1}","{'UNL:ASN:Hydrophobic': 1, 'UNL:ASP:HBDonor': 1, 'UNL:ASP:VdWContact': 1, 'UNL:GLN:HBDonor': 1, 'UNL:GLN:Hydrophobic': 1, 'UNL:GLN:VdWContact': 1, 'UNL:LEU:Hydrophobic': 2, 'UNL:SER:VdWContact': 2, 'UNL:THR:Hydrophobic': 1, 'UNL:THR:VdWContact': 2, 'UNL:TRP:Hydrophobic': 1}"
291,Chai-1,1Q4G_BFL,0.3333333333333333,0.6666666666666667,"{'UNL:ALA:VdWContact': 1, 'UNL:ARG:HBAcceptor': 1, 'UNL:ARG:HBDonor': 1, 'UNL:ARG:VdWContact': 1, 'UNL:GLY:VdWContact': 1, 'UNL:TRP:VdWContact': 1, 'UNL:TYR:VdWContact': 2, 'UNL:VAL:VdWContact': 1}","{'UNL:ALA:Hydrophobic': 1, 'UNL:ALA:VdWContact': 1, 'UNL:ARG:HBAcceptor': 1, 'UNL:ARG:HBDonor': 1, 'UNL:ARG:VdWContact': 1, 'UNL:ILE:Hydrophobic': 1, 'UNL:LEU:Hydrophobic': 4, 'UNL:TRP:Hydrophobic': 1, 'UNL:TYR:HBAcceptor': 1, 'UNL:TYR:Hydrophobic': 2, 'UNL:TYR:VdWContact': 2, 'UNL:VAL:Hydrophobic': 2}"
292,Chai-1,1OYT_FSN,0.3333333333333333,0.0,"{'UNL:ALA:VdWContact': 1, 'UNL:ASN:VdWContact': 1, 'UNL:ASP:HBDonor': 1, 'UNL:ASP:VdWContact': 1, 'UNL:GLU:VdWContact': 1, 'UNL:GLY:HBAcceptor': 1, 'UNL:GLY:VdWContact': 2, 'UNL:HIS:VdWContact': 1, 'UNL:LEU:Hydrophobic': 1, 'UNL:LEU:VdWContact': 1, 'UNL:SER:VdWContact': 2, 'UNL:TRP:Hydrophobic': 1, 'UNL:TRP:VdWContact': 1, 'UNL:TYR:VdWContact': 1}","{'UNL:ALA:VdWContact': 1, 'UNL:ASN:VdWContact': 1, 'UNL:ASP:HBDonor': 1, 'UNL:ASP:VdWContact': 1, 'UNL:GLU:Hydrophobic': 1, 'UNL:GLY:HBAcceptor': 1, 'UNL:GLY:HBDonor': 1, 'UNL:GLY:VdWContact': 2, 'UNL:HIS:VdWContact': 1, 'UNL:ILE:Hydrophobic': 1, 'UNL:LEU:Hydrophobic': 1, 'UNL:SER:VdWContact': 1, 'UNL:TRP:Hydrophobic': 2, 'UNL:TRP:VdWContact': 1, 'UNL:VAL:Hydrophobic': 1}"
293,Chai-1,1UNL_RRC,0.3333333333333333,0.5625,"{'UNL:ASP:VdWContact': 2, 'UNL:CYS:HBAcceptor': 1, 'UNL:CYS:HBDonor': 1, 'UNL:CYS:VdWContact': 1, 'UNL:GLN:VdWContact': 1, 'UNL:GLU:VdWContact': 1, 'UNL:GLY:VdWContact': 1, 'UNL:ILE:Hydrophobic': 1, 'UNL:LEU:VdWContact': 1, 'UNL:LYS:Hydrophobic': 1, 'UNL:PHE:VdWContact': 1, 'UNL:VAL:VdWContact': 2}","{'UNL:ALA:Hydrophobic': 2, 'UNL:ALA:VdWContact': 1, 'UNL:ASP:VdWContact': 1, 'UNL:CYS:HBAcceptor': 1, 'UNL:CYS:HBDonor': 1, 'UNL:CYS:VdWContact': 1, 'UNL:GLN:HBDonor': 1, 'UNL:GLN:VdWContact': 2, 'UNL:GLU:VdWContact': 2, 'UNL:ILE:Hydrophobic': 1, 'UNL:ILE:VdWContact': 1, 'UNL:LEU:Hydrophobic': 1, 'UNL:LYS:Hydrophobic': 2, 'UNL:PHE:Hydrophobic': 2, 'UNL:PHE:VdWContact': 1, 'UNL:VAL:Hydrophobic': 2, 'UNL:VAL:VdWContact': 2}"
294,Chai-1,1U1C_BAU,0.25,0.25,"{'UNL:ARG:HBAcceptor': 1, 'UNL:ARG:VdWContact': 1, 'UNL:GLN:HBAcceptor': 1, 'UNL:GLN:HBDonor': 1, 'UNL:GLN:VdWContact': 1, 'UNL:GLU:VdWContact': 1, 'UNL:HIS:VdWContact': 1, 'UNL:ILE:Hydrophobic': 1, 'UNL:MET:VdWContact': 1, 'UNL:PHE:Hydrophobic': 1, 'UNL:PHE:VdWContact': 2, 'UNL:THR:VdWContact': 1}","{'UNL:ARG:HBAcceptor': 1, 'UNL:ARG:VdWContact': 1, 'UNL:GLN:HBAcceptor': 1, 'UNL:GLN:HBDonor': 1, 'UNL:GLN:VdWContact': 1, 'UNL:GLU:VdWContact': 1, 'UNL:HIS:HBDonor': 1, 'UNL:HIS:VdWContact': 1, 'UNL:ILE:Hydrophobic': 1, 'UNL:ILE:VdWContact': 1, 'UNL:MET:VdWContact': 1, 'UNL:PHE:Hydrophobic': 2, 'UNL:PHE:VdWContact': 1, 'UNL:PRO:Hydrophobic': 1, 'UNL:THR:VdWContact': 1, 'UNL:VAL:Hydrophobic': 1}"
295,Chai-1,1K3U_IAD,0.08333333333333337,0.25,"{'UNL:ASN:HBAcceptor': 1, 'UNL:ASN:HBDonor': 1, 'UNL:ASN:VdWContact': 1, 'UNL:CYS:VdWContact': 1, 'UNL:GLU:HBDonor': 1, 'UNL:GLU:Hydrophobic': 1, 'UNL:GLU:VdWContact': 2, 'UNL:GLY:HBAcceptor': 1, 'UNL:GLY:VdWContact': 4, 'UNL:HIS:VdWContact': 1, 'UNL:LEU:Hydrophobic': 1, 'UNL:LEU:VdWContact': 2, 'UNL:LYS:VdWContact': 1, 'UNL:PHE:Hydrophobic': 1, 'UNL:PHE:VdWContact': 2, 'UNL:SER:HBAcceptor': 2, 'UNL:SER:HBDonor': 1, 'UNL:SER:VdWContact': 1, 'UNL:THR:HBAcceptor': 1, 'UNL:THR:VdWContact': 1}","{'UNL:ALA:Hydrophobic': 2, 'UNL:ASP:HBDonor': 1, 'UNL:ASP:VdWContact': 1, 'UNL:GLY:HBAcceptor': 3, 'UNL:GLY:HBDonor': 1, 'UNL:GLY:VdWContact': 4, 'UNL:ILE:HBAcceptor': 1, 'UNL:ILE:Hydrophobic': 3, 'UNL:ILE:VdWContact': 3, 'UNL:LEU:Hydrophobic': 2, 'UNL:PHE:HBAcceptor': 1, 'UNL:PHE:HBDonor': 1, 'UNL:PHE:Hydrophobic': 2, 'UNL:PHE:VdWContact': 2, 'UNL:SER:HBAcceptor': 1, 'UNL:SER:VdWContact': 1, 'UNL:THR:Hydrophobic': 1, 'UNL:THR:VdWContact': 1, 'UNL:TYR:Hydrophobic': 1, 'UNL:TYR:VdWContact': 1}"
296,Chai-1,1IA1_TQ3,0.0,0.18181818181818182,"{'UNL:GLU:HBDonor': 1, 'UNL:GLU:VdWContact': 1, 'UNL:ILE:HBDonor': 1, 'UNL:ILE:Hydrophobic': 3, 'UNL:ILE:VdWContact': 3, 'UNL:MET:Hydrophobic': 1, 'UNL:MET:VdWContact': 1, 'UNL:PHE:Hydrophobic': 1, 'UNL:TYR:VdWContact': 1, 'UNL:VAL:VdWContact': 1}","{'UNL:ALA:Hydrophobic': 1, 'UNL:GLU:HBDonor': 1, 'UNL:GLU:VdWContact': 1, 'UNL:ILE:HBDonor': 1, 'UNL:ILE:Hydrophobic': 4, 'UNL:ILE:VdWContact': 3, 'UNL:LEU:Hydrophobic': 1, 'UNL:MET:Hydrophobic': 1, 'UNL:MET:VdWContact': 1, 'UNL:PHE:Hydrophobic': 1, 'UNL:THR:Hydrophobic': 1}"
297,Chai-1,1Q1G_MTI,0.0,0.4666666666666667,"{'UNL:ASP:HBDonor': 1, 'UNL:ASP:VdWContact': 1, 'UNL:GLU:HBDonor': 1, 'UNL:GLU:Hydrophobic': 1, 'UNL:GLU:VdWContact': 2, 'UNL:HIS:VdWContact': 1, 'UNL:MET:HBAcceptor': 1, 'UNL:MET:VdWContact': 1, 'UNL:SER:VdWContact': 1, 'UNL:TRP:VdWContact': 1, 'UNL:TYR:VdWContact': 1, 'UNL:VAL:VdWContact': 1}","{'UNL:ASP:HBDonor': 1, 'UNL:ASP:VdWContact': 1, 'UNL:CYS:VdWContact': 1, 'UNL:GLU:HBDonor': 1, 'UNL:GLU:Hydrophobic': 1, 'UNL:GLU:VdWContact': 2, 'UNL:GLY:VdWContact': 1, 'UNL:MET:HBAcceptor': 1, 'UNL:MET:Hydrophobic': 1, 'UNL:MET:VdWContact': 1, 'UNL:SER:VdWContact': 1, 'UNL:TRP:Hydrophobic': 1, 'UNL:TRP:VdWContact': 1, 'UNL:TYR:Hydrophobic': 1, 'UNL:TYR:VdWContact': 1, 'UNL:VAL:Hydrophobic': 3, 'UNL:VAL:VdWContact': 1}"
298,Chai-1,1R1H_BIR,0.25,0.3571428571428571,"{'UNL:ALA:VdWContact': 1, 'UNL:ARG:HBAcceptor': 1, 'UNL:ARG:VdWContact': 2, 'UNL:ASN:HBAcceptor': 1, 'UNL:ASN:HBDonor': 1, 'UNL:ASN:VdWContact': 1, 'UNL:GLU:VdWContact': 1, 'UNL:HIS:Hydrophobic': 1, 'UNL:HIS:VdWContact': 2, 'UNL:MET:Hydrophobic': 1, 'UNL:PHE:Hydrophobic': 1, 'UNL:PHE:VdWContact': 1, 'UNL:TRP:VdWContact': 1, 'UNL:VAL:Hydrophobic': 1}","{'UNL:ALA:Hydrophobic': 1, 'UNL:ALA:VdWContact': 1, 'UNL:ARG:HBAcceptor': 1, 'UNL:ARG:VdWContact': 1, 'UNL:ASN:HBAcceptor': 1, 'UNL:ASN:HBDonor': 1, 'UNL:ASN:VdWContact': 1, 'UNL:GLU:HBDonor': 1, 'UNL:GLU:VdWContact': 1, 'UNL:HIS:Hydrophobic': 1, 'UNL:HIS:VdWContact': 2, 'UNL:MET:Hydrophobic': 1, 'UNL:PHE:Hydrophobic': 3, 'UNL:PHE:VdWContact': 1, 'UNL:TRP:Hydrophobic': 1, 'UNL:TRP:VdWContact': 1, 'UNL:VAL:Hydrophobic': 2, 'UNL:VAL:VdWContact': 1}"
299,Chai-1,1YVF_PH7,0.3333333333333333,0.043478260869565244,"{'UNL:ARG:HBAcceptor': 1, 'UNL:ARG:Hydrophobic': 1, 'UNL:ARG:VdWContact': 1, 'UNL:ILE:Hydrophobic': 1, 'UNL:ILE:VdWContact': 1, 'UNL:LEU:Hydrophobic': 2, 'UNL:LEU:VdWContact': 2, 'UNL:MET:Hydrophobic': 1, 'UNL:MET:VdWContact': 1, 'UNL:SER:HBAcceptor': 1, 'UNL:SER:VdWContact': 1, 'UNL:TRP:Hydrophobic': 1, 'UNL:TRP:VdWContact': 1, 'UNL:TYR:VdWContact': 1, 'UNL:VAL:Hydrophobic': 1, 'UNL:VAL:VdWContact': 1}","{'UNL:ARG:Hydrophobic': 1, 'UNL:ASN:Hydrophobic': 1, 'UNL:ASN:VdWContact': 1, 'UNL:CYS:Hydrophobic': 1, 'UNL:CYS:VdWContact': 1, 'UNL:GLN:VdWContact': 1, 'UNL:LEU:Hydrophobic': 1, 'UNL:MET:Hydrophobic': 1, 'UNL:MET:VdWContact': 1, 'UNL:PHE:Hydrophobic': 1, 'UNL:PRO:Hydrophobic': 1, 'UNL:PRO:VdWContact': 1, 'UNL:SER:VdWContact': 2, 'UNL:TYR:HBAcceptor': 1, 'UNL:TYR:Hydrophobic': 2, 'UNL:TYR:VdWContact': 1}"
300,Chai-1,1YQY_915,0.4,0.14285714285714282,"{'UNL:GLU:VdWContact': 3, 'UNL:GLY:HBAcceptor': 1, 'UNL:GLY:HBDonor': 1, 'UNL:GLY:VdWContact': 1, 'UNL:HIS:HBDonor': 1, 'UNL:HIS:Hydrophobic': 1, 'UNL:HIS:VdWContact': 2, 'UNL:LEU:Hydrophobic': 1, 'UNL:LEU:VdWContact': 1, 'UNL:LYS:Hydrophobic': 1, 'UNL:LYS:VdWContact': 1, 'UNL:SER:VdWContact': 1, 'UNL:TYR:VdWContact': 1, 'UNL:VAL:Hydrophobic': 1, 'UNL:VAL:VdWContact': 2}","{'UNL:ASP:Hydrophobic': 1, 'UNL:GLU:VdWContact': 3, 'UNL:GLY:HBAcceptor': 1, 'UNL:GLY:HBDonor': 1, 'UNL:GLY:VdWContact': 1, 'UNL:HIS:HBAcceptor': 1, 'UNL:HIS:HBDonor': 1, 'UNL:HIS:Hydrophobic': 1, 'UNL:HIS:VdWContact': 1, 'UNL:LEU:Hydrophobic': 2, 'UNL:LEU:VdWContact': 2, 'UNL:LYS:Hydrophobic': 1, 'UNL:SER:VdWContact': 1, 'UNL:TYR:HBDonor': 1, 'UNL:TYR:Hydrophobic': 1, 'UNL:TYR:VdWContact': 1, 'UNL:VAL:Hydrophobic': 2, 'UNL:VAL:VdWContact': 1}"
301,Chai-1,1HWW_SWA,1.0,0.4444444444444445,"{'UNL:ARG:VdWContact': 1, 'UNL:ASP:HBDonor': 2, 'UNL:ASP:VdWContact': 4, 'UNL:HIS:VdWContact': 1, 'UNL:PHE:VdWContact': 1, 'UNL:TRP:VdWContact': 2, 'UNL:TYR:VdWContact': 2}","{'UNL:ARG:VdWContact': 1, 'UNL:ASP:HBDonor': 1, 'UNL:ASP:VdWContact': 3, 'UNL:HIS:VdWContact': 1, 'UNL:PHE:Hydrophobic': 1, 'UNL:PHE:VdWContact': 1, 'UNL:TRP:HBDonor': 1, 'UNL:TRP:Hydrophobic': 1, 'UNL:TRP:VdWContact': 2, 'UNL:TYR:Hydrophobic': 1, 'UNL:TYR:VdWContact': 2}"
302,Chai-1,1T40_ID5,0.5,0.857142857142857,"{'UNL:CYS:Hydrophobic': 1, 'UNL:HIS:VdWContact': 1, 'UNL:LEU:HBAcceptor': 1, 'UNL:LEU:Hydrophobic': 1, 'UNL:LEU:VdWContact': 1, 'UNL:THR:VdWContact': 1, 'UNL:TRP:HBAcceptor': 1, 'UNL:TRP:Hydrophobic': 2, 'UNL:TRP:VdWContact': 2, 'UNL:TYR:VdWContact': 1}","{'UNL:CYS:Hydrophobic': 1, 'UNL:CYS:VdWContact': 2, 'UNL:HIS:HBAcceptor': 1, 'UNL:HIS:HBDonor': 1, 'UNL:HIS:VdWContact': 1, 'UNL:LEU:HBAcceptor': 1, 'UNL:LEU:Hydrophobic': 1, 'UNL:LEU:VdWContact': 1, 'UNL:PHE:Hydrophobic': 2, 'UNL:THR:Hydrophobic': 1, 'UNL:THR:VdWContact': 1, 'UNL:TRP:HBAcceptor': 1, 'UNL:TRP:Hydrophobic': 4, 'UNL:TRP:VdWContact': 2, 'UNL:TYR:Hydrophobic': 2, 'UNL:TYR:VdWContact': 2, 'UNL:VAL:Hydrophobic': 1, 'UNL:VAL:VdWContact': 1}"
303,Chai-1,1GKC_NFH,0.39999999999999997,0.35714285714285715,"{'UNL:ALA:VdWContact': 1, 'UNL:GLU:VdWContact': 1, 'UNL:GLY:HBDonor': 1, 'UNL:GLY:VdWContact': 1, 'UNL:HIS:HBAcceptor': 2, 'UNL:HIS:VdWContact': 2, 'UNL:LEU:HBAcceptor': 1, 'UNL:LEU:VdWContact': 1, 'UNL:MET:VdWContact': 1, 'UNL:TYR:HBAcceptor': 1, 'UNL:TYR:Hydrophobic': 1, 'UNL:TYR:VdWContact': 1, 'UNL:VAL:VdWContact': 1}","{'UNL:ALA:VdWContact': 1, 'UNL:GLU:VdWContact': 1, 'UNL:GLY:HBDonor': 1, 'UNL:GLY:VdWContact': 1, 'UNL:HIS:HBAcceptor': 1, 'UNL:HIS:Hydrophobic': 1, 'UNL:HIS:VdWContact': 2, 'UNL:LEU:HBAcceptor': 1, 'UNL:LEU:Hydrophobic': 1, 'UNL:LEU:VdWContact': 1, 'UNL:MET:Hydrophobic': 1, 'UNL:MET:VdWContact': 1, 'UNL:PRO:HBDonor': 1, 'UNL:PRO:VdWContact': 1, 'UNL:TYR:HBAcceptor': 1, 'UNL:TYR:Hydrophobic': 1, 'UNL:TYR:VdWContact': 1, 'UNL:VAL:Hydrophobic': 1, 'UNL:VAL:VdWContact': 1}"
304,Chai-1,1Z95_198,0.0,0.5714285714285714,"{'UNL:ARG:VdWContact': 1, 'UNL:ASN:VdWContact': 1, 'UNL:ILE:Hydrophobic': 1, 'UNL:ILE:VdWContact': 1, 'UNL:LEU:HBDonor': 1, 'UNL:LEU:Hydrophobic': 3, 'UNL:LEU:VdWContact': 2, 'UNL:MET:Hydrophobic': 2, 'UNL:MET:VdWContact': 3, 'UNL:PHE:VdWContact': 1, 'UNL:THR:VdWContact': 1}","{'UNL:ARG:VdWContact': 1, 'UNL:ASN:VdWContact': 1, 'UNL:GLY:VdWContact': 1, 'UNL:ILE:Hydrophobic': 2, 'UNL:ILE:VdWContact': 1, 'UNL:LEU:HBDonor': 1, 'UNL:LEU:Hydrophobic': 4, 'UNL:LEU:VdWContact': 2, 'UNL:MET:Hydrophobic': 3, 'UNL:MET:VdWContact': 3, 'UNL:PHE:Hydrophobic': 2, 'UNL:PHE:VdWContact': 1, 'UNL:THR:Hydrophobic': 1, 'UNL:THR:VdWContact': 1, 'UNL:VAL:Hydrophobic': 1}"
305,Chai-1,1HP0_AD3,0.6666666666666666,0.5555555555555555,"{'UNL:ASN:HBAcceptor': 2, 'UNL:ASN:HBDonor': 1, 'UNL:ASN:VdWContact': 2, 'UNL:ASP:HBDonor': 1, 'UNL:ASP:VdWContact': 3, 'UNL:GLU:VdWContact': 1, 'UNL:MET:VdWContact': 1, 'UNL:TRP:VdWContact': 2}","{'UNL:ASN:HBAcceptor': 2, 'UNL:ASN:Hydrophobic': 1, 'UNL:ASN:VdWContact': 3, 'UNL:ASP:VdWContact': 3, 'UNL:GLU:VdWContact': 1, 'UNL:MET:VdWContact': 1, 'UNL:THR:VdWContact': 1, 'UNL:TRP:Hydrophobic': 2, 'UNL:TRP:VdWContact': 1, 'UNL:TYR:VdWContact': 1}"
306,Chai-1,1OF1_SCT,0.5,0.6153846153846154,"{'UNL:ALA:VdWContact': 1, 'UNL:ARG:VdWContact': 1, 'UNL:GLN:HBAcceptor': 1, 'UNL:GLN:HBDonor': 1, 'UNL:GLN:VdWContact': 1, 'UNL:HIS:VdWContact': 1, 'UNL:ILE:Hydrophobic': 1, 'UNL:TRP:VdWContact': 1, 'UNL:TYR:Hydrophobic': 1, 'UNL:TYR:VdWContact': 2}","{'UNL:ALA:Hydrophobic': 2, 'UNL:ALA:VdWContact': 1, 'UNL:ARG:HBAcceptor': 1, 'UNL:ARG:HBDonor': 1, 'UNL:ARG:VdWContact': 1, 'UNL:GLN:HBAcceptor': 1, 'UNL:GLN:HBDonor': 1, 'UNL:GLN:VdWContact': 1, 'UNL:GLU:VdWContact': 2, 'UNL:HIS:Hydrophobic': 1, 'UNL:HIS:VdWContact': 1, 'UNL:ILE:Hydrophobic': 2, 'UNL:MET:Hydrophobic': 1, 'UNL:TRP:Hydrophobic': 1, 'UNL:TYR:Hydrophobic': 2, 'UNL:TYR:VdWContact': 2}"
307,Chai-1,1SJ0_E4D,0.25,0.3684210526315791,"{'UNL:ARG:HBAcceptor': 1, 'UNL:ARG:VdWContact': 1, 'UNL:ASP:VdWContact': 1, 'UNL:GLU:HBDonor': 1, 'UNL:GLU:VdWContact': 1, 'UNL:GLY:VdWContact': 1, 'UNL:HIS:VdWContact': 1, 'UNL:ILE:Hydrophobic': 1, 'UNL:ILE:VdWContact': 1, 'UNL:LEU:Hydrophobic': 5, 'UNL:LEU:VdWContact': 3, 'UNL:MET:Hydrophobic': 2, 'UNL:MET:VdWContact': 1, 'UNL:THR:VdWContact': 1, 'UNL:TRP:VdWContact': 1}","{'UNL:ALA:Hydrophobic': 1, 'UNL:ARG:HBAcceptor': 1, 'UNL:ARG:VdWContact': 1, 'UNL:ASP:VdWContact': 1, 'UNL:CYS:Hydrophobic': 1, 'UNL:CYS:VdWContact': 1, 'UNL:GLU:VdWContact': 1, 'UNL:HIS:HBDonor': 1, 'UNL:HIS:Hydrophobic': 1, 'UNL:HIS:VdWContact': 1, 'UNL:ILE:Hydrophobic': 1, 'UNL:LEU:HBDonor': 1, 'UNL:LEU:Hydrophobic': 7, 'UNL:LEU:VdWContact': 3, 'UNL:MET:Hydrophobic': 3, 'UNL:MET:VdWContact': 1, 'UNL:PHE:Hydrophobic': 1, 'UNL:THR:VdWContact': 1, 'UNL:TRP:Hydrophobic': 1, 'UNL:TRP:VdWContact': 1}"
308,Chai-1,1U4D_DBQ,0.3333333333333333,0.0,"{'UNL:ALA:HBAcceptor': 1, 'UNL:ALA:VdWContact': 1, 'UNL:ASN:VdWContact': 1, 'UNL:ASP:VdWContact': 1, 'UNL:GLU:HBDonor': 1, 'UNL:GLU:VdWContact': 1, 'UNL:LEU:Hydrophobic': 1, 'UNL:LEU:VdWContact': 2, 'UNL:VAL:Hydrophobic': 1, 'UNL:VAL:VdWContact': 1}","{'UNL:ALA:HBAcceptor': 1, 'UNL:ALA:Hydrophobic': 1, 'UNL:ALA:VdWContact': 1, 'UNL:ASP:HBDonor': 1, 'UNL:ASP:VdWContact': 1, 'UNL:GLU:HBDonor': 1, 'UNL:GLU:VdWContact': 1, 'UNL:LEU:Hydrophobic': 2, 'UNL:LEU:VdWContact': 1, 'UNL:LYS:VdWContact': 1, 'UNL:VAL:Hydrophobic': 1}"
309,Chai-1,1Q41_IXM,0.0,0.5833333333333333,"{'UNL:ASP:HBDonor': 1, 'UNL:ASP:VdWContact': 1, 'UNL:CYS:Hydrophobic': 1, 'UNL:LEU:Hydrophobic': 1, 'UNL:LEU:VdWContact': 1, 'UNL:PRO:VdWContact': 1, 'UNL:VAL:HBAcceptor': 1, 'UNL:VAL:HBDonor': 1, 'UNL:VAL:VdWContact': 1}","{'UNL:ALA:Hydrophobic': 1, 'UNL:ASP:HBDonor': 1, 'UNL:ASP:VdWContact': 1, 'UNL:CYS:Hydrophobic': 1, 'UNL:ILE:Hydrophobic': 1, 'UNL:LEU:Hydrophobic': 2, 'UNL:PRO:VdWContact': 1, 'UNL:THR:Hydrophobic': 1, 'UNL:TYR:Hydrophobic': 1, 'UNL:TYR:VdWContact': 1, 'UNL:VAL:HBAcceptor': 1, 'UNL:VAL:HBDonor': 1, 'UNL:VAL:Hydrophobic': 2, 'UNL:VAL:VdWContact': 1}"
310,Chai-1,1OWE_675,0.0,0.5,"{'UNL:ASP:HBDonor': 1, 'UNL:ASP:VdWContact': 1, 'UNL:GLN:Hydrophobic': 1, 'UNL:GLY:HBDonor': 1, 'UNL:GLY:VdWContact': 2, 'UNL:HIS:VdWContact': 1, 'UNL:SER:VdWContact': 2}","{'UNL:ASP:HBDonor': 1, 'UNL:ASP:VdWContact': 1, 'UNL:GLN:Hydrophobic': 1, 'UNL:GLN:VdWContact': 1, 'UNL:GLY:HBDonor': 1, 'UNL:GLY:VdWContact': 1, 'UNL:HIS:Hydrophobic': 1, 'UNL:HIS:VdWContact': 1, 'UNL:SER:VdWContact': 2, 'UNL:VAL:Hydrophobic': 1}"
311,Chai-1,1OQ5_CEL,0.0,0.4666666666666667,"{'UNL:ASN:VdWContact': 1, 'UNL:HIS:HBDonor': 1, 'UNL:HIS:Hydrophobic': 1, 'UNL:HIS:VdWContact': 2, 'UNL:LEU:Hydrophobic': 1, 'UNL:LEU:VdWContact': 1, 'UNL:PHE:VdWContact': 1, 'UNL:THR:HBAcceptor': 1, 'UNL:THR:HBDonor': 1, 'UNL:THR:VdWContact': 2}","{'UNL:ASN:Hydrophobic': 1, 'UNL:ASN:VdWContact': 1, 'UNL:GLN:Hydrophobic': 1, 'UNL:GLN:VdWContact': 1, 'UNL:GLU:Hydrophobic': 1, 'UNL:GLU:VdWContact': 1, 'UNL:HIS:HBDonor': 1, 'UNL:HIS:VdWContact': 1, 'UNL:LEU:Hydrophobic': 1, 'UNL:LEU:VdWContact': 1, 'UNL:PHE:Hydrophobic': 1, 'UNL:THR:HBAcceptor': 1, 'UNL:THR:HBDonor': 1, 'UNL:THR:Hydrophobic': 1, 'UNL:THR:VdWContact': 2, 'UNL:VAL:Hydrophobic': 1}"
312,Chai-1,1SG0_STL,0.5,0.33333333333333337,"{'UNL:ASN:HBAcceptor': 1, 'UNL:ASN:VdWContact': 1, 'UNL:PHE:Hydrophobic': 1, 'UNL:PHE:VdWContact': 3, 'UNL:TRP:Hydrophobic': 1, 'UNL:TRP:VdWContact': 1}","{'UNL:ASN:HBAcceptor': 1, 'UNL:ASN:VdWContact': 1, 'UNL:GLY:HBDonor': 1, 'UNL:GLY:VdWContact': 1, 'UNL:PHE:Hydrophobic': 3, 'UNL:PHE:VdWContact': 2, 'UNL:TRP:Hydrophobic': 1, 'UNL:TRP:VdWContact': 1}"
313,Chai-1,2BR1_PFP,0.0,0.14285714285714293,"{'UNL:ALA:VdWContact': 1, 'UNL:ASP:VdWContact': 1, 'UNL:CYS:HBAcceptor': 1, 'UNL:CYS:VdWContact': 1, 'UNL:GLU:Hydrophobic': 1, 'UNL:GLU:VdWContact': 2, 'UNL:GLY:VdWContact': 1, 'UNL:LEU:Hydrophobic': 1, 'UNL:SER:VdWContact': 1, 'UNL:VAL:Hydrophobic': 1, 'UNL:VAL:VdWContact': 1}","{'UNL:ALA:Hydrophobic': 1, 'UNL:ALA:VdWContact': 1, 'UNL:CYS:HBAcceptor': 1, 'UNL:CYS:Hydrophobic': 1, 'UNL:CYS:VdWContact': 1, 'UNL:GLU:Hydrophobic': 1, 'UNL:GLU:VdWContact': 2, 'UNL:LEU:Hydrophobic': 2, 'UNL:LEU:VdWContact': 1, 'UNL:SER:VdWContact': 1, 'UNL:TYR:Hydrophobic': 1, 'UNL:VAL:Hydrophobic': 1}"
314,Chai-1,1UOU_CMU,0.3333333333333333,0.16666666666666669,"{'UNL:ARG:HBAcceptor': 1, 'UNL:ARG:VdWContact': 2, 'UNL:GLY:VdWContact': 1, 'UNL:HIS:VdWContact': 1, 'UNL:ILE:Hydrophobic': 1, 'UNL:ILE:VdWContact': 1, 'UNL:LEU:VdWContact': 1, 'UNL:LYS:VdWContact': 1, 'UNL:SER:HBDonor': 1, 'UNL:SER:VdWContact': 2, 'UNL:THR:VdWContact': 2, 'UNL:TYR:VdWContact': 1}","{'UNL:ARG:HBAcceptor': 1, 'UNL:ARG:VdWContact': 2, 'UNL:GLY:VdWContact': 1, 'UNL:HIS:HBDonor': 1, 'UNL:HIS:VdWContact': 1, 'UNL:ILE:Hydrophobic': 2, 'UNL:LEU:Hydrophobic': 1, 'UNL:LEU:VdWContact': 1, 'UNL:LYS:VdWContact': 1, 'UNL:SER:HBDonor': 1, 'UNL:SER:VdWContact': 2, 'UNL:THR:VdWContact': 2, 'UNL:TYR:Hydrophobic': 1, 'UNL:TYR:VdWContact': 1}"
315,Chai-1,1TZ8_DES,0.5,0.25,"{'UNL:ALA:VdWContact': 3, 'UNL:LEU:Hydrophobic': 4, 'UNL:LEU:VdWContact': 2, 'UNL:LYS:Hydrophobic': 2, 'UNL:LYS:VdWContact': 2, 'UNL:SER:HBAcceptor': 2, 'UNL:SER:VdWContact': 2}","{'UNL:ALA:Hydrophobic': 2, 'UNL:LEU:Hydrophobic': 4, 'UNL:LEU:VdWContact': 2, 'UNL:LYS:Hydrophobic': 2, 'UNL:LYS:VdWContact': 1, 'UNL:SER:HBAcceptor': 2, 'UNL:SER:HBDonor': 1, 'UNL:SER:VdWContact': 2, 'UNL:THR:Hydrophobic': 2}"
316,Chai-1,1R9O_FLP,0.5,0.5714285714285714,"{'UNL:ARG:HBAcceptor': 1, 'UNL:ARG:VdWContact': 1, 'UNL:ASP:VdWContact': 1, 'UNL:LEU:Hydrophobic': 1, 'UNL:LEU:VdWContact': 3, 'UNL:PHE:VdWContact': 1, 'UNL:VAL:VdWContact': 1}","{'UNL:ALA:Hydrophobic': 1, 'UNL:ARG:HBAcceptor': 1, 'UNL:ARG:VdWContact': 1, 'UNL:ASN:HBAcceptor': 1, 'UNL:ASN:VdWContact': 1, 'UNL:ASP:VdWContact': 1, 'UNL:GLY:VdWContact': 1, 'UNL:ILE:Hydrophobic': 1, 'UNL:LEU:Hydrophobic': 4, 'UNL:MET:Hydrophobic': 1, 'UNL:MET:VdWContact': 1, 'UNL:THR:Hydrophobic': 1, 'UNL:VAL:Hydrophobic': 2, 'UNL:VAL:VdWContact': 1}"
317,Chai-1,1V0P_PVB,0.5,0.16666666666666657,"{'UNL:ALA:VdWContact': 2, 'UNL:ASP:VdWContact': 2, 'UNL:GLN:Hydrophobic': 1, 'UNL:GLN:VdWContact': 2, 'UNL:GLU:VdWContact': 2, 'UNL:GLY:VdWContact': 2, 'UNL:HIS:VdWContact': 1, 'UNL:ILE:VdWContact': 1, 'UNL:LEU:HBAcceptor': 1, 'UNL:LEU:VdWContact': 2, 'UNL:LYS:Hydrophobic': 1, 'UNL:LYS:VdWContact': 1, 'UNL:PHE:VdWContact': 1, 'UNL:VAL:VdWContact': 2}","{'UNL:ALA:Hydrophobic': 2, 'UNL:ALA:VdWContact': 2, 'UNL:GLN:VdWContact': 1, 'UNL:GLU:VdWContact': 1, 'UNL:GLY:VdWContact': 2, 'UNL:ILE:Hydrophobic': 1, 'UNL:LEU:HBAcceptor': 1, 'UNL:LEU:HBDonor': 1, 'UNL:LEU:Hydrophobic': 1, 'UNL:LEU:VdWContact': 2, 'UNL:PHE:Hydrophobic': 1, 'UNL:VAL:Hydrophobic': 2, 'UNL:VAL:VdWContact': 2}"
318,Chai-1,1XOZ_CIA,0.0,0.5333333333333334,"{'UNL:ALA:VdWContact': 2, 'UNL:GLN:HBDonor': 1, 'UNL:GLN:Hydrophobic': 1, 'UNL:GLN:VdWContact': 1, 'UNL:LEU:VdWContact': 1, 'UNL:MET:Hydrophobic': 1, 'UNL:MET:VdWContact': 1, 'UNL:PHE:Hydrophobic': 1, 'UNL:PHE:VdWContact': 1, 'UNL:VAL:Hydrophobic': 1}","{'UNL:ALA:Hydrophobic': 2, 'UNL:GLN:HBDonor': 1, 'UNL:GLN:Hydrophobic': 1, 'UNL:GLN:VdWContact': 2, 'UNL:ILE:Hydrophobic': 2, 'UNL:ILE:VdWContact': 1, 'UNL:LEU:Hydrophobic': 1, 'UNL:LEU:VdWContact': 1, 'UNL:MET:Hydrophobic': 1, 'UNL:MET:VdWContact': 1, 'UNL:PHE:Hydrophobic': 2, 'UNL:PHE:VdWContact': 1, 'UNL:TYR:Hydrophobic': 1, 'UNL:VAL:Hydrophobic': 1, 'UNL:VAL:VdWContact': 1}"
319,Chai-1,1R55_097,0.0,0.8,"{'UNL:ALA:HBDonor': 2, 'UNL:ALA:VdWContact': 3, 'UNL:GLU:VdWContact': 1, 'UNL:GLY:HBDonor': 1, 'UNL:GLY:VdWContact': 1, 'UNL:HIS:HBAcceptor': 1, 'UNL:HIS:VdWContact': 3, 'UNL:THR:HBAcceptor': 1, 'UNL:THR:VdWContact': 3, 'UNL:VAL:HBAcceptor': 1, 'UNL:VAL:VdWContact': 1}","{'UNL:ALA:HBDonor': 2, 'UNL:ALA:Hydrophobic': 2, 'UNL:ALA:VdWContact': 2, 'UNL:GLU:VdWContact': 1, 'UNL:GLY:HBDonor': 1, 'UNL:GLY:VdWContact': 1, 'UNL:HIS:HBAcceptor': 1, 'UNL:HIS:Hydrophobic': 1, 'UNL:HIS:VdWContact': 3, 'UNL:THR:HBAcceptor': 1, 'UNL:THR:Hydrophobic': 2, 'UNL:THR:VdWContact': 2, 'UNL:VAL:HBAcceptor': 1, 'UNL:VAL:Hydrophobic': 1, 'UNL:VAL:VdWContact': 1}"
320,Chai-1,1YWR_LI9,0.3333333333333333,0.5789473684210527,"{'UNL:ALA:VdWContact': 2, 'UNL:ASN:VdWContact': 1, 'UNL:ASP:Hydrophobic': 1, 'UNL:ASP:VdWContact': 1, 'UNL:HIS:VdWContact': 1, 'UNL:LEU:VdWContact': 1, 'UNL:LYS:HBAcceptor': 1, 'UNL:LYS:Hydrophobic': 1, 'UNL:LYS:VdWContact': 1, 'UNL:MET:HBAcceptor': 1, 'UNL:MET:HBDonor': 1, 'UNL:MET:VdWContact': 1, 'UNL:THR:VdWContact': 1, 'UNL:TYR:VdWContact': 1}","{'UNL:ALA:Hydrophobic': 1, 'UNL:ALA:VdWContact': 1, 'UNL:ASP:Hydrophobic': 1, 'UNL:ASP:VdWContact': 1, 'UNL:HIS:VdWContact': 1, 'UNL:ILE:Hydrophobic': 1, 'UNL:LEU:Hydrophobic': 4, 'UNL:LEU:VdWContact': 2, 'UNL:LYS:Hydrophobic': 1, 'UNL:LYS:VdWContact': 1, 'UNL:MET:HBAcceptor': 1, 'UNL:MET:HBDonor': 1, 'UNL:MET:Hydrophobic': 1, 'UNL:MET:VdWContact': 1, 'UNL:THR:Hydrophobic': 1, 'UNL:THR:VdWContact': 1, 'UNL:TYR:Hydrophobic': 1, 'UNL:TYR:VdWContact': 1, 'UNL:VAL:Hydrophobic': 2, 'UNL:VAL:VdWContact': 1}"
321,Chai-1,1HQ2_PH2,0.16666666666666666,0.36363636363636365,"{'UNL:ARG:VdWContact': 1, 'UNL:ASN:HBAcceptor': 1, 'UNL:ASN:HBDonor': 1, 'UNL:ASN:VdWContact': 1, 'UNL:LEU:HBAcceptor': 1, 'UNL:LEU:VdWContact': 1, 'UNL:PHE:VdWContact': 1, 'UNL:PRO:HBDonor': 1, 'UNL:PRO:VdWContact': 1, 'UNL:THR:HBDonor': 1, 'UNL:THR:VdWContact': 1}","{'UNL:ASN:HBAcceptor': 1, 'UNL:ASN:HBDonor': 1, 'UNL:ASN:VdWContact': 1, 'UNL:ASP:VdWContact': 1, 'UNL:LEU:HBAcceptor': 1, 'UNL:LEU:HBDonor': 1, 'UNL:LEU:Hydrophobic': 1, 'UNL:LEU:VdWContact': 1, 'UNL:PHE:Hydrophobic': 1, 'UNL:PHE:VdWContact': 1, 'UNL:PRO:HBDonor': 1, 'UNL:PRO:VdWContact': 1, 'UNL:THR:HBDonor': 1, 'UNL:THR:VdWContact': 1, 'UNL:TYR:Hydrophobic': 1, 'UNL:TYR:VdWContact': 1}"
322,Chai-1,1MZC_BNE,0.5,0.4545454545454546,"{'UNL:ALA:VdWContact': 1, 'UNL:ARG:VdWContact': 1, 'UNL:ASP:VdWContact': 1, 'UNL:CYS:HBAcceptor': 1, 'UNL:CYS:VdWContact': 1, 'UNL:TRP:Hydrophobic': 1, 'UNL:TRP:VdWContact': 3, 'UNL:TYR:VdWContact': 2}","{'UNL:ALA:Hydrophobic': 1, 'UNL:ARG:HBAcceptor': 1, 'UNL:ARG:VdWContact': 1, 'UNL:ASP:VdWContact': 1, 'UNL:CYS:HBAcceptor': 1, 'UNL:CYS:VdWContact': 1, 'UNL:LEU:Hydrophobic': 1, 'UNL:SER:VdWContact': 1, 'UNL:TRP:Hydrophobic': 3, 'UNL:TRP:VdWContact': 2, 'UNL:TYR:Hydrophobic': 2, 'UNL:TYR:VdWContact': 2}"
323,Chai-1,1V4S_MRK,0.25,0.4705882352941176,"{'UNL:ARG:HBAcceptor': 1, 'UNL:ARG:HBDonor': 1, 'UNL:ARG:VdWContact': 1, 'UNL:GLU:VdWContact': 1, 'UNL:ILE:Hydrophobic': 1, 'UNL:ILE:VdWContact': 1, 'UNL:MET:Hydrophobic': 1, 'UNL:MET:VdWContact': 1, 'UNL:SER:VdWContact': 1, 'UNL:TYR:HBDonor': 1, 'UNL:TYR:VdWContact': 2, 'UNL:VAL:Hydrophobic': 1, 'UNL:VAL:VdWContact': 1}","{'UNL:ALA:Hydrophobic': 1, 'UNL:ARG:HBAcceptor': 1, 'UNL:ARG:HBDonor': 1, 'UNL:ARG:Hydrophobic': 1, 'UNL:ARG:VdWContact': 1, 'UNL:GLU:Hydrophobic': 1, 'UNL:ILE:Hydrophobic': 2, 'UNL:MET:Hydrophobic': 2, 'UNL:MET:VdWContact': 1, 'UNL:PRO:Hydrophobic': 1, 'UNL:THR:HBAcceptor': 1, 'UNL:THR:Hydrophobic': 1, 'UNL:THR:VdWContact': 1, 'UNL:TYR:HBDonor': 1, 'UNL:TYR:Hydrophobic': 2, 'UNL:TYR:VdWContact': 2, 'UNL:VAL:Hydrophobic': 3}"
324,Chai-1,1NAV_IH5,0.3333333333333333,0.7142857142857143,"{'UNL:ARG:Hydrophobic': 1, 'UNL:HIS:HBAcceptor': 1, 'UNL:HIS:HBDonor': 1, 'UNL:HIS:VdWContact': 1, 'UNL:LEU:Hydrophobic': 2, 'UNL:LEU:VdWContact': 1, 'UNL:MET:Hydrophobic': 3, 'UNL:MET:VdWContact': 2, 'UNL:PHE:Hydrophobic': 1, 'UNL:SER:HBAcceptor': 1, 'UNL:SER:VdWContact': 1}","{'UNL:ALA:Hydrophobic': 2, 'UNL:GLY:VdWContact': 1, 'UNL:HIS:HBAcceptor': 1, 'UNL:HIS:VdWContact': 1, 'UNL:ILE:Hydrophobic': 1, 'UNL:ILE:VdWContact': 1, 'UNL:LEU:Hydrophobic': 3, 'UNL:LEU:VdWContact': 2, 'UNL:MET:Hydrophobic': 3, 'UNL:MET:VdWContact': 2, 'UNL:PHE:Hydrophobic': 3, 'UNL:PHE:VdWContact': 1, 'UNL:SER:HBAcceptor': 1, 'UNL:SER:VdWContact': 1, 'UNL:THR:Hydrophobic': 1}"
325,Chai-1,1JJE_BYS,0.0,0.4666666666666667,"{'UNL:ASN:HBAcceptor': 1, 'UNL:ASN:Hydrophobic': 1, 'UNL:ASN:VdWContact': 1, 'UNL:ASP:Hydrophobic': 1, 'UNL:HIS:HBAcceptor': 1, 'UNL:HIS:Hydrophobic': 2, 'UNL:HIS:VdWContact': 2, 'UNL:LYS:HBAcceptor': 1, 'UNL:LYS:VdWContact': 1, 'UNL:SER:VdWContact': 1, 'UNL:TRP:Hydrophobic': 1, 'UNL:TRP:VdWContact': 1}","{'UNL:ASN:HBAcceptor': 1, 'UNL:ASN:Hydrophobic': 1, 'UNL:ASN:VdWContact': 1, 'UNL:ASP:Hydrophobic': 1, 'UNL:ASP:VdWContact': 1, 'UNL:CYS:VdWContact': 1, 'UNL:GLY:VdWContact': 1, 'UNL:HIS:HBDonor': 1, 'UNL:HIS:Hydrophobic': 2, 'UNL:HIS:VdWContact': 3, 'UNL:LYS:HBDonor': 1, 'UNL:LYS:VdWContact': 1, 'UNL:PHE:Hydrophobic': 1, 'UNL:TRP:Hydrophobic': 1, 'UNL:TRP:VdWContact': 1, 'UNL:VAL:Hydrophobic': 2, 'UNL:VAL:VdWContact': 1}"
326,Chai-1,1J3J_CP6,0.5,0.41666666666666663,"{'UNL:ASN:VdWContact': 1, 'UNL:ASP:HBDonor': 1, 'UNL:ASP:VdWContact': 1, 'UNL:CYS:VdWContact': 1, 'UNL:ILE:HBDonor': 1, 'UNL:ILE:Hydrophobic': 1, 'UNL:ILE:VdWContact': 3, 'UNL:MET:VdWContact': 1, 'UNL:PHE:Hydrophobic': 1, 'UNL:PHE:VdWContact': 1}","{'UNL:ALA:Hydrophobic': 1, 'UNL:ASN:Hydrophobic': 1, 'UNL:ASN:VdWContact': 1, 'UNL:ASP:HBDonor': 1, 'UNL:ASP:VdWContact': 1, 'UNL:CYS:VdWContact': 1, 'UNL:ILE:HBDonor': 2, 'UNL:ILE:Hydrophobic': 2, 'UNL:ILE:VdWContact': 2, 'UNL:LEU:Hydrophobic': 1, 'UNL:MET:Hydrophobic': 1, 'UNL:PHE:Hydrophobic': 1, 'UNL:PHE:VdWContact': 1}"
327,Chai-1,1T9B_1CS,0.0,0.5,"{'UNL:ALA:VdWContact': 1, 'UNL:ARG:HBAcceptor': 1, 'UNL:ARG:VdWContact': 1, 'UNL:GLY:VdWContact': 1, 'UNL:LYS:VdWContact': 1, 'UNL:PHE:Hydrophobic': 1, 'UNL:PHE:VdWContact': 1, 'UNL:VAL:Hydrophobic': 1}","{'UNL:ALA:Hydrophobic': 2, 'UNL:ALA:VdWContact': 1, 'UNL:ARG:HBAcceptor': 1, 'UNL:ARG:VdWContact': 1, 'UNL:ASP:VdWContact': 1, 'UNL:MET:Hydrophobic': 1, 'UNL:MET:VdWContact': 1, 'UNL:PHE:Hydrophobic': 1, 'UNL:PHE:VdWContact': 1, 'UNL:PRO:Hydrophobic': 1, 'UNL:TRP:Hydrophobic': 1, 'UNL:VAL:Hydrophobic': 2, 'UNL:VAL:VdWContact': 1}"
328,Chai-1,1PMN_984,0.5,0.6428571428571428,"{'UNL:ASN:VdWContact': 1, 'UNL:ASP:VdWContact': 1, 'UNL:GLU:VdWContact': 1, 'UNL:ILE:VdWContact': 2, 'UNL:LEU:Hydrophobic': 1, 'UNL:LYS:Hydrophobic': 1, 'UNL:MET:HBAcceptor': 1, 'UNL:MET:HBDonor': 1, 'UNL:MET:Hydrophobic': 1, 'UNL:MET:VdWContact': 2, 'UNL:SER:VdWContact': 1}","{'UNL:ALA:Hydrophobic': 1, 'UNL:ALA:VdWContact': 2, 'UNL:ASN:VdWContact': 1, 'UNL:ILE:Hydrophobic': 2, 'UNL:ILE:VdWContact': 2, 'UNL:LEU:Hydrophobic': 3, 'UNL:LEU:VdWContact': 2, 'UNL:LYS:Hydrophobic': 1, 'UNL:MET:HBAcceptor': 1, 'UNL:MET:Hydrophobic': 2, 'UNL:MET:VdWContact': 2, 'UNL:VAL:Hydrophobic': 2}"
329,Chai-1,1N2V_BDI,0.0,0.0,"{'UNL:ALA:VdWContact': 1, 'UNL:ASP:HBDonor': 1, 'UNL:ASP:VdWContact': 1, 'UNL:GLN:HBAcceptor': 1, 'UNL:GLN:VdWContact': 1, 'UNL:GLY:HBAcceptor': 1, 'UNL:GLY:VdWContact': 2, 'UNL:MET:Hydrophobic': 1, 'UNL:MET:VdWContact': 1, 'UNL:TYR:Hydrophobic': 1, 'UNL:TYR:VdWContact': 1}","{'UNL:ALA:Hydrophobic': 1, 'UNL:ASP:HBDonor': 1, 'UNL:ASP:VdWContact': 1, 'UNL:CYS:Hydrophobic': 1, 'UNL:GLN:HBAcceptor': 1, 'UNL:GLN:VdWContact': 1, 'UNL:GLY:HBAcceptor': 1, 'UNL:GLY:VdWContact': 2, 'UNL:MET:Hydrophobic': 1, 'UNL:TYR:Hydrophobic': 1, 'UNL:TYR:VdWContact': 1}"
330,Chai-1,1S3V_TQD,0.0,0.30000000000000004,"{'UNL:ASP:VdWContact': 1, 'UNL:GLU:HBDonor': 1, 'UNL:GLU:VdWContact': 1, 'UNL:ILE:HBDonor': 1, 'UNL:ILE:Hydrophobic': 1, 'UNL:ILE:VdWContact': 2, 'UNL:LEU:VdWContact': 2, 'UNL:PHE:Hydrophobic': 1, 'UNL:PHE:VdWContact': 2}","{'UNL:GLU:HBDonor': 1, 'UNL:GLU:VdWContact': 1, 'UNL:ILE:HBDonor': 1, 'UNL:ILE:Hydrophobic': 1, 'UNL:ILE:VdWContact': 1, 'UNL:PHE:Hydrophobic': 2, 'UNL:PHE:VdWContact': 1, 'UNL:PRO:Hydrophobic': 1, 'UNL:SER:VdWContact': 1, 'UNL:VAL:VdWContact': 1}"
331,Chai-1,1Y6B_AAX,0.0,0.4999999999999999,"{'UNL:ASN:HBAcceptor': 1, 'UNL:ASN:VdWContact': 1, 'UNL:CYS:HBAcceptor': 1, 'UNL:CYS:HBDonor': 1, 'UNL:CYS:VdWContact': 1, 'UNL:GLU:VdWContact': 1, 'UNL:GLY:VdWContact': 1, 'UNL:LEU:VdWContact': 2, 'UNL:LYS:Hydrophobic': 1, 'UNL:LYS:VdWContact': 2, 'UNL:VAL:Hydrophobic': 1, 'UNL:VAL:VdWContact': 2}","{'UNL:ALA:Hydrophobic': 1, 'UNL:ASN:HBAcceptor': 1, 'UNL:ASN:VdWContact': 1, 'UNL:CYS:HBAcceptor': 1, 'UNL:CYS:HBDonor': 1, 'UNL:CYS:Hydrophobic': 1, 'UNL:CYS:VdWContact': 1, 'UNL:GLU:VdWContact': 2, 'UNL:GLY:VdWContact': 1, 'UNL:LEU:Hydrophobic': 2, 'UNL:LYS:Hydrophobic': 1, 'UNL:LYS:VdWContact': 1, 'UNL:PHE:Hydrophobic': 2, 'UNL:PHE:VdWContact': 1, 'UNL:VAL:Hydrophobic': 3, 'UNL:VAL:VdWContact': 2}"
332,Chai-1,1L2S_STC,0.0,0.6363636363636362,"{'UNL:ALA:HBAcceptor': 1, 'UNL:ALA:HBDonor': 1, 'UNL:ALA:VdWContact': 1, 'UNL:ASN:HBAcceptor': 1, 'UNL:ASN:VdWContact': 1, 'UNL:LEU:Hydrophobic': 1, 'UNL:LEU:VdWContact': 1, 'UNL:SER:HBAcceptor': 1, 'UNL:SER:VdWContact': 1}","{'UNL:ALA:HBAcceptor': 1, 'UNL:ALA:HBDonor': 1, 'UNL:ALA:VdWContact': 1, 'UNL:ASN:HBAcceptor': 1, 'UNL:ASN:VdWContact': 1, 'UNL:GLN:VdWContact': 1, 'UNL:GLY:VdWContact': 1, 'UNL:LEU:Hydrophobic': 2, 'UNL:SER:HBAcceptor': 1, 'UNL:SER:VdWContact': 1, 'UNL:THR:Hydrophobic': 1, 'UNL:THR:VdWContact': 1, 'UNL:TYR:Hydrophobic': 2, 'UNL:VAL:Hydrophobic': 1}"
333,Chai-1,1W2G_THM,0.3333333333333333,0.5000000000000001,"{'UNL:ARG:HBAcceptor': 1, 'UNL:ARG:VdWContact': 2, 'UNL:ASN:HBDonor': 1, 'UNL:ASN:VdWContact': 1, 'UNL:ASP:HBDonor': 1, 'UNL:ASP:VdWContact': 1, 'UNL:PHE:Hydrophobic': 1, 'UNL:PRO:VdWContact': 1, 'UNL:TYR:VdWContact': 3}","{'UNL:ARG:HBAcceptor': 1, 'UNL:ARG:Hydrophobic': 1, 'UNL:ARG:VdWContact': 1, 'UNL:ASN:HBDonor': 1, 'UNL:ASN:Hydrophobic': 1, 'UNL:ASN:VdWContact': 1, 'UNL:ASP:VdWContact': 1, 'UNL:PHE:Hydrophobic': 2, 'UNL:PRO:Hydrophobic': 1, 'UNL:PRO:VdWContact': 1, 'UNL:TYR:Hydrophobic': 2, 'UNL:TYR:VdWContact': 3}"
334,Chai-1,1TOW_CRZ,0.0,0.5384615384615384,"{'UNL:ALA:VdWContact': 1, 'UNL:ARG:HBAcceptor': 1, 'UNL:ARG:HBDonor': 1, 'UNL:ARG:VdWContact': 1, 'UNL:ASP:Hydrophobic': 1, 'UNL:CYS:VdWContact': 1, 'UNL:MET:Hydrophobic': 1, 'UNL:PHE:VdWContact': 1, 'UNL:PRO:VdWContact': 1, 'UNL:TYR:VdWContact': 1}","{'UNL:ALA:Hydrophobic': 3, 'UNL:ARG:HBAcceptor': 1, 'UNL:ARG:HBDonor': 1, 'UNL:ARG:VdWContact': 1, 'UNL:ASP:Hydrophobic': 1, 'UNL:CYS:VdWContact': 1, 'UNL:ILE:Hydrophobic': 1, 'UNL:MET:Hydrophobic': 1, 'UNL:PHE:Hydrophobic': 2, 'UNL:PHE:VdWContact': 1, 'UNL:PRO:Hydrophobic': 1, 'UNL:PRO:VdWContact': 1, 'UNL:TYR:VdWContact': 1, 'UNL:VAL:Hydrophobic': 1}"
335,Chai-1,1XM6_5RM,0.0,0.6923076923076925,"{'UNL:GLN:HBAcceptor': 1, 'UNL:GLN:VdWContact': 1, 'UNL:HIS:VdWContact': 1, 'UNL:ILE:Hydrophobic': 1, 'UNL:ILE:VdWContact': 1, 'UNL:MET:VdWContact': 3, 'UNL:PHE:Hydrophobic': 1, 'UNL:PHE:VdWContact': 1}","{'UNL:ASN:VdWContact': 1, 'UNL:GLN:HBAcceptor': 1, 'UNL:GLN:VdWContact': 1, 'UNL:ILE:Hydrophobic': 1, 'UNL:ILE:VdWContact': 1, 'UNL:LEU:Hydrophobic': 2, 'UNL:LEU:VdWContact': 1, 'UNL:MET:Hydrophobic': 3, 'UNL:MET:VdWContact': 1, 'UNL:PHE:Hydrophobic': 3, 'UNL:PHE:VdWContact': 2, 'UNL:THR:VdWContact': 1, 'UNL:TYR:Hydrophobic': 1}"
336,Chai-1,1YGC_905,0.3333333333333333,0.3076923076923078,"{'UNL:ASP:HBDonor': 1, 'UNL:ASP:Hydrophobic': 1, 'UNL:ASP:VdWContact': 3, 'UNL:GLY:VdWContact': 2, 'UNL:HIS:Hydrophobic': 1, 'UNL:HIS:VdWContact': 1, 'UNL:LYS:Hydrophobic': 1, 'UNL:LYS:VdWContact': 1, 'UNL:SER:HBDonor': 1, 'UNL:SER:VdWContact': 3, 'UNL:THR:VdWContact': 2, 'UNL:TRP:Hydrophobic': 1, 'UNL:TRP:VdWContact': 1}","{'UNL:ASP:HBDonor': 1, 'UNL:ASP:Hydrophobic': 2, 'UNL:ASP:VdWContact': 2, 'UNL:GLY:HBDonor': 1, 'UNL:GLY:VdWContact': 1, 'UNL:HIS:Hydrophobic': 1, 'UNL:HIS:VdWContact': 1, 'UNL:LYS:Hydrophobic': 1, 'UNL:LYS:VdWContact': 1, 'UNL:SER:HBDonor': 1, 'UNL:SER:VdWContact': 3, 'UNL:THR:Hydrophobic': 1, 'UNL:THR:VdWContact': 1, 'UNL:TRP:Hydrophobic': 1, 'UNL:TRP:VdWContact': 1, 'UNL:VAL:Hydrophobic': 1}"
337,Chai-1,1R58_AO5,0.0,0.2857142857142857,"{'UNL:ASP:HBDonor': 2, 'UNL:ASP:VdWContact': 2, 'UNL:GLU:HBDonor': 1, 'UNL:GLU:VdWContact': 1, 'UNL:GLY:VdWContact': 1, 'UNL:HIS:HBDonor': 1, 'UNL:HIS:VdWContact': 3, 'UNL:ILE:Hydrophobic': 1, 'UNL:PHE:Hydrophobic': 1, 'UNL:PHE:VdWContact': 1, 'UNL:THR:VdWContact': 1, 'UNL:TYR:VdWContact': 1}","{'UNL:ALA:Hydrophobic': 1, 'UNL:ALA:VdWContact': 1, 'UNL:ASP:HBDonor': 2, 'UNL:ASP:VdWContact': 2, 'UNL:GLU:HBDonor': 1, 'UNL:GLU:VdWContact': 1, 'UNL:HIS:HBDonor': 1, 'UNL:HIS:Hydrophobic': 2, 'UNL:HIS:VdWContact': 2, 'UNL:MET:Hydrophobic': 1, 'UNL:PHE:Hydrophobic': 1, 'UNL:PHE:VdWContact': 1, 'UNL:TYR:Hydrophobic': 1, 'UNL:TYR:VdWContact': 1}"
338,Chai-1,1OPK_P16,0.0,0.3125,"{'UNL:ALA:VdWContact': 1, 'UNL:ASP:VdWContact': 1, 'UNL:GLU:VdWContact': 1, 'UNL:ILE:Hydrophobic': 1, 'UNL:LEU:Hydrophobic': 1, 'UNL:LYS:Hydrophobic': 1, 'UNL:LYS:VdWContact': 1, 'UNL:MET:HBAcceptor': 1, 'UNL:MET:HBDonor': 1, 'UNL:MET:Hydrophobic': 1, 'UNL:MET:VdWContact': 2, 'UNL:PHE:Hydrophobic': 1, 'UNL:THR:VdWContact': 1, 'UNL:TYR:VdWContact': 1}","{'UNL:ALA:Hydrophobic': 1, 'UNL:GLU:VdWContact': 1, 'UNL:ILE:Hydrophobic': 1, 'UNL:LEU:Hydrophobic': 2, 'UNL:LYS:Hydrophobic': 1, 'UNL:MET:HBAcceptor': 1, 'UNL:MET:HBDonor': 1, 'UNL:MET:Hydrophobic': 2, 'UNL:MET:VdWContact': 2, 'UNL:PHE:Hydrophobic': 2, 'UNL:THR:Hydrophobic': 1, 'UNL:THR:VdWContact': 1, 'UNL:TYR:Hydrophobic': 1, 'UNL:TYR:VdWContact': 1, 'UNL:VAL:Hydrophobic': 2}"
339,Chai-1,1MMV_3AR,0.3333333333333333,0.3076923076923077,"{'UNL:ASP:VdWContact': 1, 'UNL:GLN:HBAcceptor': 1, 'UNL:GLN:VdWContact': 1, 'UNL:GLU:HBDonor': 1, 'UNL:GLU:VdWContact': 1, 'UNL:GLY:VdWContact': 1, 'UNL:PHE:VdWContact': 1, 'UNL:SER:VdWContact': 1, 'UNL:TRP:HBDonor': 1, 'UNL:TRP:VdWContact': 1, 'UNL:TYR:VdWContact': 1}","{'UNL:ASP:VdWContact': 1, 'UNL:GLN:HBAcceptor': 1, 'UNL:GLN:VdWContact': 1, 'UNL:GLU:HBDonor': 1, 'UNL:GLU:VdWContact': 1, 'UNL:PHE:Hydrophobic': 1, 'UNL:PHE:VdWContact': 1, 'UNL:PRO:Hydrophobic': 1, 'UNL:SER:VdWContact': 1, 'UNL:TRP:VdWContact': 1, 'UNL:TYR:Hydrophobic': 1, 'UNL:TYR:VdWContact': 1, 'UNL:VAL:Hydrophobic': 1, 'UNL:VAL:VdWContact': 1}"
340,Chai-1,1SQN_NDR,0.0,0.8571428571428572,"{'UNL:ARG:VdWContact': 1, 'UNL:ASN:VdWContact': 1, 'UNL:CYS:VdWContact': 1, 'UNL:GLN:HBAcceptor': 1, 'UNL:GLN:VdWContact': 1, 'UNL:LEU:VdWContact': 2, 'UNL:MET:Hydrophobic': 2, 'UNL:MET:VdWContact': 3}","{'UNL:ARG:VdWContact': 1, 'UNL:CYS:Hydrophobic': 1, 'UNL:CYS:VdWContact': 1, 'UNL:GLN:HBAcceptor': 1, 'UNL:GLN:VdWContact': 1, 'UNL:LEU:Hydrophobic': 5, 'UNL:LEU:VdWContact': 3, 'UNL:MET:Hydrophobic': 4, 'UNL:MET:VdWContact': 2, 'UNL:PHE:Hydrophobic': 1, 'UNL:TRP:Hydrophobic': 1, 'UNL:TYR:Hydrophobic': 1, 'UNL:TYR:VdWContact': 1, 'UNL:VAL:Hydrophobic': 1}"
341,Boltz-1-Single-Seq,1M2Z_DEX,0.0,0.38888888888888895,"{'UNL:ARG:VdWContact': 1, 'UNL:ASN:HBAcceptor': 1, 'UNL:ASN:VdWContact': 1, 'UNL:CYS:Hydrophobic': 1, 'UNL:CYS:VdWContact': 1, 'UNL:GLN:HBAcceptor': 1, 'UNL:GLN:HBDonor': 1, 'UNL:GLN:VdWContact': 2, 'UNL:GLY:VdWContact': 1, 'UNL:LEU:VdWContact': 2, 'UNL:MET:Hydrophobic': 2, 'UNL:MET:VdWContact': 4, 'UNL:PHE:VdWContact': 1, 'UNL:THR:HBDonor': 1, 'UNL:THR:VdWContact': 1, 'UNL:TYR:VdWContact': 1}","{'UNL:ALA:Hydrophobic': 1, 'UNL:ARG:HBAcceptor': 1, 'UNL:ARG:VdWContact': 1, 'UNL:ASN:HBAcceptor': 1, 'UNL:ASN:VdWContact': 1, 'UNL:CYS:Hydrophobic': 1, 'UNL:CYS:VdWContact': 1, 'UNL:GLN:HBAcceptor': 1, 'UNL:GLN:HBDonor': 1, 'UNL:GLN:Hydrophobic': 1, 'UNL:GLN:VdWContact': 2, 'UNL:GLY:VdWContact': 1, 'UNL:LEU:Hydrophobic': 4, 'UNL:LEU:VdWContact': 1, 'UNL:MET:Hydrophobic': 3, 'UNL:MET:VdWContact': 1, 'UNL:PHE:Hydrophobic': 1, 'UNL:PHE:VdWContact': 1, 'UNL:TRP:Hydrophobic': 1, 'UNL:TYR:Hydrophobic': 1, 'UNL:TYR:VdWContact': 1}"
342,Boltz-1-Single-Seq,1P62_GEO,0.0,0.16666666666666666,"{'UNL:ARG:HBAcceptor': 1, 'UNL:ARG:VdWContact': 1, 'UNL:ASP:HBDonor': 1, 'UNL:ASP:VdWContact': 1, 'UNL:GLN:HBAcceptor': 1, 'UNL:GLN:HBDonor': 1, 'UNL:GLN:VdWContact': 1, 'UNL:GLU:VdWContact': 2, 'UNL:ILE:VdWContact': 1, 'UNL:LEU:VdWContact': 1, 'UNL:PHE:Hydrophobic': 1, 'UNL:PHE:VdWContact': 2, 'UNL:TRP:VdWContact': 1, 'UNL:TYR:VdWContact': 1}","{'UNL:ARG:HBAcceptor': 1, 'UNL:ARG:VdWContact': 1, 'UNL:ASP:HBDonor': 1, 'UNL:ASP:VdWContact': 1, 'UNL:GLN:HBAcceptor': 1, 'UNL:GLN:HBDonor': 1, 'UNL:GLN:VdWContact': 1, 'UNL:GLU:VdWContact': 2, 'UNL:MET:VdWContact': 1, 'UNL:PHE:Hydrophobic': 2, 'UNL:TRP:Hydrophobic': 1, 'UNL:TYR:VdWContact': 1}"
343,Boltz-1-Single-Seq,1KE5_LS1,0.25,0.2857142857142857,"{'UNL:ASP:HBAcceptor': 1, 'UNL:ASP:Hydrophobic': 1, 'UNL:ASP:VdWContact': 2, 'UNL:GLN:VdWContact': 1, 'UNL:GLU:HBDonor': 1, 'UNL:GLU:VdWContact': 1, 'UNL:HIS:VdWContact': 1, 'UNL:ILE:Hydrophobic': 1, 'UNL:ILE:VdWContact': 1, 'UNL:LEU:HBAcceptor': 1, 'UNL:LEU:Hydrophobic': 1, 'UNL:LEU:VdWContact': 2, 'UNL:LYS:VdWContact': 1, 'UNL:PHE:Hydrophobic': 1, 'UNL:PHE:VdWContact': 2}","{'UNL:ALA:Hydrophobic': 2, 'UNL:ASP:HBAcceptor': 1, 'UNL:ASP:Hydrophobic': 1, 'UNL:ASP:VdWContact': 2, 'UNL:GLU:HBDonor': 1, 'UNL:GLU:VdWContact': 1, 'UNL:HIS:VdWContact': 1, 'UNL:ILE:Hydrophobic': 1, 'UNL:ILE:VdWContact': 1, 'UNL:LEU:HBAcceptor': 1, 'UNL:LEU:HBDonor': 1, 'UNL:LEU:Hydrophobic': 1, 'UNL:LEU:VdWContact': 2, 'UNL:LYS:VdWContact': 1, 'UNL:PHE:Hydrophobic': 2, 'UNL:PHE:VdWContact': 2, 'UNL:VAL:Hydrophobic': 2}"
344,Boltz-1-Single-Seq,1TT1_KAI,0.0,0.08333333333333326,"{'UNL:ALA:HBAcceptor': 2, 'UNL:ALA:VdWContact': 2, 'UNL:ARG:HBAcceptor': 1, 'UNL:ARG:HBDonor': 1, 'UNL:ARG:VdWContact': 1, 'UNL:ASN:VdWContact': 1, 'UNL:GLU:VdWContact': 1, 'UNL:GLY:VdWContact': 1, 'UNL:PRO:VdWContact': 1, 'UNL:THR:HBAcceptor': 1, 'UNL:THR:HBDonor': 1, 'UNL:THR:VdWContact': 1, 'UNL:TYR:Hydrophobic': 1, 'UNL:TYR:VdWContact': 1, 'UNL:VAL:Hydrophobic': 1}","{'UNL:ALA:HBAcceptor': 2, 'UNL:ALA:VdWContact': 2, 'UNL:ARG:HBAcceptor': 1, 'UNL:ARG:HBDonor': 1, 'UNL:ARG:VdWContact': 1, 'UNL:GLU:Hydrophobic': 2, 'UNL:GLU:VdWContact': 1, 'UNL:PRO:HBDonor': 1, 'UNL:PRO:VdWContact': 1, 'UNL:THR:HBAcceptor': 1, 'UNL:THR:VdWContact': 1, 'UNL:TYR:Hydrophobic': 1, 'UNL:TYR:VdWContact': 1, 'UNL:VAL:Hydrophobic': 1, 'UNL:VAL:VdWContact': 1}"
345,Boltz-1-Single-Seq,1VCJ_IBA,1.0,0.7857142857142857,"{'UNL:ALA:VdWContact': 1, 'UNL:ARG:HBAcceptor': 2, 'UNL:ARG:HBDonor': 1, 'UNL:ARG:VdWContact': 4, 'UNL:ASP:VdWContact': 1, 'UNL:GLU:VdWContact': 4, 'UNL:TRP:VdWContact': 1}","{'UNL:ALA:Hydrophobic': 1, 'UNL:ALA:VdWContact': 1, 'UNL:ARG:HBAcceptor': 3, 'UNL:ARG:Hydrophobic': 2, 'UNL:ARG:VdWContact': 5, 'UNL:ASN:Hydrophobic': 1, 'UNL:ASP:Hydrophobic': 1, 'UNL:ASP:VdWContact': 1, 'UNL:GLU:Hydrophobic': 1, 'UNL:GLU:VdWContact': 4, 'UNL:ILE:Hydrophobic': 1, 'UNL:SER:VdWContact': 1, 'UNL:TRP:Hydrophobic': 1, 'UNL:TRP:VdWContact': 1, 'UNL:TYR:VdWContact': 1}"
346,Boltz-1-Single-Seq,1UML_FR4,0.0,0.07692307692307693,"{'UNL:ASP:HBDonor': 2, 'UNL:ASP:Hydrophobic': 1, 'UNL:ASP:VdWContact': 3, 'UNL:GLY:VdWContact': 1, 'UNL:HIS:VdWContact': 1, 'UNL:LEU:Hydrophobic': 2, 'UNL:LEU:VdWContact': 3, 'UNL:MET:Hydrophobic': 1, 'UNL:PHE:Hydrophobic': 1, 'UNL:PHE:VdWContact': 1, 'UNL:THR:VdWContact': 1}","{'UNL:ASP:HBDonor': 2, 'UNL:ASP:Hydrophobic': 1, 'UNL:ASP:VdWContact': 3, 'UNL:GLY:VdWContact': 1, 'UNL:HIS:Hydrophobic': 1, 'UNL:HIS:VdWContact': 1, 'UNL:LEU:Hydrophobic': 3, 'UNL:LEU:VdWContact': 1, 'UNL:MET:Hydrophobic': 1, 'UNL:PHE:Hydrophobic': 2, 'UNL:THR:Hydrophobic': 1, 'UNL:VAL:Hydrophobic': 1}"
347,Boltz-1-Single-Seq,1JLA_TNK,0.0,0.0,"{'UNL:CYS:Hydrophobic': 1, 'UNL:CYS:VdWContact': 1, 'UNL:HIS:VdWContact': 1, 'UNL:LEU:Hydrophobic': 1, 'UNL:LEU:VdWContact': 2, 'UNL:LYS:HBDonor': 1, 'UNL:LYS:VdWContact': 1, 'UNL:PHE:Hydrophobic': 1, 'UNL:PHE:VdWContact': 1, 'UNL:PRO:VdWContact': 2, 'UNL:TRP:Hydrophobic': 1, 'UNL:TRP:VdWContact': 1, 'UNL:TYR:Hydrophobic': 1, 'UNL:TYR:VdWContact': 1, 'UNL:VAL:Hydrophobic': 1, 'UNL:VAL:VdWContact': 2}","{'UNL:CYS:Hydrophobic': 1, 'UNL:CYS:VdWContact': 1, 'UNL:GLY:VdWContact': 1, 'UNL:LEU:Hydrophobic': 2, 'UNL:LYS:HBDonor': 1, 'UNL:LYS:Hydrophobic': 1, 'UNL:LYS:VdWContact': 2, 'UNL:PHE:Hydrophobic': 1, 'UNL:PHE:VdWContact': 1, 'UNL:PRO:Hydrophobic': 2, 'UNL:PRO:VdWContact': 1, 'UNL:TRP:Hydrophobic': 1, 'UNL:TRP:VdWContact': 1, 'UNL:TYR:Hydrophobic': 1, 'UNL:TYR:VdWContact': 1, 'UNL:VAL:Hydrophobic': 1}"
348,Boltz-1-Single-Seq,1N46_PFA,0.39999999999999997,0.8125,"{'UNL:ALA:VdWContact': 1, 'UNL:ARG:HBAcceptor': 1, 'UNL:ARG:HBDonor': 1, 'UNL:ARG:VdWContact': 2, 'UNL:ASN:HBAcceptor': 1, 'UNL:ASN:VdWContact': 1, 'UNL:HIS:HBAcceptor': 1, 'UNL:HIS:VdWContact': 1, 'UNL:LEU:Hydrophobic': 2, 'UNL:LEU:VdWContact': 2, 'UNL:MET:Hydrophobic': 3, 'UNL:MET:VdWContact': 2, 'UNL:PHE:Hydrophobic': 1, 'UNL:PHE:VdWContact': 1}","{'UNL:ALA:Hydrophobic': 2, 'UNL:ALA:VdWContact': 2, 'UNL:ARG:HBAcceptor': 2, 'UNL:ARG:HBDonor': 1, 'UNL:ARG:Hydrophobic': 1, 'UNL:ARG:VdWContact': 2, 'UNL:ASN:HBAcceptor': 1, 'UNL:ASN:VdWContact': 1, 'UNL:GLY:VdWContact': 1, 'UNL:HIS:HBAcceptor': 1, 'UNL:HIS:HBDonor': 1, 'UNL:HIS:VdWContact': 1, 'UNL:ILE:Hydrophobic': 3, 'UNL:ILE:VdWContact': 1, 'UNL:LEU:Hydrophobic': 3, 'UNL:LEU:VdWContact': 2, 'UNL:MET:Hydrophobic': 3, 'UNL:MET:VdWContact': 2, 'UNL:PHE:Hydrophobic': 3, 'UNL:PHE:VdWContact': 1, 'UNL:THR:Hydrophobic': 1}"
349,Boltz-1-Single-Seq,1KZK_JE2,0.5,0.9090909090909091,"{'UNL:ALA:VdWContact': 2, 'UNL:ASP:HBAcceptor': 1, 'UNL:ASP:Hydrophobic': 3, 'UNL:ASP:VdWContact': 4, 'UNL:GLY:HBDonor': 1, 'UNL:GLY:VdWContact': 3, 'UNL:ILE:Hydrophobic': 3, 'UNL:ILE:VdWContact': 2, 'UNL:PRO:VdWContact': 1}","{'UNL:ALA:Hydrophobic': 2, 'UNL:ASP:Hydrophobic': 3, 'UNL:ASP:VdWContact': 4, 'UNL:GLY:HBDonor': 1, 'UNL:GLY:VdWContact': 3, 'UNL:ILE:Hydrophobic': 6, 'UNL:LEU:Hydrophobic': 3, 'UNL:PRO:Hydrophobic': 2, 'UNL:PRO:VdWContact': 1, 'UNL:VAL:Hydrophobic': 4}"
350,Boltz-1-Single-Seq,1N2J_PAF,1.0,0.39999999999999997,"{'UNL:GLN:HBAcceptor': 1, 'UNL:GLN:HBDonor': 1, 'UNL:GLN:VdWContact': 2, 'UNL:MET:VdWContact': 1, 'UNL:PHE:VdWContact': 1, 'UNL:PRO:VdWContact': 1, 'UNL:THR:VdWContact': 1}","{'UNL:GLN:HBAcceptor': 2, 'UNL:GLN:VdWContact': 2, 'UNL:MET:Hydrophobic': 1, 'UNL:MET:VdWContact': 1, 'UNL:PHE:Hydrophobic': 1, 'UNL:PRO:Hydrophobic': 1, 'UNL:PRO:VdWContact': 1, 'UNL:VAL:Hydrophobic': 2, 'UNL:VAL:VdWContact': 1}"
351,Boltz-1-Single-Seq,1MEH_MOA,0.25,0.11111111111111105,"{'UNL:GLY:HBAcceptor': 1, 'UNL:GLY:VdWContact': 2, 'UNL:ILE:VdWContact': 1, 'UNL:LYS:HBAcceptor': 1, 'UNL:LYS:Hydrophobic': 1, 'UNL:LYS:VdWContact': 1, 'UNL:SER:VdWContact': 2, 'UNL:THR:VdWContact': 1}","{'UNL:ASP:VdWContact': 1, 'UNL:GLU:Hydrophobic': 1, 'UNL:GLU:VdWContact': 1, 'UNL:GLY:HBAcceptor': 1, 'UNL:GLY:VdWContact': 1, 'UNL:ILE:VdWContact': 1, 'UNL:SER:HBAcceptor': 1, 'UNL:SER:HBDonor': 1, 'UNL:SER:VdWContact': 2}"
352,Boltz-1-Single-Seq,2BSM_BSM,0.25,0.23529411764705885,"{'UNL:ASN:Hydrophobic': 2, 'UNL:ASN:VdWContact': 1, 'UNL:ASP:HBDonor': 1, 'UNL:ASP:VdWContact': 2, 'UNL:GLY:HBDonor': 1, 'UNL:GLY:VdWContact': 1, 'UNL:ILE:VdWContact': 1, 'UNL:LYS:HBAcceptor': 1, 'UNL:LYS:VdWContact': 1, 'UNL:MET:Hydrophobic': 1, 'UNL:MET:VdWContact': 1, 'UNL:PHE:VdWContact': 1, 'UNL:THR:HBDonor': 1, 'UNL:THR:VdWContact': 1, 'UNL:VAL:VdWContact': 1}","{'UNL:ALA:Hydrophobic': 1, 'UNL:ASN:Hydrophobic': 1, 'UNL:ASN:VdWContact': 1, 'UNL:ASP:HBDonor': 1, 'UNL:ASP:Hydrophobic': 1, 'UNL:ASP:VdWContact': 1, 'UNL:GLY:HBDonor': 1, 'UNL:GLY:VdWContact': 2, 'UNL:ILE:Hydrophobic': 1, 'UNL:LYS:VdWContact': 1, 'UNL:MET:Hydrophobic': 1, 'UNL:PHE:VdWContact': 1, 'UNL:SER:VdWContact': 1, 'UNL:THR:HBDonor': 1, 'UNL:THR:Hydrophobic': 2, 'UNL:THR:VdWContact': 1, 'UNL:VAL:Hydrophobic': 1, 'UNL:VAL:VdWContact': 1}"
353,Boltz-1-Single-Seq,1V48_HA1,0.0,0.1333333333333333,"{'UNL:ALA:HBAcceptor': 1, 'UNL:ALA:VdWContact': 1, 'UNL:ARG:HBAcceptor': 1, 'UNL:ARG:VdWContact': 1, 'UNL:ASN:HBAcceptor': 1, 'UNL:ASN:VdWContact': 2, 'UNL:GLU:HBDonor': 1, 'UNL:GLU:VdWContact': 1, 'UNL:GLY:VdWContact': 1, 'UNL:HIS:VdWContact': 1, 'UNL:LEU:VdWContact': 1, 'UNL:MET:Hydrophobic': 1, 'UNL:SER:HBAcceptor': 1, 'UNL:SER:HBDonor': 1, 'UNL:SER:VdWContact': 2, 'UNL:THR:VdWContact': 1}","{'UNL:ALA:HBAcceptor': 1, 'UNL:ALA:Hydrophobic': 1, 'UNL:ALA:VdWContact': 1, 'UNL:ARG:HBAcceptor': 1, 'UNL:ARG:VdWContact': 1, 'UNL:ASN:HBAcceptor': 1, 'UNL:ASN:VdWContact': 2, 'UNL:GLU:HBDonor': 1, 'UNL:GLU:VdWContact': 1, 'UNL:HIS:VdWContact': 1, 'UNL:MET:Hydrophobic': 1, 'UNL:PHE:Hydrophobic': 1, 'UNL:PHE:VdWContact': 1, 'UNL:SER:HBAcceptor': 1, 'UNL:SER:HBDonor': 1, 'UNL:SER:VdWContact': 2, 'UNL:VAL:Hydrophobic': 1, 'UNL:VAL:VdWContact': 1}"
354,Boltz-1-Single-Seq,1L7F_BCZ,0.19999999999999996,0.36363636363636365,"{'UNL:ARG:HBAcceptor': 3, 'UNL:ARG:HBDonor': 1, 'UNL:ARG:VdWContact': 4, 'UNL:ASP:HBDonor': 1, 'UNL:ASP:VdWContact': 1, 'UNL:GLU:Hydrophobic': 1, 'UNL:GLU:VdWContact': 3, 'UNL:ILE:VdWContact': 1, 'UNL:TRP:HBDonor': 1, 'UNL:TRP:VdWContact': 1, 'UNL:TYR:VdWContact': 1}","{'UNL:ALA:Hydrophobic': 1, 'UNL:ARG:HBAcceptor': 4, 'UNL:ARG:HBDonor': 1, 'UNL:ARG:Hydrophobic': 2, 'UNL:ARG:VdWContact': 4, 'UNL:ASP:VdWContact': 1, 'UNL:GLU:HBDonor': 1, 'UNL:GLU:Hydrophobic': 1, 'UNL:GLU:VdWContact': 3, 'UNL:ILE:Hydrophobic': 1, 'UNL:TRP:HBDonor': 1, 'UNL:TRP:Hydrophobic': 1, 'UNL:TRP:VdWContact': 1, 'UNL:TYR:VdWContact': 1}"
355,Boltz-1-Single-Seq,1JD0_AZM,0.0,0.5714285714285714,"{'UNL:HIS:HBDonor': 2, 'UNL:HIS:VdWContact': 2, 'UNL:LEU:VdWContact': 1, 'UNL:THR:HBAcceptor': 1, 'UNL:THR:HBDonor': 1, 'UNL:THR:VdWContact': 2, 'UNL:VAL:VdWContact': 1}","{'UNL:GLN:Hydrophobic': 1, 'UNL:HIS:HBDonor': 2, 'UNL:HIS:VdWContact': 1, 'UNL:LEU:Hydrophobic': 1, 'UNL:LEU:VdWContact': 1, 'UNL:THR:HBAcceptor': 1, 'UNL:THR:HBDonor': 1, 'UNL:THR:VdWContact': 2, 'UNL:VAL:Hydrophobic': 1, 'UNL:VAL:VdWContact': 1}"
356,Boltz-1-Single-Seq,1S19_MC9,0.25,0.9411764705882353,"{'UNL:ARG:HBAcceptor': 1, 'UNL:ARG:VdWContact': 1, 'UNL:HIS:HBAcceptor': 1, 'UNL:HIS:VdWContact': 2, 'UNL:ILE:VdWContact': 1, 'UNL:LEU:Hydrophobic': 1, 'UNL:SER:VdWContact': 3, 'UNL:TRP:Hydrophobic': 1, 'UNL:TRP:VdWContact': 1, 'UNL:TYR:HBAcceptor': 1, 'UNL:TYR:VdWContact': 1}","{'UNL:ALA:Hydrophobic': 1, 'UNL:ALA:VdWContact': 1, 'UNL:ARG:HBAcceptor': 1, 'UNL:ARG:VdWContact': 1, 'UNL:CYS:VdWContact': 1, 'UNL:HIS:HBAcceptor': 2, 'UNL:HIS:HBDonor': 1, 'UNL:HIS:VdWContact': 2, 'UNL:ILE:Hydrophobic': 2, 'UNL:LEU:Hydrophobic': 6, 'UNL:MET:Hydrophobic': 1, 'UNL:PHE:Hydrophobic': 1, 'UNL:SER:VdWContact': 3, 'UNL:TRP:Hydrophobic': 1, 'UNL:TRP:VdWContact': 1, 'UNL:TYR:Hydrophobic': 2, 'UNL:TYR:VdWContact': 1, 'UNL:VAL:Hydrophobic': 2, 'UNL:VAL:VdWContact': 1}"
357,Boltz-1-Single-Seq,1X8X_TYR,1.0,0.3333333333333333,"{'UNL:ASP:HBDonor': 1, 'UNL:ASP:Hydrophobic': 1, 'UNL:ASP:VdWContact': 3, 'UNL:GLN:HBDonor': 1, 'UNL:GLN:Hydrophobic': 1, 'UNL:GLN:VdWContact': 3, 'UNL:GLY:VdWContact': 1, 'UNL:TYR:HBDonor': 1, 'UNL:TYR:VdWContact': 2}","{'UNL:ASP:HBDonor': 2, 'UNL:ASP:Hydrophobic': 1, 'UNL:ASP:VdWContact': 3, 'UNL:GLN:HBDonor': 2, 'UNL:GLN:Hydrophobic': 1, 'UNL:GLN:VdWContact': 3, 'UNL:GLY:VdWContact': 1, 'UNL:LEU:Hydrophobic': 1, 'UNL:THR:Hydrophobic': 1, 'UNL:TYR:Hydrophobic': 1, 'UNL:TYR:VdWContact': 2}"
358,Boltz-1-Single-Seq,1T46_STI,0.0,0.35000000000000003,"{'UNL:ARG:HBAcceptor': 1, 'UNL:ARG:VdWContact': 1, 'UNL:ASP:Hydrophobic': 1, 'UNL:ASP:VdWContact': 1, 'UNL:CYS:HBAcceptor': 1, 'UNL:CYS:VdWContact': 3, 'UNL:GLU:Hydrophobic': 1, 'UNL:GLU:VdWContact': 1, 'UNL:HIS:VdWContact': 1, 'UNL:ILE:VdWContact': 1, 'UNL:LEU:Hydrophobic': 3, 'UNL:LEU:VdWContact': 1, 'UNL:LYS:Hydrophobic': 1, 'UNL:LYS:VdWContact': 1, 'UNL:PHE:Hydrophobic': 1, 'UNL:PHE:VdWContact': 1, 'UNL:THR:HBDonor': 1, 'UNL:THR:VdWContact': 1, 'UNL:VAL:Hydrophobic': 1}","{'UNL:ALA:Hydrophobic': 1, 'UNL:ARG:VdWContact': 1, 'UNL:ASP:HBAcceptor': 1, 'UNL:ASP:Hydrophobic': 1, 'UNL:ASP:VdWContact': 1, 'UNL:CYS:HBAcceptor': 1, 'UNL:CYS:Hydrophobic': 1, 'UNL:CYS:VdWContact': 2, 'UNL:GLU:Hydrophobic': 1, 'UNL:GLU:VdWContact': 1, 'UNL:HIS:VdWContact': 1, 'UNL:ILE:VdWContact': 1, 'UNL:LEU:Hydrophobic': 4, 'UNL:LEU:VdWContact': 1, 'UNL:LYS:Hydrophobic': 1, 'UNL:LYS:VdWContact': 1, 'UNL:PHE:Hydrophobic': 1, 'UNL:PHE:VdWContact': 1, 'UNL:THR:HBDonor': 1, 'UNL:THR:Hydrophobic': 1, 'UNL:THR:VdWContact': 1, 'UNL:TYR:Hydrophobic': 1, 'UNL:VAL:Hydrophobic': 4}"
359,Boltz-1-Single-Seq,1IG3_VIB,0.0,0.3636363636363636,"{'UNL:ASP:HBDonor': 1, 'UNL:ASP:VdWContact': 1, 'UNL:GLN:HBDonor': 1, 'UNL:GLN:VdWContact': 1, 'UNL:HIS:VdWContact': 1, 'UNL:LEU:VdWContact': 1, 'UNL:SER:VdWContact': 2, 'UNL:THR:VdWContact': 1, 'UNL:TRP:Hydrophobic': 1}","{'UNL:ASN:Hydrophobic': 1, 'UNL:ASP:HBDonor': 1, 'UNL:ASP:VdWContact': 1, 'UNL:GLN:HBDonor': 1, 'UNL:GLN:Hydrophobic': 1, 'UNL:GLN:VdWContact': 1, 'UNL:LEU:Hydrophobic': 2, 'UNL:SER:VdWContact': 2, 'UNL:THR:Hydrophobic': 1, 'UNL:THR:VdWContact': 2, 'UNL:TRP:Hydrophobic': 1}"
360,Boltz-1-Single-Seq,1OYT_FSN,0.0,0.21428571428571425,"{'UNL:ALA:VdWContact': 1, 'UNL:ASN:VdWContact': 1, 'UNL:ASP:HBDonor': 1, 'UNL:ASP:VdWContact': 1, 'UNL:GLU:VdWContact': 1, 'UNL:GLY:HBAcceptor': 1, 'UNL:GLY:HBDonor': 1, 'UNL:GLY:VdWContact': 2, 'UNL:LEU:Hydrophobic': 1, 'UNL:LEU:VdWContact': 1, 'UNL:SER:VdWContact': 2, 'UNL:TRP:Hydrophobic': 1, 'UNL:TRP:VdWContact': 2}","{'UNL:ALA:VdWContact': 1, 'UNL:ASN:VdWContact': 1, 'UNL:ASP:HBDonor': 1, 'UNL:ASP:VdWContact': 1, 'UNL:GLU:Hydrophobic': 1, 'UNL:GLY:HBAcceptor': 1, 'UNL:GLY:HBDonor': 1, 'UNL:GLY:VdWContact': 2, 'UNL:HIS:VdWContact': 1, 'UNL:ILE:Hydrophobic': 1, 'UNL:LEU:Hydrophobic': 1, 'UNL:SER:VdWContact': 1, 'UNL:TRP:Hydrophobic': 2, 'UNL:TRP:VdWContact': 1, 'UNL:VAL:Hydrophobic': 1}"
361,Boltz-1-Single-Seq,1K3U_IAD,0.7142857142857144,0.8461538461538461,"{'UNL:ASP:HBDonor': 1, 'UNL:ASP:VdWContact': 1, 'UNL:GLY:HBAcceptor': 1, 'UNL:GLY:VdWContact': 3, 'UNL:ILE:VdWContact': 2, 'UNL:LEU:Hydrophobic': 1, 'UNL:PHE:HBAcceptor': 1, 'UNL:PHE:Hydrophobic': 1, 'UNL:PHE:VdWContact': 2, 'UNL:SER:HBAcceptor': 1, 'UNL:SER:VdWContact': 1, 'UNL:THR:VdWContact': 1, 'UNL:TYR:VdWContact': 1}","{'UNL:ALA:Hydrophobic': 2, 'UNL:ASP:HBDonor': 1, 'UNL:ASP:VdWContact': 1, 'UNL:GLY:HBAcceptor': 3, 'UNL:GLY:HBDonor': 1, 'UNL:GLY:VdWContact': 4, 'UNL:ILE:HBAcceptor': 1, 'UNL:ILE:Hydrophobic': 3, 'UNL:ILE:VdWContact': 3, 'UNL:LEU:Hydrophobic': 2, 'UNL:PHE:HBAcceptor': 1, 'UNL:PHE:HBDonor': 1, 'UNL:PHE:Hydrophobic': 2, 'UNL:PHE:VdWContact': 2, 'UNL:SER:HBAcceptor': 1, 'UNL:SER:VdWContact': 1, 'UNL:THR:Hydrophobic': 1, 'UNL:THR:VdWContact': 1, 'UNL:TYR:Hydrophobic': 1, 'UNL:TYR:VdWContact': 1}"
362,Boltz-1-Single-Seq,1YV3_BIT,0.6666666666666666,0.23529411764705885,"{'UNL:CYS:Hydrophobic': 1, 'UNL:CYS:VdWContact': 1, 'UNL:GLU:Hydrophobic': 2, 'UNL:GLU:VdWContact': 1, 'UNL:GLY:VdWContact': 1, 'UNL:ILE:Hydrophobic': 1, 'UNL:ILE:VdWContact': 2, 'UNL:LEU:Hydrophobic': 1, 'UNL:LEU:VdWContact': 2, 'UNL:PHE:VdWContact': 1, 'UNL:SER:HBAcceptor': 1, 'UNL:SER:VdWContact': 1, 'UNL:TYR:Hydrophobic': 2, 'UNL:TYR:VdWContact': 1}","{'UNL:CYS:Hydrophobic': 1, 'UNL:GLN:Hydrophobic': 1, 'UNL:GLU:Hydrophobic': 1, 'UNL:GLY:HBAcceptor': 1, 'UNL:GLY:HBDonor': 1, 'UNL:GLY:VdWContact': 1, 'UNL:ILE:Hydrophobic': 2, 'UNL:ILE:VdWContact': 1, 'UNL:LEU:Hydrophobic': 3, 'UNL:LEU:VdWContact': 1, 'UNL:PHE:Hydrophobic': 1, 'UNL:PHE:VdWContact': 1, 'UNL:SER:HBAcceptor': 1, 'UNL:SER:VdWContact': 1, 'UNL:THR:Hydrophobic': 1, 'UNL:TYR:Hydrophobic': 2, 'UNL:TYR:VdWContact': 1, 'UNL:VAL:Hydrophobic': 1}"
363,Boltz-1-Single-Seq,1IA1_TQ3,0.0,0.16666666666666669,"{'UNL:GLU:HBDonor': 1, 'UNL:GLU:VdWContact': 1, 'UNL:ILE:HBDonor': 1, 'UNL:ILE:Hydrophobic': 3, 'UNL:ILE:VdWContact': 3, 'UNL:MET:Hydrophobic': 1, 'UNL:PHE:Hydrophobic': 1, 'UNL:PHE:VdWContact': 1, 'UNL:TYR:VdWContact': 1, 'UNL:VAL:VdWContact': 1}","{'UNL:ALA:Hydrophobic': 1, 'UNL:GLU:HBDonor': 1, 'UNL:GLU:VdWContact': 1, 'UNL:ILE:HBDonor': 1, 'UNL:ILE:Hydrophobic': 4, 'UNL:ILE:VdWContact': 3, 'UNL:LEU:Hydrophobic': 1, 'UNL:MET:Hydrophobic': 1, 'UNL:MET:VdWContact': 1, 'UNL:PHE:Hydrophobic': 1, 'UNL:THR:Hydrophobic': 1}"
364,Boltz-1-Single-Seq,1R1H_BIR,0.2,0.2857142857142857,"{'UNL:ALA:VdWContact': 1, 'UNL:ARG:HBAcceptor': 1, 'UNL:ARG:VdWContact': 1, 'UNL:ASN:HBAcceptor': 1, 'UNL:ASN:HBDonor': 1, 'UNL:ASN:VdWContact': 1, 'UNL:GLU:HBDonor': 1, 'UNL:GLU:VdWContact': 2, 'UNL:HIS:HBAcceptor': 1, 'UNL:HIS:Hydrophobic': 1, 'UNL:HIS:VdWContact': 2, 'UNL:MET:Hydrophobic': 1, 'UNL:PHE:Hydrophobic': 1, 'UNL:PHE:VdWContact': 2, 'UNL:TRP:VdWContact': 1, 'UNL:VAL:Hydrophobic': 1}","{'UNL:ALA:Hydrophobic': 1, 'UNL:ALA:VdWContact': 1, 'UNL:ARG:HBAcceptor': 1, 'UNL:ARG:VdWContact': 1, 'UNL:ASN:HBAcceptor': 1, 'UNL:ASN:HBDonor': 1, 'UNL:ASN:VdWContact': 1, 'UNL:GLU:HBDonor': 1, 'UNL:GLU:VdWContact': 1, 'UNL:HIS:Hydrophobic': 1, 'UNL:HIS:VdWContact': 2, 'UNL:MET:Hydrophobic': 1, 'UNL:PHE:Hydrophobic': 3, 'UNL:PHE:VdWContact': 1, 'UNL:TRP:Hydrophobic': 1, 'UNL:TRP:VdWContact': 1, 'UNL:VAL:Hydrophobic': 2, 'UNL:VAL:VdWContact': 1}"
365,Boltz-1-Single-Seq,1YVF_PH7,0.0,0.2500000000000001,"{'UNL:ARG:Hydrophobic': 1, 'UNL:ARG:VdWContact': 1, 'UNL:ILE:Hydrophobic': 1, 'UNL:ILE:VdWContact': 1, 'UNL:LEU:Hydrophobic': 2, 'UNL:LEU:VdWContact': 4, 'UNL:MET:Hydrophobic': 1, 'UNL:MET:VdWContact': 1, 'UNL:PRO:VdWContact': 1, 'UNL:SER:VdWContact': 1, 'UNL:TRP:Hydrophobic': 1, 'UNL:TYR:HBAcceptor': 1, 'UNL:TYR:VdWContact': 1}","{'UNL:ARG:Hydrophobic': 1, 'UNL:ASN:Hydrophobic': 1, 'UNL:ASN:VdWContact': 1, 'UNL:CYS:Hydrophobic': 1, 'UNL:CYS:VdWContact': 1, 'UNL:GLN:VdWContact': 1, 'UNL:LEU:Hydrophobic': 1, 'UNL:MET:Hydrophobic': 1, 'UNL:MET:VdWContact': 1, 'UNL:PHE:Hydrophobic': 1, 'UNL:PRO:Hydrophobic': 1, 'UNL:PRO:VdWContact': 1, 'UNL:SER:VdWContact': 2, 'UNL:TYR:HBAcceptor': 1, 'UNL:TYR:Hydrophobic': 2, 'UNL:TYR:VdWContact': 1}"
366,Boltz-1-Single-Seq,1YQY_915,0.0,0.2000000000000001,"{'UNL:GLU:VdWContact': 3, 'UNL:GLY:HBAcceptor': 1, 'UNL:GLY:HBDonor': 1, 'UNL:GLY:VdWContact': 1, 'UNL:HIS:HBDonor': 1, 'UNL:HIS:Hydrophobic': 1, 'UNL:HIS:VdWContact': 2, 'UNL:LEU:VdWContact': 1, 'UNL:LYS:Hydrophobic': 1, 'UNL:LYS:VdWContact': 1, 'UNL:PHE:VdWContact': 1, 'UNL:SER:VdWContact': 1, 'UNL:TYR:HBAcceptor': 1, 'UNL:TYR:HBDonor': 1, 'UNL:TYR:VdWContact': 1, 'UNL:VAL:Hydrophobic': 1, 'UNL:VAL:VdWContact': 1}","{'UNL:ASP:Hydrophobic': 1, 'UNL:GLU:VdWContact': 3, 'UNL:GLY:HBAcceptor': 1, 'UNL:GLY:HBDonor': 1, 'UNL:GLY:VdWContact': 1, 'UNL:HIS:HBAcceptor': 1, 'UNL:HIS:HBDonor': 1, 'UNL:HIS:Hydrophobic': 1, 'UNL:HIS:VdWContact': 1, 'UNL:LEU:Hydrophobic': 2, 'UNL:LEU:VdWContact': 2, 'UNL:LYS:Hydrophobic': 1, 'UNL:SER:VdWContact': 1, 'UNL:TYR:HBDonor': 1, 'UNL:TYR:Hydrophobic': 1, 'UNL:TYR:VdWContact': 1, 'UNL:VAL:Hydrophobic': 2, 'UNL:VAL:VdWContact': 1}"
367,Boltz-1-Single-Seq,1HWW_SWA,0.3333333333333333,0.4444444444444445,"{'UNL:ARG:VdWContact': 1, 'UNL:ASP:VdWContact': 3, 'UNL:HIS:HBDonor': 1, 'UNL:HIS:VdWContact': 2, 'UNL:PHE:VdWContact': 1, 'UNL:TRP:VdWContact': 1, 'UNL:TYR:VdWContact': 1}","{'UNL:ARG:VdWContact': 1, 'UNL:ASP:HBDonor': 1, 'UNL:ASP:VdWContact': 3, 'UNL:HIS:VdWContact': 1, 'UNL:PHE:Hydrophobic': 1, 'UNL:PHE:VdWContact': 1, 'UNL:TRP:HBDonor': 1, 'UNL:TRP:Hydrophobic': 1, 'UNL:TRP:VdWContact': 2, 'UNL:TYR:Hydrophobic': 1, 'UNL:TYR:VdWContact': 2}"
368,Boltz-1-Single-Seq,1T40_ID5,0.25,0.9285714285714285,"{'UNL:CYS:Hydrophobic': 1, 'UNL:HIS:HBAcceptor': 1, 'UNL:HIS:VdWContact': 1, 'UNL:LEU:HBAcceptor': 1, 'UNL:LEU:Hydrophobic': 1, 'UNL:THR:VdWContact': 1, 'UNL:TRP:HBAcceptor': 1, 'UNL:TRP:Hydrophobic': 2, 'UNL:TRP:VdWContact': 2, 'UNL:TYR:VdWContact': 1}","{'UNL:CYS:Hydrophobic': 1, 'UNL:CYS:VdWContact': 2, 'UNL:HIS:HBAcceptor': 1, 'UNL:HIS:HBDonor': 1, 'UNL:HIS:VdWContact': 1, 'UNL:LEU:HBAcceptor': 1, 'UNL:LEU:Hydrophobic': 1, 'UNL:LEU:VdWContact': 1, 'UNL:PHE:Hydrophobic': 2, 'UNL:THR:Hydrophobic': 1, 'UNL:THR:VdWContact': 1, 'UNL:TRP:HBAcceptor': 1, 'UNL:TRP:Hydrophobic': 4, 'UNL:TRP:VdWContact': 2, 'UNL:TYR:Hydrophobic': 2, 'UNL:TYR:VdWContact': 2, 'UNL:VAL:Hydrophobic': 1, 'UNL:VAL:VdWContact': 1}"
369,Boltz-1-Single-Seq,1Z95_198,0.6666666666666666,0.39999999999999997,"{'UNL:ARG:HBAcceptor': 1, 'UNL:ARG:VdWContact': 1, 'UNL:ASN:VdWContact': 1, 'UNL:GLN:HBAcceptor': 1, 'UNL:GLN:VdWContact': 1, 'UNL:ILE:Hydrophobic': 1, 'UNL:ILE:VdWContact': 1, 'UNL:LEU:HBDonor': 1, 'UNL:LEU:Hydrophobic': 3, 'UNL:LEU:VdWContact': 2, 'UNL:MET:Hydrophobic': 3, 'UNL:MET:VdWContact': 3, 'UNL:PHE:VdWContact': 1, 'UNL:THR:VdWContact': 1}","{'UNL:ARG:VdWContact': 1, 'UNL:ASN:VdWContact': 1, 'UNL:GLY:VdWContact': 1, 'UNL:ILE:Hydrophobic': 2, 'UNL:ILE:VdWContact': 1, 'UNL:LEU:HBDonor': 1, 'UNL:LEU:Hydrophobic': 4, 'UNL:LEU:VdWContact': 2, 'UNL:MET:Hydrophobic': 3, 'UNL:MET:VdWContact': 3, 'UNL:PHE:Hydrophobic': 2, 'UNL:PHE:VdWContact': 1, 'UNL:THR:Hydrophobic': 1, 'UNL:THR:VdWContact': 1, 'UNL:VAL:Hydrophobic': 1}"
370,Boltz-1-Single-Seq,1HP0_AD3,0.0,0.3333333333333333,"{'UNL:ASN:HBAcceptor': 2, 'UNL:ASN:Hydrophobic': 1, 'UNL:ASN:VdWContact': 3, 'UNL:ASP:VdWContact': 2, 'UNL:GLU:VdWContact': 1, 'UNL:MET:VdWContact': 1, 'UNL:TRP:Hydrophobic': 1, 'UNL:TRP:VdWContact': 1, 'UNL:TYR:VdWContact': 1}","{'UNL:ASN:HBAcceptor': 2, 'UNL:ASN:Hydrophobic': 1, 'UNL:ASN:VdWContact': 3, 'UNL:ASP:VdWContact': 3, 'UNL:GLU:VdWContact': 1, 'UNL:MET:VdWContact': 1, 'UNL:THR:VdWContact': 1, 'UNL:TRP:Hydrophobic': 2, 'UNL:TRP:VdWContact': 1, 'UNL:TYR:VdWContact': 1}"
371,Boltz-1-Single-Seq,1OF1_SCT,0.0,0.28571428571428564,"{'UNL:ALA:VdWContact': 1, 'UNL:ARG:Hydrophobic': 1, 'UNL:ARG:VdWContact': 2, 'UNL:GLN:HBAcceptor': 1, 'UNL:GLN:HBDonor': 1, 'UNL:GLN:VdWContact': 1, 'UNL:GLU:VdWContact': 2, 'UNL:HIS:VdWContact': 1, 'UNL:ILE:Hydrophobic': 1, 'UNL:MET:VdWContact': 1, 'UNL:TYR:HBAcceptor': 1, 'UNL:TYR:HBDonor': 1, 'UNL:TYR:Hydrophobic': 1, 'UNL:TYR:VdWContact': 2}","{'UNL:ALA:Hydrophobic': 2, 'UNL:ALA:VdWContact': 1, 'UNL:ARG:HBAcceptor': 1, 'UNL:ARG:HBDonor': 1, 'UNL:ARG:VdWContact': 1, 'UNL:GLN:HBAcceptor': 1, 'UNL:GLN:HBDonor': 1, 'UNL:GLN:VdWContact': 1, 'UNL:GLU:VdWContact': 2, 'UNL:HIS:Hydrophobic': 1, 'UNL:HIS:VdWContact': 1, 'UNL:ILE:Hydrophobic': 2, 'UNL:MET:Hydrophobic': 1, 'UNL:TRP:Hydrophobic': 1, 'UNL:TYR:Hydrophobic': 2, 'UNL:TYR:VdWContact': 2}"
372,Boltz-1-Single-Seq,1SJ0_E4D,0.25,0.42105263157894746,"{'UNL:ARG:HBAcceptor': 1, 'UNL:ARG:VdWContact': 1, 'UNL:ASP:VdWContact': 1, 'UNL:CYS:VdWContact': 1, 'UNL:GLU:HBDonor': 1, 'UNL:GLU:VdWContact': 1, 'UNL:GLY:VdWContact': 1, 'UNL:HIS:VdWContact': 1, 'UNL:ILE:Hydrophobic': 1, 'UNL:ILE:VdWContact': 1, 'UNL:LEU:Hydrophobic': 5, 'UNL:LEU:VdWContact': 2, 'UNL:MET:Hydrophobic': 2, 'UNL:THR:VdWContact': 1, 'UNL:TRP:VdWContact': 1}","{'UNL:ALA:Hydrophobic': 1, 'UNL:ARG:HBAcceptor': 1, 'UNL:ARG:VdWContact': 1, 'UNL:ASP:VdWContact': 1, 'UNL:CYS:Hydrophobic': 1, 'UNL:CYS:VdWContact': 1, 'UNL:GLU:VdWContact': 1, 'UNL:HIS:HBDonor': 1, 'UNL:HIS:Hydrophobic': 1, 'UNL:HIS:VdWContact': 1, 'UNL:ILE:Hydrophobic': 1, 'UNL:LEU:HBDonor': 1, 'UNL:LEU:Hydrophobic': 7, 'UNL:LEU:VdWContact': 3, 'UNL:MET:Hydrophobic': 3, 'UNL:MET:VdWContact': 1, 'UNL:PHE:Hydrophobic': 1, 'UNL:THR:VdWContact': 1, 'UNL:TRP:Hydrophobic': 1, 'UNL:TRP:VdWContact': 1}"
373,Boltz-1-Single-Seq,1U4D_DBQ,0.3333333333333333,0.22222222222222215,"{'UNL:ALA:HBAcceptor': 1, 'UNL:ALA:VdWContact': 1, 'UNL:ASP:VdWContact': 1, 'UNL:GLU:HBDonor': 1, 'UNL:GLU:VdWContact': 1, 'UNL:LEU:Hydrophobic': 2, 'UNL:LEU:VdWContact': 2, 'UNL:LYS:VdWContact': 1, 'UNL:VAL:VdWContact': 1}","{'UNL:ALA:HBAcceptor': 1, 'UNL:ALA:Hydrophobic': 1, 'UNL:ALA:VdWContact': 1, 'UNL:ASP:HBDonor': 1, 'UNL:ASP:VdWContact': 1, 'UNL:GLU:HBDonor': 1, 'UNL:GLU:VdWContact': 1, 'UNL:LEU:Hydrophobic': 2, 'UNL:LEU:VdWContact': 1, 'UNL:LYS:VdWContact': 1, 'UNL:VAL:Hydrophobic': 1}"
374,Boltz-1-Single-Seq,1Q41_IXM,0.0,0.21428571428571427,"{'UNL:ASP:HBDonor': 1, 'UNL:ASP:VdWContact': 1, 'UNL:CYS:Hydrophobic': 1, 'UNL:GLY:VdWContact': 1, 'UNL:LEU:Hydrophobic': 2, 'UNL:LEU:VdWContact': 2, 'UNL:PHE:VdWContact': 1, 'UNL:PRO:VdWContact': 1, 'UNL:VAL:HBAcceptor': 1, 'UNL:VAL:HBDonor': 1, 'UNL:VAL:VdWContact': 1}","{'UNL:ALA:Hydrophobic': 1, 'UNL:ASP:HBDonor': 1, 'UNL:ASP:VdWContact': 1, 'UNL:CYS:Hydrophobic': 1, 'UNL:ILE:Hydrophobic': 1, 'UNL:LEU:Hydrophobic': 2, 'UNL:PRO:VdWContact': 1, 'UNL:THR:Hydrophobic': 1, 'UNL:TYR:Hydrophobic': 1, 'UNL:TYR:VdWContact': 1, 'UNL:VAL:HBAcceptor': 1, 'UNL:VAL:HBDonor': 1, 'UNL:VAL:Hydrophobic': 2, 'UNL:VAL:VdWContact': 1}"
375,Boltz-1-Single-Seq,1OWE_675,0.0,0.625,"{'UNL:ASP:HBDonor': 1, 'UNL:ASP:VdWContact': 1, 'UNL:GLN:Hydrophobic': 1, 'UNL:GLY:HBDonor': 1, 'UNL:GLY:VdWContact': 2, 'UNL:SER:VdWContact': 2}","{'UNL:ASP:HBDonor': 1, 'UNL:ASP:VdWContact': 1, 'UNL:GLN:Hydrophobic': 1, 'UNL:GLN:VdWContact': 1, 'UNL:GLY:HBDonor': 1, 'UNL:GLY:VdWContact': 1, 'UNL:HIS:Hydrophobic': 1, 'UNL:HIS:VdWContact': 1, 'UNL:SER:VdWContact': 2, 'UNL:VAL:Hydrophobic': 1}"
376,Boltz-1-Single-Seq,1OQ5_CEL,0.25,0.4,"{'UNL:GLN:HBAcceptor': 1, 'UNL:GLN:VdWContact': 1, 'UNL:HIS:HBDonor': 1, 'UNL:HIS:VdWContact': 1, 'UNL:LEU:Hydrophobic': 1, 'UNL:LEU:VdWContact': 1, 'UNL:PRO:VdWContact': 2, 'UNL:THR:HBAcceptor': 1, 'UNL:THR:HBDonor': 1, 'UNL:THR:VdWContact': 2, 'UNL:VAL:Hydrophobic': 1, 'UNL:VAL:VdWContact': 1}","{'UNL:ASN:Hydrophobic': 1, 'UNL:ASN:VdWContact': 1, 'UNL:GLN:Hydrophobic': 1, 'UNL:GLN:VdWContact': 1, 'UNL:GLU:Hydrophobic': 1, 'UNL:GLU:VdWContact': 1, 'UNL:HIS:HBDonor': 1, 'UNL:HIS:VdWContact': 1, 'UNL:LEU:Hydrophobic': 1, 'UNL:LEU:VdWContact': 1, 'UNL:PHE:Hydrophobic': 1, 'UNL:THR:HBAcceptor': 1, 'UNL:THR:HBDonor': 1, 'UNL:THR:Hydrophobic': 1, 'UNL:THR:VdWContact': 2, 'UNL:VAL:Hydrophobic': 1}"
377,Boltz-1-Single-Seq,1SG0_STL,0.5,0.2857142857142857,"{'UNL:ASN:VdWContact': 1, 'UNL:GLN:Hydrophobic': 1, 'UNL:GLY:HBDonor': 1, 'UNL:GLY:VdWContact': 1, 'UNL:PHE:Hydrophobic': 1, 'UNL:PHE:VdWContact': 2, 'UNL:TRP:VdWContact': 1}","{'UNL:ASN:HBAcceptor': 1, 'UNL:ASN:VdWContact': 1, 'UNL:GLY:HBDonor': 1, 'UNL:GLY:VdWContact': 1, 'UNL:PHE:Hydrophobic': 3, 'UNL:PHE:VdWContact': 2, 'UNL:TRP:Hydrophobic': 1, 'UNL:TRP:VdWContact': 1}"
378,Boltz-1-Single-Seq,2BR1_PFP,0.0,0.49999999999999994,"{'UNL:CYS:HBAcceptor': 1, 'UNL:CYS:VdWContact': 1, 'UNL:GLU:Hydrophobic': 1, 'UNL:GLU:VdWContact': 2, 'UNL:GLY:VdWContact': 1, 'UNL:LEU:Hydrophobic': 1, 'UNL:VAL:Hydrophobic': 1}","{'UNL:ALA:Hydrophobic': 1, 'UNL:ALA:VdWContact': 1, 'UNL:CYS:HBAcceptor': 1, 'UNL:CYS:Hydrophobic': 1, 'UNL:CYS:VdWContact': 1, 'UNL:GLU:Hydrophobic': 1, 'UNL:GLU:VdWContact': 2, 'UNL:LEU:Hydrophobic': 2, 'UNL:LEU:VdWContact': 1, 'UNL:SER:VdWContact': 1, 'UNL:TYR:Hydrophobic': 1, 'UNL:VAL:Hydrophobic': 1}"
379,Boltz-1-Single-Seq,1UOU_CMU,0.0,0.6363636363636364,"{'UNL:ARG:HBAcceptor': 1, 'UNL:ARG:VdWContact': 1, 'UNL:HIS:VdWContact': 1, 'UNL:ILE:Hydrophobic': 1, 'UNL:LYS:HBAcceptor': 1, 'UNL:LYS:VdWContact': 1, 'UNL:SER:HBDonor': 1, 'UNL:SER:VdWContact': 2, 'UNL:THR:VdWContact': 1, 'UNL:TYR:VdWContact': 1}","{'UNL:ARG:HBAcceptor': 1, 'UNL:ARG:VdWContact': 2, 'UNL:GLY:VdWContact': 1, 'UNL:HIS:HBDonor': 1, 'UNL:HIS:VdWContact': 1, 'UNL:ILE:Hydrophobic': 2, 'UNL:LEU:Hydrophobic': 1, 'UNL:LEU:VdWContact': 1, 'UNL:LYS:VdWContact': 1, 'UNL:SER:HBDonor': 1, 'UNL:SER:VdWContact': 2, 'UNL:THR:VdWContact': 2, 'UNL:TYR:Hydrophobic': 1, 'UNL:TYR:VdWContact': 1}"
380,Boltz-1-Single-Seq,1V0P_PVB,0.3333333333333333,0.22222222222222227,"{'UNL:ALA:VdWContact': 1, 'UNL:ASP:VdWContact': 2, 'UNL:GLN:Hydrophobic': 1, 'UNL:GLN:VdWContact': 2, 'UNL:GLU:VdWContact': 2, 'UNL:GLY:VdWContact': 1, 'UNL:HIS:VdWContact': 1, 'UNL:ILE:Hydrophobic': 1, 'UNL:ILE:VdWContact': 1, 'UNL:LEU:HBAcceptor': 1, 'UNL:LEU:HBDonor': 1, 'UNL:LEU:VdWContact': 2, 'UNL:LYS:HBAcceptor': 1, 'UNL:LYS:Hydrophobic': 1, 'UNL:LYS:VdWContact': 2, 'UNL:PHE:VdWContact': 1, 'UNL:VAL:VdWContact': 1}","{'UNL:ALA:Hydrophobic': 2, 'UNL:ALA:VdWContact': 2, 'UNL:GLN:VdWContact': 1, 'UNL:GLU:VdWContact': 1, 'UNL:GLY:VdWContact': 2, 'UNL:ILE:Hydrophobic': 1, 'UNL:LEU:HBAcceptor': 1, 'UNL:LEU:HBDonor': 1, 'UNL:LEU:Hydrophobic': 1, 'UNL:LEU:VdWContact': 2, 'UNL:PHE:Hydrophobic': 1, 'UNL:VAL:Hydrophobic': 2, 'UNL:VAL:VdWContact': 2}"
381,Boltz-1-Single-Seq,1XOZ_CIA,0.0,0.4000000000000001,"{'UNL:ALA:VdWContact': 2, 'UNL:GLN:HBDonor': 1, 'UNL:GLN:Hydrophobic': 1, 'UNL:GLN:VdWContact': 1, 'UNL:ILE:Hydrophobic': 1, 'UNL:ILE:VdWContact': 1, 'UNL:MET:Hydrophobic': 1, 'UNL:MET:VdWContact': 1, 'UNL:PHE:Hydrophobic': 1, 'UNL:PHE:VdWContact': 2, 'UNL:VAL:VdWContact': 1}","{'UNL:ALA:Hydrophobic': 2, 'UNL:GLN:HBDonor': 1, 'UNL:GLN:Hydrophobic': 1, 'UNL:GLN:VdWContact': 2, 'UNL:ILE:Hydrophobic': 2, 'UNL:ILE:VdWContact': 1, 'UNL:LEU:Hydrophobic': 1, 'UNL:LEU:VdWContact': 1, 'UNL:MET:Hydrophobic': 1, 'UNL:MET:VdWContact': 1, 'UNL:PHE:Hydrophobic': 2, 'UNL:PHE:VdWContact': 1, 'UNL:TYR:Hydrophobic': 1, 'UNL:VAL:Hydrophobic': 1, 'UNL:VAL:VdWContact': 1}"
382,Boltz-1-Single-Seq,1R55_097,0.0,0.8,"{'UNL:ALA:HBDonor': 2, 'UNL:ALA:VdWContact': 3, 'UNL:GLU:VdWContact': 1, 'UNL:GLY:HBDonor': 1, 'UNL:GLY:VdWContact': 1, 'UNL:HIS:HBAcceptor': 1, 'UNL:HIS:VdWContact': 3, 'UNL:THR:HBAcceptor': 1, 'UNL:THR:VdWContact': 3, 'UNL:VAL:HBAcceptor': 1, 'UNL:VAL:VdWContact': 1}","{'UNL:ALA:HBDonor': 2, 'UNL:ALA:Hydrophobic': 2, 'UNL:ALA:VdWContact': 2, 'UNL:GLU:VdWContact': 1, 'UNL:GLY:HBDonor': 1, 'UNL:GLY:VdWContact': 1, 'UNL:HIS:HBAcceptor': 1, 'UNL:HIS:Hydrophobic': 1, 'UNL:HIS:VdWContact': 3, 'UNL:THR:HBAcceptor': 1, 'UNL:THR:Hydrophobic': 2, 'UNL:THR:VdWContact': 2, 'UNL:VAL:HBAcceptor': 1, 'UNL:VAL:Hydrophobic': 1, 'UNL:VAL:VdWContact': 1}"
383,Boltz-1-Single-Seq,1YWR_LI9,0.3333333333333333,0.6842105263157896,"{'UNL:ASN:VdWContact': 1, 'UNL:ASP:Hydrophobic': 1, 'UNL:ASP:VdWContact': 1, 'UNL:HIS:VdWContact': 1, 'UNL:LEU:VdWContact': 2, 'UNL:LYS:HBAcceptor': 1, 'UNL:LYS:Hydrophobic': 1, 'UNL:LYS:VdWContact': 1, 'UNL:MET:HBAcceptor': 1, 'UNL:MET:HBDonor': 1, 'UNL:MET:VdWContact': 1, 'UNL:TYR:VdWContact': 1}","{'UNL:ALA:Hydrophobic': 1, 'UNL:ALA:VdWContact': 1, 'UNL:ASP:Hydrophobic': 1, 'UNL:ASP:VdWContact': 1, 'UNL:HIS:VdWContact': 1, 'UNL:ILE:Hydrophobic': 1, 'UNL:LEU:Hydrophobic': 4, 'UNL:LEU:VdWContact': 2, 'UNL:LYS:Hydrophobic': 1, 'UNL:LYS:VdWContact': 1, 'UNL:MET:HBAcceptor': 1, 'UNL:MET:HBDonor': 1, 'UNL:MET:Hydrophobic': 1, 'UNL:MET:VdWContact': 1, 'UNL:THR:Hydrophobic': 1, 'UNL:THR:VdWContact': 1, 'UNL:TYR:Hydrophobic': 1, 'UNL:TYR:VdWContact': 1, 'UNL:VAL:Hydrophobic': 2, 'UNL:VAL:VdWContact': 1}"
384,Boltz-1-Single-Seq,1HQ2_PH2,0.0,0.2727272727272727,"{'UNL:ASN:HBAcceptor': 1, 'UNL:ASN:HBDonor': 1, 'UNL:ASN:VdWContact': 1, 'UNL:LEU:HBAcceptor': 1, 'UNL:LEU:HBDonor': 1, 'UNL:LEU:VdWContact': 1, 'UNL:PHE:VdWContact': 1, 'UNL:PRO:HBDonor': 1, 'UNL:PRO:VdWContact': 1, 'UNL:THR:HBDonor': 1, 'UNL:THR:VdWContact': 1, 'UNL:TRP:VdWContact': 1, 'UNL:TYR:VdWContact': 1}","{'UNL:ASN:HBAcceptor': 1, 'UNL:ASN:HBDonor': 1, 'UNL:ASN:VdWContact': 1, 'UNL:ASP:VdWContact': 1, 'UNL:LEU:HBAcceptor': 1, 'UNL:LEU:HBDonor': 1, 'UNL:LEU:Hydrophobic': 1, 'UNL:LEU:VdWContact': 1, 'UNL:PHE:Hydrophobic': 1, 'UNL:PHE:VdWContact': 1, 'UNL:PRO:HBDonor': 1, 'UNL:PRO:VdWContact': 1, 'UNL:THR:HBDonor': 1, 'UNL:THR:VdWContact': 1, 'UNL:TYR:Hydrophobic': 1, 'UNL:TYR:VdWContact': 1}"
385,Boltz-1-Single-Seq,1V4S_MRK,0.25,0.5333333333333334,"{'UNL:ARG:HBAcceptor': 1, 'UNL:ARG:HBDonor': 1, 'UNL:ARG:VdWContact': 1, 'UNL:ILE:Hydrophobic': 1, 'UNL:ILE:VdWContact': 1, 'UNL:MET:Hydrophobic': 1, 'UNL:MET:VdWContact': 1, 'UNL:TYR:HBDonor': 1, 'UNL:TYR:VdWContact': 3, 'UNL:VAL:Hydrophobic': 1, 'UNL:VAL:VdWContact': 2}","{'UNL:ALA:Hydrophobic': 1, 'UNL:ARG:HBAcceptor': 1, 'UNL:ARG:HBDonor': 1, 'UNL:ARG:Hydrophobic': 1, 'UNL:ARG:VdWContact': 1, 'UNL:GLU:Hydrophobic': 1, 'UNL:ILE:Hydrophobic': 2, 'UNL:MET:Hydrophobic': 2, 'UNL:MET:VdWContact': 1, 'UNL:PRO:Hydrophobic': 1, 'UNL:THR:HBAcceptor': 1, 'UNL:THR:Hydrophobic': 1, 'UNL:THR:VdWContact': 1, 'UNL:TYR:HBDonor': 1, 'UNL:TYR:Hydrophobic': 2, 'UNL:TYR:VdWContact': 2, 'UNL:VAL:Hydrophobic': 3}"
386,Boltz-1-Single-Seq,1NAV_IH5,0.6,0.5333333333333333,"{'UNL:ALA:VdWContact': 1, 'UNL:ARG:HBAcceptor': 1, 'UNL:ARG:HBDonor': 1, 'UNL:ARG:VdWContact': 1, 'UNL:GLY:VdWContact': 1, 'UNL:HIS:HBAcceptor': 1, 'UNL:HIS:HBDonor': 1, 'UNL:HIS:VdWContact': 1, 'UNL:ILE:VdWContact': 1, 'UNL:LEU:Hydrophobic': 2, 'UNL:LEU:VdWContact': 1, 'UNL:MET:Hydrophobic': 3, 'UNL:MET:VdWContact': 1, 'UNL:PHE:Hydrophobic': 1, 'UNL:SER:HBAcceptor': 1, 'UNL:SER:VdWContact': 1}","{'UNL:ALA:Hydrophobic': 2, 'UNL:GLY:VdWContact': 1, 'UNL:HIS:HBAcceptor': 1, 'UNL:HIS:VdWContact': 1, 'UNL:ILE:Hydrophobic': 1, 'UNL:ILE:VdWContact': 1, 'UNL:LEU:Hydrophobic': 3, 'UNL:LEU:VdWContact': 2, 'UNL:MET:Hydrophobic': 3, 'UNL:MET:VdWContact': 2, 'UNL:PHE:Hydrophobic': 3, 'UNL:PHE:VdWContact': 1, 'UNL:SER:HBAcceptor': 1, 'UNL:SER:VdWContact': 1, 'UNL:THR:Hydrophobic': 1}"
387,Boltz-1-Single-Seq,1JJE_BYS,0.25,0.49999999999999994,"{'UNL:ASN:HBAcceptor': 1, 'UNL:ASN:Hydrophobic': 1, 'UNL:ASN:VdWContact': 1, 'UNL:GLY:VdWContact': 1, 'UNL:HIS:VdWContact': 1, 'UNL:LYS:HBAcceptor': 1, 'UNL:LYS:VdWContact': 1, 'UNL:TRP:Hydrophobic': 1, 'UNL:TRP:VdWContact': 1, 'UNL:VAL:Hydrophobic': 2, 'UNL:VAL:VdWContact': 2}","{'UNL:ASN:HBAcceptor': 1, 'UNL:ASN:Hydrophobic': 1, 'UNL:ASN:VdWContact': 1, 'UNL:ASP:Hydrophobic': 1, 'UNL:ASP:VdWContact': 1, 'UNL:CYS:VdWContact': 1, 'UNL:GLY:VdWContact': 1, 'UNL:HIS:HBDonor': 1, 'UNL:HIS:Hydrophobic': 2, 'UNL:HIS:VdWContact': 3, 'UNL:LYS:HBDonor': 1, 'UNL:LYS:VdWContact': 1, 'UNL:PHE:Hydrophobic': 1, 'UNL:TRP:Hydrophobic': 1, 'UNL:TRP:VdWContact': 1, 'UNL:VAL:Hydrophobic': 2, 'UNL:VAL:VdWContact': 1}"
388,Boltz-1-Single-Seq,1PMN_984,0.5,0.375,"{'UNL:ALA:VdWContact': 2, 'UNL:ASN:VdWContact': 1, 'UNL:GLU:VdWContact': 1, 'UNL:GLY:VdWContact': 2, 'UNL:ILE:Hydrophobic': 2, 'UNL:ILE:VdWContact': 2, 'UNL:LEU:Hydrophobic': 1, 'UNL:LEU:VdWContact': 2, 'UNL:LYS:Hydrophobic': 1, 'UNL:LYS:VdWContact': 1, 'UNL:MET:HBAcceptor': 1, 'UNL:MET:HBDonor': 1, 'UNL:MET:Hydrophobic': 1, 'UNL:MET:VdWContact': 2, 'UNL:SER:VdWContact': 1, 'UNL:VAL:VdWContact': 1}","{'UNL:ALA:Hydrophobic': 1, 'UNL:ALA:VdWContact': 2, 'UNL:ASN:VdWContact': 1, 'UNL:ILE:Hydrophobic': 2, 'UNL:ILE:VdWContact': 2, 'UNL:LEU:Hydrophobic': 3, 'UNL:LEU:VdWContact': 2, 'UNL:LYS:Hydrophobic': 1, 'UNL:MET:HBAcceptor': 1, 'UNL:MET:Hydrophobic': 2, 'UNL:MET:VdWContact': 2, 'UNL:VAL:Hydrophobic': 2}"
389,Boltz-1-Single-Seq,1N2V_BDI,0.0,0.09090909090909094,"{'UNL:ALA:VdWContact': 1, 'UNL:ASP:HBDonor': 1, 'UNL:ASP:VdWContact': 1, 'UNL:CYS:VdWContact': 1, 'UNL:GLN:HBAcceptor': 1, 'UNL:GLN:VdWContact': 1, 'UNL:GLY:HBAcceptor': 1, 'UNL:GLY:VdWContact': 3, 'UNL:MET:Hydrophobic': 1, 'UNL:MET:VdWContact': 1, 'UNL:TYR:VdWContact': 1}","{'UNL:ALA:Hydrophobic': 1, 'UNL:ASP:HBDonor': 1, 'UNL:ASP:VdWContact': 1, 'UNL:CYS:Hydrophobic': 1, 'UNL:GLN:HBAcceptor': 1, 'UNL:GLN:VdWContact': 1, 'UNL:GLY:HBAcceptor': 1, 'UNL:GLY:VdWContact': 2, 'UNL:MET:Hydrophobic': 1, 'UNL:TYR:Hydrophobic': 1, 'UNL:TYR:VdWContact': 1}"
390,Boltz-1-Single-Seq,1S3V_TQD,0.3333333333333333,0.19999999999999998,"{'UNL:GLU:HBDonor': 1, 'UNL:GLU:VdWContact': 1, 'UNL:ILE:HBDonor': 1, 'UNL:ILE:Hydrophobic': 1, 'UNL:ILE:VdWContact': 1, 'UNL:LEU:VdWContact': 2, 'UNL:PHE:Hydrophobic': 1, 'UNL:PHE:VdWContact': 2, 'UNL:PRO:VdWContact': 1, 'UNL:SER:VdWContact': 1, 'UNL:VAL:HBDonor': 1, 'UNL:VAL:VdWContact': 1}","{'UNL:GLU:HBDonor': 1, 'UNL:GLU:VdWContact': 1, 'UNL:ILE:HBDonor': 1, 'UNL:ILE:Hydrophobic': 1, 'UNL:ILE:VdWContact': 1, 'UNL:PHE:Hydrophobic': 2, 'UNL:PHE:VdWContact': 1, 'UNL:PRO:Hydrophobic': 1, 'UNL:SER:VdWContact': 1, 'UNL:VAL:VdWContact': 1}"
391,Boltz-1-Single-Seq,1Y6B_AAX,0.0,0.2666666666666667,"{'UNL:ASN:HBAcceptor': 1, 'UNL:ASN:VdWContact': 1, 'UNL:ASP:Hydrophobic': 1, 'UNL:CYS:HBAcceptor': 1, 'UNL:CYS:HBDonor': 1, 'UNL:CYS:VdWContact': 1, 'UNL:GLU:VdWContact': 1, 'UNL:GLY:VdWContact': 1, 'UNL:LEU:Hydrophobic': 1, 'UNL:LEU:VdWContact': 2, 'UNL:LYS:Hydrophobic': 1, 'UNL:LYS:VdWContact': 1, 'UNL:PHE:VdWContact': 1, 'UNL:VAL:Hydrophobic': 2, 'UNL:VAL:VdWContact': 2}","{'UNL:ALA:Hydrophobic': 1, 'UNL:ASN:HBAcceptor': 1, 'UNL:ASN:VdWContact': 1, 'UNL:CYS:HBAcceptor': 1, 'UNL:CYS:HBDonor': 1, 'UNL:CYS:Hydrophobic': 1, 'UNL:CYS:VdWContact': 1, 'UNL:GLU:VdWContact': 2, 'UNL:GLY:VdWContact': 1, 'UNL:LEU:Hydrophobic': 2, 'UNL:LYS:Hydrophobic': 1, 'UNL:LYS:VdWContact': 1, 'UNL:PHE:Hydrophobic': 2, 'UNL:PHE:VdWContact': 1, 'UNL:VAL:Hydrophobic': 3, 'UNL:VAL:VdWContact': 2}"
392,Boltz-1-Single-Seq,1L2S_STC,0.5,0.23076923076923078,"{'UNL:ALA:HBDonor': 1, 'UNL:ALA:VdWContact': 1, 'UNL:ASN:HBAcceptor': 1, 'UNL:ASN:VdWContact': 1, 'UNL:GLN:Hydrophobic': 1, 'UNL:GLN:VdWContact': 1, 'UNL:GLY:VdWContact': 1, 'UNL:LEU:Hydrophobic': 1, 'UNL:LEU:VdWContact': 1, 'UNL:SER:VdWContact': 1, 'UNL:TYR:VdWContact': 1}","{'UNL:ALA:HBAcceptor': 1, 'UNL:ALA:HBDonor': 1, 'UNL:ALA:VdWContact': 1, 'UNL:ASN:HBAcceptor': 1, 'UNL:ASN:VdWContact': 1, 'UNL:GLN:VdWContact': 1, 'UNL:GLY:VdWContact': 1, 'UNL:LEU:Hydrophobic': 2, 'UNL:SER:HBAcceptor': 1, 'UNL:SER:VdWContact': 1, 'UNL:THR:Hydrophobic': 1, 'UNL:THR:VdWContact': 1, 'UNL:TYR:Hydrophobic': 2, 'UNL:VAL:Hydrophobic': 1}"
393,Boltz-1-Single-Seq,1W2G_THM,0.3333333333333333,0.6000000000000001,"{'UNL:ARG:HBAcceptor': 1, 'UNL:ARG:VdWContact': 1, 'UNL:ASN:HBDonor': 1, 'UNL:ASN:VdWContact': 1, 'UNL:ASP:VdWContact': 1, 'UNL:PHE:Hydrophobic': 1, 'UNL:PRO:VdWContact': 1, 'UNL:TYR:HBAcceptor': 1, 'UNL:TYR:VdWContact': 3}","{'UNL:ARG:HBAcceptor': 1, 'UNL:ARG:Hydrophobic': 1, 'UNL:ARG:VdWContact': 1, 'UNL:ASN:HBDonor': 1, 'UNL:ASN:Hydrophobic': 1, 'UNL:ASN:VdWContact': 1, 'UNL:ASP:VdWContact': 1, 'UNL:PHE:Hydrophobic': 2, 'UNL:PRO:Hydrophobic': 1, 'UNL:PRO:VdWContact': 1, 'UNL:TYR:Hydrophobic': 2, 'UNL:TYR:VdWContact': 3}"
394,Boltz-1-Single-Seq,1TOW_CRZ,0.5,0.5714285714285714,"{'UNL:ALA:VdWContact': 1, 'UNL:ARG:HBAcceptor': 1, 'UNL:ARG:VdWContact': 1, 'UNL:ASP:Hydrophobic': 1, 'UNL:MET:Hydrophobic': 1, 'UNL:PHE:VdWContact': 1, 'UNL:TYR:VdWContact': 1, 'UNL:VAL:VdWContact': 1}","{'UNL:ALA:Hydrophobic': 3, 'UNL:ARG:HBAcceptor': 1, 'UNL:ARG:HBDonor': 1, 'UNL:ARG:VdWContact': 1, 'UNL:ASP:Hydrophobic': 1, 'UNL:CYS:VdWContact': 1, 'UNL:ILE:Hydrophobic': 1, 'UNL:MET:Hydrophobic': 1, 'UNL:PHE:Hydrophobic': 2, 'UNL:PHE:VdWContact': 1, 'UNL:PRO:Hydrophobic': 1, 'UNL:PRO:VdWContact': 1, 'UNL:TYR:VdWContact': 1, 'UNL:VAL:Hydrophobic': 1}"
395,Boltz-1-Single-Seq,1XM6_5RM,0.5,0.20000000000000007,"{'UNL:ASN:Hydrophobic': 1, 'UNL:ASN:VdWContact': 1, 'UNL:GLN:HBAcceptor': 1, 'UNL:GLN:VdWContact': 1, 'UNL:HIS:HBDonor': 1, 'UNL:HIS:VdWContact': 1, 'UNL:ILE:Hydrophobic': 1, 'UNL:ILE:VdWContact': 1, 'UNL:LEU:VdWContact': 2, 'UNL:MET:Hydrophobic': 1, 'UNL:MET:VdWContact': 2, 'UNL:PHE:Hydrophobic': 1, 'UNL:PHE:VdWContact': 2, 'UNL:TYR:VdWContact': 1}","{'UNL:ASN:VdWContact': 1, 'UNL:GLN:HBAcceptor': 1, 'UNL:GLN:VdWContact': 1, 'UNL:ILE:Hydrophobic': 1, 'UNL:ILE:VdWContact': 1, 'UNL:LEU:Hydrophobic': 2, 'UNL:LEU:VdWContact': 1, 'UNL:MET:Hydrophobic': 3, 'UNL:MET:VdWContact': 1, 'UNL:PHE:Hydrophobic': 3, 'UNL:PHE:VdWContact': 2, 'UNL:THR:VdWContact': 1, 'UNL:TYR:Hydrophobic': 1}"
396,Boltz-1-Single-Seq,1R58_AO5,0.3333333333333333,0.8181818181818182,"{'UNL:ASP:HBDonor': 2, 'UNL:ASP:VdWContact': 2, 'UNL:GLU:HBDonor': 1, 'UNL:GLU:VdWContact': 1, 'UNL:HIS:HBDonor': 2, 'UNL:HIS:VdWContact': 4, 'UNL:PHE:Hydrophobic': 1, 'UNL:TYR:Hydrophobic': 1}","{'UNL:ALA:Hydrophobic': 1, 'UNL:ALA:VdWContact': 1, 'UNL:ASP:HBDonor': 2, 'UNL:ASP:VdWContact': 2, 'UNL:GLU:HBDonor': 1, 'UNL:GLU:VdWContact': 1, 'UNL:HIS:HBDonor': 1, 'UNL:HIS:Hydrophobic': 2, 'UNL:HIS:VdWContact': 2, 'UNL:MET:Hydrophobic': 1, 'UNL:PHE:Hydrophobic': 1, 'UNL:PHE:VdWContact': 1, 'UNL:TYR:Hydrophobic': 1, 'UNL:TYR:VdWContact': 1}"
397,Boltz-1-Single-Seq,1HNN_SKF,0.5,0.24999999999999994,"{'UNL:ARG:VdWContact': 1, 'UNL:ASN:Hydrophobic': 1, 'UNL:ASN:VdWContact': 1, 'UNL:ASP:VdWContact': 1, 'UNL:GLU:HBDonor': 1, 'UNL:GLU:VdWContact': 1, 'UNL:LYS:HBDonor': 1, 'UNL:LYS:VdWContact': 1, 'UNL:PHE:Hydrophobic': 1, 'UNL:TYR:VdWContact': 2, 'UNL:VAL:VdWContact': 1}","{'UNL:ARG:VdWContact': 1, 'UNL:ASN:Hydrophobic': 1, 'UNL:ASP:VdWContact': 1, 'UNL:GLU:HBDonor': 1, 'UNL:GLU:VdWContact': 1, 'UNL:LYS:VdWContact': 1, 'UNL:MET:Hydrophobic': 1, 'UNL:MET:VdWContact': 1, 'UNL:PHE:Hydrophobic': 1, 'UNL:TYR:Hydrophobic': 2, 'UNL:TYR:VdWContact': 2, 'UNL:VAL:VdWContact': 1}"
398,Boltz-1-Single-Seq,1OPK_P16,0.0,0.2631578947368421,"{'UNL:ALA:VdWContact': 1, 'UNL:ASP:VdWContact': 1, 'UNL:GLU:VdWContact': 1, 'UNL:GLY:VdWContact': 2, 'UNL:ILE:Hydrophobic': 1, 'UNL:LEU:Hydrophobic': 1, 'UNL:LEU:VdWContact': 1, 'UNL:LYS:Hydrophobic': 1, 'UNL:MET:HBAcceptor': 1, 'UNL:MET:HBDonor': 1, 'UNL:MET:Hydrophobic': 1, 'UNL:MET:VdWContact': 1, 'UNL:PHE:VdWContact': 1, 'UNL:THR:VdWContact': 1, 'UNL:TYR:VdWContact': 1, 'UNL:VAL:VdWContact': 1}","{'UNL:ALA:Hydrophobic': 1, 'UNL:GLU:VdWContact': 1, 'UNL:ILE:Hydrophobic': 1, 'UNL:LEU:Hydrophobic': 2, 'UNL:LYS:Hydrophobic': 1, 'UNL:MET:HBAcceptor': 1, 'UNL:MET:HBDonor': 1, 'UNL:MET:Hydrophobic': 2, 'UNL:MET:VdWContact': 2, 'UNL:PHE:Hydrophobic': 2, 'UNL:THR:Hydrophobic': 1, 'UNL:THR:VdWContact': 1, 'UNL:TYR:Hydrophobic': 1, 'UNL:TYR:VdWContact': 1, 'UNL:VAL:Hydrophobic': 2}"
399,Boltz-1-Single-Seq,1SQN_NDR,0.5,0.7142857142857142,"{'UNL:ARG:HBAcceptor': 1, 'UNL:ARG:VdWContact': 1, 'UNL:ASN:VdWContact': 1, 'UNL:CYS:VdWContact': 1, 'UNL:GLN:HBAcceptor': 1, 'UNL:GLN:VdWContact': 1, 'UNL:LEU:VdWContact': 3, 'UNL:MET:Hydrophobic': 2, 'UNL:MET:VdWContact': 3, 'UNL:TYR:VdWContact': 1}","{'UNL:ARG:VdWContact': 1, 'UNL:CYS:Hydrophobic': 1, 'UNL:CYS:VdWContact': 1, 'UNL:GLN:HBAcceptor': 1, 'UNL:GLN:VdWContact': 1, 'UNL:LEU:Hydrophobic': 5, 'UNL:LEU:VdWContact': 3, 'UNL:MET:Hydrophobic': 4, 'UNL:MET:VdWContact': 2, 'UNL:PHE:Hydrophobic': 1, 'UNL:TRP:Hydrophobic': 1, 'UNL:TYR:Hydrophobic': 1, 'UNL:TYR:VdWContact': 1, 'UNL:VAL:Hydrophobic': 1}"
400,Boltz-1,1M2Z_DEX,0.2,0.5,"{'UNL:ARG:VdWContact': 1, 'UNL:ASN:HBAcceptor': 1, 'UNL:ASN:HBDonor': 1, 'UNL:ASN:VdWContact': 1, 'UNL:CYS:VdWContact': 1, 'UNL:GLN:HBAcceptor': 1, 'UNL:GLN:VdWContact': 2, 'UNL:LEU:VdWContact': 1, 'UNL:MET:Hydrophobic': 2, 'UNL:MET:VdWContact': 3, 'UNL:PHE:VdWContact': 1, 'UNL:THR:VdWContact': 1, 'UNL:TYR:VdWContact': 1}","{'UNL:ALA:Hydrophobic': 1, 'UNL:ARG:HBAcceptor': 1, 'UNL:ARG:VdWContact': 1, 'UNL:ASN:HBAcceptor': 1, 'UNL:ASN:VdWContact': 1, 'UNL:CYS:Hydrophobic': 1, 'UNL:CYS:VdWContact': 1, 'UNL:GLN:HBAcceptor': 1, 'UNL:GLN:HBDonor': 1, 'UNL:GLN:Hydrophobic': 1, 'UNL:GLN:VdWContact': 2, 'UNL:GLY:VdWContact': 1, 'UNL:LEU:Hydrophobic': 4, 'UNL:LEU:VdWContact': 1, 'UNL:MET:Hydrophobic': 3, 'UNL:MET:VdWContact': 1, 'UNL:PHE:Hydrophobic': 1, 'UNL:PHE:VdWContact': 1, 'UNL:TRP:Hydrophobic': 1, 'UNL:TYR:Hydrophobic': 1, 'UNL:TYR:VdWContact': 1}"
401,Boltz-1,1P62_GEO,0.2,0.16666666666666666,"{'UNL:ARG:HBAcceptor': 1, 'UNL:ARG:VdWContact': 1, 'UNL:ASP:HBDonor': 1, 'UNL:ASP:VdWContact': 1, 'UNL:GLN:HBAcceptor': 1, 'UNL:GLN:HBDonor': 1, 'UNL:GLN:VdWContact': 1, 'UNL:GLU:HBDonor': 1, 'UNL:GLU:VdWContact': 2, 'UNL:ILE:VdWContact': 1, 'UNL:LEU:VdWContact': 1, 'UNL:PHE:Hydrophobic': 1, 'UNL:PHE:VdWContact': 2, 'UNL:TRP:VdWContact': 1, 'UNL:TYR:VdWContact': 1}","{'UNL:ARG:HBAcceptor': 1, 'UNL:ARG:VdWContact': 1, 'UNL:ASP:HBDonor': 1, 'UNL:ASP:VdWContact': 1, 'UNL:GLN:HBAcceptor': 1, 'UNL:GLN:HBDonor': 1, 'UNL:GLN:VdWContact': 1, 'UNL:GLU:VdWContact': 2, 'UNL:MET:VdWContact': 1, 'UNL:PHE:Hydrophobic': 2, 'UNL:TRP:Hydrophobic': 1, 'UNL:TYR:VdWContact': 1}"
402,Boltz-1,1KE5_LS1,0.25,0.42857142857142855,"{'UNL:ASP:HBAcceptor': 1, 'UNL:ASP:Hydrophobic': 1, 'UNL:ASP:VdWContact': 1, 'UNL:GLN:VdWContact': 1, 'UNL:GLU:HBDonor': 1, 'UNL:GLU:VdWContact': 1, 'UNL:HIS:VdWContact': 1, 'UNL:ILE:Hydrophobic': 1, 'UNL:ILE:VdWContact': 1, 'UNL:LEU:HBAcceptor': 1, 'UNL:LEU:VdWContact': 2, 'UNL:LYS:VdWContact': 1, 'UNL:PHE:Hydrophobic': 1, 'UNL:PHE:VdWContact': 2}","{'UNL:ALA:Hydrophobic': 2, 'UNL:ASP:HBAcceptor': 1, 'UNL:ASP:Hydrophobic': 1, 'UNL:ASP:VdWContact': 2, 'UNL:GLU:HBDonor': 1, 'UNL:GLU:VdWContact': 1, 'UNL:HIS:VdWContact': 1, 'UNL:ILE:Hydrophobic': 1, 'UNL:ILE:VdWContact': 1, 'UNL:LEU:HBAcceptor': 1, 'UNL:LEU:HBDonor': 1, 'UNL:LEU:Hydrophobic': 1, 'UNL:LEU:VdWContact': 2, 'UNL:LYS:VdWContact': 1, 'UNL:PHE:Hydrophobic': 2, 'UNL:PHE:VdWContact': 2, 'UNL:VAL:Hydrophobic': 2}"
403,Boltz-1,1TT1_KAI,0.16666666666666666,0.0,"{'UNL:ALA:HBAcceptor': 2, 'UNL:ALA:VdWContact': 2, 'UNL:ARG:HBAcceptor': 1, 'UNL:ARG:HBDonor': 1, 'UNL:ARG:VdWContact': 1, 'UNL:ASN:VdWContact': 1, 'UNL:GLU:VdWContact': 2, 'UNL:GLY:VdWContact': 1, 'UNL:PRO:HBDonor': 1, 'UNL:PRO:VdWContact': 1, 'UNL:THR:HBAcceptor': 1, 'UNL:THR:HBDonor': 1, 'UNL:THR:VdWContact': 1, 'UNL:TYR:Hydrophobic': 1, 'UNL:TYR:VdWContact': 1, 'UNL:VAL:Hydrophobic': 1}","{'UNL:ALA:HBAcceptor': 2, 'UNL:ALA:VdWContact': 2, 'UNL:ARG:HBAcceptor': 1, 'UNL:ARG:HBDonor': 1, 'UNL:ARG:VdWContact': 1, 'UNL:GLU:Hydrophobic': 2, 'UNL:GLU:VdWContact': 1, 'UNL:PRO:HBDonor': 1, 'UNL:PRO:VdWContact': 1, 'UNL:THR:HBAcceptor': 1, 'UNL:THR:VdWContact': 1, 'UNL:TYR:Hydrophobic': 1, 'UNL:TYR:VdWContact': 1, 'UNL:VAL:Hydrophobic': 1, 'UNL:VAL:VdWContact': 1}"
404,Boltz-1,1VCJ_IBA,1.0,0.5,"{'UNL:ALA:VdWContact': 1, 'UNL:ARG:HBAcceptor': 2, 'UNL:ARG:HBDonor': 1, 'UNL:ARG:VdWContact': 4, 'UNL:ASN:VdWContact': 1, 'UNL:ASP:VdWContact': 1, 'UNL:GLU:VdWContact': 4, 'UNL:ILE:VdWContact': 1, 'UNL:SER:VdWContact': 1, 'UNL:TYR:VdWContact': 1}","{'UNL:ALA:Hydrophobic': 1, 'UNL:ALA:VdWContact': 1, 'UNL:ARG:HBAcceptor': 3, 'UNL:ARG:Hydrophobic': 2, 'UNL:ARG:VdWContact': 5, 'UNL:ASN:Hydrophobic': 1, 'UNL:ASP:Hydrophobic': 1, 'UNL:ASP:VdWContact': 1, 'UNL:GLU:Hydrophobic': 1, 'UNL:GLU:VdWContact': 4, 'UNL:ILE:Hydrophobic': 1, 'UNL:SER:VdWContact': 1, 'UNL:TRP:Hydrophobic': 1, 'UNL:TRP:VdWContact': 1, 'UNL:TYR:VdWContact': 1}"
405,Boltz-1,1UML_FR4,0.0,0.07692307692307693,"{'UNL:ASP:HBDonor': 2, 'UNL:ASP:Hydrophobic': 1, 'UNL:ASP:VdWContact': 3, 'UNL:GLY:VdWContact': 1, 'UNL:HIS:VdWContact': 1, 'UNL:LEU:Hydrophobic': 2, 'UNL:LEU:VdWContact': 3, 'UNL:MET:Hydrophobic': 1, 'UNL:PHE:Hydrophobic': 1, 'UNL:PHE:VdWContact': 1, 'UNL:THR:VdWContact': 1}","{'UNL:ASP:HBDonor': 2, 'UNL:ASP:Hydrophobic': 1, 'UNL:ASP:VdWContact': 3, 'UNL:GLY:VdWContact': 1, 'UNL:HIS:Hydrophobic': 1, 'UNL:HIS:VdWContact': 1, 'UNL:LEU:Hydrophobic': 3, 'UNL:LEU:VdWContact': 1, 'UNL:MET:Hydrophobic': 1, 'UNL:PHE:Hydrophobic': 2, 'UNL:THR:Hydrophobic': 1, 'UNL:VAL:Hydrophobic': 1}"
406,Boltz-1,1JLA_TNK,0.0,0.11111111111111113,"{'UNL:CYS:Hydrophobic': 1, 'UNL:CYS:VdWContact': 1, 'UNL:GLY:VdWContact': 1, 'UNL:HIS:VdWContact': 1, 'UNL:LEU:Hydrophobic': 2, 'UNL:LEU:VdWContact': 2, 'UNL:LYS:HBDonor': 1, 'UNL:LYS:VdWContact': 1, 'UNL:PHE:Hydrophobic': 1, 'UNL:PHE:VdWContact': 1, 'UNL:PRO:VdWContact': 2, 'UNL:TRP:Hydrophobic': 1, 'UNL:TRP:VdWContact': 1, 'UNL:TYR:Hydrophobic': 1, 'UNL:TYR:VdWContact': 1, 'UNL:VAL:Hydrophobic': 1, 'UNL:VAL:VdWContact': 2}","{'UNL:CYS:Hydrophobic': 1, 'UNL:CYS:VdWContact': 1, 'UNL:GLY:VdWContact': 1, 'UNL:LEU:Hydrophobic': 2, 'UNL:LYS:HBDonor': 1, 'UNL:LYS:Hydrophobic': 1, 'UNL:LYS:VdWContact': 2, 'UNL:PHE:Hydrophobic': 1, 'UNL:PHE:VdWContact': 1, 'UNL:PRO:Hydrophobic': 2, 'UNL:PRO:VdWContact': 1, 'UNL:TRP:Hydrophobic': 1, 'UNL:TRP:VdWContact': 1, 'UNL:TYR:Hydrophobic': 1, 'UNL:TYR:VdWContact': 1, 'UNL:VAL:Hydrophobic': 1}"
407,Boltz-1,1N46_PFA,0.4,0.8125,"{'UNL:ALA:VdWContact': 1, 'UNL:ARG:HBAcceptor': 2, 'UNL:ARG:HBDonor': 1, 'UNL:ARG:VdWContact': 2, 'UNL:ASN:HBAcceptor': 1, 'UNL:ASN:VdWContact': 1, 'UNL:HIS:VdWContact': 1, 'UNL:ILE:VdWContact': 1, 'UNL:LEU:Hydrophobic': 2, 'UNL:LEU:VdWContact': 2, 'UNL:MET:Hydrophobic': 3, 'UNL:MET:VdWContact': 1, 'UNL:PHE:Hydrophobic': 1, 'UNL:PHE:VdWContact': 1}","{'UNL:ALA:Hydrophobic': 2, 'UNL:ALA:VdWContact': 2, 'UNL:ARG:HBAcceptor': 2, 'UNL:ARG:HBDonor': 1, 'UNL:ARG:Hydrophobic': 1, 'UNL:ARG:VdWContact': 2, 'UNL:ASN:HBAcceptor': 1, 'UNL:ASN:VdWContact': 1, 'UNL:GLY:VdWContact': 1, 'UNL:HIS:HBAcceptor': 1, 'UNL:HIS:HBDonor': 1, 'UNL:HIS:VdWContact': 1, 'UNL:ILE:Hydrophobic': 3, 'UNL:ILE:VdWContact': 1, 'UNL:LEU:Hydrophobic': 3, 'UNL:LEU:VdWContact': 2, 'UNL:MET:Hydrophobic': 3, 'UNL:MET:VdWContact': 2, 'UNL:PHE:Hydrophobic': 3, 'UNL:PHE:VdWContact': 1, 'UNL:THR:Hydrophobic': 1}"
408,Boltz-1,1KZK_JE2,0.5,0.5833333333333335,"{'UNL:ALA:VdWContact': 2, 'UNL:ASP:HBAcceptor': 1, 'UNL:ASP:Hydrophobic': 3, 'UNL:ASP:VdWContact': 4, 'UNL:GLY:HBDonor': 1, 'UNL:GLY:VdWContact': 3, 'UNL:ILE:Hydrophobic': 3, 'UNL:ILE:VdWContact': 3, 'UNL:PRO:VdWContact': 1, 'UNL:VAL:Hydrophobic': 1, 'UNL:VAL:VdWContact': 1}","{'UNL:ALA:Hydrophobic': 2, 'UNL:ASP:Hydrophobic': 3, 'UNL:ASP:VdWContact': 4, 'UNL:GLY:HBDonor': 1, 'UNL:GLY:VdWContact': 3, 'UNL:ILE:Hydrophobic': 6, 'UNL:LEU:Hydrophobic': 3, 'UNL:PRO:Hydrophobic': 2, 'UNL:PRO:VdWContact': 1, 'UNL:VAL:Hydrophobic': 4}"
409,Boltz-1,1MEH_MOA,0.25,0.2,"{'UNL:GLN:VdWContact': 1, 'UNL:GLY:HBAcceptor': 1, 'UNL:GLY:VdWContact': 2, 'UNL:ILE:VdWContact': 1, 'UNL:LYS:HBAcceptor': 1, 'UNL:LYS:Hydrophobic': 1, 'UNL:LYS:VdWContact': 1, 'UNL:SER:VdWContact': 2, 'UNL:THR:VdWContact': 1}","{'UNL:ASP:VdWContact': 1, 'UNL:GLU:Hydrophobic': 1, 'UNL:GLU:VdWContact': 1, 'UNL:GLY:HBAcceptor': 1, 'UNL:GLY:VdWContact': 1, 'UNL:ILE:VdWContact': 1, 'UNL:SER:HBAcceptor': 1, 'UNL:SER:HBDonor': 1, 'UNL:SER:VdWContact': 2}"
410,Boltz-1,2BSM_BSM,0.25,0.23529411764705885,"{'UNL:ASN:Hydrophobic': 2, 'UNL:ASN:VdWContact': 1, 'UNL:ASP:HBDonor': 1, 'UNL:ASP:Hydrophobic': 1, 'UNL:ASP:VdWContact': 1, 'UNL:GLY:HBDonor': 1, 'UNL:GLY:VdWContact': 1, 'UNL:LEU:VdWContact': 1, 'UNL:LYS:HBAcceptor': 1, 'UNL:LYS:VdWContact': 1, 'UNL:MET:Hydrophobic': 1, 'UNL:MET:VdWContact': 1, 'UNL:PHE:VdWContact': 1, 'UNL:THR:HBDonor': 1, 'UNL:THR:VdWContact': 1, 'UNL:VAL:VdWContact': 1}","{'UNL:ALA:Hydrophobic': 1, 'UNL:ASN:Hydrophobic': 1, 'UNL:ASN:VdWContact': 1, 'UNL:ASP:HBDonor': 1, 'UNL:ASP:Hydrophobic': 1, 'UNL:ASP:VdWContact': 1, 'UNL:GLY:HBDonor': 1, 'UNL:GLY:VdWContact': 2, 'UNL:ILE:Hydrophobic': 1, 'UNL:LYS:VdWContact': 1, 'UNL:MET:Hydrophobic': 1, 'UNL:PHE:VdWContact': 1, 'UNL:SER:VdWContact': 1, 'UNL:THR:HBDonor': 1, 'UNL:THR:Hydrophobic': 2, 'UNL:THR:VdWContact': 1, 'UNL:VAL:Hydrophobic': 1, 'UNL:VAL:VdWContact': 1}"
411,Boltz-1,1V48_HA1,0.33333333333333326,0.1333333333333333,"{'UNL:ALA:HBAcceptor': 1, 'UNL:ALA:VdWContact': 1, 'UNL:ARG:HBAcceptor': 1, 'UNL:ARG:VdWContact': 1, 'UNL:ASN:HBAcceptor': 1, 'UNL:ASN:VdWContact': 2, 'UNL:GLU:HBDonor': 1, 'UNL:GLU:VdWContact': 1, 'UNL:GLY:VdWContact': 1, 'UNL:HIS:VdWContact': 1, 'UNL:LEU:VdWContact': 1, 'UNL:MET:Hydrophobic': 1, 'UNL:SER:HBAcceptor': 2, 'UNL:SER:VdWContact': 2, 'UNL:THR:VdWContact': 1}","{'UNL:ALA:HBAcceptor': 1, 'UNL:ALA:Hydrophobic': 1, 'UNL:ALA:VdWContact': 1, 'UNL:ARG:HBAcceptor': 1, 'UNL:ARG:VdWContact': 1, 'UNL:ASN:HBAcceptor': 1, 'UNL:ASN:VdWContact': 2, 'UNL:GLU:HBDonor': 1, 'UNL:GLU:VdWContact': 1, 'UNL:HIS:VdWContact': 1, 'UNL:MET:Hydrophobic': 1, 'UNL:PHE:Hydrophobic': 1, 'UNL:PHE:VdWContact': 1, 'UNL:SER:HBAcceptor': 1, 'UNL:SER:HBDonor': 1, 'UNL:SER:VdWContact': 2, 'UNL:VAL:Hydrophobic': 1, 'UNL:VAL:VdWContact': 1}"
412,Boltz-1,1L7F_BCZ,0.25,0.7000000000000001,"{'UNL:ARG:HBAcceptor': 4, 'UNL:ARG:HBDonor': 1, 'UNL:ARG:VdWContact': 5, 'UNL:ASP:VdWContact': 1, 'UNL:GLU:VdWContact': 3, 'UNL:TRP:HBDonor': 1, 'UNL:TRP:VdWContact': 1, 'UNL:TYR:VdWContact': 1}","{'UNL:ALA:Hydrophobic': 1, 'UNL:ARG:HBAcceptor': 4, 'UNL:ARG:HBDonor': 1, 'UNL:ARG:Hydrophobic': 2, 'UNL:ARG:VdWContact': 4, 'UNL:ASP:VdWContact': 1, 'UNL:GLU:HBDonor': 1, 'UNL:GLU:Hydrophobic': 1, 'UNL:GLU:VdWContact': 3, 'UNL:ILE:Hydrophobic': 1, 'UNL:TRP:HBDonor': 1, 'UNL:TRP:Hydrophobic': 1, 'UNL:TRP:VdWContact': 1, 'UNL:TYR:VdWContact': 1}"
413,Boltz-1,1JD0_AZM,0.0,0.5714285714285714,"{'UNL:HIS:HBDonor': 2, 'UNL:HIS:VdWContact': 2, 'UNL:LEU:VdWContact': 1, 'UNL:THR:HBAcceptor': 1, 'UNL:THR:HBDonor': 1, 'UNL:THR:VdWContact': 2, 'UNL:VAL:VdWContact': 1}","{'UNL:GLN:Hydrophobic': 1, 'UNL:HIS:HBDonor': 2, 'UNL:HIS:VdWContact': 1, 'UNL:LEU:Hydrophobic': 1, 'UNL:LEU:VdWContact': 1, 'UNL:THR:HBAcceptor': 1, 'UNL:THR:HBDonor': 1, 'UNL:THR:VdWContact': 2, 'UNL:VAL:Hydrophobic': 1, 'UNL:VAL:VdWContact': 1}"
414,Boltz-1,1S19_MC9,0.25,0.8823529411764706,"{'UNL:ARG:HBAcceptor': 1, 'UNL:ARG:VdWContact': 1, 'UNL:CYS:VdWContact': 1, 'UNL:HIS:HBAcceptor': 1, 'UNL:HIS:VdWContact': 2, 'UNL:ILE:VdWContact': 1, 'UNL:LEU:Hydrophobic': 1, 'UNL:SER:VdWContact': 3, 'UNL:TRP:Hydrophobic': 1, 'UNL:TRP:VdWContact': 1, 'UNL:TYR:HBAcceptor': 1, 'UNL:TYR:VdWContact': 1}","{'UNL:ALA:Hydrophobic': 1, 'UNL:ALA:VdWContact': 1, 'UNL:ARG:HBAcceptor': 1, 'UNL:ARG:VdWContact': 1, 'UNL:CYS:VdWContact': 1, 'UNL:HIS:HBAcceptor': 2, 'UNL:HIS:HBDonor': 1, 'UNL:HIS:VdWContact': 2, 'UNL:ILE:Hydrophobic': 2, 'UNL:LEU:Hydrophobic': 6, 'UNL:MET:Hydrophobic': 1, 'UNL:PHE:Hydrophobic': 1, 'UNL:SER:VdWContact': 3, 'UNL:TRP:Hydrophobic': 1, 'UNL:TRP:VdWContact': 1, 'UNL:TYR:Hydrophobic': 2, 'UNL:TYR:VdWContact': 1, 'UNL:VAL:Hydrophobic': 2, 'UNL:VAL:VdWContact': 1}"
415,Boltz-1,1X8X_TYR,0.5,0.3333333333333333,"{'UNL:ASP:HBDonor': 2, 'UNL:ASP:Hydrophobic': 1, 'UNL:ASP:VdWContact': 3, 'UNL:GLN:HBDonor': 1, 'UNL:GLN:Hydrophobic': 1, 'UNL:GLN:VdWContact': 3, 'UNL:GLY:VdWContact': 1, 'UNL:TYR:VdWContact': 2}","{'UNL:ASP:HBDonor': 2, 'UNL:ASP:Hydrophobic': 1, 'UNL:ASP:VdWContact': 3, 'UNL:GLN:HBDonor': 2, 'UNL:GLN:Hydrophobic': 1, 'UNL:GLN:VdWContact': 3, 'UNL:GLY:VdWContact': 1, 'UNL:LEU:Hydrophobic': 1, 'UNL:THR:Hydrophobic': 1, 'UNL:TYR:Hydrophobic': 1, 'UNL:TYR:VdWContact': 2}"
416,Boltz-1,1T46_STI,0.0,0.3809523809523809,"{'UNL:ARG:VdWContact': 1, 'UNL:ASP:HBAcceptor': 1, 'UNL:ASP:Hydrophobic': 1, 'UNL:ASP:VdWContact': 1, 'UNL:CYS:HBAcceptor': 1, 'UNL:CYS:VdWContact': 1, 'UNL:GLU:Hydrophobic': 1, 'UNL:GLU:VdWContact': 1, 'UNL:HIS:VdWContact': 1, 'UNL:ILE:VdWContact': 1, 'UNL:LEU:Hydrophobic': 3, 'UNL:LEU:VdWContact': 1, 'UNL:LYS:Hydrophobic': 1, 'UNL:LYS:VdWContact': 1, 'UNL:PHE:Hydrophobic': 1, 'UNL:PHE:VdWContact': 1, 'UNL:THR:HBDonor': 1, 'UNL:THR:VdWContact': 1, 'UNL:VAL:Hydrophobic': 1, 'UNL:VAL:VdWContact': 1}","{'UNL:ALA:Hydrophobic': 1, 'UNL:ARG:VdWContact': 1, 'UNL:ASP:HBAcceptor': 1, 'UNL:ASP:Hydrophobic': 1, 'UNL:ASP:VdWContact': 1, 'UNL:CYS:HBAcceptor': 1, 'UNL:CYS:Hydrophobic': 1, 'UNL:CYS:VdWContact': 2, 'UNL:GLU:Hydrophobic': 1, 'UNL:GLU:VdWContact': 1, 'UNL:HIS:VdWContact': 1, 'UNL:ILE:VdWContact': 1, 'UNL:LEU:Hydrophobic': 4, 'UNL:LEU:VdWContact': 1, 'UNL:LYS:Hydrophobic': 1, 'UNL:LYS:VdWContact': 1, 'UNL:PHE:Hydrophobic': 1, 'UNL:PHE:VdWContact': 1, 'UNL:THR:HBDonor': 1, 'UNL:THR:Hydrophobic': 1, 'UNL:THR:VdWContact': 1, 'UNL:TYR:Hydrophobic': 1, 'UNL:VAL:Hydrophobic': 4}"
417,Boltz-1,1IG3_VIB,0.0,0.3636363636363636,"{'UNL:ASP:HBDonor': 1, 'UNL:ASP:VdWContact': 1, 'UNL:GLN:HBDonor': 1, 'UNL:GLN:VdWContact': 1, 'UNL:HIS:VdWContact': 1, 'UNL:LEU:VdWContact': 1, 'UNL:SER:VdWContact': 2, 'UNL:THR:VdWContact': 1, 'UNL:TRP:Hydrophobic': 1}","{'UNL:ASN:Hydrophobic': 1, 'UNL:ASP:HBDonor': 1, 'UNL:ASP:VdWContact': 1, 'UNL:GLN:HBDonor': 1, 'UNL:GLN:Hydrophobic': 1, 'UNL:GLN:VdWContact': 1, 'UNL:LEU:Hydrophobic': 2, 'UNL:SER:VdWContact': 2, 'UNL:THR:Hydrophobic': 1, 'UNL:THR:VdWContact': 2, 'UNL:TRP:Hydrophobic': 1}"
418,Boltz-1,1OYT_FSN,0.0,0.1333333333333333,"{'UNL:ALA:VdWContact': 1, 'UNL:ASN:VdWContact': 1, 'UNL:ASP:HBDonor': 1, 'UNL:ASP:VdWContact': 1, 'UNL:GLU:VdWContact': 1, 'UNL:GLY:HBAcceptor': 1, 'UNL:GLY:HBDonor': 1, 'UNL:GLY:VdWContact': 2, 'UNL:ILE:VdWContact': 1, 'UNL:LEU:Hydrophobic': 1, 'UNL:LEU:VdWContact': 1, 'UNL:SER:VdWContact': 2, 'UNL:TRP:Hydrophobic': 1, 'UNL:TRP:VdWContact': 2}","{'UNL:ALA:VdWContact': 1, 'UNL:ASN:VdWContact': 1, 'UNL:ASP:HBDonor': 1, 'UNL:ASP:VdWContact': 1, 'UNL:GLU:Hydrophobic': 1, 'UNL:GLY:HBAcceptor': 1, 'UNL:GLY:HBDonor': 1, 'UNL:GLY:VdWContact': 2, 'UNL:HIS:VdWContact': 1, 'UNL:ILE:Hydrophobic': 1, 'UNL:LEU:Hydrophobic': 1, 'UNL:SER:VdWContact': 1, 'UNL:TRP:Hydrophobic': 2, 'UNL:TRP:VdWContact': 1, 'UNL:VAL:Hydrophobic': 1}"
419,Boltz-1,1K3U_IAD,0.42857142857142855,0.7142857142857143,"{'UNL:ASP:VdWContact': 1, 'UNL:GLU:Hydrophobic': 1, 'UNL:GLY:HBAcceptor': 3, 'UNL:GLY:HBDonor': 1, 'UNL:GLY:VdWContact': 3, 'UNL:ILE:VdWContact': 2, 'UNL:LEU:Hydrophobic': 1, 'UNL:PHE:HBAcceptor': 1, 'UNL:PHE:Hydrophobic': 1, 'UNL:PHE:VdWContact': 2, 'UNL:SER:HBAcceptor': 1, 'UNL:SER:VdWContact': 1, 'UNL:THR:VdWContact': 1, 'UNL:TYR:VdWContact': 1}","{'UNL:ALA:Hydrophobic': 2, 'UNL:ASP:HBDonor': 1, 'UNL:ASP:VdWContact': 1, 'UNL:GLY:HBAcceptor': 3, 'UNL:GLY:HBDonor': 1, 'UNL:GLY:VdWContact': 4, 'UNL:ILE:HBAcceptor': 1, 'UNL:ILE:Hydrophobic': 3, 'UNL:ILE:VdWContact': 3, 'UNL:LEU:Hydrophobic': 2, 'UNL:PHE:HBAcceptor': 1, 'UNL:PHE:HBDonor': 1, 'UNL:PHE:Hydrophobic': 2, 'UNL:PHE:VdWContact': 2, 'UNL:SER:HBAcceptor': 1, 'UNL:SER:VdWContact': 1, 'UNL:THR:Hydrophobic': 1, 'UNL:THR:VdWContact': 1, 'UNL:TYR:Hydrophobic': 1, 'UNL:TYR:VdWContact': 1}"
420,Boltz-1,1YV3_BIT,0.3333333333333333,0.11111111111111113,"{'UNL:CYS:Hydrophobic': 1, 'UNL:CYS:VdWContact': 1, 'UNL:GLU:Hydrophobic': 1, 'UNL:GLU:VdWContact': 1, 'UNL:GLY:HBDonor': 1, 'UNL:GLY:VdWContact': 1, 'UNL:ILE:Hydrophobic': 1, 'UNL:ILE:VdWContact': 1, 'UNL:LEU:Hydrophobic': 2, 'UNL:LEU:VdWContact': 3, 'UNL:PHE:VdWContact': 1, 'UNL:SER:HBAcceptor': 1, 'UNL:SER:VdWContact': 1, 'UNL:THR:VdWContact': 1, 'UNL:TYR:Hydrophobic': 2, 'UNL:TYR:VdWContact': 2}","{'UNL:CYS:Hydrophobic': 1, 'UNL:GLN:Hydrophobic': 1, 'UNL:GLU:Hydrophobic': 1, 'UNL:GLY:HBAcceptor': 1, 'UNL:GLY:HBDonor': 1, 'UNL:GLY:VdWContact': 1, 'UNL:ILE:Hydrophobic': 2, 'UNL:ILE:VdWContact': 1, 'UNL:LEU:Hydrophobic': 3, 'UNL:LEU:VdWContact': 1, 'UNL:PHE:Hydrophobic': 1, 'UNL:PHE:VdWContact': 1, 'UNL:SER:HBAcceptor': 1, 'UNL:SER:VdWContact': 1, 'UNL:THR:Hydrophobic': 1, 'UNL:TYR:Hydrophobic': 2, 'UNL:TYR:VdWContact': 1, 'UNL:VAL:Hydrophobic': 1}"
421,Boltz-1,1IA1_TQ3,0.0,0.16666666666666669,"{'UNL:GLU:HBDonor': 1, 'UNL:GLU:VdWContact': 1, 'UNL:ILE:HBDonor': 1, 'UNL:ILE:Hydrophobic': 3, 'UNL:ILE:VdWContact': 3, 'UNL:MET:Hydrophobic': 1, 'UNL:PHE:Hydrophobic': 1, 'UNL:PHE:VdWContact': 1, 'UNL:TYR:VdWContact': 1, 'UNL:VAL:VdWContact': 1}","{'UNL:ALA:Hydrophobic': 1, 'UNL:GLU:HBDonor': 1, 'UNL:GLU:VdWContact': 1, 'UNL:ILE:HBDonor': 1, 'UNL:ILE:Hydrophobic': 4, 'UNL:ILE:VdWContact': 3, 'UNL:LEU:Hydrophobic': 1, 'UNL:MET:Hydrophobic': 1, 'UNL:MET:VdWContact': 1, 'UNL:PHE:Hydrophobic': 1, 'UNL:THR:Hydrophobic': 1}"
422,Boltz-1,1R1H_BIR,0.25,0.1333333333333333,"{'UNL:ALA:VdWContact': 1, 'UNL:ARG:HBAcceptor': 1, 'UNL:ARG:VdWContact': 1, 'UNL:ASN:HBAcceptor': 1, 'UNL:ASN:HBDonor': 1, 'UNL:ASN:VdWContact': 1, 'UNL:GLU:VdWContact': 2, 'UNL:HIS:Hydrophobic': 1, 'UNL:HIS:VdWContact': 2, 'UNL:MET:Hydrophobic': 1, 'UNL:MET:VdWContact': 1, 'UNL:PHE:Hydrophobic': 1, 'UNL:PHE:VdWContact': 2, 'UNL:TRP:Hydrophobic': 1, 'UNL:TRP:VdWContact': 1, 'UNL:VAL:Hydrophobic': 1}","{'UNL:ALA:Hydrophobic': 1, 'UNL:ALA:VdWContact': 1, 'UNL:ARG:HBAcceptor': 1, 'UNL:ARG:VdWContact': 1, 'UNL:ASN:HBAcceptor': 1, 'UNL:ASN:HBDonor': 1, 'UNL:ASN:VdWContact': 1, 'UNL:GLU:HBDonor': 1, 'UNL:GLU:VdWContact': 1, 'UNL:HIS:Hydrophobic': 1, 'UNL:HIS:VdWContact': 2, 'UNL:MET:Hydrophobic': 1, 'UNL:PHE:Hydrophobic': 3, 'UNL:PHE:VdWContact': 1, 'UNL:TRP:Hydrophobic': 1, 'UNL:TRP:VdWContact': 1, 'UNL:VAL:Hydrophobic': 2, 'UNL:VAL:VdWContact': 1}"
423,Boltz-1,1YVF_PH7,0.0,0.1363636363636363,"{'UNL:ARG:Hydrophobic': 1, 'UNL:ARG:VdWContact': 1, 'UNL:ILE:Hydrophobic': 1, 'UNL:ILE:VdWContact': 1, 'UNL:LEU:Hydrophobic': 2, 'UNL:LEU:VdWContact': 4, 'UNL:MET:Hydrophobic': 1, 'UNL:MET:VdWContact': 1, 'UNL:PRO:VdWContact': 1, 'UNL:SER:VdWContact': 1, 'UNL:TRP:Hydrophobic': 1, 'UNL:TYR:HBAcceptor': 1, 'UNL:TYR:VdWContact': 1, 'UNL:VAL:Hydrophobic': 1, 'UNL:VAL:VdWContact': 1}","{'UNL:ARG:Hydrophobic': 1, 'UNL:ASN:Hydrophobic': 1, 'UNL:ASN:VdWContact': 1, 'UNL:CYS:Hydrophobic': 1, 'UNL:CYS:VdWContact': 1, 'UNL:GLN:VdWContact': 1, 'UNL:LEU:Hydrophobic': 1, 'UNL:MET:Hydrophobic': 1, 'UNL:MET:VdWContact': 1, 'UNL:PHE:Hydrophobic': 1, 'UNL:PRO:Hydrophobic': 1, 'UNL:PRO:VdWContact': 1, 'UNL:SER:VdWContact': 2, 'UNL:TYR:HBAcceptor': 1, 'UNL:TYR:Hydrophobic': 2, 'UNL:TYR:VdWContact': 1}"
424,Boltz-1,1YQY_915,0.16666666666666666,0.0625,"{'UNL:ASP:Hydrophobic': 1, 'UNL:ASP:VdWContact': 1, 'UNL:GLU:VdWContact': 3, 'UNL:GLY:HBAcceptor': 1, 'UNL:GLY:HBDonor': 1, 'UNL:GLY:VdWContact': 1, 'UNL:HIS:HBAcceptor': 1, 'UNL:HIS:HBDonor': 1, 'UNL:HIS:Hydrophobic': 1, 'UNL:HIS:VdWContact': 2, 'UNL:LEU:VdWContact': 2, 'UNL:LYS:HBAcceptor': 1, 'UNL:LYS:Hydrophobic': 1, 'UNL:LYS:VdWContact': 1, 'UNL:PHE:VdWContact': 1, 'UNL:SER:VdWContact': 1, 'UNL:TYR:HBDonor': 1, 'UNL:TYR:VdWContact': 1, 'UNL:VAL:VdWContact': 1}","{'UNL:ASP:Hydrophobic': 1, 'UNL:GLU:VdWContact': 3, 'UNL:GLY:HBAcceptor': 1, 'UNL:GLY:HBDonor': 1, 'UNL:GLY:VdWContact': 1, 'UNL:HIS:HBAcceptor': 1, 'UNL:HIS:HBDonor': 1, 'UNL:HIS:Hydrophobic': 1, 'UNL:HIS:VdWContact': 1, 'UNL:LEU:Hydrophobic': 2, 'UNL:LEU:VdWContact': 2, 'UNL:LYS:Hydrophobic': 1, 'UNL:SER:VdWContact': 1, 'UNL:TYR:HBDonor': 1, 'UNL:TYR:Hydrophobic': 1, 'UNL:TYR:VdWContact': 1, 'UNL:VAL:Hydrophobic': 2, 'UNL:VAL:VdWContact': 1}"
425,Boltz-1,1HWW_SWA,0.25,0.4444444444444445,"{'UNL:ARG:VdWContact': 1, 'UNL:ASP:VdWContact': 4, 'UNL:HIS:HBAcceptor': 1, 'UNL:HIS:HBDonor': 2, 'UNL:HIS:VdWContact': 2, 'UNL:PHE:VdWContact': 1, 'UNL:TRP:VdWContact': 2, 'UNL:TYR:VdWContact': 1}","{'UNL:ARG:VdWContact': 1, 'UNL:ASP:HBDonor': 1, 'UNL:ASP:VdWContact': 3, 'UNL:HIS:VdWContact': 1, 'UNL:PHE:Hydrophobic': 1, 'UNL:PHE:VdWContact': 1, 'UNL:TRP:HBDonor': 1, 'UNL:TRP:Hydrophobic': 1, 'UNL:TRP:VdWContact': 2, 'UNL:TYR:Hydrophobic': 1, 'UNL:TYR:VdWContact': 2}"
426,Boltz-1,1T40_ID5,0.0,0.9285714285714285,"{'UNL:CYS:Hydrophobic': 1, 'UNL:HIS:HBAcceptor': 1, 'UNL:HIS:VdWContact': 1, 'UNL:LEU:HBAcceptor': 1, 'UNL:LEU:Hydrophobic': 1, 'UNL:THR:VdWContact': 1, 'UNL:TRP:HBAcceptor': 1, 'UNL:TRP:Hydrophobic': 2, 'UNL:TRP:VdWContact': 2, 'UNL:TYR:HBDonor': 1, 'UNL:TYR:VdWContact': 1}","{'UNL:CYS:Hydrophobic': 1, 'UNL:CYS:VdWContact': 2, 'UNL:HIS:HBAcceptor': 1, 'UNL:HIS:HBDonor': 1, 'UNL:HIS:VdWContact': 1, 'UNL:LEU:HBAcceptor': 1, 'UNL:LEU:Hydrophobic': 1, 'UNL:LEU:VdWContact': 1, 'UNL:PHE:Hydrophobic': 2, 'UNL:THR:Hydrophobic': 1, 'UNL:THR:VdWContact': 1, 'UNL:TRP:HBAcceptor': 1, 'UNL:TRP:Hydrophobic': 4, 'UNL:TRP:VdWContact': 2, 'UNL:TYR:Hydrophobic': 2, 'UNL:TYR:VdWContact': 2, 'UNL:VAL:Hydrophobic': 1, 'UNL:VAL:VdWContact': 1}"
427,Boltz-1,1Z95_198,0.6666666666666666,0.5,"{'UNL:ARG:HBAcceptor': 1, 'UNL:ARG:VdWContact': 1, 'UNL:ASN:VdWContact': 1, 'UNL:GLN:HBAcceptor': 1, 'UNL:ILE:Hydrophobic': 1, 'UNL:ILE:VdWContact': 1, 'UNL:LEU:HBDonor': 1, 'UNL:LEU:Hydrophobic': 3, 'UNL:LEU:VdWContact': 2, 'UNL:MET:Hydrophobic': 3, 'UNL:MET:VdWContact': 3, 'UNL:PHE:VdWContact': 1, 'UNL:THR:VdWContact': 1}","{'UNL:ARG:VdWContact': 1, 'UNL:ASN:VdWContact': 1, 'UNL:GLY:VdWContact': 1, 'UNL:ILE:Hydrophobic': 2, 'UNL:ILE:VdWContact': 1, 'UNL:LEU:HBDonor': 1, 'UNL:LEU:Hydrophobic': 4, 'UNL:LEU:VdWContact': 2, 'UNL:MET:Hydrophobic': 3, 'UNL:MET:VdWContact': 3, 'UNL:PHE:Hydrophobic': 2, 'UNL:PHE:VdWContact': 1, 'UNL:THR:Hydrophobic': 1, 'UNL:THR:VdWContact': 1, 'UNL:VAL:Hydrophobic': 1}"
428,Boltz-1,1HP0_AD3,0.0,0.5555555555555556,"{'UNL:ASN:HBAcceptor': 2, 'UNL:ASN:Hydrophobic': 1, 'UNL:ASN:VdWContact': 3, 'UNL:ASP:VdWContact': 2, 'UNL:GLU:VdWContact': 1, 'UNL:MET:VdWContact': 1, 'UNL:TYR:VdWContact': 1}","{'UNL:ASN:HBAcceptor': 2, 'UNL:ASN:Hydrophobic': 1, 'UNL:ASN:VdWContact': 3, 'UNL:ASP:VdWContact': 3, 'UNL:GLU:VdWContact': 1, 'UNL:MET:VdWContact': 1, 'UNL:THR:VdWContact': 1, 'UNL:TRP:Hydrophobic': 2, 'UNL:TRP:VdWContact': 1, 'UNL:TYR:VdWContact': 1}"
429,Boltz-1,1OF1_SCT,0.2,0.5384615384615384,"{'UNL:ALA:VdWContact': 1, 'UNL:ARG:VdWContact': 1, 'UNL:GLN:HBAcceptor': 1, 'UNL:GLN:HBDonor': 1, 'UNL:GLN:VdWContact': 1, 'UNL:GLU:VdWContact': 2, 'UNL:ILE:Hydrophobic': 1, 'UNL:MET:VdWContact': 1, 'UNL:TYR:HBAcceptor': 1, 'UNL:TYR:Hydrophobic': 1, 'UNL:TYR:VdWContact': 2}","{'UNL:ALA:Hydrophobic': 2, 'UNL:ALA:VdWContact': 1, 'UNL:ARG:HBAcceptor': 1, 'UNL:ARG:HBDonor': 1, 'UNL:ARG:VdWContact': 1, 'UNL:GLN:HBAcceptor': 1, 'UNL:GLN:HBDonor': 1, 'UNL:GLN:VdWContact': 1, 'UNL:GLU:VdWContact': 2, 'UNL:HIS:Hydrophobic': 1, 'UNL:HIS:VdWContact': 1, 'UNL:ILE:Hydrophobic': 2, 'UNL:MET:Hydrophobic': 1, 'UNL:TRP:Hydrophobic': 1, 'UNL:TYR:Hydrophobic': 2, 'UNL:TYR:VdWContact': 2}"
430,Boltz-1,1SJ0_E4D,0.25,0.2500000000000001,"{'UNL:ALA:VdWContact': 1, 'UNL:ARG:HBAcceptor': 1, 'UNL:ARG:VdWContact': 1, 'UNL:ASP:VdWContact': 1, 'UNL:CYS:VdWContact': 1, 'UNL:GLU:HBDonor': 1, 'UNL:GLU:VdWContact': 1, 'UNL:HIS:VdWContact': 1, 'UNL:ILE:Hydrophobic': 1, 'UNL:ILE:VdWContact': 1, 'UNL:LEU:Hydrophobic': 5, 'UNL:LEU:VdWContact': 3, 'UNL:MET:Hydrophobic': 2, 'UNL:MET:VdWContact': 1, 'UNL:THR:VdWContact': 1, 'UNL:TRP:VdWContact': 1, 'UNL:VAL:VdWContact': 1}","{'UNL:ALA:Hydrophobic': 1, 'UNL:ARG:HBAcceptor': 1, 'UNL:ARG:VdWContact': 1, 'UNL:ASP:VdWContact': 1, 'UNL:CYS:Hydrophobic': 1, 'UNL:CYS:VdWContact': 1, 'UNL:GLU:VdWContact': 1, 'UNL:HIS:HBDonor': 1, 'UNL:HIS:Hydrophobic': 1, 'UNL:HIS:VdWContact': 1, 'UNL:ILE:Hydrophobic': 1, 'UNL:LEU:HBDonor': 1, 'UNL:LEU:Hydrophobic': 7, 'UNL:LEU:VdWContact': 3, 'UNL:MET:Hydrophobic': 3, 'UNL:MET:VdWContact': 1, 'UNL:PHE:Hydrophobic': 1, 'UNL:THR:VdWContact': 1, 'UNL:TRP:Hydrophobic': 1, 'UNL:TRP:VdWContact': 1}"
431,Boltz-1,1U4D_DBQ,0.3333333333333333,0.22222222222222215,"{'UNL:ALA:HBAcceptor': 1, 'UNL:ALA:VdWContact': 1, 'UNL:ASP:VdWContact': 1, 'UNL:GLU:HBDonor': 1, 'UNL:GLU:VdWContact': 1, 'UNL:LEU:Hydrophobic': 2, 'UNL:LEU:VdWContact': 2, 'UNL:LYS:VdWContact': 1, 'UNL:THR:VdWContact': 1}","{'UNL:ALA:HBAcceptor': 1, 'UNL:ALA:Hydrophobic': 1, 'UNL:ALA:VdWContact': 1, 'UNL:ASP:HBDonor': 1, 'UNL:ASP:VdWContact': 1, 'UNL:GLU:HBDonor': 1, 'UNL:GLU:VdWContact': 1, 'UNL:LEU:Hydrophobic': 2, 'UNL:LEU:VdWContact': 1, 'UNL:LYS:VdWContact': 1, 'UNL:VAL:Hydrophobic': 1}"
432,Boltz-1,1Q41_IXM,0.0,0.3076923076923077,"{'UNL:ASP:HBDonor': 1, 'UNL:ASP:VdWContact': 1, 'UNL:CYS:Hydrophobic': 1, 'UNL:LEU:Hydrophobic': 2, 'UNL:LEU:VdWContact': 2, 'UNL:LYS:Hydrophobic': 1, 'UNL:PRO:VdWContact': 1, 'UNL:VAL:HBAcceptor': 1, 'UNL:VAL:HBDonor': 1, 'UNL:VAL:VdWContact': 1}","{'UNL:ALA:Hydrophobic': 1, 'UNL:ASP:HBDonor': 1, 'UNL:ASP:VdWContact': 1, 'UNL:CYS:Hydrophobic': 1, 'UNL:ILE:Hydrophobic': 1, 'UNL:LEU:Hydrophobic': 2, 'UNL:PRO:VdWContact': 1, 'UNL:THR:Hydrophobic': 1, 'UNL:TYR:Hydrophobic': 1, 'UNL:TYR:VdWContact': 1, 'UNL:VAL:HBAcceptor': 1, 'UNL:VAL:HBDonor': 1, 'UNL:VAL:Hydrophobic': 2, 'UNL:VAL:VdWContact': 1}"
433,Boltz-1,1OWE_675,0.0,0.5,"{'UNL:ASP:HBDonor': 1, 'UNL:ASP:VdWContact': 1, 'UNL:GLN:Hydrophobic': 1, 'UNL:GLY:HBDonor': 1, 'UNL:GLY:VdWContact': 2, 'UNL:HIS:Hydrophobic': 1, 'UNL:HIS:VdWContact': 2, 'UNL:SER:VdWContact': 2}","{'UNL:ASP:HBDonor': 1, 'UNL:ASP:VdWContact': 1, 'UNL:GLN:Hydrophobic': 1, 'UNL:GLN:VdWContact': 1, 'UNL:GLY:HBDonor': 1, 'UNL:GLY:VdWContact': 1, 'UNL:HIS:Hydrophobic': 1, 'UNL:HIS:VdWContact': 1, 'UNL:SER:VdWContact': 2, 'UNL:VAL:Hydrophobic': 1}"
434,Boltz-1,1OQ5_CEL,0.0,0.5333333333333333,"{'UNL:ASN:VdWContact': 1, 'UNL:HIS:HBDonor': 1, 'UNL:HIS:Hydrophobic': 1, 'UNL:HIS:VdWContact': 3, 'UNL:LEU:Hydrophobic': 1, 'UNL:LEU:VdWContact': 1, 'UNL:PHE:VdWContact': 1, 'UNL:THR:HBAcceptor': 1, 'UNL:THR:HBDonor': 1, 'UNL:THR:VdWContact': 2}","{'UNL:ASN:Hydrophobic': 1, 'UNL:ASN:VdWContact': 1, 'UNL:GLN:Hydrophobic': 1, 'UNL:GLN:VdWContact': 1, 'UNL:GLU:Hydrophobic': 1, 'UNL:GLU:VdWContact': 1, 'UNL:HIS:HBDonor': 1, 'UNL:HIS:VdWContact': 1, 'UNL:LEU:Hydrophobic': 1, 'UNL:LEU:VdWContact': 1, 'UNL:PHE:Hydrophobic': 1, 'UNL:THR:HBAcceptor': 1, 'UNL:THR:HBDonor': 1, 'UNL:THR:Hydrophobic': 1, 'UNL:THR:VdWContact': 2, 'UNL:VAL:Hydrophobic': 1}"
435,Boltz-1,2BR1_PFP,0.0,0.41666666666666663,"{'UNL:CYS:HBAcceptor': 1, 'UNL:CYS:VdWContact': 1, 'UNL:GLU:Hydrophobic': 1, 'UNL:GLU:VdWContact': 2, 'UNL:GLY:VdWContact': 1, 'UNL:LEU:Hydrophobic': 1, 'UNL:LEU:VdWContact': 1, 'UNL:VAL:Hydrophobic': 1}","{'UNL:ALA:Hydrophobic': 1, 'UNL:ALA:VdWContact': 1, 'UNL:CYS:HBAcceptor': 1, 'UNL:CYS:Hydrophobic': 1, 'UNL:CYS:VdWContact': 1, 'UNL:GLU:Hydrophobic': 1, 'UNL:GLU:VdWContact': 2, 'UNL:LEU:Hydrophobic': 2, 'UNL:LEU:VdWContact': 1, 'UNL:SER:VdWContact': 1, 'UNL:TYR:Hydrophobic': 1, 'UNL:VAL:Hydrophobic': 1}"
436,Boltz-1,1UOU_CMU,0.0,0.6363636363636364,"{'UNL:ARG:HBAcceptor': 1, 'UNL:ARG:VdWContact': 1, 'UNL:HIS:VdWContact': 1, 'UNL:ILE:Hydrophobic': 1, 'UNL:LYS:HBAcceptor': 1, 'UNL:LYS:VdWContact': 1, 'UNL:SER:HBDonor': 1, 'UNL:SER:VdWContact': 2, 'UNL:THR:VdWContact': 1, 'UNL:TYR:VdWContact': 1}","{'UNL:ARG:HBAcceptor': 1, 'UNL:ARG:VdWContact': 2, 'UNL:GLY:VdWContact': 1, 'UNL:HIS:HBDonor': 1, 'UNL:HIS:VdWContact': 1, 'UNL:ILE:Hydrophobic': 2, 'UNL:LEU:Hydrophobic': 1, 'UNL:LEU:VdWContact': 1, 'UNL:LYS:VdWContact': 1, 'UNL:SER:HBDonor': 1, 'UNL:SER:VdWContact': 2, 'UNL:THR:VdWContact': 2, 'UNL:TYR:Hydrophobic': 1, 'UNL:TYR:VdWContact': 1}"
437,Boltz-1,1V0P_PVB,0.0,0.1875,"{'UNL:ALA:VdWContact': 1, 'UNL:ASP:VdWContact': 2, 'UNL:GLN:Hydrophobic': 1, 'UNL:GLN:VdWContact': 1, 'UNL:GLU:VdWContact': 2, 'UNL:GLY:VdWContact': 1, 'UNL:ILE:Hydrophobic': 1, 'UNL:ILE:VdWContact': 1, 'UNL:LEU:HBAcceptor': 1, 'UNL:LEU:HBDonor': 1, 'UNL:LEU:VdWContact': 2, 'UNL:LYS:VdWContact': 2, 'UNL:PHE:VdWContact': 1, 'UNL:VAL:VdWContact': 1}","{'UNL:ALA:Hydrophobic': 2, 'UNL:ALA:VdWContact': 2, 'UNL:GLN:VdWContact': 1, 'UNL:GLU:VdWContact': 1, 'UNL:GLY:VdWContact': 2, 'UNL:ILE:Hydrophobic': 1, 'UNL:LEU:HBAcceptor': 1, 'UNL:LEU:HBDonor': 1, 'UNL:LEU:Hydrophobic': 1, 'UNL:LEU:VdWContact': 2, 'UNL:PHE:Hydrophobic': 1, 'UNL:VAL:Hydrophobic': 2, 'UNL:VAL:VdWContact': 2}"
438,Boltz-1,1XOZ_CIA,0.0,0.4000000000000001,"{'UNL:ALA:VdWContact': 2, 'UNL:GLN:HBDonor': 1, 'UNL:GLN:Hydrophobic': 1, 'UNL:GLN:VdWContact': 1, 'UNL:ILE:VdWContact': 1, 'UNL:LEU:VdWContact': 1, 'UNL:MET:Hydrophobic': 1, 'UNL:MET:VdWContact': 1, 'UNL:PHE:Hydrophobic': 1, 'UNL:PHE:VdWContact': 1, 'UNL:VAL:Hydrophobic': 1, 'UNL:VAL:VdWContact': 1}","{'UNL:ALA:Hydrophobic': 2, 'UNL:GLN:HBDonor': 1, 'UNL:GLN:Hydrophobic': 1, 'UNL:GLN:VdWContact': 2, 'UNL:ILE:Hydrophobic': 2, 'UNL:ILE:VdWContact': 1, 'UNL:LEU:Hydrophobic': 1, 'UNL:LEU:VdWContact': 1, 'UNL:MET:Hydrophobic': 1, 'UNL:MET:VdWContact': 1, 'UNL:PHE:Hydrophobic': 2, 'UNL:PHE:VdWContact': 1, 'UNL:TYR:Hydrophobic': 1, 'UNL:VAL:Hydrophobic': 1, 'UNL:VAL:VdWContact': 1}"
439,Boltz-1,1R55_097,0.0,0.7,"{'UNL:ALA:HBDonor': 2, 'UNL:ALA:VdWContact': 2, 'UNL:GLU:VdWContact': 1, 'UNL:GLY:HBDonor': 1, 'UNL:GLY:VdWContact': 1, 'UNL:HIS:HBAcceptor': 1, 'UNL:HIS:VdWContact': 3, 'UNL:THR:HBAcceptor': 1, 'UNL:THR:VdWContact': 3, 'UNL:VAL:HBAcceptor': 1, 'UNL:VAL:VdWContact': 1}","{'UNL:ALA:HBDonor': 2, 'UNL:ALA:Hydrophobic': 2, 'UNL:ALA:VdWContact': 2, 'UNL:GLU:VdWContact': 1, 'UNL:GLY:HBDonor': 1, 'UNL:GLY:VdWContact': 1, 'UNL:HIS:HBAcceptor': 1, 'UNL:HIS:Hydrophobic': 1, 'UNL:HIS:VdWContact': 3, 'UNL:THR:HBAcceptor': 1, 'UNL:THR:Hydrophobic': 2, 'UNL:THR:VdWContact': 2, 'UNL:VAL:HBAcceptor': 1, 'UNL:VAL:Hydrophobic': 1, 'UNL:VAL:VdWContact': 1}"
440,Boltz-1,1YWR_LI9,0.3333333333333333,0.47368421052631593,"{'UNL:ALA:VdWContact': 1, 'UNL:ASP:Hydrophobic': 1, 'UNL:ASP:VdWContact': 2, 'UNL:HIS:VdWContact': 1, 'UNL:ILE:Hydrophobic': 1, 'UNL:ILE:VdWContact': 1, 'UNL:LEU:VdWContact': 2, 'UNL:LYS:HBAcceptor': 1, 'UNL:LYS:Hydrophobic': 1, 'UNL:LYS:VdWContact': 1, 'UNL:MET:HBAcceptor': 1, 'UNL:MET:HBDonor': 1, 'UNL:MET:VdWContact': 1, 'UNL:THR:VdWContact': 1, 'UNL:TYR:VdWContact': 1}","{'UNL:ALA:Hydrophobic': 1, 'UNL:ALA:VdWContact': 1, 'UNL:ASP:Hydrophobic': 1, 'UNL:ASP:VdWContact': 1, 'UNL:HIS:VdWContact': 1, 'UNL:ILE:Hydrophobic': 1, 'UNL:LEU:Hydrophobic': 4, 'UNL:LEU:VdWContact': 2, 'UNL:LYS:Hydrophobic': 1, 'UNL:LYS:VdWContact': 1, 'UNL:MET:HBAcceptor': 1, 'UNL:MET:HBDonor': 1, 'UNL:MET:Hydrophobic': 1, 'UNL:MET:VdWContact': 1, 'UNL:THR:Hydrophobic': 1, 'UNL:THR:VdWContact': 1, 'UNL:TYR:Hydrophobic': 1, 'UNL:TYR:VdWContact': 1, 'UNL:VAL:Hydrophobic': 2, 'UNL:VAL:VdWContact': 1}"
441,Boltz-1,1HQ2_PH2,0.0,0.2727272727272727,"{'UNL:ASN:HBAcceptor': 1, 'UNL:ASN:HBDonor': 1, 'UNL:ASN:VdWContact': 1, 'UNL:LEU:HBAcceptor': 1, 'UNL:LEU:HBDonor': 1, 'UNL:LEU:VdWContact': 1, 'UNL:PHE:VdWContact': 1, 'UNL:PRO:HBDonor': 1, 'UNL:PRO:VdWContact': 1, 'UNL:THR:HBDonor': 1, 'UNL:THR:VdWContact': 1, 'UNL:TRP:VdWContact': 1, 'UNL:TYR:VdWContact': 1}","{'UNL:ASN:HBAcceptor': 1, 'UNL:ASN:HBDonor': 1, 'UNL:ASN:VdWContact': 1, 'UNL:ASP:VdWContact': 1, 'UNL:LEU:HBAcceptor': 1, 'UNL:LEU:HBDonor': 1, 'UNL:LEU:Hydrophobic': 1, 'UNL:LEU:VdWContact': 1, 'UNL:PHE:Hydrophobic': 1, 'UNL:PHE:VdWContact': 1, 'UNL:PRO:HBDonor': 1, 'UNL:PRO:VdWContact': 1, 'UNL:THR:HBDonor': 1, 'UNL:THR:VdWContact': 1, 'UNL:TYR:Hydrophobic': 1, 'UNL:TYR:VdWContact': 1}"
442,Boltz-1,1V4S_MRK,0.25,0.5,"{'UNL:ARG:HBAcceptor': 1, 'UNL:ARG:HBDonor': 1, 'UNL:ARG:VdWContact': 1, 'UNL:ILE:Hydrophobic': 1, 'UNL:ILE:VdWContact': 1, 'UNL:MET:Hydrophobic': 1, 'UNL:MET:VdWContact': 1, 'UNL:SER:VdWContact': 1, 'UNL:TYR:HBDonor': 1, 'UNL:TYR:VdWContact': 2, 'UNL:VAL:Hydrophobic': 1, 'UNL:VAL:VdWContact': 2}","{'UNL:ALA:Hydrophobic': 1, 'UNL:ARG:HBAcceptor': 1, 'UNL:ARG:HBDonor': 1, 'UNL:ARG:Hydrophobic': 1, 'UNL:ARG:VdWContact': 1, 'UNL:GLU:Hydrophobic': 1, 'UNL:ILE:Hydrophobic': 2, 'UNL:MET:Hydrophobic': 2, 'UNL:MET:VdWContact': 1, 'UNL:PRO:Hydrophobic': 1, 'UNL:THR:HBAcceptor': 1, 'UNL:THR:Hydrophobic': 1, 'UNL:THR:VdWContact': 1, 'UNL:TYR:HBDonor': 1, 'UNL:TYR:Hydrophobic': 2, 'UNL:TYR:VdWContact': 2, 'UNL:VAL:Hydrophobic': 3}"
443,Boltz-1,1NAV_IH5,0.5,0.6666666666666667,"{'UNL:ALA:VdWContact': 1, 'UNL:ARG:HBAcceptor': 1, 'UNL:ARG:VdWContact': 1, 'UNL:GLY:VdWContact': 1, 'UNL:HIS:HBAcceptor': 1, 'UNL:HIS:HBDonor': 1, 'UNL:HIS:VdWContact': 1, 'UNL:LEU:Hydrophobic': 2, 'UNL:MET:Hydrophobic': 3, 'UNL:MET:VdWContact': 1, 'UNL:PHE:Hydrophobic': 1, 'UNL:SER:HBAcceptor': 1, 'UNL:SER:VdWContact': 1}","{'UNL:ALA:Hydrophobic': 2, 'UNL:GLY:VdWContact': 1, 'UNL:HIS:HBAcceptor': 1, 'UNL:HIS:VdWContact': 1, 'UNL:ILE:Hydrophobic': 1, 'UNL:ILE:VdWContact': 1, 'UNL:LEU:Hydrophobic': 3, 'UNL:LEU:VdWContact': 2, 'UNL:MET:Hydrophobic': 3, 'UNL:MET:VdWContact': 2, 'UNL:PHE:Hydrophobic': 3, 'UNL:PHE:VdWContact': 1, 'UNL:SER:HBAcceptor': 1, 'UNL:SER:VdWContact': 1, 'UNL:THR:Hydrophobic': 1}"
444,Boltz-1,1JJE_BYS,0.25,0.3333333333333334,"{'UNL:ASN:HBAcceptor': 1, 'UNL:ASN:Hydrophobic': 1, 'UNL:ASN:VdWContact': 1, 'UNL:GLY:VdWContact': 1, 'UNL:HIS:Hydrophobic': 1, 'UNL:HIS:VdWContact': 2, 'UNL:LYS:HBAcceptor': 1, 'UNL:LYS:VdWContact': 1, 'UNL:TRP:Hydrophobic': 2, 'UNL:TRP:VdWContact': 2, 'UNL:TYR:VdWContact': 1, 'UNL:VAL:Hydrophobic': 2, 'UNL:VAL:VdWContact': 3}","{'UNL:ASN:HBAcceptor': 1, 'UNL:ASN:Hydrophobic': 1, 'UNL:ASN:VdWContact': 1, 'UNL:ASP:Hydrophobic': 1, 'UNL:ASP:VdWContact': 1, 'UNL:CYS:VdWContact': 1, 'UNL:GLY:VdWContact': 1, 'UNL:HIS:HBDonor': 1, 'UNL:HIS:Hydrophobic': 2, 'UNL:HIS:VdWContact': 3, 'UNL:LYS:HBDonor': 1, 'UNL:LYS:VdWContact': 1, 'UNL:PHE:Hydrophobic': 1, 'UNL:TRP:Hydrophobic': 1, 'UNL:TRP:VdWContact': 1, 'UNL:VAL:Hydrophobic': 2, 'UNL:VAL:VdWContact': 1}"
445,Boltz-1,1PMN_984,0.5,0.2857142857142857,"{'UNL:ALA:VdWContact': 2, 'UNL:ASN:VdWContact': 1, 'UNL:GLY:VdWContact': 2, 'UNL:ILE:Hydrophobic': 2, 'UNL:ILE:VdWContact': 2, 'UNL:LEU:Hydrophobic': 1, 'UNL:LEU:VdWContact': 2, 'UNL:LYS:Hydrophobic': 1, 'UNL:MET:HBAcceptor': 1, 'UNL:MET:HBDonor': 1, 'UNL:MET:Hydrophobic': 1, 'UNL:MET:VdWContact': 2, 'UNL:SER:VdWContact': 1, 'UNL:VAL:VdWContact': 1}","{'UNL:ALA:Hydrophobic': 1, 'UNL:ALA:VdWContact': 2, 'UNL:ASN:VdWContact': 1, 'UNL:ILE:Hydrophobic': 2, 'UNL:ILE:VdWContact': 2, 'UNL:LEU:Hydrophobic': 3, 'UNL:LEU:VdWContact': 2, 'UNL:LYS:Hydrophobic': 1, 'UNL:MET:HBAcceptor': 1, 'UNL:MET:Hydrophobic': 2, 'UNL:MET:VdWContact': 2, 'UNL:VAL:Hydrophobic': 2}"
446,Boltz-1,1N2V_BDI,0.0,0.0,"{'UNL:ALA:VdWContact': 1, 'UNL:ASP:HBDonor': 1, 'UNL:ASP:VdWContact': 1, 'UNL:CYS:VdWContact': 1, 'UNL:GLN:HBAcceptor': 1, 'UNL:GLN:VdWContact': 1, 'UNL:GLY:HBAcceptor': 1, 'UNL:GLY:VdWContact': 2, 'UNL:MET:Hydrophobic': 1, 'UNL:MET:VdWContact': 1, 'UNL:TYR:VdWContact': 1}","{'UNL:ALA:Hydrophobic': 1, 'UNL:ASP:HBDonor': 1, 'UNL:ASP:VdWContact': 1, 'UNL:CYS:Hydrophobic': 1, 'UNL:GLN:HBAcceptor': 1, 'UNL:GLN:VdWContact': 1, 'UNL:GLY:HBAcceptor': 1, 'UNL:GLY:VdWContact': 2, 'UNL:MET:Hydrophobic': 1, 'UNL:TYR:Hydrophobic': 1, 'UNL:TYR:VdWContact': 1}"
447,Boltz-1,1S3V_TQD,0.3333333333333333,0.0,"{'UNL:GLU:HBDonor': 1, 'UNL:GLU:VdWContact': 1, 'UNL:ILE:HBDonor': 1, 'UNL:ILE:Hydrophobic': 1, 'UNL:ILE:VdWContact': 1, 'UNL:LEU:VdWContact': 2, 'UNL:PHE:Hydrophobic': 1, 'UNL:PHE:VdWContact': 1, 'UNL:PRO:VdWContact': 1, 'UNL:VAL:HBDonor': 1, 'UNL:VAL:VdWContact': 1}","{'UNL:GLU:HBDonor': 1, 'UNL:GLU:VdWContact': 1, 'UNL:ILE:HBDonor': 1, 'UNL:ILE:Hydrophobic': 1, 'UNL:ILE:VdWContact': 1, 'UNL:PHE:Hydrophobic': 2, 'UNL:PHE:VdWContact': 1, 'UNL:PRO:Hydrophobic': 1, 'UNL:SER:VdWContact': 1, 'UNL:VAL:VdWContact': 1}"
448,Boltz-1,1Y6B_AAX,0.0,0.14285714285714282,"{'UNL:ASN:HBAcceptor': 1, 'UNL:ASN:VdWContact': 1, 'UNL:CYS:HBAcceptor': 1, 'UNL:CYS:HBDonor': 1, 'UNL:CYS:Hydrophobic': 1, 'UNL:CYS:VdWContact': 1, 'UNL:GLU:VdWContact': 2, 'UNL:GLY:VdWContact': 1, 'UNL:LEU:Hydrophobic': 1, 'UNL:LEU:VdWContact': 2, 'UNL:LYS:Hydrophobic': 1, 'UNL:LYS:VdWContact': 1, 'UNL:PHE:VdWContact': 2, 'UNL:VAL:Hydrophobic': 2, 'UNL:VAL:VdWContact': 2}","{'UNL:ALA:Hydrophobic': 1, 'UNL:ASN:HBAcceptor': 1, 'UNL:ASN:VdWContact': 1, 'UNL:CYS:HBAcceptor': 1, 'UNL:CYS:HBDonor': 1, 'UNL:CYS:Hydrophobic': 1, 'UNL:CYS:VdWContact': 1, 'UNL:GLU:VdWContact': 2, 'UNL:GLY:VdWContact': 1, 'UNL:LEU:Hydrophobic': 2, 'UNL:LYS:Hydrophobic': 1, 'UNL:LYS:VdWContact': 1, 'UNL:PHE:Hydrophobic': 2, 'UNL:PHE:VdWContact': 1, 'UNL:VAL:Hydrophobic': 3, 'UNL:VAL:VdWContact': 2}"
449,Boltz-1,1L2S_STC,0.75,0.2727272727272727,"{'UNL:ALA:VdWContact': 1, 'UNL:ASN:HBAcceptor': 1, 'UNL:ASN:VdWContact': 1, 'UNL:GLN:VdWContact': 1, 'UNL:GLY:VdWContact': 2, 'UNL:LEU:Hydrophobic': 2, 'UNL:LEU:VdWContact': 2, 'UNL:SER:VdWContact': 1, 'UNL:THR:VdWContact': 1}","{'UNL:ALA:HBAcceptor': 1, 'UNL:ALA:HBDonor': 1, 'UNL:ALA:VdWContact': 1, 'UNL:ASN:HBAcceptor': 1, 'UNL:ASN:VdWContact': 1, 'UNL:GLN:VdWContact': 1, 'UNL:GLY:VdWContact': 1, 'UNL:LEU:Hydrophobic': 2, 'UNL:SER:HBAcceptor': 1, 'UNL:SER:VdWContact': 1, 'UNL:THR:Hydrophobic': 1, 'UNL:THR:VdWContact': 1, 'UNL:TYR:Hydrophobic': 2, 'UNL:VAL:Hydrophobic': 1}"
450,Boltz-1,1W2G_THM,0.5,0.6000000000000001,"{'UNL:ARG:HBAcceptor': 1, 'UNL:ARG:VdWContact': 1, 'UNL:ASN:HBDonor': 1, 'UNL:ASN:VdWContact': 1, 'UNL:ASP:HBDonor': 1, 'UNL:ASP:VdWContact': 1, 'UNL:PHE:Hydrophobic': 1, 'UNL:PRO:VdWContact': 1, 'UNL:TYR:HBAcceptor': 1, 'UNL:TYR:VdWContact': 3}","{'UNL:ARG:HBAcceptor': 1, 'UNL:ARG:Hydrophobic': 1, 'UNL:ARG:VdWContact': 1, 'UNL:ASN:HBDonor': 1, 'UNL:ASN:Hydrophobic': 1, 'UNL:ASN:VdWContact': 1, 'UNL:ASP:VdWContact': 1, 'UNL:PHE:Hydrophobic': 2, 'UNL:PRO:Hydrophobic': 1, 'UNL:PRO:VdWContact': 1, 'UNL:TYR:Hydrophobic': 2, 'UNL:TYR:VdWContact': 3}"
451,Boltz-1,1TOW_CRZ,0.5,0.5,"{'UNL:ALA:VdWContact': 1, 'UNL:ARG:HBAcceptor': 1, 'UNL:ARG:VdWContact': 2, 'UNL:ASP:Hydrophobic': 1, 'UNL:MET:Hydrophobic': 1, 'UNL:PHE:VdWContact': 1, 'UNL:TYR:VdWContact': 1, 'UNL:VAL:VdWContact': 1}","{'UNL:ALA:Hydrophobic': 3, 'UNL:ARG:HBAcceptor': 1, 'UNL:ARG:HBDonor': 1, 'UNL:ARG:VdWContact': 1, 'UNL:ASP:Hydrophobic': 1, 'UNL:CYS:VdWContact': 1, 'UNL:ILE:Hydrophobic': 1, 'UNL:MET:Hydrophobic': 1, 'UNL:PHE:Hydrophobic': 2, 'UNL:PHE:VdWContact': 1, 'UNL:PRO:Hydrophobic': 1, 'UNL:PRO:VdWContact': 1, 'UNL:TYR:VdWContact': 1, 'UNL:VAL:Hydrophobic': 1}"
452,Boltz-1,1XM6_5RM,0.0,0.6153846153846154,"{'UNL:ASN:VdWContact': 1, 'UNL:GLN:HBAcceptor': 1, 'UNL:GLN:VdWContact': 1, 'UNL:ILE:Hydrophobic': 1, 'UNL:ILE:VdWContact': 1, 'UNL:MET:Hydrophobic': 1, 'UNL:MET:VdWContact': 1, 'UNL:PHE:Hydrophobic': 1, 'UNL:PHE:VdWContact': 2, 'UNL:SER:VdWContact': 1}","{'UNL:ASN:VdWContact': 1, 'UNL:GLN:HBAcceptor': 1, 'UNL:GLN:VdWContact': 1, 'UNL:ILE:Hydrophobic': 1, 'UNL:ILE:VdWContact': 1, 'UNL:LEU:Hydrophobic': 2, 'UNL:LEU:VdWContact': 1, 'UNL:MET:Hydrophobic': 3, 'UNL:MET:VdWContact': 1, 'UNL:PHE:Hydrophobic': 3, 'UNL:PHE:VdWContact': 2, 'UNL:THR:VdWContact': 1, 'UNL:TYR:Hydrophobic': 1}"
453,Boltz-1,1R58_AO5,0.5,0.4615384615384614,"{'UNL:ASP:HBDonor': 2, 'UNL:ASP:VdWContact': 2, 'UNL:GLU:HBDonor': 1, 'UNL:GLU:VdWContact': 1, 'UNL:HIS:HBAcceptor': 1, 'UNL:HIS:HBDonor': 2, 'UNL:HIS:Hydrophobic': 1, 'UNL:HIS:VdWContact': 4, 'UNL:ILE:Hydrophobic': 1, 'UNL:PHE:Hydrophobic': 1, 'UNL:THR:VdWContact': 1, 'UNL:TYR:Hydrophobic': 1}","{'UNL:ALA:Hydrophobic': 1, 'UNL:ALA:VdWContact': 1, 'UNL:ASP:HBDonor': 2, 'UNL:ASP:VdWContact': 2, 'UNL:GLU:HBDonor': 1, 'UNL:GLU:VdWContact': 1, 'UNL:HIS:HBDonor': 1, 'UNL:HIS:Hydrophobic': 2, 'UNL:HIS:VdWContact': 2, 'UNL:MET:Hydrophobic': 1, 'UNL:PHE:Hydrophobic': 1, 'UNL:PHE:VdWContact': 1, 'UNL:TYR:Hydrophobic': 1, 'UNL:TYR:VdWContact': 1}"
454,Boltz-1,1HNN_SKF,0.0,0.23076923076923084,"{'UNL:ASN:Hydrophobic': 1, 'UNL:ASN:VdWContact': 1, 'UNL:ASP:VdWContact': 1, 'UNL:GLU:HBDonor': 1, 'UNL:GLU:VdWContact': 1, 'UNL:LYS:VdWContact': 1, 'UNL:PHE:Hydrophobic': 1, 'UNL:PHE:VdWContact': 1, 'UNL:TYR:VdWContact': 2, 'UNL:VAL:VdWContact': 1}","{'UNL:ARG:VdWContact': 1, 'UNL:ASN:Hydrophobic': 1, 'UNL:ASP:VdWContact': 1, 'UNL:GLU:HBDonor': 1, 'UNL:GLU:VdWContact': 1, 'UNL:LYS:VdWContact': 1, 'UNL:MET:Hydrophobic': 1, 'UNL:MET:VdWContact': 1, 'UNL:PHE:Hydrophobic': 1, 'UNL:TYR:Hydrophobic': 2, 'UNL:TYR:VdWContact': 2, 'UNL:VAL:VdWContact': 1}"
455,Boltz-1,1OPK_P16,0.0,0.26315789473684215,"{'UNL:ALA:VdWContact': 1, 'UNL:ASP:VdWContact': 1, 'UNL:GLU:VdWContact': 1, 'UNL:GLY:VdWContact': 1, 'UNL:ILE:Hydrophobic': 1, 'UNL:LYS:Hydrophobic': 1, 'UNL:LYS:VdWContact': 1, 'UNL:MET:HBAcceptor': 1, 'UNL:MET:HBDonor': 1, 'UNL:MET:Hydrophobic': 1, 'UNL:MET:VdWContact': 1, 'UNL:PHE:VdWContact': 1, 'UNL:THR:VdWContact': 1, 'UNL:TYR:VdWContact': 1, 'UNL:VAL:VdWContact': 1}","{'UNL:ALA:Hydrophobic': 1, 'UNL:GLU:VdWContact': 1, 'UNL:ILE:Hydrophobic': 1, 'UNL:LEU:Hydrophobic': 2, 'UNL:LYS:Hydrophobic': 1, 'UNL:MET:HBAcceptor': 1, 'UNL:MET:HBDonor': 1, 'UNL:MET:Hydrophobic': 2, 'UNL:MET:VdWContact': 2, 'UNL:PHE:Hydrophobic': 2, 'UNL:THR:Hydrophobic': 1, 'UNL:THR:VdWContact': 1, 'UNL:TYR:Hydrophobic': 1, 'UNL:TYR:VdWContact': 1, 'UNL:VAL:Hydrophobic': 2}"
456,Boltz-1,1SQN_NDR,0.5,0.7857142857142857,"{'UNL:ARG:HBAcceptor': 1, 'UNL:ARG:VdWContact': 1, 'UNL:ASN:VdWContact': 1, 'UNL:CYS:VdWContact': 1, 'UNL:GLN:HBAcceptor': 1, 'UNL:GLN:VdWContact': 1, 'UNL:LEU:VdWContact': 3, 'UNL:MET:Hydrophobic': 2, 'UNL:MET:VdWContact': 2, 'UNL:TYR:VdWContact': 1}","{'UNL:ARG:VdWContact': 1, 'UNL:CYS:Hydrophobic': 1, 'UNL:CYS:VdWContact': 1, 'UNL:GLN:HBAcceptor': 1, 'UNL:GLN:VdWContact': 1, 'UNL:LEU:Hydrophobic': 5, 'UNL:LEU:VdWContact': 3, 'UNL:MET:Hydrophobic': 4, 'UNL:MET:VdWContact': 2, 'UNL:PHE:Hydrophobic': 1, 'UNL:TRP:Hydrophobic': 1, 'UNL:TYR:Hydrophobic': 1, 'UNL:TYR:VdWContact': 1, 'UNL:VAL:Hydrophobic': 1}"
457,AF3-Single-Seq,2BM2_PM2,0.0,0.42857142857142866,"{'UNL:ALA:VdWContact': 2, 'UNL:ARG:Hydrophobic': 1, 'UNL:ARG:VdWContact': 2, 'UNL:ASN:Hydrophobic': 1, 'UNL:ASN:VdWContact': 1, 'UNL:GLY:VdWContact': 2, 'UNL:HIS:HBAcceptor': 1, 'UNL:HIS:VdWContact': 2, 'UNL:ILE:Hydrophobic': 2, 'UNL:ILE:VdWContact': 1, 'UNL:TRP:Hydrophobic': 2, 'UNL:TRP:VdWContact': 4}","{'UNL:ASP:VdWContact': 1, 'UNL:GLN:Hydrophobic': 2, 'UNL:GLN:VdWContact': 1, 'UNL:GLU:Hydrophobic': 1, 'UNL:GLU:VdWContact': 1, 'UNL:GLY:HBAcceptor': 1, 'UNL:GLY:VdWContact': 1, 'UNL:PRO:Hydrophobic': 1, 'UNL:SER:VdWContact': 1, 'UNL:THR:Hydrophobic': 1, 'UNL:TRP:Hydrophobic': 1, 'UNL:TYR:Hydrophobic': 1, 'UNL:VAL:Hydrophobic': 1}"
458,AF3-Single-Seq,1P62_GEO,0.75,0.4166666666666667,"{'UNL:ARG:HBAcceptor': 1, 'UNL:ARG:Hydrophobic': 1, 'UNL:ARG:VdWContact': 3, 'UNL:GLY:VdWContact': 1, 'UNL:ILE:VdWContact': 1, 'UNL:THR:VdWContact': 1}","{'UNL:ARG:HBAcceptor': 1, 'UNL:ARG:VdWContact': 1, 'UNL:ASP:HBDonor': 1, 'UNL:ASP:VdWContact': 1, 'UNL:GLN:HBAcceptor': 1, 'UNL:GLN:HBDonor': 1, 'UNL:GLN:VdWContact': 1, 'UNL:GLU:VdWContact': 2, 'UNL:MET:VdWContact': 1, 'UNL:PHE:Hydrophobic': 2, 'UNL:TRP:Hydrophobic': 1, 'UNL:TYR:VdWContact': 1}"
459,AF3-Single-Seq,1TT1_KAI,0.5714285714285715,0.8181818181818181,"{'UNL:ARG:VdWContact': 1, 'UNL:GLU:HBAcceptor': 1, 'UNL:GLU:VdWContact': 1, 'UNL:LYS:HBAcceptor': 1, 'UNL:LYS:VdWContact': 1}","{'UNL:ALA:HBAcceptor': 2, 'UNL:ALA:VdWContact': 2, 'UNL:ARG:HBAcceptor': 1, 'UNL:ARG:HBDonor': 1, 'UNL:ARG:VdWContact': 1, 'UNL:GLU:Hydrophobic': 2, 'UNL:GLU:VdWContact': 1, 'UNL:PRO:HBDonor': 1, 'UNL:PRO:VdWContact': 1, 'UNL:THR:HBAcceptor': 1, 'UNL:THR:VdWContact': 1, 'UNL:TYR:Hydrophobic': 1, 'UNL:TYR:VdWContact': 1, 'UNL:VAL:Hydrophobic': 1, 'UNL:VAL:VdWContact': 1}"
460,AF3-Single-Seq,1VCJ_IBA,0.6666666666666666,0.625,"{'UNL:ARG:HBAcceptor': 3, 'UNL:ARG:VdWContact': 4, 'UNL:ASN:HBAcceptor': 1, 'UNL:ASN:VdWContact': 1, 'UNL:GLN:VdWContact': 1, 'UNL:GLU:HBDonor': 1, 'UNL:GLU:VdWContact': 2, 'UNL:SER:VdWContact': 1, 'UNL:TRP:Hydrophobic': 1, 'UNL:TRP:VdWContact': 2}","{'UNL:ALA:Hydrophobic': 1, 'UNL:ALA:VdWContact': 1, 'UNL:ARG:HBAcceptor': 3, 'UNL:ARG:Hydrophobic': 2, 'UNL:ARG:VdWContact': 5, 'UNL:ASN:Hydrophobic': 1, 'UNL:ASP:Hydrophobic': 1, 'UNL:ASP:VdWContact': 1, 'UNL:GLU:Hydrophobic': 1, 'UNL:GLU:VdWContact': 4, 'UNL:ILE:Hydrophobic': 1, 'UNL:SER:VdWContact': 1, 'UNL:TRP:Hydrophobic': 1, 'UNL:TRP:VdWContact': 1, 'UNL:TYR:VdWContact': 1}"
461,AF3-Single-Seq,1UML_FR4,0.3333333333333333,0.31578947368421056,"{'UNL:ARG:HBAcceptor': 2, 'UNL:ARG:HBDonor': 1, 'UNL:ARG:VdWContact': 2, 'UNL:ASP:VdWContact': 2, 'UNL:GLU:VdWContact': 1, 'UNL:GLY:VdWContact': 1, 'UNL:HIS:VdWContact': 1, 'UNL:LEU:VdWContact': 1, 'UNL:LYS:Hydrophobic': 1, 'UNL:LYS:VdWContact': 1, 'UNL:MET:Hydrophobic': 1, 'UNL:PHE:Hydrophobic': 1, 'UNL:PHE:VdWContact': 1, 'UNL:TRP:VdWContact': 1, 'UNL:TYR:Hydrophobic': 1, 'UNL:TYR:VdWContact': 1}","{'UNL:ASP:HBDonor': 2, 'UNL:ASP:Hydrophobic': 1, 'UNL:ASP:VdWContact': 3, 'UNL:GLY:VdWContact': 1, 'UNL:HIS:Hydrophobic': 1, 'UNL:HIS:VdWContact': 1, 'UNL:LEU:Hydrophobic': 3, 'UNL:LEU:VdWContact': 1, 'UNL:MET:Hydrophobic': 1, 'UNL:PHE:Hydrophobic': 2, 'UNL:THR:Hydrophobic': 1, 'UNL:VAL:Hydrophobic': 1}"
462,AF3-Single-Seq,1JLA_TNK,0.0,0.04347826086956519,"{'UNL:ARG:Hydrophobic': 1, 'UNL:ARG:VdWContact': 1, 'UNL:CYS:Hydrophobic': 1, 'UNL:GLU:Hydrophobic': 1, 'UNL:GLU:VdWContact': 1, 'UNL:GLY:VdWContact': 1, 'UNL:HIS:VdWContact': 1, 'UNL:ILE:Hydrophobic': 2, 'UNL:ILE:VdWContact': 2, 'UNL:LYS:HBAcceptor': 1, 'UNL:LYS:Hydrophobic': 1, 'UNL:LYS:VdWContact': 1, 'UNL:MET:VdWContact': 1, 'UNL:PRO:VdWContact': 1, 'UNL:TYR:Hydrophobic': 2, 'UNL:TYR:VdWContact': 2}","{'UNL:CYS:Hydrophobic': 1, 'UNL:CYS:VdWContact': 1, 'UNL:GLY:VdWContact': 1, 'UNL:LEU:Hydrophobic': 2, 'UNL:LYS:HBDonor': 1, 'UNL:LYS:Hydrophobic': 1, 'UNL:LYS:VdWContact': 2, 'UNL:PHE:Hydrophobic': 1, 'UNL:PHE:VdWContact': 1, 'UNL:PRO:Hydrophobic': 2, 'UNL:PRO:VdWContact': 1, 'UNL:TRP:Hydrophobic': 1, 'UNL:TRP:VdWContact': 1, 'UNL:TYR:Hydrophobic': 1, 'UNL:TYR:VdWContact': 1, 'UNL:VAL:Hydrophobic': 1}"
463,AF3-Single-Seq,1KZK_JE2,0.0,0.8235294117647058,"{'UNL:ARG:HBDonor': 1, 'UNL:ARG:VdWContact': 1, 'UNL:GLN:Hydrophobic': 2, 'UNL:ILE:Hydrophobic': 1, 'UNL:ILE:VdWContact': 5, 'UNL:LEU:Hydrophobic': 1, 'UNL:LEU:VdWContact': 1, 'UNL:LYS:Hydrophobic': 1, 'UNL:PRO:VdWContact': 2, 'UNL:TRP:Hydrophobic': 2, 'UNL:TRP:VdWContact': 2, 'UNL:VAL:Hydrophobic': 1, 'UNL:VAL:VdWContact': 1}","{'UNL:ALA:Hydrophobic': 2, 'UNL:ASP:Hydrophobic': 3, 'UNL:ASP:VdWContact': 4, 'UNL:GLY:HBDonor': 1, 'UNL:GLY:VdWContact': 3, 'UNL:ILE:Hydrophobic': 6, 'UNL:LEU:Hydrophobic': 3, 'UNL:PRO:Hydrophobic': 2, 'UNL:PRO:VdWContact': 1, 'UNL:VAL:Hydrophobic': 4}"
464,AF3-Single-Seq,1MEH_MOA,0.19999999999999996,0.09090909090909088,"{'UNL:ARG:HBAcceptor': 1, 'UNL:ARG:HBDonor': 1, 'UNL:ARG:Hydrophobic': 1, 'UNL:ARG:VdWContact': 2, 'UNL:THR:VdWContact': 1, 'UNL:TRP:Hydrophobic': 1, 'UNL:TRP:VdWContact': 1}","{'UNL:ASP:VdWContact': 1, 'UNL:GLU:Hydrophobic': 1, 'UNL:GLU:VdWContact': 1, 'UNL:GLY:HBAcceptor': 1, 'UNL:GLY:VdWContact': 1, 'UNL:ILE:VdWContact': 1, 'UNL:SER:HBAcceptor': 1, 'UNL:SER:HBDonor': 1, 'UNL:SER:VdWContact': 2}"
465,AF3-Single-Seq,2BSM_BSM,0.5,0.3333333333333335,"{'UNL:GLN:Hydrophobic': 1, 'UNL:GLN:VdWContact': 1, 'UNL:GLY:VdWContact': 2, 'UNL:HIS:VdWContact': 1, 'UNL:ILE:VdWContact': 4, 'UNL:MET:VdWContact': 1, 'UNL:PHE:Hydrophobic': 1, 'UNL:PHE:VdWContact': 1, 'UNL:SER:HBDonor': 1, 'UNL:SER:VdWContact': 1, 'UNL:VAL:Hydrophobic': 1}","{'UNL:ALA:Hydrophobic': 1, 'UNL:ASN:Hydrophobic': 1, 'UNL:ASN:VdWContact': 1, 'UNL:ASP:HBDonor': 1, 'UNL:ASP:Hydrophobic': 1, 'UNL:ASP:VdWContact': 1, 'UNL:GLY:HBDonor': 1, 'UNL:GLY:VdWContact': 2, 'UNL:ILE:Hydrophobic': 1, 'UNL:LYS:VdWContact': 1, 'UNL:MET:Hydrophobic': 1, 'UNL:PHE:VdWContact': 1, 'UNL:SER:VdWContact': 1, 'UNL:THR:HBDonor': 1, 'UNL:THR:Hydrophobic': 2, 'UNL:THR:VdWContact': 1, 'UNL:VAL:Hydrophobic': 1, 'UNL:VAL:VdWContact': 1}"
466,AF3-Single-Seq,1V48_HA1,0.375,0.3125,"{'UNL:ARG:HBDonor': 1, 'UNL:ARG:VdWContact': 1, 'UNL:GLU:HBDonor': 1, 'UNL:GLU:VdWContact': 1, 'UNL:HIS:VdWContact': 1, 'UNL:LEU:HBAcceptor': 1, 'UNL:LEU:VdWContact': 4, 'UNL:LYS:VdWContact': 1, 'UNL:PHE:VdWContact': 1, 'UNL:SER:VdWContact': 2, 'UNL:TRP:Hydrophobic': 1, 'UNL:TRP:VdWContact': 1}","{'UNL:ALA:HBAcceptor': 1, 'UNL:ALA:Hydrophobic': 1, 'UNL:ALA:VdWContact': 1, 'UNL:ARG:HBAcceptor': 1, 'UNL:ARG:VdWContact': 1, 'UNL:ASN:HBAcceptor': 1, 'UNL:ASN:VdWContact': 2, 'UNL:GLU:HBDonor': 1, 'UNL:GLU:VdWContact': 1, 'UNL:HIS:VdWContact': 1, 'UNL:MET:Hydrophobic': 1, 'UNL:PHE:Hydrophobic': 1, 'UNL:PHE:VdWContact': 1, 'UNL:SER:HBAcceptor': 1, 'UNL:SER:HBDonor': 1, 'UNL:SER:VdWContact': 2, 'UNL:VAL:Hydrophobic': 1, 'UNL:VAL:VdWContact': 1}"
467,AF3-Single-Seq,1L7F_BCZ,1.25,0.7500000000000001,"{'UNL:ARG:HBAcceptor': 1, 'UNL:ARG:VdWContact': 1, 'UNL:GLU:HBDonor': 1, 'UNL:GLU:VdWContact': 2, 'UNL:GLY:VdWContact': 1, 'UNL:SER:VdWContact': 2, 'UNL:TYR:VdWContact': 1}","{'UNL:ALA:Hydrophobic': 1, 'UNL:ARG:HBAcceptor': 4, 'UNL:ARG:HBDonor': 1, 'UNL:ARG:Hydrophobic': 2, 'UNL:ARG:VdWContact': 4, 'UNL:ASP:VdWContact': 1, 'UNL:GLU:HBDonor': 1, 'UNL:GLU:Hydrophobic': 1, 'UNL:GLU:VdWContact': 3, 'UNL:ILE:Hydrophobic': 1, 'UNL:TRP:HBDonor': 1, 'UNL:TRP:Hydrophobic': 1, 'UNL:TRP:VdWContact': 1, 'UNL:TYR:VdWContact': 1}"
468,AF3-Single-Seq,1JD0_AZM,0.75,1.1428571428571428,"{'UNL:HIS:HBAcceptor': 1, 'UNL:HIS:VdWContact': 4}","{'UNL:GLN:Hydrophobic': 1, 'UNL:HIS:HBDonor': 2, 'UNL:HIS:VdWContact': 1, 'UNL:LEU:Hydrophobic': 1, 'UNL:LEU:VdWContact': 1, 'UNL:THR:HBAcceptor': 1, 'UNL:THR:HBDonor': 1, 'UNL:THR:VdWContact': 2, 'UNL:VAL:Hydrophobic': 1, 'UNL:VAL:VdWContact': 1}"
469,AF3-Single-Seq,1X8X_TYR,1.0,0.46153846153846156,"{'UNL:ASP:VdWContact': 1, 'UNL:CYS:VdWContact': 1, 'UNL:GLN:HBAcceptor': 1, 'UNL:GLN:VdWContact': 1, 'UNL:GLY:VdWContact': 4, 'UNL:HIS:VdWContact': 1, 'UNL:ILE:VdWContact': 1, 'UNL:TRP:VdWContact': 1}","{'UNL:ASP:HBDonor': 2, 'UNL:ASP:Hydrophobic': 1, 'UNL:ASP:VdWContact': 3, 'UNL:GLN:HBDonor': 2, 'UNL:GLN:Hydrophobic': 1, 'UNL:GLN:VdWContact': 3, 'UNL:GLY:VdWContact': 1, 'UNL:LEU:Hydrophobic': 1, 'UNL:THR:Hydrophobic': 1, 'UNL:TYR:Hydrophobic': 1, 'UNL:TYR:VdWContact': 2}"
470,AF3-Single-Seq,1UNL_RRC,0.0,0.6111111111111112,"{'UNL:GLU:HBDonor': 1, 'UNL:GLU:VdWContact': 2, 'UNL:GLY:VdWContact': 1, 'UNL:LEU:HBDonor': 1, 'UNL:LEU:Hydrophobic': 2, 'UNL:LEU:VdWContact': 3, 'UNL:LYS:HBDonor': 1, 'UNL:LYS:VdWContact': 1, 'UNL:PHE:VdWContact': 3, 'UNL:TYR:VdWContact': 2}","{'UNL:ALA:Hydrophobic': 2, 'UNL:ALA:VdWContact': 1, 'UNL:ASP:VdWContact': 1, 'UNL:CYS:HBAcceptor': 1, 'UNL:CYS:HBDonor': 1, 'UNL:CYS:VdWContact': 1, 'UNL:GLN:HBDonor': 1, 'UNL:GLN:VdWContact': 2, 'UNL:GLU:VdWContact': 2, 'UNL:ILE:Hydrophobic': 1, 'UNL:ILE:VdWContact': 1, 'UNL:LEU:Hydrophobic': 1, 'UNL:LYS:Hydrophobic': 2, 'UNL:PHE:Hydrophobic': 2, 'UNL:PHE:VdWContact': 1, 'UNL:VAL:Hydrophobic': 2, 'UNL:VAL:VdWContact': 2}"
471,AF3-Single-Seq,1K3U_IAD,1.0,0.611111111111111,"{'UNL:ALA:VdWContact': 1, 'UNL:ASN:VdWContact': 1, 'UNL:ASP:VdWContact': 1, 'UNL:GLN:HBAcceptor': 1, 'UNL:GLN:VdWContact': 1, 'UNL:GLY:VdWContact': 1, 'UNL:ILE:Hydrophobic': 1, 'UNL:ILE:VdWContact': 1, 'UNL:LEU:Hydrophobic': 1, 'UNL:LEU:VdWContact': 2, 'UNL:PHE:VdWContact': 1, 'UNL:SER:VdWContact': 1, 'UNL:THR:VdWContact': 1, 'UNL:TYR:VdWContact': 1, 'UNL:VAL:VdWContact': 1}","{'UNL:ALA:Hydrophobic': 2, 'UNL:ASP:HBDonor': 1, 'UNL:ASP:VdWContact': 1, 'UNL:GLY:HBAcceptor': 3, 'UNL:GLY:HBDonor': 1, 'UNL:GLY:VdWContact': 4, 'UNL:ILE:HBAcceptor': 1, 'UNL:ILE:Hydrophobic': 3, 'UNL:ILE:VdWContact': 3, 'UNL:LEU:Hydrophobic': 2, 'UNL:PHE:HBAcceptor': 1, 'UNL:PHE:HBDonor': 1, 'UNL:PHE:Hydrophobic': 2, 'UNL:PHE:VdWContact': 2, 'UNL:SER:HBAcceptor': 1, 'UNL:SER:VdWContact': 1, 'UNL:THR:Hydrophobic': 1, 'UNL:THR:VdWContact': 1, 'UNL:TYR:Hydrophobic': 1, 'UNL:TYR:VdWContact': 1}"
472,AF3-Single-Seq,1Q1G_MTI,0.5,0.8125,"{'UNL:ARG:VdWContact': 2, 'UNL:GLY:VdWContact': 1, 'UNL:LIG:HBDonor': 1, 'UNL:LIG:VdWContact': 1}","{'UNL:ASP:HBDonor': 1, 'UNL:ASP:VdWContact': 1, 'UNL:CYS:VdWContact': 1, 'UNL:GLU:HBDonor': 1, 'UNL:GLU:Hydrophobic': 1, 'UNL:GLU:VdWContact': 2, 'UNL:GLY:VdWContact': 1, 'UNL:MET:HBAcceptor': 1, 'UNL:MET:Hydrophobic': 1, 'UNL:MET:VdWContact': 1, 'UNL:SER:VdWContact': 1, 'UNL:TRP:Hydrophobic': 1, 'UNL:TRP:VdWContact': 1, 'UNL:TYR:Hydrophobic': 1, 'UNL:TYR:VdWContact': 1, 'UNL:VAL:Hydrophobic': 3, 'UNL:VAL:VdWContact': 1}"
473,AF3-Single-Seq,1R1H_BIR,0.75,0.08695652173913038,"{'UNL:ASP:Hydrophobic': 1, 'UNL:ASP:VdWContact': 1, 'UNL:GLN:VdWContact': 3, 'UNL:GLU:HBDonor': 1, 'UNL:GLU:VdWContact': 1, 'UNL:GLY:VdWContact': 2, 'UNL:HIS:Hydrophobic': 1, 'UNL:HIS:VdWContact': 2, 'UNL:ILE:VdWContact': 1, 'UNL:LEU:Hydrophobic': 1, 'UNL:LEU:VdWContact': 2, 'UNL:MET:Hydrophobic': 1, 'UNL:MET:VdWContact': 1, 'UNL:SER:VdWContact': 1}","{'UNL:ALA:Hydrophobic': 1, 'UNL:ALA:VdWContact': 1, 'UNL:ARG:HBAcceptor': 1, 'UNL:ARG:VdWContact': 1, 'UNL:ASN:HBAcceptor': 1, 'UNL:ASN:HBDonor': 1, 'UNL:ASN:VdWContact': 1, 'UNL:GLU:HBDonor': 1, 'UNL:GLU:VdWContact': 1, 'UNL:HIS:Hydrophobic': 1, 'UNL:HIS:VdWContact': 2, 'UNL:MET:Hydrophobic': 1, 'UNL:PHE:Hydrophobic': 3, 'UNL:PHE:VdWContact': 1, 'UNL:TRP:Hydrophobic': 1, 'UNL:TRP:VdWContact': 1, 'UNL:VAL:Hydrophobic': 2, 'UNL:VAL:VdWContact': 1}"
474,AF3-Single-Seq,1YVF_PH7,0.3333333333333333,0.040000000000000036,"{'UNL:GLY:HBAcceptor': 1, 'UNL:GLY:VdWContact': 1, 'UNL:HIS:HBDonor': 1, 'UNL:HIS:Hydrophobic': 1, 'UNL:HIS:VdWContact': 1, 'UNL:ILE:Hydrophobic': 1, 'UNL:ILE:VdWContact': 1, 'UNL:LEU:Hydrophobic': 1, 'UNL:LEU:VdWContact': 2, 'UNL:MET:Hydrophobic': 1, 'UNL:MET:VdWContact': 1, 'UNL:PRO:VdWContact': 1, 'UNL:SER:VdWContact': 1, 'UNL:TRP:Hydrophobic': 1, 'UNL:TRP:VdWContact': 2, 'UNL:TYR:VdWContact': 1, 'UNL:VAL:Hydrophobic': 1, 'UNL:VAL:VdWContact': 1}","{'UNL:ARG:Hydrophobic': 1, 'UNL:ASN:Hydrophobic': 1, 'UNL:ASN:VdWContact': 1, 'UNL:CYS:Hydrophobic': 1, 'UNL:CYS:VdWContact': 1, 'UNL:GLN:VdWContact': 1, 'UNL:LEU:Hydrophobic': 1, 'UNL:MET:Hydrophobic': 1, 'UNL:MET:VdWContact': 1, 'UNL:PHE:Hydrophobic': 1, 'UNL:PRO:Hydrophobic': 1, 'UNL:PRO:VdWContact': 1, 'UNL:SER:VdWContact': 2, 'UNL:TYR:HBAcceptor': 1, 'UNL:TYR:Hydrophobic': 2, 'UNL:TYR:VdWContact': 1}"
475,AF3-Single-Seq,1YQY_915,0.6,0.4615384615384616,"{'UNL:GLU:VdWContact': 4, 'UNL:GLY:VdWContact': 1, 'UNL:HIS:HBAcceptor': 1, 'UNL:HIS:HBDonor': 1, 'UNL:HIS:Hydrophobic': 1, 'UNL:HIS:VdWContact': 3, 'UNL:LEU:Hydrophobic': 1, 'UNL:LEU:VdWContact': 1, 'UNL:TYR:Hydrophobic': 1, 'UNL:TYR:VdWContact': 2, 'UNL:VAL:Hydrophobic': 1, 'UNL:VAL:VdWContact': 1}","{'UNL:ASP:Hydrophobic': 1, 'UNL:GLU:VdWContact': 3, 'UNL:GLY:HBAcceptor': 1, 'UNL:GLY:HBDonor': 1, 'UNL:GLY:VdWContact': 1, 'UNL:HIS:HBAcceptor': 1, 'UNL:HIS:HBDonor': 1, 'UNL:HIS:Hydrophobic': 1, 'UNL:HIS:VdWContact': 1, 'UNL:LEU:Hydrophobic': 2, 'UNL:LEU:VdWContact': 2, 'UNL:LYS:Hydrophobic': 1, 'UNL:SER:VdWContact': 1, 'UNL:TYR:HBDonor': 1, 'UNL:TYR:Hydrophobic': 1, 'UNL:TYR:VdWContact': 1, 'UNL:VAL:Hydrophobic': 2, 'UNL:VAL:VdWContact': 1}"
476,AF3-Single-Seq,1HWW_SWA,0.3333333333333333,0.75,"{'UNL:ARG:HBAcceptor': 1, 'UNL:ARG:VdWContact': 1, 'UNL:GLN:VdWContact': 1, 'UNL:LEU:VdWContact': 1, 'UNL:VAL:VdWContact': 1}","{'UNL:ARG:VdWContact': 1, 'UNL:ASP:HBDonor': 1, 'UNL:ASP:VdWContact': 3, 'UNL:HIS:VdWContact': 1, 'UNL:PHE:Hydrophobic': 1, 'UNL:PHE:VdWContact': 1, 'UNL:TRP:HBDonor': 1, 'UNL:TRP:Hydrophobic': 1, 'UNL:TRP:VdWContact': 2, 'UNL:TYR:Hydrophobic': 1, 'UNL:TYR:VdWContact': 2}"
477,AF3-Single-Seq,1T40_ID5,0.39999999999999997,0.2500000000000001,"{'UNL:ALA:VdWContact': 1, 'UNL:ASP:VdWContact': 1, 'UNL:CYS:Hydrophobic': 1, 'UNL:CYS:VdWContact': 1, 'UNL:HIS:VdWContact': 2, 'UNL:ILE:Hydrophobic': 1, 'UNL:ILE:VdWContact': 2, 'UNL:LEU:HBAcceptor': 1, 'UNL:LEU:Hydrophobic': 1, 'UNL:LEU:VdWContact': 1, 'UNL:LYS:HBAcceptor': 1, 'UNL:LYS:Hydrophobic': 1, 'UNL:LYS:VdWContact': 1, 'UNL:THR:VdWContact': 1, 'UNL:TRP:VdWContact': 2, 'UNL:VAL:VdWContact': 1}","{'UNL:CYS:Hydrophobic': 1, 'UNL:CYS:VdWContact': 2, 'UNL:HIS:HBAcceptor': 1, 'UNL:HIS:HBDonor': 1, 'UNL:HIS:VdWContact': 1, 'UNL:LEU:HBAcceptor': 1, 'UNL:LEU:Hydrophobic': 1, 'UNL:LEU:VdWContact': 1, 'UNL:PHE:Hydrophobic': 2, 'UNL:THR:Hydrophobic': 1, 'UNL:THR:VdWContact': 1, 'UNL:TRP:HBAcceptor': 1, 'UNL:TRP:Hydrophobic': 4, 'UNL:TRP:VdWContact': 2, 'UNL:TYR:Hydrophobic': 2, 'UNL:TYR:VdWContact': 2, 'UNL:VAL:Hydrophobic': 1, 'UNL:VAL:VdWContact': 1}"
478,AF3-Single-Seq,1HP0_AD3,0.6666666666666667,0.7272727272727272,"{'UNL:GLU:HBDonor': 1, 'UNL:GLU:VdWContact': 1, 'UNL:LYS:HBAcceptor': 1, 'UNL:LYS:Hydrophobic': 1, 'UNL:LYS:VdWContact': 2, 'UNL:THR:VdWContact': 1, 'UNL:TRP:VdWContact': 1}","{'UNL:ASN:HBAcceptor': 2, 'UNL:ASN:Hydrophobic': 1, 'UNL:ASN:VdWContact': 3, 'UNL:ASP:VdWContact': 3, 'UNL:GLU:VdWContact': 1, 'UNL:MET:VdWContact': 1, 'UNL:THR:VdWContact': 1, 'UNL:TRP:Hydrophobic': 2, 'UNL:TRP:VdWContact': 1, 'UNL:TYR:VdWContact': 1}"
479,AF3-Single-Seq,1U4D_DBQ,0.5,0.7000000000000001,"{'UNL:CYS:HBDonor': 1, 'UNL:CYS:VdWContact': 1, 'UNL:SER:VdWContact': 1}","{'UNL:ALA:HBAcceptor': 1, 'UNL:ALA:Hydrophobic': 1, 'UNL:ALA:VdWContact': 1, 'UNL:ASP:HBDonor': 1, 'UNL:ASP:VdWContact': 1, 'UNL:GLU:HBDonor': 1, 'UNL:GLU:VdWContact': 1, 'UNL:LEU:Hydrophobic': 2, 'UNL:LEU:VdWContact': 1, 'UNL:LYS:VdWContact': 1, 'UNL:VAL:Hydrophobic': 1}"
480,AF3-Single-Seq,1OWE_675,0.0,0.47368421052631576,"{'UNL:GLN:HBDonor': 1, 'UNL:GLN:VdWContact': 1, 'UNL:GLU:VdWContact': 1, 'UNL:GLY:VdWContact': 1, 'UNL:HIS:Hydrophobic': 1, 'UNL:HIS:VdWContact': 1, 'UNL:LEU:HBDonor': 1, 'UNL:LEU:VdWContact': 1, 'UNL:MET:Hydrophobic': 1, 'UNL:MET:VdWContact': 1, 'UNL:PHE:Hydrophobic': 2, 'UNL:PHE:VdWContact': 2, 'UNL:PRO:VdWContact': 1, 'UNL:SER:VdWContact': 1, 'UNL:THR:VdWContact': 1, 'UNL:TRP:VdWContact': 1, 'UNL:TYR:Hydrophobic': 1, 'UNL:TYR:VdWContact': 1}","{'UNL:ASP:HBDonor': 1, 'UNL:ASP:VdWContact': 1, 'UNL:GLN:Hydrophobic': 1, 'UNL:GLN:VdWContact': 1, 'UNL:GLY:HBDonor': 1, 'UNL:GLY:VdWContact': 1, 'UNL:HIS:Hydrophobic': 1, 'UNL:HIS:VdWContact': 1, 'UNL:SER:VdWContact': 2, 'UNL:VAL:Hydrophobic': 1}"
481,AF3-Single-Seq,1SG0_STL,0.3333333333333333,0.5384615384615383,"{'UNL:ALA:VdWContact': 1, 'UNL:ASP:VdWContact': 1, 'UNL:LEU:VdWContact': 1, 'UNL:LYS:VdWContact': 1, 'UNL:PHE:Hydrophobic': 2, 'UNL:PHE:VdWContact': 2, 'UNL:THR:HBAcceptor': 1, 'UNL:THR:VdWContact': 1, 'UNL:TRP:Hydrophobic': 1, 'UNL:TRP:VdWContact': 2, 'UNL:TYR:Hydrophobic': 1, 'UNL:TYR:VdWContact': 1}","{'UNL:ASN:HBAcceptor': 1, 'UNL:ASN:VdWContact': 1, 'UNL:GLY:HBDonor': 1, 'UNL:GLY:VdWContact': 1, 'UNL:PHE:Hydrophobic': 3, 'UNL:PHE:VdWContact': 2, 'UNL:TRP:Hydrophobic': 1, 'UNL:TRP:VdWContact': 1}"
482,AF3-Single-Seq,1UOU_CMU,0.5,0.6923076923076924,"{'UNL:ASP:VdWContact': 1, 'UNL:GLU:VdWContact': 1, 'UNL:GLY:HBAcceptor': 1, 'UNL:GLY:VdWContact': 1, 'UNL:LEU:VdWContact': 2, 'UNL:SER:VdWContact': 1}","{'UNL:ARG:HBAcceptor': 1, 'UNL:ARG:VdWContact': 2, 'UNL:GLY:VdWContact': 1, 'UNL:HIS:HBDonor': 1, 'UNL:HIS:VdWContact': 1, 'UNL:ILE:Hydrophobic': 2, 'UNL:LEU:Hydrophobic': 1, 'UNL:LEU:VdWContact': 1, 'UNL:LYS:VdWContact': 1, 'UNL:SER:HBDonor': 1, 'UNL:SER:VdWContact': 2, 'UNL:THR:VdWContact': 2, 'UNL:TYR:Hydrophobic': 1, 'UNL:TYR:VdWContact': 1}"
483,AF3-Single-Seq,1R9O_FLP,0.3333333333333333,0.2631578947368422,"{'UNL:ASN:Hydrophobic': 1, 'UNL:ASN:VdWContact': 2, 'UNL:GLU:Hydrophobic': 1, 'UNL:GLU:VdWContact': 1, 'UNL:LEU:VdWContact': 2, 'UNL:PHE:VdWContact': 1, 'UNL:SER:VdWContact': 1, 'UNL:TYR:HBAcceptor': 1, 'UNL:TYR:VdWContact': 1, 'UNL:VAL:VdWContact': 1}","{'UNL:ALA:Hydrophobic': 1, 'UNL:ARG:HBAcceptor': 1, 'UNL:ARG:VdWContact': 1, 'UNL:ASN:HBAcceptor': 1, 'UNL:ASN:VdWContact': 1, 'UNL:ASP:VdWContact': 1, 'UNL:GLY:VdWContact': 1, 'UNL:ILE:Hydrophobic': 1, 'UNL:LEU:Hydrophobic': 4, 'UNL:MET:Hydrophobic': 1, 'UNL:MET:VdWContact': 1, 'UNL:THR:Hydrophobic': 1, 'UNL:VAL:Hydrophobic': 2, 'UNL:VAL:VdWContact': 1}"
484,AF3-Single-Seq,1V0P_PVB,0.0,0.3157894736842105,"{'UNL:ALA:VdWContact': 1, 'UNL:ARG:VdWContact': 1, 'UNL:ASP:VdWContact': 1, 'UNL:GLN:VdWContact': 1, 'UNL:HIS:HBDonor': 1, 'UNL:HIS:VdWContact': 2, 'UNL:ILE:Hydrophobic': 1, 'UNL:LEU:Hydrophobic': 1, 'UNL:LEU:VdWContact': 3, 'UNL:LYS:VdWContact': 1, 'UNL:PHE:HBDonor': 1, 'UNL:PHE:VdWContact': 2, 'UNL:PRO:VdWContact': 1, 'UNL:THR:VdWContact': 1, 'UNL:TRP:VdWContact': 1}","{'UNL:ALA:Hydrophobic': 2, 'UNL:ALA:VdWContact': 2, 'UNL:GLN:VdWContact': 1, 'UNL:GLU:VdWContact': 1, 'UNL:GLY:VdWContact': 2, 'UNL:ILE:Hydrophobic': 1, 'UNL:LEU:HBAcceptor': 1, 'UNL:LEU:HBDonor': 1, 'UNL:LEU:Hydrophobic': 1, 'UNL:LEU:VdWContact': 2, 'UNL:PHE:Hydrophobic': 1, 'UNL:VAL:Hydrophobic': 2, 'UNL:VAL:VdWContact': 2}"
485,AF3-Single-Seq,1XOZ_CIA,0.0,0.5294117647058824,"{'UNL:ASN:HBAcceptor': 1, 'UNL:ASN:VdWContact': 1, 'UNL:GLN:Hydrophobic': 1, 'UNL:GLN:VdWContact': 2, 'UNL:LEU:VdWContact': 1, 'UNL:SER:VdWContact': 2, 'UNL:TRP:VdWContact': 1, 'UNL:VAL:VdWContact': 1}","{'UNL:ALA:Hydrophobic': 2, 'UNL:GLN:HBDonor': 1, 'UNL:GLN:Hydrophobic': 1, 'UNL:GLN:VdWContact': 2, 'UNL:ILE:Hydrophobic': 2, 'UNL:ILE:VdWContact': 1, 'UNL:LEU:Hydrophobic': 1, 'UNL:LEU:VdWContact': 1, 'UNL:MET:Hydrophobic': 1, 'UNL:MET:VdWContact': 1, 'UNL:PHE:Hydrophobic': 2, 'UNL:PHE:VdWContact': 1, 'UNL:TYR:Hydrophobic': 1, 'UNL:VAL:Hydrophobic': 1, 'UNL:VAL:VdWContact': 1}"
486,AF3-Single-Seq,1R55_097,0.6666666666666666,0.5,"{'UNL:ARG:HBAcceptor': 1, 'UNL:ARG:VdWContact': 1, 'UNL:GLU:VdWContact': 1, 'UNL:GLY:VdWContact': 2, 'UNL:HIS:HBAcceptor': 1, 'UNL:HIS:VdWContact': 3, 'UNL:THR:VdWContact': 1, 'UNL:TRP:VdWContact': 1, 'UNL:VAL:VdWContact': 1}","{'UNL:ALA:HBDonor': 2, 'UNL:ALA:Hydrophobic': 2, 'UNL:ALA:VdWContact': 2, 'UNL:GLU:VdWContact': 1, 'UNL:GLY:HBDonor': 1, 'UNL:GLY:VdWContact': 1, 'UNL:HIS:HBAcceptor': 1, 'UNL:HIS:Hydrophobic': 1, 'UNL:HIS:VdWContact': 3, 'UNL:THR:HBAcceptor': 1, 'UNL:THR:Hydrophobic': 2, 'UNL:THR:VdWContact': 2, 'UNL:VAL:HBAcceptor': 1, 'UNL:VAL:Hydrophobic': 1, 'UNL:VAL:VdWContact': 1}"
487,AF3-Single-Seq,1HQ2_PH2,0.8333333333333334,0.15384615384615385,"{'UNL:ASN:HBAcceptor': 1, 'UNL:ASN:VdWContact': 1, 'UNL:ASP:VdWContact': 1, 'UNL:LYS:VdWContact': 1, 'UNL:MET:VdWContact': 1, 'UNL:PHE:VdWContact': 1, 'UNL:PRO:VdWContact': 1, 'UNL:THR:VdWContact': 1, 'UNL:TRP:VdWContact': 1}","{'UNL:ASN:HBAcceptor': 1, 'UNL:ASN:HBDonor': 1, 'UNL:ASN:VdWContact': 1, 'UNL:ASP:VdWContact': 1, 'UNL:LEU:HBAcceptor': 1, 'UNL:LEU:HBDonor': 1, 'UNL:LEU:Hydrophobic': 1, 'UNL:LEU:VdWContact': 1, 'UNL:PHE:Hydrophobic': 1, 'UNL:PHE:VdWContact': 1, 'UNL:PRO:HBDonor': 1, 'UNL:PRO:VdWContact': 1, 'UNL:THR:HBDonor': 1, 'UNL:THR:VdWContact': 1, 'UNL:TYR:Hydrophobic': 1, 'UNL:TYR:VdWContact': 1}"
488,AF3-Single-Seq,1V4S_MRK,0.14285714285714285,0.3181818181818182,"{'UNL:ASP:HBAcceptor': 1, 'UNL:ASP:HBDonor': 1, 'UNL:ASP:Hydrophobic': 1, 'UNL:ASP:VdWContact': 1, 'UNL:GLU:HBDonor': 1, 'UNL:GLU:Hydrophobic': 1, 'UNL:GLU:VdWContact': 1, 'UNL:GLY:VdWContact': 1, 'UNL:LEU:VdWContact': 2, 'UNL:MET:Hydrophobic': 1, 'UNL:PHE:Hydrophobic': 1, 'UNL:PHE:VdWContact': 1, 'UNL:TRP:Hydrophobic': 1, 'UNL:TRP:VdWContact': 1}","{'UNL:ALA:Hydrophobic': 1, 'UNL:ARG:HBAcceptor': 1, 'UNL:ARG:HBDonor': 1, 'UNL:ARG:Hydrophobic': 1, 'UNL:ARG:VdWContact': 1, 'UNL:GLU:Hydrophobic': 1, 'UNL:ILE:Hydrophobic': 2, 'UNL:MET:Hydrophobic': 2, 'UNL:MET:VdWContact': 1, 'UNL:PRO:Hydrophobic': 1, 'UNL:THR:HBAcceptor': 1, 'UNL:THR:Hydrophobic': 1, 'UNL:THR:VdWContact': 1, 'UNL:TYR:HBDonor': 1, 'UNL:TYR:Hydrophobic': 2, 'UNL:TYR:VdWContact': 2, 'UNL:VAL:Hydrophobic': 3}"
489,AF3-Single-Seq,1NAV_IH5,0.0,0.31578947368421056,"{'UNL:ALA:VdWContact': 2, 'UNL:ARG:Hydrophobic': 1, 'UNL:ARG:VdWContact': 1, 'UNL:GLU:HBDonor': 1, 'UNL:GLU:VdWContact': 1, 'UNL:GLY:VdWContact': 2, 'UNL:HIS:HBDonor': 1, 'UNL:HIS:VdWContact': 1, 'UNL:ILE:VdWContact': 2, 'UNL:LEU:Hydrophobic': 1, 'UNL:LEU:VdWContact': 2, 'UNL:LYS:Hydrophobic': 1, 'UNL:LYS:VdWContact': 1, 'UNL:MET:Hydrophobic': 1, 'UNL:MET:VdWContact': 1, 'UNL:SER:VdWContact': 1}","{'UNL:ALA:Hydrophobic': 2, 'UNL:GLY:VdWContact': 1, 'UNL:HIS:HBAcceptor': 1, 'UNL:HIS:VdWContact': 1, 'UNL:ILE:Hydrophobic': 1, 'UNL:ILE:VdWContact': 1, 'UNL:LEU:Hydrophobic': 3, 'UNL:LEU:VdWContact': 2, 'UNL:MET:Hydrophobic': 3, 'UNL:MET:VdWContact': 2, 'UNL:PHE:Hydrophobic': 3, 'UNL:PHE:VdWContact': 1, 'UNL:SER:HBAcceptor': 1, 'UNL:SER:VdWContact': 1, 'UNL:THR:Hydrophobic': 1}"
490,AF3-Single-Seq,1JJE_BYS,0.5,0.20000000000000012,"{'UNL:ASN:VdWContact': 1, 'UNL:ASP:VdWContact': 2, 'UNL:GLU:Hydrophobic': 1, 'UNL:HIS:HBAcceptor': 1, 'UNL:HIS:Hydrophobic': 1, 'UNL:HIS:VdWContact': 2, 'UNL:LEU:Hydrophobic': 1, 'UNL:LEU:VdWContact': 1, 'UNL:LYS:Hydrophobic': 1, 'UNL:LYS:VdWContact': 1, 'UNL:PHE:VdWContact': 1, 'UNL:SER:VdWContact': 1, 'UNL:VAL:Hydrophobic': 1}","{'UNL:ASN:HBAcceptor': 1, 'UNL:ASN:Hydrophobic': 1, 'UNL:ASN:VdWContact': 1, 'UNL:ASP:Hydrophobic': 1, 'UNL:ASP:VdWContact': 1, 'UNL:CYS:VdWContact': 1, 'UNL:GLY:VdWContact': 1, 'UNL:HIS:HBDonor': 1, 'UNL:HIS:Hydrophobic': 2, 'UNL:HIS:VdWContact': 3, 'UNL:LYS:HBDonor': 1, 'UNL:LYS:VdWContact': 1, 'UNL:PHE:Hydrophobic': 1, 'UNL:TRP:Hydrophobic': 1, 'UNL:TRP:VdWContact': 1, 'UNL:VAL:Hydrophobic': 2, 'UNL:VAL:VdWContact': 1}"
491,AF3-Single-Seq,1J3J_CP6,0.6666666666666667,0.13333333333333336,"{'UNL:ASP:VdWContact': 1, 'UNL:CYS:VdWContact': 2, 'UNL:GLY:VdWContact': 1, 'UNL:ILE:Hydrophobic': 1, 'UNL:ILE:VdWContact': 2, 'UNL:PHE:VdWContact': 1, 'UNL:TRP:HBDonor': 1, 'UNL:TRP:VdWContact': 1, 'UNL:TYR:Hydrophobic': 1, 'UNL:TYR:VdWContact': 1}","{'UNL:ALA:Hydrophobic': 1, 'UNL:ASN:Hydrophobic': 1, 'UNL:ASN:VdWContact': 1, 'UNL:ASP:HBDonor': 1, 'UNL:ASP:VdWContact': 1, 'UNL:CYS:VdWContact': 1, 'UNL:ILE:HBDonor': 2, 'UNL:ILE:Hydrophobic': 2, 'UNL:ILE:VdWContact': 2, 'UNL:LEU:Hydrophobic': 1, 'UNL:MET:Hydrophobic': 1, 'UNL:PHE:Hydrophobic': 1, 'UNL:PHE:VdWContact': 1}"
492,AF3-Single-Seq,1N2V_BDI,0.19999999999999996,0.33333333333333337,"{'UNL:ALA:VdWContact': 1, 'UNL:ASN:VdWContact': 1, 'UNL:ASP:VdWContact': 1, 'UNL:GLY:VdWContact': 1, 'UNL:LEU:Hydrophobic': 1, 'UNL:MET:Hydrophobic': 1, 'UNL:MET:VdWContact': 1, 'UNL:PHE:VdWContact': 1, 'UNL:PRO:VdWContact': 1, 'UNL:SER:VdWContact': 1, 'UNL:THR:HBAcceptor': 1, 'UNL:THR:VdWContact': 1, 'UNL:TYR:HBAcceptor': 1, 'UNL:TYR:VdWContact': 1, 'UNL:VAL:Hydrophobic': 1, 'UNL:VAL:VdWContact': 2}","{'UNL:ALA:Hydrophobic': 1, 'UNL:ASP:HBDonor': 1, 'UNL:ASP:VdWContact': 1, 'UNL:CYS:Hydrophobic': 1, 'UNL:GLN:HBAcceptor': 1, 'UNL:GLN:VdWContact': 1, 'UNL:GLY:HBAcceptor': 1, 'UNL:GLY:VdWContact': 2, 'UNL:MET:Hydrophobic': 1, 'UNL:TYR:Hydrophobic': 1, 'UNL:TYR:VdWContact': 1}"
493,AF3-Single-Seq,1L2S_STC,0.14285714285714285,0.05882352941176472,"{'UNL:ASN:Hydrophobic': 1, 'UNL:ASN:VdWContact': 2, 'UNL:HIS:HBAcceptor': 1, 'UNL:HIS:VdWContact': 1, 'UNL:LEU:Hydrophobic': 1, 'UNL:LEU:VdWContact': 1, 'UNL:LYS:HBAcceptor': 1, 'UNL:LYS:VdWContact': 1, 'UNL:PHE:Hydrophobic': 1, 'UNL:PHE:VdWContact': 2, 'UNL:SER:VdWContact': 1, 'UNL:TYR:HBAcceptor': 1, 'UNL:TYR:VdWContact': 2}","{'UNL:ALA:HBAcceptor': 1, 'UNL:ALA:HBDonor': 1, 'UNL:ALA:VdWContact': 1, 'UNL:ASN:HBAcceptor': 1, 'UNL:ASN:VdWContact': 1, 'UNL:GLN:VdWContact': 1, 'UNL:GLY:VdWContact': 1, 'UNL:LEU:Hydrophobic': 2, 'UNL:SER:HBAcceptor': 1, 'UNL:SER:VdWContact': 1, 'UNL:THR:Hydrophobic': 1, 'UNL:THR:VdWContact': 1, 'UNL:TYR:Hydrophobic': 2, 'UNL:VAL:Hydrophobic': 1}"
494,AF3-Single-Seq,1TOW_CRZ,0.0,0.6153846153846154,"{'UNL:ALA:VdWContact': 1, 'UNL:ARG:HBAcceptor': 1, 'UNL:ARG:HBDonor': 1, 'UNL:ARG:VdWContact': 1, 'UNL:ASP:Hydrophobic': 1, 'UNL:MET:Hydrophobic': 1, 'UNL:PHE:VdWContact': 1, 'UNL:PRO:VdWContact': 1, 'UNL:TYR:VdWContact': 1}","{'UNL:ALA:Hydrophobic': 3, 'UNL:ARG:HBAcceptor': 1, 'UNL:ARG:HBDonor': 1, 'UNL:ARG:VdWContact': 1, 'UNL:ASP:Hydrophobic': 1, 'UNL:CYS:VdWContact': 1, 'UNL:ILE:Hydrophobic': 1, 'UNL:MET:Hydrophobic': 1, 'UNL:PHE:Hydrophobic': 2, 'UNL:PHE:VdWContact': 1, 'UNL:PRO:Hydrophobic': 1, 'UNL:PRO:VdWContact': 1, 'UNL:TYR:VdWContact': 1, 'UNL:VAL:Hydrophobic': 1}"
495,AF3-Single-Seq,1R58_AO5,0.19999999999999996,0.1764705882352941,"{'UNL:ALA:VdWContact': 1, 'UNL:ASN:HBAcceptor': 1, 'UNL:ASN:Hydrophobic': 2, 'UNL:ASN:VdWContact': 2, 'UNL:ASP:VdWContact': 1, 'UNL:CYS:VdWContact': 1, 'UNL:GLU:HBDonor': 1, 'UNL:GLU:Hydrophobic': 1, 'UNL:GLU:VdWContact': 1, 'UNL:GLY:HBDonor': 1, 'UNL:GLY:VdWContact': 2, 'UNL:HIS:VdWContact': 1, 'UNL:THR:VdWContact': 3}","{'UNL:ALA:Hydrophobic': 1, 'UNL:ALA:VdWContact': 1, 'UNL:ASP:HBDonor': 2, 'UNL:ASP:VdWContact': 2, 'UNL:GLU:HBDonor': 1, 'UNL:GLU:VdWContact': 1, 'UNL:HIS:HBDonor': 1, 'UNL:HIS:Hydrophobic': 2, 'UNL:HIS:VdWContact': 2, 'UNL:MET:Hydrophobic': 1, 'UNL:PHE:Hydrophobic': 1, 'UNL:PHE:VdWContact': 1, 'UNL:TYR:Hydrophobic': 1, 'UNL:TYR:VdWContact': 1}"
496,AF3-Single-Seq,1HNN_SKF,0.0,0.46153846153846156,"{'UNL:ARG:VdWContact': 1, 'UNL:ASP:Hydrophobic': 1, 'UNL:LYS:HBAcceptor': 1, 'UNL:LYS:VdWContact': 1, 'UNL:TYR:VdWContact': 1, 'UNL:VAL:Hydrophobic': 1, 'UNL:VAL:VdWContact': 2}","{'UNL:ARG:VdWContact': 1, 'UNL:ASN:Hydrophobic': 1, 'UNL:ASP:VdWContact': 1, 'UNL:GLU:HBDonor': 1, 'UNL:GLU:VdWContact': 1, 'UNL:LYS:VdWContact': 1, 'UNL:MET:Hydrophobic': 1, 'UNL:MET:VdWContact': 1, 'UNL:PHE:Hydrophobic': 1, 'UNL:TYR:Hydrophobic': 2, 'UNL:TYR:VdWContact': 2, 'UNL:VAL:VdWContact': 1}"
497,AF3-Single-Seq,1MMV_3AR,0.3333333333333333,0.9166666666666666,"{'UNL:SER:HBAcceptor': 1, 'UNL:SER:VdWContact': 1}","{'UNL:ASP:VdWContact': 1, 'UNL:GLN:HBAcceptor': 1, 'UNL:GLN:VdWContact': 1, 'UNL:GLU:HBDonor': 1, 'UNL:GLU:VdWContact': 1, 'UNL:PHE:Hydrophobic': 1, 'UNL:PHE:VdWContact': 1, 'UNL:PRO:Hydrophobic': 1, 'UNL:SER:VdWContact': 1, 'UNL:TRP:VdWContact': 1, 'UNL:TYR:Hydrophobic': 1, 'UNL:TYR:VdWContact': 1, 'UNL:VAL:Hydrophobic': 1, 'UNL:VAL:VdWContact': 1}"
498,AF3-Single-Seq,1SQN_NDR,0.5,0.4736842105263159,"{'UNL:GLN:HBAcceptor': 1, 'UNL:GLN:VdWContact': 1, 'UNL:HIS:HBAcceptor': 1, 'UNL:HIS:VdWContact': 1, 'UNL:ILE:VdWContact': 1, 'UNL:LEU:Hydrophobic': 1, 'UNL:LEU:VdWContact': 2, 'UNL:MET:VdWContact': 1, 'UNL:PHE:Hydrophobic': 1, 'UNL:PHE:VdWContact': 2, 'UNL:SER:VdWContact': 1, 'UNL:TRP:Hydrophobic': 1, 'UNL:TRP:VdWContact': 1, 'UNL:VAL:VdWContact': 1}","{'UNL:ARG:VdWContact': 1, 'UNL:CYS:Hydrophobic': 1, 'UNL:CYS:VdWContact': 1, 'UNL:GLN:HBAcceptor': 1, 'UNL:GLN:VdWContact': 1, 'UNL:LEU:Hydrophobic': 5, 'UNL:LEU:VdWContact': 3, 'UNL:MET:Hydrophobic': 4, 'UNL:MET:VdWContact': 2, 'UNL:PHE:Hydrophobic': 1, 'UNL:TRP:Hydrophobic': 1, 'UNL:TYR:Hydrophobic': 1, 'UNL:TYR:VdWContact': 1, 'UNL:VAL:Hydrophobic': 1}"
499,AF3,2BM2_PM2,0.0,0.5833333333333333,"{'UNL:ASP:VdWContact': 2, 'UNL:GLN:Hydrophobic': 2, 'UNL:GLN:VdWContact': 1, 'UNL:GLU:Hydrophobic': 1, 'UNL:GLU:VdWContact': 1, 'UNL:GLY:HBAcceptor': 1, 'UNL:GLY:VdWContact': 2, 'UNL:SER:VdWContact': 1}","{'UNL:ASP:VdWContact': 1, 'UNL:GLN:Hydrophobic': 2, 'UNL:GLN:VdWContact': 1, 'UNL:GLU:Hydrophobic': 1, 'UNL:GLU:VdWContact': 1, 'UNL:GLY:HBAcceptor': 1, 'UNL:GLY:VdWContact': 1, 'UNL:PRO:Hydrophobic': 1, 'UNL:SER:VdWContact': 1, 'UNL:THR:Hydrophobic': 1, 'UNL:TRP:Hydrophobic': 1, 'UNL:TYR:Hydrophobic': 1, 'UNL:VAL:Hydrophobic': 1}"
500,AF3,1M2Z_DEX,0.25,0.38888888888888895,"{'UNL:ARG:VdWContact': 1, 'UNL:ASN:HBAcceptor': 1, 'UNL:ASN:VdWContact': 1, 'UNL:CYS:VdWContact': 1, 'UNL:GLN:HBAcceptor': 1, 'UNL:GLN:HBDonor': 1, 'UNL:GLN:VdWContact': 2, 'UNL:GLY:VdWContact': 1, 'UNL:LEU:VdWContact': 2, 'UNL:MET:Hydrophobic': 2, 'UNL:MET:VdWContact': 4, 'UNL:PHE:VdWContact': 1, 'UNL:THR:VdWContact': 1, 'UNL:TYR:Hydrophobic': 1, 'UNL:TYR:VdWContact': 1}","{'UNL:ALA:Hydrophobic': 1, 'UNL:ARG:HBAcceptor': 1, 'UNL:ARG:VdWContact': 1, 'UNL:ASN:HBAcceptor': 1, 'UNL:ASN:VdWContact': 1, 'UNL:CYS:Hydrophobic': 1, 'UNL:CYS:VdWContact': 1, 'UNL:GLN:HBAcceptor': 1, 'UNL:GLN:HBDonor': 1, 'UNL:GLN:Hydrophobic': 1, 'UNL:GLN:VdWContact': 2, 'UNL:GLY:VdWContact': 1, 'UNL:LEU:Hydrophobic': 4, 'UNL:LEU:VdWContact': 1, 'UNL:MET:Hydrophobic': 3, 'UNL:MET:VdWContact': 1, 'UNL:PHE:Hydrophobic': 1, 'UNL:PHE:VdWContact': 1, 'UNL:TRP:Hydrophobic': 1, 'UNL:TYR:Hydrophobic': 1, 'UNL:TYR:VdWContact': 1}"
501,AF3,1P62_GEO,0.0,0.09090909090909088,"{'UNL:ARG:HBAcceptor': 1, 'UNL:ARG:VdWContact': 1, 'UNL:ASP:HBDonor': 1, 'UNL:ASP:VdWContact': 1, 'UNL:GLN:HBAcceptor': 1, 'UNL:GLN:HBDonor': 1, 'UNL:GLN:VdWContact': 1, 'UNL:GLU:VdWContact': 2, 'UNL:LEU:VdWContact': 1, 'UNL:PHE:Hydrophobic': 1, 'UNL:PHE:VdWContact': 2, 'UNL:TRP:VdWContact': 1, 'UNL:TYR:VdWContact': 1}","{'UNL:ARG:HBAcceptor': 1, 'UNL:ARG:VdWContact': 1, 'UNL:ASP:HBDonor': 1, 'UNL:ASP:VdWContact': 1, 'UNL:GLN:HBAcceptor': 1, 'UNL:GLN:HBDonor': 1, 'UNL:GLN:VdWContact': 1, 'UNL:GLU:VdWContact': 2, 'UNL:MET:VdWContact': 1, 'UNL:PHE:Hydrophobic': 2, 'UNL:TRP:Hydrophobic': 1, 'UNL:TYR:VdWContact': 1}"
502,AF3,1KE5_LS1,0.25,0.35714285714285715,"{'UNL:ASP:HBAcceptor': 1, 'UNL:ASP:Hydrophobic': 2, 'UNL:ASP:VdWContact': 1, 'UNL:GLN:VdWContact': 1, 'UNL:GLU:HBDonor': 1, 'UNL:GLU:VdWContact': 1, 'UNL:HIS:VdWContact': 1, 'UNL:ILE:VdWContact': 1, 'UNL:LEU:HBAcceptor': 1, 'UNL:LEU:Hydrophobic': 1, 'UNL:LEU:VdWContact': 2, 'UNL:LYS:VdWContact': 1, 'UNL:PHE:Hydrophobic': 1, 'UNL:PHE:VdWContact': 2}","{'UNL:ALA:Hydrophobic': 2, 'UNL:ASP:HBAcceptor': 1, 'UNL:ASP:Hydrophobic': 1, 'UNL:ASP:VdWContact': 2, 'UNL:GLU:HBDonor': 1, 'UNL:GLU:VdWContact': 1, 'UNL:HIS:VdWContact': 1, 'UNL:ILE:Hydrophobic': 1, 'UNL:ILE:VdWContact': 1, 'UNL:LEU:HBAcceptor': 1, 'UNL:LEU:HBDonor': 1, 'UNL:LEU:Hydrophobic': 1, 'UNL:LEU:VdWContact': 2, 'UNL:LYS:VdWContact': 1, 'UNL:PHE:Hydrophobic': 2, 'UNL:PHE:VdWContact': 2, 'UNL:VAL:Hydrophobic': 2}"
503,AF3,1TT1_KAI,0.16666666666666666,0.18181818181818174,"{'UNL:ALA:HBAcceptor': 2, 'UNL:ALA:VdWContact': 2, 'UNL:ARG:HBAcceptor': 1, 'UNL:ARG:HBDonor': 1, 'UNL:ARG:VdWContact': 1, 'UNL:ASN:VdWContact': 1, 'UNL:GLU:VdWContact': 1, 'UNL:PRO:HBDonor': 1, 'UNL:PRO:VdWContact': 1, 'UNL:THR:HBAcceptor': 1, 'UNL:THR:HBDonor': 1, 'UNL:THR:VdWContact': 1, 'UNL:TYR:Hydrophobic': 1, 'UNL:TYR:VdWContact': 1, 'UNL:VAL:VdWContact': 1}","{'UNL:ALA:HBAcceptor': 2, 'UNL:ALA:VdWContact': 2, 'UNL:ARG:HBAcceptor': 1, 'UNL:ARG:HBDonor': 1, 'UNL:ARG:VdWContact': 1, 'UNL:GLU:Hydrophobic': 2, 'UNL:GLU:VdWContact': 1, 'UNL:PRO:HBDonor': 1, 'UNL:PRO:VdWContact': 1, 'UNL:THR:HBAcceptor': 1, 'UNL:THR:VdWContact': 1, 'UNL:TYR:Hydrophobic': 1, 'UNL:TYR:VdWContact': 1, 'UNL:VAL:Hydrophobic': 1, 'UNL:VAL:VdWContact': 1}"
504,AF3,1VCJ_IBA,1.0,0.7142857142857143,"{'UNL:ARG:HBAcceptor': 4, 'UNL:ARG:HBDonor': 1, 'UNL:ARG:VdWContact': 5, 'UNL:ASP:Hydrophobic': 1, 'UNL:GLU:VdWContact': 3, 'UNL:SER:VdWContact': 1, 'UNL:TRP:VdWContact': 1, 'UNL:TYR:VdWContact': 1}","{'UNL:ALA:Hydrophobic': 1, 'UNL:ALA:VdWContact': 1, 'UNL:ARG:HBAcceptor': 3, 'UNL:ARG:Hydrophobic': 2, 'UNL:ARG:VdWContact': 5, 'UNL:ASN:Hydrophobic': 1, 'UNL:ASP:Hydrophobic': 1, 'UNL:ASP:VdWContact': 1, 'UNL:GLU:Hydrophobic': 1, 'UNL:GLU:VdWContact': 4, 'UNL:ILE:Hydrophobic': 1, 'UNL:SER:VdWContact': 1, 'UNL:TRP:Hydrophobic': 1, 'UNL:TRP:VdWContact': 1, 'UNL:TYR:VdWContact': 1}"
505,AF3,1HWI_115,0.6,0.31578947368421056,"{'UNL:ALA:VdWContact': 1, 'UNL:ARG:HBAcceptor': 1, 'UNL:ARG:VdWContact': 1, 'UNL:ASN:HBAcceptor': 1, 'UNL:ASN:HBDonor': 1, 'UNL:ASN:VdWContact': 1, 'UNL:ASP:Hydrophobic': 1, 'UNL:ASP:VdWContact': 1, 'UNL:CYS:Hydrophobic': 1, 'UNL:CYS:VdWContact': 1, 'UNL:GLU:VdWContact': 1, 'UNL:GLY:VdWContact': 1, 'UNL:HIS:Hydrophobic': 1, 'UNL:LEU:Hydrophobic': 1, 'UNL:LEU:VdWContact': 2, 'UNL:LYS:HBAcceptor': 1, 'UNL:LYS:Hydrophobic': 1, 'UNL:LYS:VdWContact': 3, 'UNL:SER:HBDonor': 1, 'UNL:SER:VdWContact': 1, 'UNL:VAL:VdWContact': 1}","{'UNL:ALA:Hydrophobic': 1, 'UNL:ALA:VdWContact': 1, 'UNL:ARG:HBAcceptor': 1, 'UNL:ARG:VdWContact': 1, 'UNL:ASN:HBAcceptor': 1, 'UNL:ASN:VdWContact': 1, 'UNL:ASP:Hydrophobic': 1, 'UNL:ASP:VdWContact': 1, 'UNL:CYS:Hydrophobic': 1, 'UNL:CYS:VdWContact': 1, 'UNL:GLU:VdWContact': 1, 'UNL:GLY:VdWContact': 1, 'UNL:HIS:Hydrophobic': 1, 'UNL:HIS:VdWContact': 1, 'UNL:LEU:Hydrophobic': 4, 'UNL:LEU:VdWContact': 2, 'UNL:LYS:Hydrophobic': 1, 'UNL:LYS:VdWContact': 3, 'UNL:SER:VdWContact': 1, 'UNL:VAL:Hydrophobic': 1, 'UNL:VAL:VdWContact': 1}"
506,AF3,1UML_FR4,0.0,0.5,"{'UNL:ASP:HBDonor': 2, 'UNL:ASP:Hydrophobic': 1, 'UNL:ASP:VdWContact': 2, 'UNL:HIS:VdWContact': 1, 'UNL:LEU:Hydrophobic': 1, 'UNL:LEU:VdWContact': 2, 'UNL:MET:Hydrophobic': 1, 'UNL:PHE:Hydrophobic': 1, 'UNL:PHE:VdWContact': 1}","{'UNL:ASP:HBDonor': 2, 'UNL:ASP:Hydrophobic': 1, 'UNL:ASP:VdWContact': 3, 'UNL:GLY:VdWContact': 1, 'UNL:HIS:Hydrophobic': 1, 'UNL:HIS:VdWContact': 1, 'UNL:LEU:Hydrophobic': 3, 'UNL:LEU:VdWContact': 1, 'UNL:MET:Hydrophobic': 1, 'UNL:PHE:Hydrophobic': 2, 'UNL:THR:Hydrophobic': 1, 'UNL:VAL:Hydrophobic': 1}"
507,AF3,1JLA_TNK,0.0,0.23529411764705885,"{'UNL:CYS:VdWContact': 1, 'UNL:GLY:VdWContact': 1, 'UNL:HIS:VdWContact': 1, 'UNL:LEU:Hydrophobic': 1, 'UNL:LEU:VdWContact': 1, 'UNL:LYS:HBDonor': 1, 'UNL:LYS:VdWContact': 2, 'UNL:PRO:VdWContact': 2, 'UNL:TRP:Hydrophobic': 1, 'UNL:TRP:VdWContact': 1, 'UNL:TYR:Hydrophobic': 1, 'UNL:TYR:VdWContact': 1, 'UNL:VAL:Hydrophobic': 1}","{'UNL:CYS:Hydrophobic': 1, 'UNL:CYS:VdWContact': 1, 'UNL:GLY:VdWContact': 1, 'UNL:LEU:Hydrophobic': 2, 'UNL:LYS:HBDonor': 1, 'UNL:LYS:Hydrophobic': 1, 'UNL:LYS:VdWContact': 2, 'UNL:PHE:Hydrophobic': 1, 'UNL:PHE:VdWContact': 1, 'UNL:PRO:Hydrophobic': 2, 'UNL:PRO:VdWContact': 1, 'UNL:TRP:Hydrophobic': 1, 'UNL:TRP:VdWContact': 1, 'UNL:TYR:Hydrophobic': 1, 'UNL:TYR:VdWContact': 1, 'UNL:VAL:Hydrophobic': 1}"
508,AF3,1N46_PFA,0.39999999999999997,0.5625,"{'UNL:ALA:VdWContact': 1, 'UNL:ARG:HBAcceptor': 1, 'UNL:ARG:HBDonor': 1, 'UNL:ARG:VdWContact': 2, 'UNL:ASN:HBAcceptor': 1, 'UNL:ASN:VdWContact': 1, 'UNL:HIS:HBAcceptor': 1, 'UNL:HIS:VdWContact': 1, 'UNL:ILE:VdWContact': 1, 'UNL:LEU:Hydrophobic': 2, 'UNL:LEU:VdWContact': 2, 'UNL:MET:Hydrophobic': 3, 'UNL:MET:VdWContact': 3, 'UNL:PHE:Hydrophobic': 1, 'UNL:PHE:VdWContact': 3}","{'UNL:ALA:Hydrophobic': 2, 'UNL:ALA:VdWContact': 2, 'UNL:ARG:HBAcceptor': 2, 'UNL:ARG:HBDonor': 1, 'UNL:ARG:Hydrophobic': 1, 'UNL:ARG:VdWContact': 2, 'UNL:ASN:HBAcceptor': 1, 'UNL:ASN:VdWContact': 1, 'UNL:GLY:VdWContact': 1, 'UNL:HIS:HBAcceptor': 1, 'UNL:HIS:HBDonor': 1, 'UNL:HIS:VdWContact': 1, 'UNL:ILE:Hydrophobic': 3, 'UNL:ILE:VdWContact': 1, 'UNL:LEU:Hydrophobic': 3, 'UNL:LEU:VdWContact': 2, 'UNL:MET:Hydrophobic': 3, 'UNL:MET:VdWContact': 2, 'UNL:PHE:Hydrophobic': 3, 'UNL:PHE:VdWContact': 1, 'UNL:THR:Hydrophobic': 1}"
509,AF3,1KZK_JE2,0.5,0.8181818181818182,"{'UNL:ALA:VdWContact': 1, 'UNL:ASP:HBAcceptor': 1, 'UNL:ASP:Hydrophobic': 3, 'UNL:ASP:VdWContact': 4, 'UNL:GLY:HBDonor': 1, 'UNL:GLY:VdWContact': 5, 'UNL:ILE:Hydrophobic': 3, 'UNL:ILE:VdWContact': 2, 'UNL:PRO:VdWContact': 1}","{'UNL:ALA:Hydrophobic': 2, 'UNL:ASP:Hydrophobic': 3, 'UNL:ASP:VdWContact': 4, 'UNL:GLY:HBDonor': 1, 'UNL:GLY:VdWContact': 3, 'UNL:ILE:Hydrophobic': 6, 'UNL:LEU:Hydrophobic': 3, 'UNL:PRO:Hydrophobic': 2, 'UNL:PRO:VdWContact': 1, 'UNL:VAL:Hydrophobic': 4}"
510,AF3,1N2J_PAF,0.0,0.6666666666666666,"{'UNL:GLN:HBAcceptor': 2, 'UNL:GLN:VdWContact': 2, 'UNL:PHE:VdWContact': 1, 'UNL:VAL:VdWContact': 1}","{'UNL:GLN:HBAcceptor': 2, 'UNL:GLN:VdWContact': 2, 'UNL:MET:Hydrophobic': 1, 'UNL:MET:VdWContact': 1, 'UNL:PHE:Hydrophobic': 1, 'UNL:PRO:Hydrophobic': 1, 'UNL:PRO:VdWContact': 1, 'UNL:VAL:Hydrophobic': 2, 'UNL:VAL:VdWContact': 1}"
511,AF3,1MEH_MOA,0.0,0.25,"{'UNL:ASP:VdWContact': 1, 'UNL:GLU:Hydrophobic': 1, 'UNL:GLY:HBAcceptor': 1, 'UNL:GLY:VdWContact': 1, 'UNL:ILE:VdWContact': 1, 'UNL:SER:HBAcceptor': 1, 'UNL:SER:HBDonor': 1, 'UNL:SER:VdWContact': 1, 'UNL:THR:VdWContact': 1, 'UNL:TRP:Hydrophobic': 1}","{'UNL:ASP:VdWContact': 1, 'UNL:GLU:Hydrophobic': 1, 'UNL:GLU:VdWContact': 1, 'UNL:GLY:HBAcceptor': 1, 'UNL:GLY:VdWContact': 1, 'UNL:ILE:VdWContact': 1, 'UNL:SER:HBAcceptor': 1, 'UNL:SER:HBDonor': 1, 'UNL:SER:VdWContact': 2}"
512,AF3,2BSM_BSM,0.0,0.3125,"{'UNL:ASN:Hydrophobic': 1, 'UNL:ASN:VdWContact': 1, 'UNL:ASP:HBDonor': 1, 'UNL:ASP:Hydrophobic': 1, 'UNL:ASP:VdWContact': 2, 'UNL:GLY:HBDonor': 1, 'UNL:GLY:VdWContact': 1, 'UNL:LEU:VdWContact': 1, 'UNL:MET:Hydrophobic': 1, 'UNL:PHE:VdWContact': 1, 'UNL:THR:HBDonor': 1, 'UNL:THR:VdWContact': 2, 'UNL:VAL:VdWContact': 1}","{'UNL:ALA:Hydrophobic': 1, 'UNL:ASN:Hydrophobic': 1, 'UNL:ASN:VdWContact': 1, 'UNL:ASP:HBDonor': 1, 'UNL:ASP:Hydrophobic': 1, 'UNL:ASP:VdWContact': 1, 'UNL:GLY:HBDonor': 1, 'UNL:GLY:VdWContact': 2, 'UNL:ILE:Hydrophobic': 1, 'UNL:LYS:VdWContact': 1, 'UNL:MET:Hydrophobic': 1, 'UNL:PHE:VdWContact': 1, 'UNL:SER:VdWContact': 1, 'UNL:THR:HBDonor': 1, 'UNL:THR:Hydrophobic': 2, 'UNL:THR:VdWContact': 1, 'UNL:VAL:Hydrophobic': 1, 'UNL:VAL:VdWContact': 1}"
513,AF3,1V48_HA1,0.3333333333333333,0.1333333333333333,"{'UNL:ALA:HBAcceptor': 1, 'UNL:ALA:VdWContact': 1, 'UNL:ARG:HBAcceptor': 1, 'UNL:ARG:VdWContact': 1, 'UNL:ASN:VdWContact': 1, 'UNL:GLU:HBDonor': 1, 'UNL:GLU:VdWContact': 1, 'UNL:HIS:VdWContact': 1, 'UNL:LEU:VdWContact': 1, 'UNL:MET:Hydrophobic': 1, 'UNL:MET:VdWContact': 1, 'UNL:SER:HBAcceptor': 1, 'UNL:SER:VdWContact': 2, 'UNL:THR:VdWContact': 1, 'UNL:VAL:VdWContact': 1}","{'UNL:ALA:HBAcceptor': 1, 'UNL:ALA:Hydrophobic': 1, 'UNL:ALA:VdWContact': 1, 'UNL:ARG:HBAcceptor': 1, 'UNL:ARG:VdWContact': 1, 'UNL:ASN:HBAcceptor': 1, 'UNL:ASN:VdWContact': 2, 'UNL:GLU:HBDonor': 1, 'UNL:GLU:VdWContact': 1, 'UNL:HIS:VdWContact': 1, 'UNL:MET:Hydrophobic': 1, 'UNL:PHE:Hydrophobic': 1, 'UNL:PHE:VdWContact': 1, 'UNL:SER:HBAcceptor': 1, 'UNL:SER:HBDonor': 1, 'UNL:SER:VdWContact': 2, 'UNL:VAL:Hydrophobic': 1, 'UNL:VAL:VdWContact': 1}"
514,AF3,1L7F_BCZ,0.0,0.7000000000000001,"{'UNL:ARG:HBAcceptor': 4, 'UNL:ARG:HBDonor': 1, 'UNL:ARG:VdWContact': 4, 'UNL:ASP:VdWContact': 1, 'UNL:GLU:HBDonor': 1, 'UNL:GLU:VdWContact': 2, 'UNL:TRP:HBDonor': 1, 'UNL:TRP:VdWContact': 1, 'UNL:TYR:VdWContact': 1}","{'UNL:ALA:Hydrophobic': 1, 'UNL:ARG:HBAcceptor': 4, 'UNL:ARG:HBDonor': 1, 'UNL:ARG:Hydrophobic': 2, 'UNL:ARG:VdWContact': 4, 'UNL:ASP:VdWContact': 1, 'UNL:GLU:HBDonor': 1, 'UNL:GLU:Hydrophobic': 1, 'UNL:GLU:VdWContact': 3, 'UNL:ILE:Hydrophobic': 1, 'UNL:TRP:HBDonor': 1, 'UNL:TRP:Hydrophobic': 1, 'UNL:TRP:VdWContact': 1, 'UNL:TYR:VdWContact': 1}"
515,AF3,1JD0_AZM,0.0,0.7142857142857143,"{'UNL:HIS:HBDonor': 2, 'UNL:HIS:VdWContact': 3, 'UNL:LEU:VdWContact': 1, 'UNL:THR:HBAcceptor': 1, 'UNL:THR:HBDonor': 1, 'UNL:THR:VdWContact': 2, 'UNL:VAL:VdWContact': 1}","{'UNL:GLN:Hydrophobic': 1, 'UNL:HIS:HBDonor': 2, 'UNL:HIS:VdWContact': 1, 'UNL:LEU:Hydrophobic': 1, 'UNL:LEU:VdWContact': 1, 'UNL:THR:HBAcceptor': 1, 'UNL:THR:HBDonor': 1, 'UNL:THR:VdWContact': 2, 'UNL:VAL:Hydrophobic': 1, 'UNL:VAL:VdWContact': 1}"
516,AF3,1S19_MC9,0.0,1.0,"{'UNL:ALA:VdWContact': 1, 'UNL:ARG:HBAcceptor': 1, 'UNL:ARG:VdWContact': 1, 'UNL:HIS:HBAcceptor': 2, 'UNL:HIS:HBDonor': 1, 'UNL:HIS:VdWContact': 2, 'UNL:LEU:Hydrophobic': 1, 'UNL:SER:VdWContact': 3, 'UNL:TRP:Hydrophobic': 1, 'UNL:TRP:VdWContact': 1, 'UNL:TYR:VdWContact': 1}","{'UNL:ALA:Hydrophobic': 1, 'UNL:ALA:VdWContact': 1, 'UNL:ARG:HBAcceptor': 1, 'UNL:ARG:VdWContact': 1, 'UNL:CYS:VdWContact': 1, 'UNL:HIS:HBAcceptor': 2, 'UNL:HIS:HBDonor': 1, 'UNL:HIS:VdWContact': 2, 'UNL:ILE:Hydrophobic': 2, 'UNL:LEU:Hydrophobic': 6, 'UNL:MET:Hydrophobic': 1, 'UNL:PHE:Hydrophobic': 1, 'UNL:SER:VdWContact': 3, 'UNL:TRP:Hydrophobic': 1, 'UNL:TRP:VdWContact': 1, 'UNL:TYR:Hydrophobic': 2, 'UNL:TYR:VdWContact': 1, 'UNL:VAL:Hydrophobic': 2, 'UNL:VAL:VdWContact': 1}"
517,AF3,1LPZ_CMB,0.3333333333333333,0.1875,"{'UNL:ASP:HBDonor': 1, 'UNL:ASP:VdWContact': 1, 'UNL:CYS:VdWContact': 1, 'UNL:GLN:Hydrophobic': 1, 'UNL:GLN:VdWContact': 1, 'UNL:GLU:VdWContact': 2, 'UNL:GLY:HBAcceptor': 1, 'UNL:GLY:HBDonor': 1, 'UNL:GLY:VdWContact': 3, 'UNL:PHE:Hydrophobic': 1, 'UNL:PHE:VdWContact': 1, 'UNL:TRP:Hydrophobic': 1, 'UNL:TRP:VdWContact': 1, 'UNL:TYR:Hydrophobic': 1, 'UNL:TYR:VdWContact': 1}","{'UNL:ALA:Hydrophobic': 1, 'UNL:ARG:VdWContact': 1, 'UNL:ASP:HBDonor': 1, 'UNL:ASP:VdWContact': 1, 'UNL:CYS:VdWContact': 1, 'UNL:GLN:Hydrophobic': 1, 'UNL:GLN:VdWContact': 1, 'UNL:GLU:Hydrophobic': 1, 'UNL:GLY:HBDonor': 1, 'UNL:GLY:VdWContact': 3, 'UNL:PHE:Hydrophobic': 1, 'UNL:TRP:Hydrophobic': 1, 'UNL:TRP:VdWContact': 1, 'UNL:TYR:Hydrophobic': 1, 'UNL:TYR:VdWContact': 1, 'UNL:VAL:Hydrophobic': 1}"
518,AF3,1X8X_TYR,1.0,0.3333333333333333,"{'UNL:ASP:HBDonor': 1, 'UNL:ASP:Hydrophobic': 1, 'UNL:ASP:VdWContact': 3, 'UNL:GLN:HBDonor': 1, 'UNL:GLN:Hydrophobic': 1, 'UNL:GLN:VdWContact': 3, 'UNL:GLY:VdWContact': 1, 'UNL:TYR:HBDonor': 1, 'UNL:TYR:VdWContact': 2}","{'UNL:ASP:HBDonor': 2, 'UNL:ASP:Hydrophobic': 1, 'UNL:ASP:VdWContact': 3, 'UNL:GLN:HBDonor': 2, 'UNL:GLN:Hydrophobic': 1, 'UNL:GLN:VdWContact': 3, 'UNL:GLY:VdWContact': 1, 'UNL:LEU:Hydrophobic': 1, 'UNL:THR:Hydrophobic': 1, 'UNL:TYR:Hydrophobic': 1, 'UNL:TYR:VdWContact': 2}"
519,AF3,1T46_STI,0.0,0.38095238095238093,"{'UNL:ARG:VdWContact': 1, 'UNL:ASP:HBAcceptor': 1, 'UNL:ASP:Hydrophobic': 1, 'UNL:ASP:VdWContact': 1, 'UNL:CYS:HBAcceptor': 1, 'UNL:CYS:VdWContact': 2, 'UNL:GLU:Hydrophobic': 1, 'UNL:GLU:VdWContact': 1, 'UNL:HIS:VdWContact': 1, 'UNL:ILE:VdWContact': 1, 'UNL:LEU:Hydrophobic': 3, 'UNL:LEU:VdWContact': 3, 'UNL:LYS:Hydrophobic': 1, 'UNL:LYS:VdWContact': 1, 'UNL:PHE:VdWContact': 1, 'UNL:THR:HBDonor': 1, 'UNL:THR:VdWContact': 1, 'UNL:VAL:Hydrophobic': 2, 'UNL:VAL:VdWContact': 2}","{'UNL:ALA:Hydrophobic': 1, 'UNL:ARG:VdWContact': 1, 'UNL:ASP:HBAcceptor': 1, 'UNL:ASP:Hydrophobic': 1, 'UNL:ASP:VdWContact': 1, 'UNL:CYS:HBAcceptor': 1, 'UNL:CYS:Hydrophobic': 1, 'UNL:CYS:VdWContact': 2, 'UNL:GLU:Hydrophobic': 1, 'UNL:GLU:VdWContact': 1, 'UNL:HIS:VdWContact': 1, 'UNL:ILE:VdWContact': 1, 'UNL:LEU:Hydrophobic': 4, 'UNL:LEU:VdWContact': 1, 'UNL:LYS:Hydrophobic': 1, 'UNL:LYS:VdWContact': 1, 'UNL:PHE:Hydrophobic': 1, 'UNL:PHE:VdWContact': 1, 'UNL:THR:HBDonor': 1, 'UNL:THR:Hydrophobic': 1, 'UNL:THR:VdWContact': 1, 'UNL:TYR:Hydrophobic': 1, 'UNL:VAL:Hydrophobic': 4}"
520,AF3,1IG3_VIB,0.5,0.6666666666666666,"{'UNL:ASP:HBDonor': 1, 'UNL:ASP:VdWContact': 1, 'UNL:GLN:VdWContact': 1, 'UNL:SER:VdWContact': 1, 'UNL:THR:VdWContact': 2, 'UNL:TRP:Hydrophobic': 1}","{'UNL:ASN:Hydrophobic': 1, 'UNL:ASP:HBDonor': 1, 'UNL:ASP:VdWContact': 1, 'UNL:GLN:HBDonor': 1, 'UNL:GLN:Hydrophobic': 1, 'UNL:GLN:VdWContact': 1, 'UNL:LEU:Hydrophobic': 2, 'UNL:SER:VdWContact': 2, 'UNL:THR:Hydrophobic': 1, 'UNL:THR:VdWContact': 2, 'UNL:TRP:Hydrophobic': 1}"
521,AF3,1OYT_FSN,0.0,0.0,"{'UNL:ALA:VdWContact': 1, 'UNL:ASN:VdWContact': 1, 'UNL:ASP:HBDonor': 1, 'UNL:ASP:VdWContact': 1, 'UNL:GLU:VdWContact': 1, 'UNL:GLY:HBAcceptor': 1, 'UNL:GLY:HBDonor': 1, 'UNL:GLY:VdWContact': 2, 'UNL:HIS:VdWContact': 1, 'UNL:ILE:VdWContact': 1, 'UNL:LEU:Hydrophobic': 1, 'UNL:SER:VdWContact': 2, 'UNL:TRP:Hydrophobic': 1, 'UNL:TRP:VdWContact': 1, 'UNL:TYR:VdWContact': 1}","{'UNL:ALA:VdWContact': 1, 'UNL:ASN:VdWContact': 1, 'UNL:ASP:HBDonor': 1, 'UNL:ASP:VdWContact': 1, 'UNL:GLU:Hydrophobic': 1, 'UNL:GLY:HBAcceptor': 1, 'UNL:GLY:HBDonor': 1, 'UNL:GLY:VdWContact': 2, 'UNL:HIS:VdWContact': 1, 'UNL:ILE:Hydrophobic': 1, 'UNL:LEU:Hydrophobic': 1, 'UNL:SER:VdWContact': 1, 'UNL:TRP:Hydrophobic': 2, 'UNL:TRP:VdWContact': 1, 'UNL:VAL:Hydrophobic': 1}"
522,AF3,1UNL_RRC,0.3333333333333333,0.4210526315789474,"{'UNL:ALA:VdWContact': 1, 'UNL:ASN:Hydrophobic': 1, 'UNL:ASN:VdWContact': 1, 'UNL:ASP:VdWContact': 1, 'UNL:CYS:HBAcceptor': 1, 'UNL:CYS:HBDonor': 1, 'UNL:CYS:VdWContact': 1, 'UNL:GLN:VdWContact': 1, 'UNL:GLU:VdWContact': 1, 'UNL:GLY:VdWContact': 1, 'UNL:ILE:Hydrophobic': 1, 'UNL:ILE:VdWContact': 1, 'UNL:LEU:VdWContact': 1, 'UNL:LYS:Hydrophobic': 1, 'UNL:LYS:VdWContact': 1, 'UNL:PHE:VdWContact': 1, 'UNL:VAL:VdWContact': 1}","{'UNL:ALA:Hydrophobic': 2, 'UNL:ALA:VdWContact': 1, 'UNL:ASP:VdWContact': 1, 'UNL:CYS:HBAcceptor': 1, 'UNL:CYS:HBDonor': 1, 'UNL:CYS:VdWContact': 1, 'UNL:GLN:HBDonor': 1, 'UNL:GLN:VdWContact': 2, 'UNL:GLU:VdWContact': 2, 'UNL:ILE:Hydrophobic': 1, 'UNL:ILE:VdWContact': 1, 'UNL:LEU:Hydrophobic': 1, 'UNL:LYS:Hydrophobic': 2, 'UNL:PHE:Hydrophobic': 2, 'UNL:PHE:VdWContact': 1, 'UNL:VAL:Hydrophobic': 2, 'UNL:VAL:VdWContact': 2}"
523,AF3,1U1C_BAU,0.25,0.25,"{'UNL:ARG:HBAcceptor': 1, 'UNL:ARG:VdWContact': 1, 'UNL:GLN:HBAcceptor': 1, 'UNL:GLN:HBDonor': 1, 'UNL:GLN:VdWContact': 1, 'UNL:GLU:VdWContact': 1, 'UNL:HIS:VdWContact': 1, 'UNL:ILE:Hydrophobic': 1, 'UNL:ILE:VdWContact': 1, 'UNL:PHE:Hydrophobic': 1, 'UNL:PHE:VdWContact': 1, 'UNL:THR:VdWContact': 1, 'UNL:VAL:Hydrophobic': 1}","{'UNL:ARG:HBAcceptor': 1, 'UNL:ARG:VdWContact': 1, 'UNL:GLN:HBAcceptor': 1, 'UNL:GLN:HBDonor': 1, 'UNL:GLN:VdWContact': 1, 'UNL:GLU:VdWContact': 1, 'UNL:HIS:HBDonor': 1, 'UNL:HIS:VdWContact': 1, 'UNL:ILE:Hydrophobic': 1, 'UNL:ILE:VdWContact': 1, 'UNL:MET:VdWContact': 1, 'UNL:PHE:Hydrophobic': 2, 'UNL:PHE:VdWContact': 1, 'UNL:PRO:Hydrophobic': 1, 'UNL:THR:VdWContact': 1, 'UNL:VAL:Hydrophobic': 1}"
524,AF3,1K3U_IAD,0.5,0.8461538461538461,"{'UNL:ASP:VdWContact': 1, 'UNL:GLY:HBAcceptor': 3, 'UNL:GLY:HBDonor': 1, 'UNL:GLY:VdWContact': 3, 'UNL:ILE:VdWContact': 1, 'UNL:LEU:Hydrophobic': 1, 'UNL:PHE:Hydrophobic': 1, 'UNL:PHE:VdWContact': 2, 'UNL:SER:VdWContact': 2, 'UNL:THR:VdWContact': 1, 'UNL:TYR:HBAcceptor': 1, 'UNL:TYR:VdWContact': 1}","{'UNL:ALA:Hydrophobic': 2, 'UNL:ASP:HBDonor': 1, 'UNL:ASP:VdWContact': 1, 'UNL:GLY:HBAcceptor': 3, 'UNL:GLY:HBDonor': 1, 'UNL:GLY:VdWContact': 4, 'UNL:ILE:HBAcceptor': 1, 'UNL:ILE:Hydrophobic': 3, 'UNL:ILE:VdWContact': 3, 'UNL:LEU:Hydrophobic': 2, 'UNL:PHE:HBAcceptor': 1, 'UNL:PHE:HBDonor': 1, 'UNL:PHE:Hydrophobic': 2, 'UNL:PHE:VdWContact': 2, 'UNL:SER:HBAcceptor': 1, 'UNL:SER:VdWContact': 1, 'UNL:THR:Hydrophobic': 1, 'UNL:THR:VdWContact': 1, 'UNL:TYR:Hydrophobic': 1, 'UNL:TYR:VdWContact': 1}"
525,AF3,1IA1_TQ3,0.0,0.16666666666666669,"{'UNL:GLU:HBDonor': 1, 'UNL:GLU:VdWContact': 1, 'UNL:ILE:HBDonor': 1, 'UNL:ILE:Hydrophobic': 3, 'UNL:ILE:VdWContact': 3, 'UNL:MET:Hydrophobic': 1, 'UNL:PHE:Hydrophobic': 1, 'UNL:PHE:VdWContact': 1, 'UNL:TYR:VdWContact': 1, 'UNL:VAL:VdWContact': 1}","{'UNL:ALA:Hydrophobic': 1, 'UNL:GLU:HBDonor': 1, 'UNL:GLU:VdWContact': 1, 'UNL:ILE:HBDonor': 1, 'UNL:ILE:Hydrophobic': 4, 'UNL:ILE:VdWContact': 3, 'UNL:LEU:Hydrophobic': 1, 'UNL:MET:Hydrophobic': 1, 'UNL:MET:VdWContact': 1, 'UNL:PHE:Hydrophobic': 1, 'UNL:THR:Hydrophobic': 1}"
526,AF3,1R1H_BIR,0.25,0.2666666666666668,"{'UNL:ALA:VdWContact': 1, 'UNL:ARG:HBAcceptor': 1, 'UNL:ARG:VdWContact': 2, 'UNL:ASN:HBAcceptor': 1, 'UNL:ASN:HBDonor': 1, 'UNL:ASN:VdWContact': 1, 'UNL:GLU:VdWContact': 2, 'UNL:HIS:Hydrophobic': 1, 'UNL:HIS:VdWContact': 3, 'UNL:MET:Hydrophobic': 1, 'UNL:MET:VdWContact': 1, 'UNL:PHE:Hydrophobic': 1, 'UNL:PHE:VdWContact': 2, 'UNL:TRP:VdWContact': 1, 'UNL:VAL:Hydrophobic': 2}","{'UNL:ALA:Hydrophobic': 1, 'UNL:ALA:VdWContact': 1, 'UNL:ARG:HBAcceptor': 1, 'UNL:ARG:VdWContact': 1, 'UNL:ASN:HBAcceptor': 1, 'UNL:ASN:HBDonor': 1, 'UNL:ASN:VdWContact': 1, 'UNL:GLU:HBDonor': 1, 'UNL:GLU:VdWContact': 1, 'UNL:HIS:Hydrophobic': 1, 'UNL:HIS:VdWContact': 2, 'UNL:MET:Hydrophobic': 1, 'UNL:PHE:Hydrophobic': 3, 'UNL:PHE:VdWContact': 1, 'UNL:TRP:Hydrophobic': 1, 'UNL:TRP:VdWContact': 1, 'UNL:VAL:Hydrophobic': 2, 'UNL:VAL:VdWContact': 1}"
527,AF3,1YVF_PH7,0.0,0.11111111111111113,"{'UNL:ARG:VdWContact': 1, 'UNL:ASN:Hydrophobic': 1, 'UNL:CYS:Hydrophobic': 1, 'UNL:CYS:VdWContact': 1, 'UNL:GLN:VdWContact': 1, 'UNL:GLY:VdWContact': 1, 'UNL:LEU:Hydrophobic': 1, 'UNL:LEU:VdWContact': 1, 'UNL:MET:Hydrophobic': 1, 'UNL:MET:VdWContact': 1, 'UNL:PRO:VdWContact': 1, 'UNL:SER:VdWContact': 2, 'UNL:TYR:HBAcceptor': 1, 'UNL:TYR:VdWContact': 2}","{'UNL:ARG:Hydrophobic': 1, 'UNL:ASN:Hydrophobic': 1, 'UNL:ASN:VdWContact': 1, 'UNL:CYS:Hydrophobic': 1, 'UNL:CYS:VdWContact': 1, 'UNL:GLN:VdWContact': 1, 'UNL:LEU:Hydrophobic': 1, 'UNL:MET:Hydrophobic': 1, 'UNL:MET:VdWContact': 1, 'UNL:PHE:Hydrophobic': 1, 'UNL:PRO:Hydrophobic': 1, 'UNL:PRO:VdWContact': 1, 'UNL:SER:VdWContact': 2, 'UNL:TYR:HBAcceptor': 1, 'UNL:TYR:Hydrophobic': 2, 'UNL:TYR:VdWContact': 1}"
528,AF3,1YQY_915,0.2,0.28571428571428564,"{'UNL:GLU:VdWContact': 3, 'UNL:GLY:HBAcceptor': 1, 'UNL:GLY:HBDonor': 1, 'UNL:GLY:VdWContact': 1, 'UNL:HIS:HBAcceptor': 1, 'UNL:HIS:HBDonor': 1, 'UNL:HIS:Hydrophobic': 1, 'UNL:HIS:VdWContact': 2, 'UNL:LEU:Hydrophobic': 1, 'UNL:LEU:VdWContact': 1, 'UNL:LYS:Hydrophobic': 1, 'UNL:LYS:VdWContact': 1, 'UNL:SER:VdWContact': 1, 'UNL:TYR:VdWContact': 1, 'UNL:VAL:VdWContact': 1}","{'UNL:ASP:Hydrophobic': 1, 'UNL:GLU:VdWContact': 3, 'UNL:GLY:HBAcceptor': 1, 'UNL:GLY:HBDonor': 1, 'UNL:GLY:VdWContact': 1, 'UNL:HIS:HBAcceptor': 1, 'UNL:HIS:HBDonor': 1, 'UNL:HIS:Hydrophobic': 1, 'UNL:HIS:VdWContact': 1, 'UNL:LEU:Hydrophobic': 2, 'UNL:LEU:VdWContact': 2, 'UNL:LYS:Hydrophobic': 1, 'UNL:SER:VdWContact': 1, 'UNL:TYR:HBDonor': 1, 'UNL:TYR:Hydrophobic': 1, 'UNL:TYR:VdWContact': 1, 'UNL:VAL:Hydrophobic': 2, 'UNL:VAL:VdWContact': 1}"
529,AF3,1HWW_SWA,1.0,0.4444444444444445,"{'UNL:ARG:VdWContact': 1, 'UNL:ASP:HBDonor': 2, 'UNL:ASP:VdWContact': 4, 'UNL:HIS:VdWContact': 1, 'UNL:PHE:VdWContact': 1, 'UNL:TRP:VdWContact': 2, 'UNL:TYR:VdWContact': 2}","{'UNL:ARG:VdWContact': 1, 'UNL:ASP:HBDonor': 1, 'UNL:ASP:VdWContact': 3, 'UNL:HIS:VdWContact': 1, 'UNL:PHE:Hydrophobic': 1, 'UNL:PHE:VdWContact': 1, 'UNL:TRP:HBDonor': 1, 'UNL:TRP:Hydrophobic': 1, 'UNL:TRP:VdWContact': 2, 'UNL:TYR:Hydrophobic': 1, 'UNL:TYR:VdWContact': 2}"
530,AF3,1T40_ID5,0.5,0.8571428571428571,"{'UNL:CYS:Hydrophobic': 1, 'UNL:HIS:HBAcceptor': 1, 'UNL:HIS:VdWContact': 1, 'UNL:LEU:Hydrophobic': 1, 'UNL:THR:VdWContact': 1, 'UNL:TRP:HBAcceptor': 1, 'UNL:TRP:Hydrophobic': 2, 'UNL:TRP:VdWContact': 2, 'UNL:TYR:VdWContact': 2}","{'UNL:CYS:Hydrophobic': 1, 'UNL:CYS:VdWContact': 2, 'UNL:HIS:HBAcceptor': 1, 'UNL:HIS:HBDonor': 1, 'UNL:HIS:VdWContact': 1, 'UNL:LEU:HBAcceptor': 1, 'UNL:LEU:Hydrophobic': 1, 'UNL:LEU:VdWContact': 1, 'UNL:PHE:Hydrophobic': 2, 'UNL:THR:Hydrophobic': 1, 'UNL:THR:VdWContact': 1, 'UNL:TRP:HBAcceptor': 1, 'UNL:TRP:Hydrophobic': 4, 'UNL:TRP:VdWContact': 2, 'UNL:TYR:Hydrophobic': 2, 'UNL:TYR:VdWContact': 2, 'UNL:VAL:Hydrophobic': 1, 'UNL:VAL:VdWContact': 1}"
531,AF3,1GKC_NFH,0.19999999999999996,0.42857142857142855,"{'UNL:ALA:VdWContact': 1, 'UNL:GLU:VdWContact': 1, 'UNL:GLY:HBDonor': 1, 'UNL:GLY:VdWContact': 1, 'UNL:HIS:HBAcceptor': 2, 'UNL:HIS:VdWContact': 3, 'UNL:LEU:HBAcceptor': 1, 'UNL:LEU:VdWContact': 1, 'UNL:PRO:HBDonor': 1, 'UNL:PRO:VdWContact': 1, 'UNL:TYR:HBAcceptor': 1, 'UNL:TYR:Hydrophobic': 1, 'UNL:TYR:VdWContact': 1, 'UNL:VAL:VdWContact': 1}","{'UNL:ALA:VdWContact': 1, 'UNL:GLU:VdWContact': 1, 'UNL:GLY:HBDonor': 1, 'UNL:GLY:VdWContact': 1, 'UNL:HIS:HBAcceptor': 1, 'UNL:HIS:Hydrophobic': 1, 'UNL:HIS:VdWContact': 2, 'UNL:LEU:HBAcceptor': 1, 'UNL:LEU:Hydrophobic': 1, 'UNL:LEU:VdWContact': 1, 'UNL:MET:Hydrophobic': 1, 'UNL:MET:VdWContact': 1, 'UNL:PRO:HBDonor': 1, 'UNL:PRO:VdWContact': 1, 'UNL:TYR:HBAcceptor': 1, 'UNL:TYR:Hydrophobic': 1, 'UNL:TYR:VdWContact': 1, 'UNL:VAL:Hydrophobic': 1, 'UNL:VAL:VdWContact': 1}"
532,AF3,1Z95_198,0.0,0.6428571428571429,"{'UNL:ARG:VdWContact': 1, 'UNL:ASN:VdWContact': 1, 'UNL:GLY:VdWContact': 1, 'UNL:ILE:Hydrophobic': 1, 'UNL:ILE:VdWContact': 1, 'UNL:LEU:HBDonor': 1, 'UNL:LEU:Hydrophobic': 2, 'UNL:LEU:VdWContact': 2, 'UNL:MET:Hydrophobic': 2, 'UNL:MET:VdWContact': 2, 'UNL:PHE:VdWContact': 1, 'UNL:THR:VdWContact': 1}","{'UNL:ARG:VdWContact': 1, 'UNL:ASN:VdWContact': 1, 'UNL:GLY:VdWContact': 1, 'UNL:ILE:Hydrophobic': 2, 'UNL:ILE:VdWContact': 1, 'UNL:LEU:HBDonor': 1, 'UNL:LEU:Hydrophobic': 4, 'UNL:LEU:VdWContact': 2, 'UNL:MET:Hydrophobic': 3, 'UNL:MET:VdWContact': 3, 'UNL:PHE:Hydrophobic': 2, 'UNL:PHE:VdWContact': 1, 'UNL:THR:Hydrophobic': 1, 'UNL:THR:VdWContact': 1, 'UNL:VAL:Hydrophobic': 1}"
533,AF3,1HP0_AD3,0.6666666666666666,0.33333333333333337,"{'UNL:ASN:HBAcceptor': 2, 'UNL:ASN:HBDonor': 1, 'UNL:ASN:VdWContact': 3, 'UNL:ASP:HBDonor': 1, 'UNL:ASP:VdWContact': 3, 'UNL:GLU:VdWContact': 1, 'UNL:MET:VdWContact': 1, 'UNL:THR:VdWContact': 1, 'UNL:TRP:Hydrophobic': 1, 'UNL:TRP:VdWContact': 1}","{'UNL:ASN:HBAcceptor': 2, 'UNL:ASN:Hydrophobic': 1, 'UNL:ASN:VdWContact': 3, 'UNL:ASP:VdWContact': 3, 'UNL:GLU:VdWContact': 1, 'UNL:MET:VdWContact': 1, 'UNL:THR:VdWContact': 1, 'UNL:TRP:Hydrophobic': 2, 'UNL:TRP:VdWContact': 1, 'UNL:TYR:VdWContact': 1}"
534,AF3,1OF1_SCT,0.25,0.38461538461538464,"{'UNL:ALA:VdWContact': 1, 'UNL:ARG:HBAcceptor': 1, 'UNL:ARG:VdWContact': 2, 'UNL:GLN:HBAcceptor': 1, 'UNL:GLN:HBDonor': 1, 'UNL:GLN:VdWContact': 1, 'UNL:GLU:VdWContact': 2, 'UNL:HIS:VdWContact': 1, 'UNL:ILE:Hydrophobic': 1, 'UNL:MET:VdWContact': 1, 'UNL:TYR:Hydrophobic': 1, 'UNL:TYR:VdWContact': 2}","{'UNL:ALA:Hydrophobic': 2, 'UNL:ALA:VdWContact': 1, 'UNL:ARG:HBAcceptor': 1, 'UNL:ARG:HBDonor': 1, 'UNL:ARG:VdWContact': 1, 'UNL:GLN:HBAcceptor': 1, 'UNL:GLN:HBDonor': 1, 'UNL:GLN:VdWContact': 1, 'UNL:GLU:VdWContact': 2, 'UNL:HIS:Hydrophobic': 1, 'UNL:HIS:VdWContact': 1, 'UNL:ILE:Hydrophobic': 2, 'UNL:MET:Hydrophobic': 1, 'UNL:TRP:Hydrophobic': 1, 'UNL:TYR:Hydrophobic': 2, 'UNL:TYR:VdWContact': 2}"
535,AF3,1SJ0_E4D,0.0,0.7777777777777777,"{'UNL:ARG:HBAcceptor': 1, 'UNL:ARG:VdWContact': 1, 'UNL:ASP:VdWContact': 1, 'UNL:GLU:HBDonor': 1, 'UNL:GLU:VdWContact': 1, 'UNL:GLY:VdWContact': 1, 'UNL:HIS:HBDonor': 1, 'UNL:HIS:VdWContact': 1, 'UNL:LEU:Hydrophobic': 4, 'UNL:LEU:VdWContact': 2, 'UNL:MET:Hydrophobic': 1, 'UNL:THR:VdWContact': 1}","{'UNL:ALA:Hydrophobic': 1, 'UNL:ARG:HBAcceptor': 1, 'UNL:ARG:VdWContact': 1, 'UNL:ASP:VdWContact': 1, 'UNL:CYS:Hydrophobic': 1, 'UNL:CYS:VdWContact': 1, 'UNL:GLU:VdWContact': 1, 'UNL:HIS:HBDonor': 1, 'UNL:HIS:Hydrophobic': 1, 'UNL:HIS:VdWContact': 1, 'UNL:ILE:Hydrophobic': 1, 'UNL:LEU:HBDonor': 1, 'UNL:LEU:Hydrophobic': 7, 'UNL:LEU:VdWContact': 3, 'UNL:MET:Hydrophobic': 3, 'UNL:MET:VdWContact': 1, 'UNL:PHE:Hydrophobic': 1, 'UNL:THR:VdWContact': 1, 'UNL:TRP:Hydrophobic': 1, 'UNL:TRP:VdWContact': 1}"
536,AF3,1U4D_DBQ,0.25,0.3,"{'UNL:ALA:HBAcceptor': 1, 'UNL:ALA:VdWContact': 1, 'UNL:ASP:VdWContact': 1, 'UNL:GLY:VdWContact': 2, 'UNL:LEU:VdWContact': 2, 'UNL:LYS:HBAcceptor': 1, 'UNL:VAL:Hydrophobic': 1, 'UNL:VAL:VdWContact': 1}","{'UNL:ALA:HBAcceptor': 1, 'UNL:ALA:Hydrophobic': 1, 'UNL:ALA:VdWContact': 1, 'UNL:ASP:HBDonor': 1, 'UNL:ASP:VdWContact': 1, 'UNL:GLU:HBDonor': 1, 'UNL:GLU:VdWContact': 1, 'UNL:LEU:Hydrophobic': 2, 'UNL:LEU:VdWContact': 1, 'UNL:LYS:VdWContact': 1, 'UNL:VAL:Hydrophobic': 1}"
537,AF3,1Q41_IXM,0.0,0.21428571428571438,"{'UNL:ALA:VdWContact': 1, 'UNL:ARG:VdWContact': 1, 'UNL:ASP:HBDonor': 1, 'UNL:ASP:VdWContact': 1, 'UNL:CYS:Hydrophobic': 1, 'UNL:LEU:Hydrophobic': 1, 'UNL:LEU:VdWContact': 2, 'UNL:PRO:VdWContact': 1, 'UNL:TYR:VdWContact': 1, 'UNL:VAL:HBAcceptor': 1, 'UNL:VAL:HBDonor': 1, 'UNL:VAL:VdWContact': 1}","{'UNL:ALA:Hydrophobic': 1, 'UNL:ASP:HBDonor': 1, 'UNL:ASP:VdWContact': 1, 'UNL:CYS:Hydrophobic': 1, 'UNL:ILE:Hydrophobic': 1, 'UNL:LEU:Hydrophobic': 2, 'UNL:PRO:VdWContact': 1, 'UNL:THR:Hydrophobic': 1, 'UNL:TYR:Hydrophobic': 1, 'UNL:TYR:VdWContact': 1, 'UNL:VAL:HBAcceptor': 1, 'UNL:VAL:HBDonor': 1, 'UNL:VAL:Hydrophobic': 2, 'UNL:VAL:VdWContact': 1}"
538,AF3,1OWE_675,0.3333333333333333,0.25,"{'UNL:ASP:HBDonor': 1, 'UNL:ASP:VdWContact': 1, 'UNL:GLN:Hydrophobic': 1, 'UNL:GLN:VdWContact': 1, 'UNL:GLY:HBDonor': 1, 'UNL:GLY:VdWContact': 2, 'UNL:HIS:Hydrophobic': 1, 'UNL:HIS:VdWContact': 1, 'UNL:SER:HBDonor': 1, 'UNL:SER:VdWContact': 2}","{'UNL:ASP:HBDonor': 1, 'UNL:ASP:VdWContact': 1, 'UNL:GLN:Hydrophobic': 1, 'UNL:GLN:VdWContact': 1, 'UNL:GLY:HBDonor': 1, 'UNL:GLY:VdWContact': 1, 'UNL:HIS:Hydrophobic': 1, 'UNL:HIS:VdWContact': 1, 'UNL:SER:VdWContact': 2, 'UNL:VAL:Hydrophobic': 1}"
539,AF3,1OQ5_CEL,0.0,0.4375,"{'UNL:ASN:VdWContact': 1, 'UNL:HIS:HBDonor': 1, 'UNL:HIS:VdWContact': 3, 'UNL:LEU:Hydrophobic': 1, 'UNL:LEU:VdWContact': 1, 'UNL:PHE:VdWContact': 1, 'UNL:PRO:VdWContact': 1, 'UNL:THR:HBAcceptor': 1, 'UNL:THR:HBDonor': 1, 'UNL:THR:VdWContact': 2, 'UNL:TRP:VdWContact': 1}","{'UNL:ASN:Hydrophobic': 1, 'UNL:ASN:VdWContact': 1, 'UNL:GLN:Hydrophobic': 1, 'UNL:GLN:VdWContact': 1, 'UNL:GLU:Hydrophobic': 1, 'UNL:GLU:VdWContact': 1, 'UNL:HIS:HBDonor': 1, 'UNL:HIS:VdWContact': 1, 'UNL:LEU:Hydrophobic': 1, 'UNL:LEU:VdWContact': 1, 'UNL:PHE:Hydrophobic': 1, 'UNL:THR:HBAcceptor': 1, 'UNL:THR:HBDonor': 1, 'UNL:THR:Hydrophobic': 1, 'UNL:THR:VdWContact': 2, 'UNL:VAL:Hydrophobic': 1}"
540,AF3,1SG0_STL,0.3333333333333333,0.16666666666666666,"{'UNL:ASN:HBAcceptor': 1, 'UNL:ASN:HBDonor': 1, 'UNL:ASN:VdWContact': 1, 'UNL:GLY:HBDonor': 1, 'UNL:GLY:VdWContact': 2, 'UNL:PHE:Hydrophobic': 1, 'UNL:PHE:VdWContact': 3, 'UNL:TRP:VdWContact': 1}","{'UNL:ASN:HBAcceptor': 1, 'UNL:ASN:VdWContact': 1, 'UNL:GLY:HBDonor': 1, 'UNL:GLY:VdWContact': 1, 'UNL:PHE:Hydrophobic': 3, 'UNL:PHE:VdWContact': 2, 'UNL:TRP:Hydrophobic': 1, 'UNL:TRP:VdWContact': 1}"
541,AF3,2BR1_PFP,0.0,0.1538461538461539,"{'UNL:ALA:VdWContact': 1, 'UNL:CYS:HBAcceptor': 1, 'UNL:CYS:VdWContact': 1, 'UNL:GLU:Hydrophobic': 1, 'UNL:GLU:VdWContact': 2, 'UNL:GLY:VdWContact': 1, 'UNL:LEU:Hydrophobic': 1, 'UNL:LEU:VdWContact': 1, 'UNL:SER:VdWContact': 1, 'UNL:VAL:Hydrophobic': 1, 'UNL:VAL:VdWContact': 1}","{'UNL:ALA:Hydrophobic': 1, 'UNL:ALA:VdWContact': 1, 'UNL:CYS:HBAcceptor': 1, 'UNL:CYS:Hydrophobic': 1, 'UNL:CYS:VdWContact': 1, 'UNL:GLU:Hydrophobic': 1, 'UNL:GLU:VdWContact': 2, 'UNL:LEU:Hydrophobic': 2, 'UNL:LEU:VdWContact': 1, 'UNL:SER:VdWContact': 1, 'UNL:TYR:Hydrophobic': 1, 'UNL:VAL:Hydrophobic': 1}"
542,AF3,1UOU_CMU,0.3333333333333333,0.8333333333333334,"{'UNL:ARG:HBAcceptor': 1, 'UNL:ARG:VdWContact': 1, 'UNL:LYS:VdWContact': 1, 'UNL:SER:HBDonor': 1, 'UNL:SER:VdWContact': 1, 'UNL:TYR:VdWContact': 1, 'UNL:VAL:VdWContact': 1}","{'UNL:ARG:HBAcceptor': 1, 'UNL:ARG:VdWContact': 2, 'UNL:GLY:VdWContact': 1, 'UNL:HIS:HBDonor': 1, 'UNL:HIS:VdWContact': 1, 'UNL:ILE:Hydrophobic': 2, 'UNL:LEU:Hydrophobic': 1, 'UNL:LEU:VdWContact': 1, 'UNL:LYS:VdWContact': 1, 'UNL:SER:HBDonor': 1, 'UNL:SER:VdWContact': 2, 'UNL:THR:VdWContact': 2, 'UNL:TYR:Hydrophobic': 1, 'UNL:TYR:VdWContact': 1}"
543,AF3,1TZ8_DES,0.0,0.5,"{'UNL:ALA:VdWContact': 2, 'UNL:LEU:Hydrophobic': 4, 'UNL:LEU:VdWContact': 3, 'UNL:LYS:Hydrophobic': 2, 'UNL:SER:HBAcceptor': 2, 'UNL:SER:HBDonor': 1, 'UNL:SER:VdWContact': 2}","{'UNL:ALA:Hydrophobic': 2, 'UNL:LEU:Hydrophobic': 4, 'UNL:LEU:VdWContact': 2, 'UNL:LYS:Hydrophobic': 2, 'UNL:LYS:VdWContact': 1, 'UNL:SER:HBAcceptor': 2, 'UNL:SER:HBDonor': 1, 'UNL:SER:VdWContact': 2, 'UNL:THR:Hydrophobic': 2}"
544,AF3,1R9O_FLP,0.5,0.7142857142857143,"{'UNL:ARG:HBAcceptor': 1, 'UNL:ARG:VdWContact': 1, 'UNL:LEU:Hydrophobic': 1, 'UNL:LEU:VdWContact': 1, 'UNL:PHE:VdWContact': 1, 'UNL:VAL:VdWContact': 2}","{'UNL:ALA:Hydrophobic': 1, 'UNL:ARG:HBAcceptor': 1, 'UNL:ARG:VdWContact': 1, 'UNL:ASN:HBAcceptor': 1, 'UNL:ASN:VdWContact': 1, 'UNL:ASP:VdWContact': 1, 'UNL:GLY:VdWContact': 1, 'UNL:ILE:Hydrophobic': 1, 'UNL:LEU:Hydrophobic': 4, 'UNL:MET:Hydrophobic': 1, 'UNL:MET:VdWContact': 1, 'UNL:THR:Hydrophobic': 1, 'UNL:VAL:Hydrophobic': 2, 'UNL:VAL:VdWContact': 1}"
545,AF3,1V0P_PVB,0.0,0.25,"{'UNL:ALA:VdWContact': 1, 'UNL:ASP:VdWContact': 3, 'UNL:GLN:VdWContact': 1, 'UNL:GLU:VdWContact': 1, 'UNL:ILE:Hydrophobic': 1, 'UNL:ILE:VdWContact': 1, 'UNL:LEU:HBAcceptor': 1, 'UNL:LEU:HBDonor': 1, 'UNL:LEU:VdWContact': 2, 'UNL:LYS:Hydrophobic': 1, 'UNL:LYS:VdWContact': 1, 'UNL:PHE:VdWContact': 1, 'UNL:VAL:VdWContact': 2}","{'UNL:ALA:Hydrophobic': 2, 'UNL:ALA:VdWContact': 2, 'UNL:GLN:VdWContact': 1, 'UNL:GLU:VdWContact': 1, 'UNL:GLY:VdWContact': 2, 'UNL:ILE:Hydrophobic': 1, 'UNL:LEU:HBAcceptor': 1, 'UNL:LEU:HBDonor': 1, 'UNL:LEU:Hydrophobic': 1, 'UNL:LEU:VdWContact': 2, 'UNL:PHE:Hydrophobic': 1, 'UNL:VAL:Hydrophobic': 2, 'UNL:VAL:VdWContact': 2}"
546,AF3,1XOZ_CIA,0.0,0.5333333333333334,"{'UNL:ALA:VdWContact': 1, 'UNL:GLN:HBDonor': 1, 'UNL:GLN:Hydrophobic': 1, 'UNL:GLN:VdWContact': 1, 'UNL:ILE:VdWContact': 1, 'UNL:LEU:VdWContact': 1, 'UNL:MET:Hydrophobic': 1, 'UNL:PHE:VdWContact': 2, 'UNL:VAL:Hydrophobic': 1, 'UNL:VAL:VdWContact': 1}","{'UNL:ALA:Hydrophobic': 2, 'UNL:GLN:HBDonor': 1, 'UNL:GLN:Hydrophobic': 1, 'UNL:GLN:VdWContact': 2, 'UNL:ILE:Hydrophobic': 2, 'UNL:ILE:VdWContact': 1, 'UNL:LEU:Hydrophobic': 1, 'UNL:LEU:VdWContact': 1, 'UNL:MET:Hydrophobic': 1, 'UNL:MET:VdWContact': 1, 'UNL:PHE:Hydrophobic': 2, 'UNL:PHE:VdWContact': 1, 'UNL:TYR:Hydrophobic': 1, 'UNL:VAL:Hydrophobic': 1, 'UNL:VAL:VdWContact': 1}"
547,AF3,1R55_097,0.16666666666666663,0.7,"{'UNL:ALA:HBDonor': 1, 'UNL:ALA:VdWContact': 2, 'UNL:GLU:HBDonor': 1, 'UNL:GLU:VdWContact': 1, 'UNL:GLY:HBDonor': 1, 'UNL:GLY:VdWContact': 1, 'UNL:HIS:VdWContact': 3, 'UNL:THR:HBAcceptor': 1, 'UNL:THR:VdWContact': 3, 'UNL:VAL:HBAcceptor': 1, 'UNL:VAL:VdWContact': 1}","{'UNL:ALA:HBDonor': 2, 'UNL:ALA:Hydrophobic': 2, 'UNL:ALA:VdWContact': 2, 'UNL:GLU:VdWContact': 1, 'UNL:GLY:HBDonor': 1, 'UNL:GLY:VdWContact': 1, 'UNL:HIS:HBAcceptor': 1, 'UNL:HIS:Hydrophobic': 1, 'UNL:HIS:VdWContact': 3, 'UNL:THR:HBAcceptor': 1, 'UNL:THR:Hydrophobic': 2, 'UNL:THR:VdWContact': 2, 'UNL:VAL:HBAcceptor': 1, 'UNL:VAL:Hydrophobic': 1, 'UNL:VAL:VdWContact': 1}"
548,AF3,1YWR_LI9,0.5,0.5789473684210527,"{'UNL:ALA:VdWContact': 1, 'UNL:ARG:HBAcceptor': 1, 'UNL:ARG:VdWContact': 1, 'UNL:ASP:Hydrophobic': 1, 'UNL:ASP:VdWContact': 2, 'UNL:HIS:VdWContact': 1, 'UNL:LEU:VdWContact': 1, 'UNL:LYS:HBAcceptor': 1, 'UNL:LYS:Hydrophobic': 1, 'UNL:LYS:VdWContact': 1, 'UNL:MET:HBAcceptor': 1, 'UNL:MET:HBDonor': 1, 'UNL:MET:VdWContact': 1, 'UNL:THR:VdWContact': 1, 'UNL:TYR:VdWContact': 1}","{'UNL:ALA:Hydrophobic': 1, 'UNL:ALA:VdWContact': 1, 'UNL:ASP:Hydrophobic': 1, 'UNL:ASP:VdWContact': 1, 'UNL:HIS:VdWContact': 1, 'UNL:ILE:Hydrophobic': 1, 'UNL:LEU:Hydrophobic': 4, 'UNL:LEU:VdWContact': 2, 'UNL:LYS:Hydrophobic': 1, 'UNL:LYS:VdWContact': 1, 'UNL:MET:HBAcceptor': 1, 'UNL:MET:HBDonor': 1, 'UNL:MET:Hydrophobic': 1, 'UNL:MET:VdWContact': 1, 'UNL:THR:Hydrophobic': 1, 'UNL:THR:VdWContact': 1, 'UNL:TYR:Hydrophobic': 1, 'UNL:TYR:VdWContact': 1, 'UNL:VAL:Hydrophobic': 2, 'UNL:VAL:VdWContact': 1}"
549,AF3,1HQ2_PH2,0.0,0.2727272727272727,"{'UNL:ASN:HBAcceptor': 1, 'UNL:ASN:HBDonor': 1, 'UNL:ASN:VdWContact': 1, 'UNL:ASP:VdWContact': 1, 'UNL:LEU:HBAcceptor': 1, 'UNL:LEU:HBDonor': 1, 'UNL:LEU:VdWContact': 1, 'UNL:PHE:VdWContact': 1, 'UNL:PRO:HBDonor': 1, 'UNL:PRO:VdWContact': 1, 'UNL:THR:HBDonor': 1, 'UNL:THR:VdWContact': 1, 'UNL:TRP:VdWContact': 1}","{'UNL:ASN:HBAcceptor': 1, 'UNL:ASN:HBDonor': 1, 'UNL:ASN:VdWContact': 1, 'UNL:ASP:VdWContact': 1, 'UNL:LEU:HBAcceptor': 1, 'UNL:LEU:HBDonor': 1, 'UNL:LEU:Hydrophobic': 1, 'UNL:LEU:VdWContact': 1, 'UNL:PHE:Hydrophobic': 1, 'UNL:PHE:VdWContact': 1, 'UNL:PRO:HBDonor': 1, 'UNL:PRO:VdWContact': 1, 'UNL:THR:HBDonor': 1, 'UNL:THR:VdWContact': 1, 'UNL:TYR:Hydrophobic': 1, 'UNL:TYR:VdWContact': 1}"
550,AF3,1MZC_BNE,0.0,0.41666666666666674,"{'UNL:ALA:VdWContact': 1, 'UNL:ARG:HBAcceptor': 1, 'UNL:ARG:VdWContact': 1, 'UNL:ASP:VdWContact': 1, 'UNL:CYS:VdWContact': 1, 'UNL:HIS:HBAcceptor': 1, 'UNL:HIS:VdWContact': 1, 'UNL:TRP:Hydrophobic': 1, 'UNL:TRP:VdWContact': 2, 'UNL:TYR:VdWContact': 2}","{'UNL:ALA:Hydrophobic': 1, 'UNL:ARG:HBAcceptor': 1, 'UNL:ARG:VdWContact': 1, 'UNL:ASP:VdWContact': 1, 'UNL:CYS:HBAcceptor': 1, 'UNL:CYS:VdWContact': 1, 'UNL:LEU:Hydrophobic': 1, 'UNL:SER:VdWContact': 1, 'UNL:TRP:Hydrophobic': 3, 'UNL:TRP:VdWContact': 2, 'UNL:TYR:Hydrophobic': 2, 'UNL:TYR:VdWContact': 2}"
551,AF3,1V4S_MRK,0.25,0.625,"{'UNL:ARG:HBAcceptor': 1, 'UNL:ARG:HBDonor': 1, 'UNL:ARG:VdWContact': 1, 'UNL:ILE:VdWContact': 1, 'UNL:LYS:Hydrophobic': 1, 'UNL:MET:Hydrophobic': 1, 'UNL:MET:VdWContact': 1, 'UNL:TYR:HBDonor': 1, 'UNL:TYR:VdWContact': 2, 'UNL:VAL:Hydrophobic': 1, 'UNL:VAL:VdWContact': 1}","{'UNL:ALA:Hydrophobic': 1, 'UNL:ARG:HBAcceptor': 1, 'UNL:ARG:HBDonor': 1, 'UNL:ARG:Hydrophobic': 1, 'UNL:ARG:VdWContact': 1, 'UNL:GLU:Hydrophobic': 1, 'UNL:ILE:Hydrophobic': 2, 'UNL:MET:Hydrophobic': 2, 'UNL:MET:VdWContact': 1, 'UNL:PRO:Hydrophobic': 1, 'UNL:THR:HBAcceptor': 1, 'UNL:THR:Hydrophobic': 1, 'UNL:THR:VdWContact': 1, 'UNL:TYR:HBDonor': 1, 'UNL:TYR:Hydrophobic': 2, 'UNL:TYR:VdWContact': 2, 'UNL:VAL:Hydrophobic': 3}"
552,AF3,1NAV_IH5,0.6,0.33333333333333326,"{'UNL:ALA:VdWContact': 1, 'UNL:ARG:HBAcceptor': 1, 'UNL:ARG:HBDonor': 1, 'UNL:ARG:VdWContact': 1, 'UNL:GLY:VdWContact': 1, 'UNL:HIS:HBAcceptor': 1, 'UNL:HIS:HBDonor': 1, 'UNL:HIS:VdWContact': 1, 'UNL:LEU:Hydrophobic': 2, 'UNL:LEU:VdWContact': 2, 'UNL:MET:Hydrophobic': 3, 'UNL:MET:VdWContact': 3, 'UNL:PHE:Hydrophobic': 1, 'UNL:PHE:VdWContact': 1, 'UNL:SER:HBAcceptor': 1, 'UNL:SER:VdWContact': 1}","{'UNL:ALA:Hydrophobic': 2, 'UNL:GLY:VdWContact': 1, 'UNL:HIS:HBAcceptor': 1, 'UNL:HIS:VdWContact': 1, 'UNL:ILE:Hydrophobic': 1, 'UNL:ILE:VdWContact': 1, 'UNL:LEU:Hydrophobic': 3, 'UNL:LEU:VdWContact': 2, 'UNL:MET:Hydrophobic': 3, 'UNL:MET:VdWContact': 2, 'UNL:PHE:Hydrophobic': 3, 'UNL:PHE:VdWContact': 1, 'UNL:SER:HBAcceptor': 1, 'UNL:SER:VdWContact': 1, 'UNL:THR:Hydrophobic': 1}"
553,AF3,1JJE_BYS,0.42857142857142855,0.375,"{'UNL:ASN:HBAcceptor': 1, 'UNL:ASN:HBDonor': 1, 'UNL:ASN:Hydrophobic': 1, 'UNL:ASN:VdWContact': 1, 'UNL:HIS:HBAcceptor': 1, 'UNL:HIS:HBDonor': 1, 'UNL:HIS:Hydrophobic': 2, 'UNL:HIS:VdWContact': 3, 'UNL:LYS:HBAcceptor': 1, 'UNL:LYS:VdWContact': 1, 'UNL:PHE:VdWContact': 1, 'UNL:SER:HBAcceptor': 1, 'UNL:SER:VdWContact': 1, 'UNL:TRP:Hydrophobic': 1, 'UNL:TRP:VdWContact': 1}","{'UNL:ASN:HBAcceptor': 1, 'UNL:ASN:Hydrophobic': 1, 'UNL:ASN:VdWContact': 1, 'UNL:ASP:Hydrophobic': 1, 'UNL:ASP:VdWContact': 1, 'UNL:CYS:VdWContact': 1, 'UNL:GLY:VdWContact': 1, 'UNL:HIS:HBDonor': 1, 'UNL:HIS:Hydrophobic': 2, 'UNL:HIS:VdWContact': 3, 'UNL:LYS:HBDonor': 1, 'UNL:LYS:VdWContact': 1, 'UNL:PHE:Hydrophobic': 1, 'UNL:TRP:Hydrophobic': 1, 'UNL:TRP:VdWContact': 1, 'UNL:VAL:Hydrophobic': 2, 'UNL:VAL:VdWContact': 1}"
554,AF3,1J3J_CP6,0.0,0.06666666666666665,"{'UNL:ASN:VdWContact': 1, 'UNL:ASP:HBDonor': 1, 'UNL:ASP:VdWContact': 1, 'UNL:CYS:VdWContact': 1, 'UNL:ILE:HBDonor': 2, 'UNL:ILE:VdWContact': 2, 'UNL:LEU:VdWContact': 1, 'UNL:MET:Hydrophobic': 1, 'UNL:MET:VdWContact': 1, 'UNL:PHE:Hydrophobic': 1, 'UNL:PHE:VdWContact': 1, 'UNL:SER:VdWContact': 1, 'UNL:TYR:VdWContact': 1}","{'UNL:ALA:Hydrophobic': 1, 'UNL:ASN:Hydrophobic': 1, 'UNL:ASN:VdWContact': 1, 'UNL:ASP:HBDonor': 1, 'UNL:ASP:VdWContact': 1, 'UNL:CYS:VdWContact': 1, 'UNL:ILE:HBDonor': 2, 'UNL:ILE:Hydrophobic': 2, 'UNL:ILE:VdWContact': 2, 'UNL:LEU:Hydrophobic': 1, 'UNL:MET:Hydrophobic': 1, 'UNL:PHE:Hydrophobic': 1, 'UNL:PHE:VdWContact': 1}"
555,AF3,1T9B_1CS,0.0,0.2666666666666666,"{'UNL:ALA:VdWContact': 1, 'UNL:ARG:HBAcceptor': 1, 'UNL:ARG:VdWContact': 1, 'UNL:GLY:VdWContact': 1, 'UNL:LYS:VdWContact': 1, 'UNL:MET:VdWContact': 1, 'UNL:PHE:Hydrophobic': 1, 'UNL:PHE:VdWContact': 1, 'UNL:TRP:VdWContact': 1, 'UNL:VAL:Hydrophobic': 1, 'UNL:VAL:VdWContact': 1}","{'UNL:ALA:Hydrophobic': 2, 'UNL:ALA:VdWContact': 1, 'UNL:ARG:HBAcceptor': 1, 'UNL:ARG:VdWContact': 1, 'UNL:ASP:VdWContact': 1, 'UNL:MET:Hydrophobic': 1, 'UNL:MET:VdWContact': 1, 'UNL:PHE:Hydrophobic': 1, 'UNL:PHE:VdWContact': 1, 'UNL:PRO:Hydrophobic': 1, 'UNL:TRP:Hydrophobic': 1, 'UNL:VAL:Hydrophobic': 2, 'UNL:VAL:VdWContact': 1}"
556,AF3,1PMN_984,0.5,0.49999999999999994,"{'UNL:ALA:VdWContact': 1, 'UNL:ASN:VdWContact': 1, 'UNL:GLU:VdWContact': 1, 'UNL:ILE:VdWContact': 2, 'UNL:LEU:Hydrophobic': 1, 'UNL:LEU:VdWContact': 1, 'UNL:LYS:Hydrophobic': 1, 'UNL:MET:HBAcceptor': 1, 'UNL:MET:HBDonor': 1, 'UNL:MET:Hydrophobic': 1, 'UNL:MET:VdWContact': 2, 'UNL:SER:VdWContact': 1, 'UNL:VAL:VdWContact': 1}","{'UNL:ALA:Hydrophobic': 1, 'UNL:ALA:VdWContact': 2, 'UNL:ASN:VdWContact': 1, 'UNL:ILE:Hydrophobic': 2, 'UNL:ILE:VdWContact': 2, 'UNL:LEU:Hydrophobic': 3, 'UNL:LEU:VdWContact': 2, 'UNL:LYS:Hydrophobic': 1, 'UNL:MET:HBAcceptor': 1, 'UNL:MET:Hydrophobic': 2, 'UNL:MET:VdWContact': 2, 'UNL:VAL:Hydrophobic': 2}"
557,AF3,1N2V_BDI,0.0,0.2222222222222222,"{'UNL:ALA:VdWContact': 1, 'UNL:ASP:HBDonor': 1, 'UNL:ASP:VdWContact': 1, 'UNL:GLN:HBAcceptor': 1, 'UNL:GLN:VdWContact': 1, 'UNL:GLY:HBAcceptor': 1, 'UNL:GLY:VdWContact': 2, 'UNL:MET:Hydrophobic': 1, 'UNL:TYR:Hydrophobic': 1}","{'UNL:ALA:Hydrophobic': 1, 'UNL:ASP:HBDonor': 1, 'UNL:ASP:VdWContact': 1, 'UNL:CYS:Hydrophobic': 1, 'UNL:GLN:HBAcceptor': 1, 'UNL:GLN:VdWContact': 1, 'UNL:GLY:HBAcceptor': 1, 'UNL:GLY:VdWContact': 2, 'UNL:MET:Hydrophobic': 1, 'UNL:TYR:Hydrophobic': 1, 'UNL:TYR:VdWContact': 1}"
558,AF3,1S3V_TQD,0.3333333333333333,0.1818181818181817,"{'UNL:ALA:VdWContact': 1, 'UNL:ASN:VdWContact': 1, 'UNL:GLU:HBDonor': 1, 'UNL:GLU:VdWContact': 1, 'UNL:ILE:HBDonor': 1, 'UNL:ILE:Hydrophobic': 1, 'UNL:ILE:VdWContact': 2, 'UNL:PHE:Hydrophobic': 1, 'UNL:PHE:VdWContact': 2, 'UNL:PRO:VdWContact': 1, 'UNL:VAL:HBDonor': 1, 'UNL:VAL:VdWContact': 1}","{'UNL:GLU:HBDonor': 1, 'UNL:GLU:VdWContact': 1, 'UNL:ILE:HBDonor': 1, 'UNL:ILE:Hydrophobic': 1, 'UNL:ILE:VdWContact': 1, 'UNL:PHE:Hydrophobic': 2, 'UNL:PHE:VdWContact': 1, 'UNL:PRO:Hydrophobic': 1, 'UNL:SER:VdWContact': 1, 'UNL:VAL:VdWContact': 1}"
559,AF3,1Y6B_AAX,0.0,0.4285714285714285,"{'UNL:ASN:HBAcceptor': 1, 'UNL:ASN:VdWContact': 1, 'UNL:CYS:HBAcceptor': 1, 'UNL:CYS:HBDonor': 1, 'UNL:CYS:VdWContact': 1, 'UNL:GLU:VdWContact': 2, 'UNL:GLY:VdWContact': 1, 'UNL:LEU:VdWContact': 2, 'UNL:LYS:Hydrophobic': 1, 'UNL:LYS:VdWContact': 1, 'UNL:PHE:Hydrophobic': 1, 'UNL:PHE:VdWContact': 1, 'UNL:VAL:VdWContact': 2}","{'UNL:ALA:Hydrophobic': 1, 'UNL:ASN:HBAcceptor': 1, 'UNL:ASN:VdWContact': 1, 'UNL:CYS:HBAcceptor': 1, 'UNL:CYS:HBDonor': 1, 'UNL:CYS:Hydrophobic': 1, 'UNL:CYS:VdWContact': 1, 'UNL:GLU:VdWContact': 2, 'UNL:GLY:VdWContact': 1, 'UNL:LEU:Hydrophobic': 2, 'UNL:LYS:Hydrophobic': 1, 'UNL:LYS:VdWContact': 1, 'UNL:PHE:Hydrophobic': 2, 'UNL:PHE:VdWContact': 1, 'UNL:VAL:Hydrophobic': 3, 'UNL:VAL:VdWContact': 2}"
560,AF3,1L2S_STC,0.0,0.49999999999999994,"{'UNL:ALA:HBAcceptor': 1, 'UNL:ALA:VdWContact': 1, 'UNL:ASN:HBAcceptor': 1, 'UNL:ASN:VdWContact': 1, 'UNL:GLN:HBAcceptor': 1, 'UNL:GLN:VdWContact': 1, 'UNL:LEU:Hydrophobic': 1, 'UNL:SER:HBAcceptor': 1, 'UNL:SER:VdWContact': 1, 'UNL:THR:VdWContact': 1, 'UNL:TYR:Hydrophobic': 1}","{'UNL:ALA:HBAcceptor': 1, 'UNL:ALA:HBDonor': 1, 'UNL:ALA:VdWContact': 1, 'UNL:ASN:HBAcceptor': 1, 'UNL:ASN:VdWContact': 1, 'UNL:GLN:VdWContact': 1, 'UNL:GLY:VdWContact': 1, 'UNL:LEU:Hydrophobic': 2, 'UNL:SER:HBAcceptor': 1, 'UNL:SER:VdWContact': 1, 'UNL:THR:Hydrophobic': 1, 'UNL:THR:VdWContact': 1, 'UNL:TYR:Hydrophobic': 2, 'UNL:VAL:Hydrophobic': 1}"
561,AF3,1W2G_THM,0.5,0.6000000000000001,"{'UNL:ARG:HBAcceptor': 1, 'UNL:ARG:VdWContact': 2, 'UNL:ASN:HBDonor': 1, 'UNL:ASN:VdWContact': 1, 'UNL:ASP:HBDonor': 1, 'UNL:ASP:VdWContact': 1, 'UNL:PHE:Hydrophobic': 1, 'UNL:PRO:VdWContact': 1, 'UNL:TYR:HBAcceptor': 1, 'UNL:TYR:VdWContact': 2}","{'UNL:ARG:HBAcceptor': 1, 'UNL:ARG:Hydrophobic': 1, 'UNL:ARG:VdWContact': 1, 'UNL:ASN:HBDonor': 1, 'UNL:ASN:Hydrophobic': 1, 'UNL:ASN:VdWContact': 1, 'UNL:ASP:VdWContact': 1, 'UNL:PHE:Hydrophobic': 2, 'UNL:PRO:Hydrophobic': 1, 'UNL:PRO:VdWContact': 1, 'UNL:TYR:Hydrophobic': 2, 'UNL:TYR:VdWContact': 3}"
562,AF3,1TOW_CRZ,0.5,0.75,"{'UNL:ARG:HBAcceptor': 1, 'UNL:ARG:VdWContact': 1, 'UNL:ASP:Hydrophobic': 1, 'UNL:MET:Hydrophobic': 1, 'UNL:PHE:VdWContact': 1, 'UNL:PRO:VdWContact': 1, 'UNL:TYR:VdWContact': 1}","{'UNL:ALA:Hydrophobic': 3, 'UNL:ARG:HBAcceptor': 1, 'UNL:ARG:HBDonor': 1, 'UNL:ARG:VdWContact': 1, 'UNL:ASP:Hydrophobic': 1, 'UNL:CYS:VdWContact': 1, 'UNL:ILE:Hydrophobic': 1, 'UNL:MET:Hydrophobic': 1, 'UNL:PHE:Hydrophobic': 2, 'UNL:PHE:VdWContact': 1, 'UNL:PRO:Hydrophobic': 1, 'UNL:PRO:VdWContact': 1, 'UNL:TYR:VdWContact': 1, 'UNL:VAL:Hydrophobic': 1}"
563,AF3,1XM6_5RM,0.0,0.5,"{'UNL:GLN:HBAcceptor': 1, 'UNL:GLN:VdWContact': 1, 'UNL:ILE:Hydrophobic': 1, 'UNL:ILE:VdWContact': 1, 'UNL:LEU:VdWContact': 1, 'UNL:MET:Hydrophobic': 1, 'UNL:MET:VdWContact': 1, 'UNL:PHE:Hydrophobic': 1, 'UNL:PHE:VdWContact': 2, 'UNL:SER:VdWContact': 1, 'UNL:TYR:VdWContact': 1}","{'UNL:ASN:VdWContact': 1, 'UNL:GLN:HBAcceptor': 1, 'UNL:GLN:VdWContact': 1, 'UNL:ILE:Hydrophobic': 1, 'UNL:ILE:VdWContact': 1, 'UNL:LEU:Hydrophobic': 2, 'UNL:LEU:VdWContact': 1, 'UNL:MET:Hydrophobic': 3, 'UNL:MET:VdWContact': 1, 'UNL:PHE:Hydrophobic': 3, 'UNL:PHE:VdWContact': 2, 'UNL:THR:VdWContact': 1, 'UNL:TYR:Hydrophobic': 1}"
564,AF3,1YGC_905,0.25,0.3571428571428572,"{'UNL:ASP:HBDonor': 1, 'UNL:ASP:VdWContact': 2, 'UNL:GLY:HBDonor': 1, 'UNL:GLY:VdWContact': 3, 'UNL:HIS:Hydrophobic': 1, 'UNL:HIS:VdWContact': 1, 'UNL:LYS:VdWContact': 1, 'UNL:SER:HBAcceptor': 1, 'UNL:SER:HBDonor': 1, 'UNL:SER:VdWContact': 3, 'UNL:THR:VdWContact': 2, 'UNL:TRP:Hydrophobic': 1, 'UNL:TRP:VdWContact': 1, 'UNL:VAL:VdWContact': 1}","{'UNL:ASP:HBDonor': 1, 'UNL:ASP:Hydrophobic': 2, 'UNL:ASP:VdWContact': 2, 'UNL:GLY:HBDonor': 1, 'UNL:GLY:VdWContact': 1, 'UNL:HIS:Hydrophobic': 1, 'UNL:HIS:VdWContact': 1, 'UNL:LYS:Hydrophobic': 1, 'UNL:LYS:VdWContact': 1, 'UNL:SER:HBDonor': 1, 'UNL:SER:VdWContact': 3, 'UNL:THR:Hydrophobic': 1, 'UNL:THR:VdWContact': 1, 'UNL:TRP:Hydrophobic': 1, 'UNL:TRP:VdWContact': 1, 'UNL:VAL:Hydrophobic': 1}"
565,AF3,1R58_AO5,0.25,0.2142857142857142,"{'UNL:ASN:VdWContact': 1, 'UNL:ASP:HBDonor': 2, 'UNL:ASP:VdWContact': 2, 'UNL:GLU:HBDonor': 1, 'UNL:GLU:VdWContact': 1, 'UNL:HIS:HBAcceptor': 1, 'UNL:HIS:HBDonor': 1, 'UNL:HIS:Hydrophobic': 1, 'UNL:HIS:VdWContact': 4, 'UNL:ILE:Hydrophobic': 1, 'UNL:PHE:Hydrophobic': 1, 'UNL:PHE:VdWContact': 1, 'UNL:THR:VdWContact': 1, 'UNL:TYR:Hydrophobic': 1, 'UNL:TYR:VdWContact': 1}","{'UNL:ALA:Hydrophobic': 1, 'UNL:ALA:VdWContact': 1, 'UNL:ASP:HBDonor': 2, 'UNL:ASP:VdWContact': 2, 'UNL:GLU:HBDonor': 1, 'UNL:GLU:VdWContact': 1, 'UNL:HIS:HBDonor': 1, 'UNL:HIS:Hydrophobic': 2, 'UNL:HIS:VdWContact': 2, 'UNL:MET:Hydrophobic': 1, 'UNL:PHE:Hydrophobic': 1, 'UNL:PHE:VdWContact': 1, 'UNL:TYR:Hydrophobic': 1, 'UNL:TYR:VdWContact': 1}"
566,AF3,1HNN_SKF,0.0,0.3333333333333333,"{'UNL:ASN:Hydrophobic': 1, 'UNL:ASN:VdWContact': 1, 'UNL:ASP:VdWContact': 1, 'UNL:GLU:HBDonor': 1, 'UNL:GLU:VdWContact': 1, 'UNL:LYS:VdWContact': 1, 'UNL:MET:VdWContact': 1, 'UNL:PHE:Hydrophobic': 1, 'UNL:TYR:VdWContact': 1, 'UNL:VAL:VdWContact': 1}","{'UNL:ARG:VdWContact': 1, 'UNL:ASN:Hydrophobic': 1, 'UNL:ASP:VdWContact': 1, 'UNL:GLU:HBDonor': 1, 'UNL:GLU:VdWContact': 1, 'UNL:LYS:VdWContact': 1, 'UNL:MET:Hydrophobic': 1, 'UNL:MET:VdWContact': 1, 'UNL:PHE:Hydrophobic': 1, 'UNL:TYR:Hydrophobic': 2, 'UNL:TYR:VdWContact': 2, 'UNL:VAL:VdWContact': 1}"
567,AF3,1OPK_P16,0.0,0.3529411764705882,"{'UNL:ALA:VdWContact': 1, 'UNL:ASP:VdWContact': 1, 'UNL:GLU:VdWContact': 1, 'UNL:GLY:VdWContact': 1, 'UNL:ILE:Hydrophobic': 1, 'UNL:LEU:Hydrophobic': 1, 'UNL:LYS:Hydrophobic': 1, 'UNL:MET:HBAcceptor': 1, 'UNL:MET:HBDonor': 1, 'UNL:MET:Hydrophobic': 1, 'UNL:MET:VdWContact': 1, 'UNL:THR:VdWContact': 1, 'UNL:TYR:VdWContact': 1, 'UNL:VAL:VdWContact': 1}","{'UNL:ALA:Hydrophobic': 1, 'UNL:GLU:VdWContact': 1, 'UNL:ILE:Hydrophobic': 1, 'UNL:LEU:Hydrophobic': 2, 'UNL:LYS:Hydrophobic': 1, 'UNL:MET:HBAcceptor': 1, 'UNL:MET:HBDonor': 1, 'UNL:MET:Hydrophobic': 2, 'UNL:MET:VdWContact': 2, 'UNL:PHE:Hydrophobic': 2, 'UNL:THR:Hydrophobic': 1, 'UNL:THR:VdWContact': 1, 'UNL:TYR:Hydrophobic': 1, 'UNL:TYR:VdWContact': 1, 'UNL:VAL:Hydrophobic': 2}"
568,AF3,1MMV_3AR,0.3333333333333333,0.2142857142857143,"{'UNL:ASP:HBDonor': 1, 'UNL:ASP:VdWContact': 1, 'UNL:GLN:HBAcceptor': 1, 'UNL:GLN:VdWContact': 1, 'UNL:GLU:HBDonor': 1, 'UNL:GLU:VdWContact': 1, 'UNL:GLY:VdWContact': 1, 'UNL:PHE:VdWContact': 1, 'UNL:PRO:VdWContact': 1, 'UNL:TRP:VdWContact': 1, 'UNL:TYR:VdWContact': 1, 'UNL:VAL:VdWContact': 1}","{'UNL:ASP:VdWContact': 1, 'UNL:GLN:HBAcceptor': 1, 'UNL:GLN:VdWContact': 1, 'UNL:GLU:HBDonor': 1, 'UNL:GLU:VdWContact': 1, 'UNL:PHE:Hydrophobic': 1, 'UNL:PHE:VdWContact': 1, 'UNL:PRO:Hydrophobic': 1, 'UNL:SER:VdWContact': 1, 'UNL:TRP:VdWContact': 1, 'UNL:TYR:Hydrophobic': 1, 'UNL:TYR:VdWContact': 1, 'UNL:VAL:Hydrophobic': 1, 'UNL:VAL:VdWContact': 1}"
569,AF3,1SQN_NDR,0.5,0.6428571428571429,"{'UNL:ARG:HBAcceptor': 1, 'UNL:ARG:VdWContact': 1, 'UNL:ASN:VdWContact': 1, 'UNL:CYS:VdWContact': 1, 'UNL:GLN:HBAcceptor': 1, 'UNL:GLN:VdWContact': 1, 'UNL:LEU:Hydrophobic': 1, 'UNL:LEU:VdWContact': 4, 'UNL:MET:Hydrophobic': 2, 'UNL:MET:VdWContact': 2, 'UNL:TYR:VdWContact': 1}","{'UNL:ARG:VdWContact': 1, 'UNL:CYS:Hydrophobic': 1, 'UNL:CYS:VdWContact': 1, 'UNL:GLN:HBAcceptor': 1, 'UNL:GLN:VdWContact': 1, 'UNL:LEU:Hydrophobic': 5, 'UNL:LEU:VdWContact': 3, 'UNL:MET:Hydrophobic': 4, 'UNL:MET:VdWContact': 2, 'UNL:PHE:Hydrophobic': 1, 'UNL:TRP:Hydrophobic': 1, 'UNL:TYR:Hydrophobic': 1, 'UNL:TYR:VdWContact': 1, 'UNL:VAL:Hydrophobic': 1}"
