,Category,Target,Structured_EMD,Unstructured_EMD,Method_Histogram,Reference_Histogram
0,P2Rank-Vina,5k45_2_GLU_1,0.25,0.125,"{'UNL:ALA:VdWContact': 1, 'UNL:ASP:HBAcceptor': 1, 'UNL:ASP:VdWContact': 1, 'UNL:LYS:VdWContact': 1, 'UNL:MET:VdWContact': 1, 'UNL:THR:HBDonor': 1, 'UNL:THR:VdWContact': 1}","{'UNL:ASP:HBAcceptor': 1, 'UNL:ASP:VdWContact': 1, 'UNL:GLU:VdWContact': 1, 'UNL:GLY:VdWContact': 2, 'UNL:SER:HBAcceptor': 1, 'UNL:SER:VdWContact': 1, 'UNL:THR:HBAcceptor': 1, 'UNL:THR:VdWContact': 1}"
1,P2Rank-Vina,5k3o_2_ASP_0,0.16666666666666663,0.6666666666666667,"{'UNL:ASN:HBAcceptor': 1, 'UNL:ASN:VdWContact': 1, 'UNL:LYS:HBAcceptor': 1, 'UNL:LYS:VdWContact': 1, 'UNL:MET:HBDonor': 1, 'UNL:MET:VdWContact': 1, 'UNL:THR:VdWContact': 2}","{'UNL:ALA:VdWContact': 1, 'UNL:ASP:HBAcceptor': 1, 'UNL:ASP:VdWContact': 1, 'UNL:GLU:VdWContact': 1, 'UNL:GLY:VdWContact': 4, 'UNL:SER:HBAcceptor': 1, 'UNL:SER:VdWContact': 2, 'UNL:THR:HBAcceptor': 2, 'UNL:THR:VdWContact': 2}"
2,P2Rank-Vina,2hs3_1_FGR_0,0.28571428571428575,0.45454545454545453,"{'UNL:ALA:VdWContact': 1, 'UNL:ASP:HBDonor': 1, 'UNL:ASP:VdWContact': 1, 'UNL:GLN:HBAcceptor': 1, 'UNL:GLN:VdWContact': 1, 'UNL:GLU:HBDonor': 1, 'UNL:GLU:VdWContact': 2, 'UNL:GLY:VdWContact': 1, 'UNL:HIS:VdWContact': 1, 'UNL:TYR:VdWContact': 1}","{'UNL:ALA:HBAcceptor': 1, 'UNL:ALA:VdWContact': 1, 'UNL:ARG:VdWContact': 1, 'UNL:ASN:HBAcceptor': 1, 'UNL:ASN:VdWContact': 1, 'UNL:GLN:VdWContact': 2, 'UNL:GLU:VdWContact': 1, 'UNL:GLY:VdWContact': 1, 'UNL:HIS:HBAcceptor': 2, 'UNL:HIS:VdWContact': 3, 'UNL:SER:HBAcceptor': 1, 'UNL:SER:VdWContact': 2, 'UNL:THR:VdWContact': 1}"
3,P2Rank-Vina,2ze9_1_PD7_0,0.25,1.0,"{'UNL:ALA:VdWContact': 3, 'UNL:ASN:HBAcceptor': 2, 'UNL:ASN:VdWContact': 2, 'UNL:LEU:Hydrophobic': 4, 'UNL:LEU:VdWContact': 4, 'UNL:LYS:HBAcceptor': 1, 'UNL:LYS:VdWContact': 1, 'UNL:TRP:VdWContact': 1, 'UNL:TYR:HBAcceptor': 1, 'UNL:TYR:Hydrophobic': 1, 'UNL:TYR:VdWContact': 2, 'UNL:VAL:Hydrophobic': 1, 'UNL:VAL:VdWContact': 1}","{'UNL:ALA:VdWContact': 1, 'UNL:ASN:HBAcceptor': 2, 'UNL:ASN:VdWContact': 2, 'UNL:HIS:VdWContact': 1, 'UNL:LEU:VdWContact': 1, 'UNL:LYS:VdWContact': 2, 'UNL:TRP:HBAcceptor': 1, 'UNL:TRP:VdWContact': 1, 'UNL:TYR:VdWContact': 1}"
4,P2Rank-Vina,4fyv_1_DCP_2,0.75,0.27272727272727276,"{'UNL:ARG:HBAcceptor': 2, 'UNL:ARG:HBDonor': 1, 'UNL:ARG:VdWContact': 3, 'UNL:ASP:HBDonor': 1, 'UNL:ASP:VdWContact': 1, 'UNL:GLY:VdWContact': 1, 'UNL:LEU:VdWContact': 1, 'UNL:PRO:VdWContact': 1, 'UNL:THR:VdWContact': 1}","{'UNL:ALA:VdWContact': 1, 'UNL:ILE:HBAcceptor': 1, 'UNL:ILE:VdWContact': 1, 'UNL:LYS:VdWContact': 1, 'UNL:TYR:VdWContact': 1, 'UNL:VAL:VdWContact': 1}"
5,P2Rank-Vina,1u8u_1_OCA_0,0.25,0.5,"{'UNL:ARG:HBAcceptor': 1, 'UNL:ARG:Hydrophobic': 1, 'UNL:ARG:VdWContact': 1, 'UNL:SER:HBAcceptor': 1, 'UNL:SER:VdWContact': 1, 'UNL:TYR:VdWContact': 1}","{'UNL:ASN:HBAcceptor': 1, 'UNL:ASN:VdWContact': 2, 'UNL:ASP:VdWContact': 2, 'UNL:GLY:HBAcceptor': 1, 'UNL:GLY:VdWContact': 1, 'UNL:HIS:VdWContact': 1, 'UNL:SER:HBAcceptor': 1, 'UNL:SER:VdWContact': 2}"
6,P2Rank-Vina,2xta_1_ACO_0,0.33333333333333337,1.1,"{'UNL:ARG:VdWContact': 2, 'UNL:ASN:VdWContact': 1, 'UNL:GLN:HBAcceptor': 1, 'UNL:GLN:HBDonor': 1, 'UNL:GLN:VdWContact': 2, 'UNL:GLY:VdWContact': 2, 'UNL:HIS:VdWContact': 2, 'UNL:LEU:VdWContact': 2, 'UNL:LYS:VdWContact': 1, 'UNL:PHE:VdWContact': 2, 'UNL:PRO:VdWContact': 1, 'UNL:SER:VdWContact': 1}","{'UNL:ARG:HBAcceptor': 2, 'UNL:ARG:VdWContact': 3, 'UNL:GLN:HBAcceptor': 1, 'UNL:GLN:VdWContact': 1, 'UNL:LYS:VdWContact': 1, 'UNL:PRO:VdWContact': 1, 'UNL:SER:VdWContact': 1}"
7,P2Rank-Vina,5k4h_2_GLU_3,0.0,0.28571428571428575,"{'UNL:ALA:HBDonor': 1, 'UNL:ALA:VdWContact': 1, 'UNL:ARG:VdWContact': 1, 'UNL:SER:VdWContact': 1, 'UNL:THR:HBAcceptor': 1, 'UNL:THR:HBDonor': 1, 'UNL:THR:VdWContact': 2}","{'UNL:ASP:HBAcceptor': 1, 'UNL:ASP:VdWContact': 1, 'UNL:GLU:VdWContact': 1, 'UNL:GLY:VdWContact': 1, 'UNL:SER:HBAcceptor': 1, 'UNL:SER:VdWContact': 1, 'UNL:THR:HBAcceptor': 1, 'UNL:THR:VdWContact': 1}"
8,P2Rank-Vina,6o70_1_ACK_1,0.0,0.25,"{'UNL:ARG:VdWContact': 1, 'UNL:ASP:VdWContact': 1, 'UNL:LYS:HBAcceptor': 1, 'UNL:LYS:VdWContact': 1, 'UNL:TYR:VdWContact': 1}","{'UNL:ALA:HBAcceptor': 1, 'UNL:ALA:VdWContact': 1, 'UNL:GLU:VdWContact': 2, 'UNL:HIS:VdWContact': 1, 'UNL:LEU:VdWContact': 1, 'UNL:LYS:VdWContact': 1}"
9,P2Rank-Vina,2zd0_1_TRP_9,0.3333333333333333,0.3571428571428571,"{'UNL:ARG:VdWContact': 1, 'UNL:GLY:HBAcceptor': 1, 'UNL:GLY:VdWContact': 1, 'UNL:HIS:VdWContact': 1, 'UNL:ILE:Hydrophobic': 1, 'UNL:ILE:VdWContact': 1, 'UNL:LEU:Hydrophobic': 1, 'UNL:LEU:VdWContact': 2, 'UNL:SER:VdWContact': 1, 'UNL:THR:HBAcceptor': 1, 'UNL:THR:VdWContact': 3, 'UNL:VAL:Hydrophobic': 1, 'UNL:VAL:VdWContact': 1}","{'UNL:ALA:Hydrophobic': 1, 'UNL:ALA:VdWContact': 1, 'UNL:ARG:VdWContact': 1, 'UNL:GLN:VdWContact': 1, 'UNL:GLY:HBAcceptor': 1, 'UNL:GLY:VdWContact': 2, 'UNL:SER:HBAcceptor': 1, 'UNL:SER:VdWContact': 1, 'UNL:THR:HBAcceptor': 1, 'UNL:THR:VdWContact': 4}"
10,P2Rank-Vina,4pfx_1_UDP_0,0.125,0.23076923076923078,"{'UNL:ARG:HBAcceptor': 1, 'UNL:ARG:VdWContact': 1, 'UNL:ASP:HBDonor': 1, 'UNL:ASP:VdWContact': 1, 'UNL:GLY:HBAcceptor': 1, 'UNL:GLY:VdWContact': 2, 'UNL:HIS:VdWContact': 2, 'UNL:LYS:VdWContact': 1, 'UNL:MET:HBDonor': 1, 'UNL:MET:VdWContact': 1, 'UNL:SER:VdWContact': 2, 'UNL:THR:HBDonor': 1, 'UNL:THR:VdWContact': 1, 'UNL:TYR:Hydrophobic': 1, 'UNL:TYR:VdWContact': 1}","{'UNL:ALA:HBAcceptor': 1, 'UNL:ALA:VdWContact': 1, 'UNL:ARG:HBAcceptor': 2, 'UNL:ARG:VdWContact': 3, 'UNL:GLY:HBAcceptor': 1, 'UNL:GLY:VdWContact': 2, 'UNL:HIS:HBAcceptor': 1, 'UNL:HIS:VdWContact': 1, 'UNL:LEU:VdWContact': 1, 'UNL:LYS:VdWContact': 1, 'UNL:PRO:VdWContact': 1, 'UNL:SER:HBAcceptor': 1, 'UNL:SER:VdWContact': 3, 'UNL:TYR:VdWContact': 1}"
11,P2Rank-Vina,4uoc_1_NCN_1,0.2857142857142858,0.4285714285714286,"{'UNL:ARG:HBAcceptor': 1, 'UNL:ARG:VdWContact': 1, 'UNL:ASN:HBAcceptor': 1, 'UNL:ASN:VdWContact': 1, 'UNL:GLU:VdWContact': 1, 'UNL:GLY:HBAcceptor': 1, 'UNL:GLY:VdWContact': 3, 'UNL:ILE:HBAcceptor': 1, 'UNL:ILE:VdWContact': 1, 'UNL:PHE:VdWContact': 2, 'UNL:SER:HBAcceptor': 1, 'UNL:SER:VdWContact': 1}","{'UNL:ALA:HBAcceptor': 1, 'UNL:ALA:VdWContact': 1, 'UNL:ARG:HBAcceptor': 1, 'UNL:ARG:VdWContact': 1, 'UNL:ASP:VdWContact': 1, 'UNL:GLY:HBAcceptor': 3, 'UNL:GLY:VdWContact': 3, 'UNL:LEU:HBAcceptor': 1, 'UNL:LEU:Hydrophobic': 2, 'UNL:LEU:VdWContact': 1, 'UNL:PRO:VdWContact': 1, 'UNL:SER:HBAcceptor': 1, 'UNL:SER:VdWContact': 3, 'UNL:THR:VdWContact': 2, 'UNL:TYR:VdWContact': 1}"
12,P2Rank-Vina,2v7v_1_5FD_0,0.28571428571428575,0.9090909090909091,"{'UNL:THR:VdWContact': 2, 'UNL:TYR:HBDonor': 1, 'UNL:TYR:VdWContact': 2, 'UNL:VAL:HBAcceptor': 1, 'UNL:VAL:HBDonor': 2, 'UNL:VAL:VdWContact': 3}","{'UNL:ALA:HBAcceptor': 1, 'UNL:ALA:VdWContact': 1, 'UNL:ARG:VdWContact': 1, 'UNL:ASN:HBAcceptor': 1, 'UNL:ASN:VdWContact': 1, 'UNL:ASP:VdWContact': 1, 'UNL:PHE:VdWContact': 1, 'UNL:PRO:VdWContact': 1, 'UNL:SER:HBAcceptor': 1, 'UNL:SER:VdWContact': 1, 'UNL:TRP:VdWContact': 1, 'UNL:TYR:HBAcceptor': 1, 'UNL:TYR:VdWContact': 1}"
13,P2Rank-Vina,6wyz_1_DGL_1,0.6666666666666667,1.4,"{'UNL:SER:HBAcceptor': 1, 'UNL:SER:VdWContact': 2, 'UNL:THR:HBAcceptor': 1, 'UNL:THR:VdWContact': 2}","{'UNL:ASP:HBAcceptor': 1, 'UNL:ASP:VdWContact': 1, 'UNL:GLU:VdWContact': 1, 'UNL:GLY:VdWContact': 3, 'UNL:SER:HBAcceptor': 1, 'UNL:SER:VdWContact': 3, 'UNL:THR:HBAcceptor': 2, 'UNL:THR:VdWContact': 3}"
14,P2Rank-Vina,5hw0_1_GLU_2,0.75,0.6666666666666666,"{'UNL:ASP:VdWContact': 1, 'UNL:SER:VdWContact': 1, 'UNL:THR:VdWContact': 1, 'UNL:TYR:HBAcceptor': 1, 'UNL:TYR:VdWContact': 1}","{'UNL:ASP:HBAcceptor': 1, 'UNL:ASP:VdWContact': 1, 'UNL:GLU:VdWContact': 1, 'UNL:GLY:VdWContact': 2, 'UNL:SER:HBAcceptor': 1, 'UNL:SER:VdWContact': 2, 'UNL:THR:HBAcceptor': 2, 'UNL:THR:VdWContact': 2}"
15,P2Rank-Vina,2v7w_1_5FD_0,0.8,0.7999999999999999,"{'UNL:THR:VdWContact': 1, 'UNL:TYR:VdWContact': 2, 'UNL:VAL:HBDonor': 2, 'UNL:VAL:VdWContact': 3}","{'UNL:ALA:HBAcceptor': 1, 'UNL:ALA:VdWContact': 1, 'UNL:ARG:VdWContact': 1, 'UNL:ASN:HBAcceptor': 1, 'UNL:ASN:VdWContact': 1, 'UNL:ASP:VdWContact': 1, 'UNL:GLY:HBAcceptor': 1, 'UNL:GLY:VdWContact': 1, 'UNL:PRO:VdWContact': 1, 'UNL:TRP:VdWContact': 1, 'UNL:TYR:HBAcceptor': 1, 'UNL:TYR:VdWContact': 1}"
16,P2Rank-Vina,4phr_1_UDP_0,0.39999999999999997,0.33333333333333337,"{'UNL:ARG:HBAcceptor': 2, 'UNL:ARG:VdWContact': 2, 'UNL:ASP:VdWContact': 1, 'UNL:GLU:VdWContact': 1, 'UNL:HIS:VdWContact': 1, 'UNL:LYS:HBAcceptor': 1, 'UNL:LYS:VdWContact': 1, 'UNL:PHE:VdWContact': 1, 'UNL:THR:VdWContact': 1, 'UNL:TYR:VdWContact': 1}","{'UNL:ALA:HBAcceptor': 1, 'UNL:ALA:VdWContact': 1, 'UNL:ARG:HBAcceptor': 2, 'UNL:ARG:VdWContact': 3, 'UNL:GLY:HBAcceptor': 1, 'UNL:GLY:VdWContact': 2, 'UNL:HIS:HBAcceptor': 1, 'UNL:HIS:VdWContact': 1, 'UNL:LYS:VdWContact': 1, 'UNL:PRO:VdWContact': 1, 'UNL:SER:VdWContact': 2}"
17,P2Rank-Vina,1hg0_1_SIN_1,0.3999999999999999,0.6666666666666666,"{'UNL:ARG:HBAcceptor': 1, 'UNL:ARG:VdWContact': 1, 'UNL:ASN:HBAcceptor': 1, 'UNL:ASN:VdWContact': 1, 'UNL:GLY:VdWContact': 1, 'UNL:ILE:Hydrophobic': 1, 'UNL:ILE:VdWContact': 1}","{'UNL:ALA:VdWContact': 2, 'UNL:ASP:HBAcceptor': 1, 'UNL:ASP:VdWContact': 2, 'UNL:GLY:VdWContact': 3, 'UNL:SER:HBAcceptor': 1, 'UNL:SER:VdWContact': 1, 'UNL:THR:HBAcceptor': 2, 'UNL:THR:VdWContact': 3}"
18,P2Rank-Vina,3zjx_1_BOG_0,0.5,0.44444444444444453,"{'UNL:ALA:VdWContact': 1, 'UNL:ASN:HBAcceptor': 1, 'UNL:ASN:HBDonor': 1, 'UNL:ASN:VdWContact': 1, 'UNL:ILE:VdWContact': 1, 'UNL:LEU:Hydrophobic': 1, 'UNL:THR:HBDonor': 1, 'UNL:THR:VdWContact': 2, 'UNL:VAL:Hydrophobic': 1, 'UNL:VAL:VdWContact': 1}","{'UNL:PHE:VdWContact': 1, 'UNL:SER:VdWContact': 1, 'UNL:THR:HBAcceptor': 1, 'UNL:THR:VdWContact': 1, 'UNL:VAL:VdWContact': 1}"
19,DiffDock-L,1v2g_1_OCA_0,0.5,0.6,"{'UNL:ARG:VdWContact': 1, 'UNL:ASN:HBAcceptor': 1, 'UNL:ASN:VdWContact': 1, 'UNL:ASP:VdWContact': 1, 'UNL:GLY:HBAcceptor': 1, 'UNL:GLY:HBDonor': 1, 'UNL:GLY:VdWContact': 1, 'UNL:HIS:VdWContact': 1, 'UNL:ILE:VdWContact': 1, 'UNL:LEU:Hydrophobic': 2, 'UNL:LEU:VdWContact': 1, 'UNL:SER:HBAcceptor': 1, 'UNL:SER:VdWContact': 1, 'UNL:TYR:VdWContact': 1}","{'UNL:ASN:VdWContact': 1, 'UNL:ASP:VdWContact': 2, 'UNL:GLY:HBAcceptor': 1, 'UNL:GLY:VdWContact': 1, 'UNL:HIS:VdWContact': 1, 'UNL:SER:HBAcceptor': 1, 'UNL:SER:VdWContact': 2}"
20,DiffDock-L,4cdn_2_FAD_0,0.5999999999999999,0.28571428571428564,"{'UNL:ARG:Hydrophobic': 1, 'UNL:ARG:VdWContact': 1, 'UNL:ASN:HBAcceptor': 1, 'UNL:ASN:VdWContact': 3, 'UNL:ASP:VdWContact': 2, 'UNL:GLU:VdWContact': 1, 'UNL:GLY:VdWContact': 1, 'UNL:ILE:Hydrophobic': 1, 'UNL:ILE:VdWContact': 1, 'UNL:LEU:VdWContact': 2, 'UNL:LYS:HBAcceptor': 1, 'UNL:LYS:VdWContact': 1, 'UNL:MET:VdWContact': 1, 'UNL:PHE:VdWContact': 1, 'UNL:SER:HBAcceptor': 1, 'UNL:SER:VdWContact': 3, 'UNL:TYR:HBAcceptor': 1, 'UNL:TYR:VdWContact': 1}","{'UNL:ARG:HBAcceptor': 1, 'UNL:ARG:Hydrophobic': 1, 'UNL:ARG:VdWContact': 1, 'UNL:ASN:HBAcceptor': 3, 'UNL:ASN:VdWContact': 3, 'UNL:ASP:VdWContact': 1, 'UNL:GLU:VdWContact': 1, 'UNL:GLY:VdWContact': 2, 'UNL:ILE:Hydrophobic': 1, 'UNL:LEU:VdWContact': 3, 'UNL:LYS:VdWContact': 2, 'UNL:PHE:VdWContact': 1, 'UNL:SER:HBAcceptor': 1, 'UNL:SER:VdWContact': 3, 'UNL:TYR:VdWContact': 1}"
21,DiffDock-L,5k45_2_GLU_1,0.0,0.25,"{'UNL:ALA:HBDonor': 1, 'UNL:ALA:VdWContact': 1, 'UNL:ARG:VdWContact': 1, 'UNL:ASP:HBDonor': 1, 'UNL:ASP:VdWContact': 1, 'UNL:GLY:VdWContact': 1, 'UNL:PRO:VdWContact': 1, 'UNL:THR:HBAcceptor': 1, 'UNL:THR:VdWContact': 1}","{'UNL:ASP:HBAcceptor': 1, 'UNL:ASP:VdWContact': 1, 'UNL:GLU:VdWContact': 1, 'UNL:GLY:VdWContact': 2, 'UNL:SER:HBAcceptor': 1, 'UNL:SER:VdWContact': 1, 'UNL:THR:HBAcceptor': 1, 'UNL:THR:VdWContact': 1}"
22,DiffDock-L,5k3o_2_ASP_0,0.25,1.3333333333333333,"{'UNL:ASP:HBAcceptor': 1, 'UNL:ASP:HBDonor': 1, 'UNL:ASP:VdWContact': 1, 'UNL:SER:VdWContact': 1, 'UNL:THR:HBAcceptor': 1, 'UNL:THR:VdWContact': 1}","{'UNL:ALA:VdWContact': 1, 'UNL:ASP:HBAcceptor': 1, 'UNL:ASP:VdWContact': 1, 'UNL:GLU:VdWContact': 1, 'UNL:GLY:VdWContact': 4, 'UNL:SER:HBAcceptor': 1, 'UNL:SER:VdWContact': 2, 'UNL:THR:HBAcceptor': 2, 'UNL:THR:VdWContact': 2}"
23,DiffDock-L,5b5s_1_BOG_0,0.5,0.625,"{'UNL:ASN:HBAcceptor': 1, 'UNL:ASN:VdWContact': 1, 'UNL:GLY:HBAcceptor': 1, 'UNL:GLY:VdWContact': 1, 'UNL:HIS:VdWContact': 1, 'UNL:SER:HBAcceptor': 1, 'UNL:SER:VdWContact': 2, 'UNL:THR:VdWContact': 1, 'UNL:VAL:VdWContact': 1}","{'UNL:ARG:HBAcceptor': 1, 'UNL:ARG:VdWContact': 1, 'UNL:ILE:VdWContact': 1}"
24,DiffDock-L,6paa_1_ASP_2,0.39999999999999997,0.5,"{'UNL:ALA:VdWContact': 1, 'UNL:LYS:HBAcceptor': 1, 'UNL:LYS:VdWContact': 1, 'UNL:THR:VdWContact': 1, 'UNL:VAL:HBAcceptor': 1, 'UNL:VAL:VdWContact': 1}","{'UNL:ASP:HBAcceptor': 1, 'UNL:ASP:VdWContact': 1, 'UNL:GLU:VdWContact': 1, 'UNL:GLY:VdWContact': 3, 'UNL:SER:HBAcceptor': 1, 'UNL:SER:VdWContact': 1, 'UNL:THR:HBAcceptor': 1, 'UNL:THR:VdWContact': 1, 'UNL:VAL:HBAcceptor': 1, 'UNL:VAL:VdWContact': 1}"
25,DiffDock-L,2gag_1_NAD_0,0.4285714285714286,0.38888888888888895,"{'UNL:ALA:VdWContact': 1, 'UNL:ASN:HBAcceptor': 1, 'UNL:ASN:Hydrophobic': 2, 'UNL:ASN:VdWContact': 2, 'UNL:ASP:HBDonor': 1, 'UNL:ASP:VdWContact': 1, 'UNL:CYS:VdWContact': 1, 'UNL:GLU:VdWContact': 1, 'UNL:GLY:HBAcceptor': 1, 'UNL:GLY:HBDonor': 1, 'UNL:GLY:VdWContact': 4, 'UNL:HIS:HBAcceptor': 1, 'UNL:HIS:VdWContact': 1, 'UNL:LYS:HBAcceptor': 1, 'UNL:LYS:HBDonor': 1, 'UNL:LYS:VdWContact': 2, 'UNL:MET:HBAcceptor': 1, 'UNL:MET:VdWContact': 1, 'UNL:PHE:Hydrophobic': 1, 'UNL:PHE:VdWContact': 1, 'UNL:THR:VdWContact': 1, 'UNL:TRP:VdWContact': 1, 'UNL:VAL:HBAcceptor': 1, 'UNL:VAL:HBDonor': 1, 'UNL:VAL:VdWContact': 2}","{'UNL:ALA:HBAcceptor': 2, 'UNL:ALA:VdWContact': 2, 'UNL:ARG:HBAcceptor': 1, 'UNL:ARG:VdWContact': 1, 'UNL:ASP:VdWContact': 2, 'UNL:GLU:HBAcceptor': 1, 'UNL:GLU:VdWContact': 1, 'UNL:GLY:VdWContact': 3, 'UNL:LEU:Hydrophobic': 1, 'UNL:LEU:VdWContact': 1, 'UNL:PHE:Hydrophobic': 1, 'UNL:THR:HBAcceptor': 1, 'UNL:THR:VdWContact': 2, 'UNL:VAL:HBAcceptor': 1, 'UNL:VAL:VdWContact': 1}"
26,DiffDock-L,6ep5_1_ADP_1,0.6666666666666666,0.375,"{'UNL:ARG:HBAcceptor': 1, 'UNL:ARG:HBDonor': 1, 'UNL:ARG:VdWContact': 1, 'UNL:ASN:HBAcceptor': 2, 'UNL:ASN:VdWContact': 2, 'UNL:GLU:VdWContact': 3, 'UNL:GLY:HBAcceptor': 2, 'UNL:GLY:HBDonor': 1, 'UNL:GLY:VdWContact': 2, 'UNL:HIS:VdWContact': 1, 'UNL:LYS:HBAcceptor': 1, 'UNL:LYS:VdWContact': 1, 'UNL:MET:VdWContact': 1}","{'UNL:ARG:HBAcceptor': 2, 'UNL:ARG:VdWContact': 2, 'UNL:ASN:HBAcceptor': 2, 'UNL:ASN:VdWContact': 2, 'UNL:GLU:VdWContact': 2, 'UNL:GLY:HBAcceptor': 2, 'UNL:GLY:VdWContact': 2, 'UNL:HIS:VdWContact': 1, 'UNL:LYS:VdWContact': 1, 'UNL:MET:VdWContact': 1, 'UNL:TYR:VdWContact': 1}"
27,DiffDock-L,2hs3_1_FGR_0,0.49999999999999994,0.4166666666666667,"{'UNL:ASN:HBDonor': 1, 'UNL:ASN:VdWContact': 1, 'UNL:ASP:HBDonor': 1, 'UNL:ASP:VdWContact': 1, 'UNL:GLU:VdWContact': 2, 'UNL:HIS:VdWContact': 1, 'UNL:LYS:VdWContact': 1, 'UNL:MET:VdWContact': 1, 'UNL:SER:VdWContact': 1}","{'UNL:ALA:HBAcceptor': 1, 'UNL:ALA:VdWContact': 1, 'UNL:ARG:VdWContact': 1, 'UNL:ASN:HBAcceptor': 1, 'UNL:ASN:VdWContact': 1, 'UNL:GLN:VdWContact': 2, 'UNL:GLU:VdWContact': 1, 'UNL:GLY:VdWContact': 1, 'UNL:HIS:HBAcceptor': 2, 'UNL:HIS:VdWContact': 3, 'UNL:SER:HBAcceptor': 1, 'UNL:SER:VdWContact': 2, 'UNL:THR:VdWContact': 1}"
28,DiffDock-L,2ze9_1_PD7_0,0.5,0.7272727272727273,"{'UNL:ALA:VdWContact': 3, 'UNL:ASN:HBAcceptor': 2, 'UNL:ASN:VdWContact': 2, 'UNL:HIS:VdWContact': 1, 'UNL:LEU:Hydrophobic': 1, 'UNL:LEU:VdWContact': 3, 'UNL:LYS:HBAcceptor': 1, 'UNL:LYS:HBDonor': 1, 'UNL:LYS:VdWContact': 2, 'UNL:TRP:HBAcceptor': 1, 'UNL:TRP:VdWContact': 1, 'UNL:TYR:Hydrophobic': 1, 'UNL:TYR:VdWContact': 1, 'UNL:VAL:Hydrophobic': 1, 'UNL:VAL:VdWContact': 1}","{'UNL:ALA:VdWContact': 1, 'UNL:ASN:HBAcceptor': 2, 'UNL:ASN:VdWContact': 2, 'UNL:HIS:VdWContact': 1, 'UNL:LEU:VdWContact': 1, 'UNL:LYS:VdWContact': 2, 'UNL:TRP:HBAcceptor': 1, 'UNL:TRP:VdWContact': 1, 'UNL:TYR:VdWContact': 1}"
29,DiffDock-L,4fyv_1_DCP_2,0.5,0.42857142857142855,"{'UNL:ASN:HBDonor': 1, 'UNL:ASN:VdWContact': 1, 'UNL:GLU:HBDonor': 1, 'UNL:GLU:VdWContact': 1, 'UNL:LYS:HBAcceptor': 1, 'UNL:LYS:VdWContact': 2, 'UNL:VAL:VdWContact': 2}","{'UNL:ALA:VdWContact': 1, 'UNL:ILE:HBAcceptor': 1, 'UNL:ILE:VdWContact': 1, 'UNL:LYS:VdWContact': 1, 'UNL:TYR:VdWContact': 1, 'UNL:VAL:VdWContact': 1}"
30,DiffDock-L,3gf4_1_FAD_1,0.22222222222222227,0.3125,"{'UNL:ARG:VdWContact': 2, 'UNL:ASN:Hydrophobic': 1, 'UNL:ASN:VdWContact': 1, 'UNL:ASP:VdWContact': 2, 'UNL:GLN:HBAcceptor': 1, 'UNL:GLN:VdWContact': 1, 'UNL:GLY:VdWContact': 3, 'UNL:HIS:VdWContact': 1, 'UNL:LEU:VdWContact': 1, 'UNL:MET:HBAcceptor': 1, 'UNL:MET:VdWContact': 1, 'UNL:PHE:HBAcceptor': 1, 'UNL:PHE:VdWContact': 1, 'UNL:PRO:VdWContact': 1, 'UNL:SER:HBAcceptor': 1, 'UNL:SER:HBDonor': 2, 'UNL:SER:VdWContact': 3, 'UNL:THR:HBDonor': 1, 'UNL:THR:VdWContact': 1, 'UNL:TYR:Hydrophobic': 1, 'UNL:TYR:VdWContact': 2}","{'UNL:ARG:HBAcceptor': 1, 'UNL:ARG:VdWContact': 1, 'UNL:ASN:HBAcceptor': 1, 'UNL:ASN:VdWContact': 1, 'UNL:ASP:VdWContact': 2, 'UNL:GLN:HBAcceptor': 1, 'UNL:GLN:VdWContact': 1, 'UNL:GLY:VdWContact': 1, 'UNL:HIS:VdWContact': 1, 'UNL:ILE:HBAcceptor': 1, 'UNL:ILE:VdWContact': 1, 'UNL:LEU:VdWContact': 1, 'UNL:MET:HBAcceptor': 1, 'UNL:MET:VdWContact': 1, 'UNL:PHE:HBAcceptor': 1, 'UNL:PHE:VdWContact': 1, 'UNL:SER:HBAcceptor': 1, 'UNL:SER:VdWContact': 2, 'UNL:TYR:Hydrophobic': 2, 'UNL:TYR:VdWContact': 2}"
31,DiffDock-L,1u8u_1_OCA_0,0.0,0.6666666666666666,"{'UNL:ASN:HBAcceptor': 1, 'UNL:ASN:VdWContact': 1, 'UNL:ASP:VdWContact': 1, 'UNL:GLY:HBAcceptor': 1, 'UNL:GLY:VdWContact': 1, 'UNL:HIS:VdWContact': 1, 'UNL:LEU:Hydrophobic': 2, 'UNL:LEU:VdWContact': 1, 'UNL:PRO:VdWContact': 1, 'UNL:SER:HBAcceptor': 1, 'UNL:SER:VdWContact': 1, 'UNL:TYR:VdWContact': 1}","{'UNL:ASN:HBAcceptor': 1, 'UNL:ASN:VdWContact': 2, 'UNL:ASP:VdWContact': 2, 'UNL:GLY:HBAcceptor': 1, 'UNL:GLY:VdWContact': 1, 'UNL:HIS:VdWContact': 1, 'UNL:SER:HBAcceptor': 1, 'UNL:SER:VdWContact': 2}"
32,DiffDock-L,2xta_1_ACO_0,0.0,0.44444444444444436,"{'UNL:ARG:HBAcceptor': 2, 'UNL:ARG:VdWContact': 3, 'UNL:GLN:VdWContact': 1, 'UNL:GLU:VdWContact': 1, 'UNL:LEU:VdWContact': 1, 'UNL:LYS:HBDonor': 1, 'UNL:LYS:VdWContact': 2, 'UNL:PHE:VdWContact': 1, 'UNL:SER:VdWContact': 1, 'UNL:THR:VdWContact': 1}","{'UNL:ARG:HBAcceptor': 2, 'UNL:ARG:VdWContact': 3, 'UNL:GLN:HBAcceptor': 1, 'UNL:GLN:VdWContact': 1, 'UNL:LYS:VdWContact': 1, 'UNL:PRO:VdWContact': 1, 'UNL:SER:VdWContact': 1}"
33,DiffDock-L,6uqy_2_AT3_0,0.6666666666666666,0.09999999999999998,"{'UNL:ALA:VdWContact': 1, 'UNL:ASN:HBAcceptor': 1, 'UNL:ASN:VdWContact': 2, 'UNL:PHE:VdWContact': 1, 'UNL:SER:VdWContact': 1, 'UNL:TRP:Hydrophobic': 1, 'UNL:TRP:VdWContact': 1, 'UNL:TYR:VdWContact': 1}","{'UNL:ASN:HBAcceptor': 1, 'UNL:ASN:VdWContact': 1, 'UNL:GLY:HBAcceptor': 1, 'UNL:GLY:VdWContact': 1, 'UNL:PHE:Hydrophobic': 1, 'UNL:SER:HBAcceptor': 1, 'UNL:SER:VdWContact': 1, 'UNL:TRP:Hydrophobic': 1, 'UNL:TYR:Hydrophobic': 1, 'UNL:TYR:VdWContact': 1}"
34,DiffDock-L,5k4h_2_GLU_3,0.39999999999999997,0.33333333333333326,"{'UNL:ARG:HBDonor': 1, 'UNL:ARG:VdWContact': 1, 'UNL:ASP:HBAcceptor': 1, 'UNL:ASP:VdWContact': 1, 'UNL:SER:HBDonor': 1, 'UNL:SER:VdWContact': 1, 'UNL:THR:HBAcceptor': 2, 'UNL:THR:VdWContact': 2}","{'UNL:ASP:HBAcceptor': 1, 'UNL:ASP:VdWContact': 1, 'UNL:GLU:VdWContact': 1, 'UNL:GLY:VdWContact': 1, 'UNL:SER:HBAcceptor': 1, 'UNL:SER:VdWContact': 1, 'UNL:THR:HBAcceptor': 1, 'UNL:THR:VdWContact': 1}"
35,DiffDock-L,4tvd_1_GLC_0,0.6666666666666667,0.6,"{'UNL:ARG:HBAcceptor': 1, 'UNL:ARG:VdWContact': 1, 'UNL:ASP:VdWContact': 1, 'UNL:GLU:VdWContact': 1, 'UNL:LYS:HBAcceptor': 1}","{'UNL:GLN:HBAcceptor': 2, 'UNL:GLN:VdWContact': 2, 'UNL:LYS:VdWContact': 2}"
36,DiffDock-L,2zd0_1_TRP_9,0.19999999999999996,0.7,"{'UNL:ALA:HBAcceptor': 1, 'UNL:ALA:VdWContact': 1, 'UNL:ASP:HBAcceptor': 1, 'UNL:ASP:VdWContact': 1, 'UNL:HIS:Hydrophobic': 1, 'UNL:HIS:VdWContact': 1}","{'UNL:ALA:Hydrophobic': 1, 'UNL:ALA:VdWContact': 1, 'UNL:ARG:VdWContact': 1, 'UNL:GLN:VdWContact': 1, 'UNL:GLY:HBAcceptor': 1, 'UNL:GLY:VdWContact': 2, 'UNL:SER:HBAcceptor': 1, 'UNL:SER:VdWContact': 1, 'UNL:THR:HBAcceptor': 1, 'UNL:THR:VdWContact': 4}"
37,DiffDock-L,3ad9_1_NAD_0,0.11111111111111116,0.5294117647058824,"{'UNL:ALA:VdWContact': 1, 'UNL:ASN:HBAcceptor': 1, 'UNL:ASN:Hydrophobic': 1, 'UNL:ASN:VdWContact': 2, 'UNL:GLU:VdWContact': 1, 'UNL:GLY:HBAcceptor': 1, 'UNL:GLY:VdWContact': 8, 'UNL:HIS:HBAcceptor': 1, 'UNL:HIS:VdWContact': 2, 'UNL:LEU:VdWContact': 1, 'UNL:LYS:HBAcceptor': 1, 'UNL:LYS:VdWContact': 2, 'UNL:MET:VdWContact': 1, 'UNL:PHE:Hydrophobic': 1, 'UNL:PHE:VdWContact': 1, 'UNL:THR:VdWContact': 2, 'UNL:VAL:HBAcceptor': 1, 'UNL:VAL:VdWContact': 1}","{'UNL:ALA:HBAcceptor': 2, 'UNL:ALA:VdWContact': 3, 'UNL:ARG:HBAcceptor': 1, 'UNL:ARG:VdWContact': 1, 'UNL:ASP:VdWContact': 1, 'UNL:GLU:HBAcceptor': 1, 'UNL:GLU:VdWContact': 1, 'UNL:GLY:VdWContact': 2, 'UNL:LEU:Hydrophobic': 1, 'UNL:LEU:VdWContact': 1, 'UNL:PHE:Hydrophobic': 1, 'UNL:PRO:VdWContact': 1, 'UNL:THR:HBAcceptor': 1, 'UNL:THR:VdWContact': 2, 'UNL:VAL:HBAcceptor': 1, 'UNL:VAL:VdWContact': 1}"
38,DiffDock-L,4pfx_1_UDP_0,0.16666666666666666,0.2727272727272727,"{'UNL:ALA:VdWContact': 1, 'UNL:ARG:HBAcceptor': 2, 'UNL:ARG:HBDonor': 1, 'UNL:ARG:VdWContact': 2, 'UNL:ASN:VdWContact': 1, 'UNL:GLY:VdWContact': 2, 'UNL:HIS:HBAcceptor': 1, 'UNL:HIS:Hydrophobic': 1, 'UNL:HIS:VdWContact': 2, 'UNL:PRO:VdWContact': 1, 'UNL:SER:HBAcceptor': 1, 'UNL:SER:VdWContact': 2, 'UNL:TYR:VdWContact': 1}","{'UNL:ALA:HBAcceptor': 1, 'UNL:ALA:VdWContact': 1, 'UNL:ARG:HBAcceptor': 2, 'UNL:ARG:VdWContact': 3, 'UNL:GLY:HBAcceptor': 1, 'UNL:GLY:VdWContact': 2, 'UNL:HIS:HBAcceptor': 1, 'UNL:HIS:VdWContact': 1, 'UNL:LEU:VdWContact': 1, 'UNL:LYS:VdWContact': 1, 'UNL:PRO:VdWContact': 1, 'UNL:SER:HBAcceptor': 1, 'UNL:SER:VdWContact': 3, 'UNL:TYR:VdWContact': 1}"
39,DiffDock-L,4u63_1_FAD_0,0.39999999999999997,0.2666666666666667,"{'UNL:ARG:HBDonor': 1, 'UNL:ARG:Hydrophobic': 1, 'UNL:ARG:VdWContact': 2, 'UNL:ASN:HBAcceptor': 1, 'UNL:ASN:HBDonor': 1, 'UNL:ASN:Hydrophobic': 1, 'UNL:ASN:VdWContact': 3, 'UNL:ASP:HBDonor': 1, 'UNL:ASP:VdWContact': 1, 'UNL:GLU:VdWContact': 1, 'UNL:ILE:VdWContact': 1, 'UNL:LEU:HBAcceptor': 1, 'UNL:LEU:VdWContact': 3, 'UNL:PHE:VdWContact': 1, 'UNL:SER:HBAcceptor': 1, 'UNL:SER:HBDonor': 1, 'UNL:SER:VdWContact': 3, 'UNL:THR:VdWContact': 1, 'UNL:TRP:VdWContact': 1, 'UNL:TYR:HBAcceptor': 1, 'UNL:TYR:VdWContact': 1}","{'UNL:ALA:VdWContact': 1, 'UNL:ARG:HBAcceptor': 1, 'UNL:ARG:Hydrophobic': 1, 'UNL:ARG:VdWContact': 1, 'UNL:ASN:HBAcceptor': 1, 'UNL:ASN:Hydrophobic': 1, 'UNL:ASN:VdWContact': 3, 'UNL:ASP:HBAcceptor': 1, 'UNL:ASP:VdWContact': 2, 'UNL:GLU:VdWContact': 1, 'UNL:LEU:HBAcceptor': 1, 'UNL:LEU:VdWContact': 1, 'UNL:PHE:Hydrophobic': 1, 'UNL:SER:HBAcceptor': 2, 'UNL:SER:VdWContact': 2, 'UNL:THR:VdWContact': 1, 'UNL:TYR:VdWContact': 1}"
40,DiffDock-L,3ada_1_NAD_0,0.2727272727272727,0.5555555555555556,"{'UNL:ALA:VdWContact': 2, 'UNL:ASN:HBAcceptor': 1, 'UNL:ASN:Hydrophobic': 2, 'UNL:ASN:VdWContact': 2, 'UNL:ASP:VdWContact': 1, 'UNL:GLU:VdWContact': 1, 'UNL:GLY:HBAcceptor': 1, 'UNL:GLY:HBDonor': 1, 'UNL:GLY:VdWContact': 5, 'UNL:HIS:HBAcceptor': 1, 'UNL:HIS:VdWContact': 1, 'UNL:LYS:HBAcceptor': 1, 'UNL:LYS:VdWContact': 2, 'UNL:MET:HBAcceptor': 1, 'UNL:MET:VdWContact': 1, 'UNL:PHE:Hydrophobic': 1, 'UNL:PHE:VdWContact': 1, 'UNL:THR:VdWContact': 2, 'UNL:TRP:VdWContact': 1, 'UNL:VAL:HBAcceptor': 1, 'UNL:VAL:VdWContact': 2}","{'UNL:ALA:HBAcceptor': 2, 'UNL:ALA:VdWContact': 3, 'UNL:ARG:HBAcceptor': 1, 'UNL:ARG:VdWContact': 1, 'UNL:ASP:VdWContact': 1, 'UNL:GLU:HBAcceptor': 1, 'UNL:GLU:VdWContact': 1, 'UNL:GLY:VdWContact': 1, 'UNL:LEU:Hydrophobic': 1, 'UNL:LEU:VdWContact': 1, 'UNL:PHE:Hydrophobic': 1, 'UNL:PRO:VdWContact': 1, 'UNL:THR:HBAcceptor': 1, 'UNL:THR:VdWContact': 2, 'UNL:VAL:HBAcceptor': 1, 'UNL:VAL:VdWContact': 1}"
41,DiffDock-L,4b4v_1_L34_0,0.6666666666666666,0.1538461538461538,"{'UNL:ASP:VdWContact': 1, 'UNL:GLY:HBAcceptor': 1, 'UNL:GLY:VdWContact': 2, 'UNL:HIS:VdWContact': 1, 'UNL:ILE:Hydrophobic': 1, 'UNL:ILE:VdWContact': 1, 'UNL:LYS:VdWContact': 1, 'UNL:PRO:VdWContact': 2, 'UNL:THR:VdWContact': 1, 'UNL:TYR:VdWContact': 1}","{'UNL:ASP:VdWContact': 1, 'UNL:GLN:VdWContact': 1, 'UNL:GLY:HBAcceptor': 1, 'UNL:GLY:VdWContact': 3, 'UNL:HIS:HBAcceptor': 1, 'UNL:HIS:VdWContact': 1, 'UNL:LEU:VdWContact': 1, 'UNL:LYS:VdWContact': 1, 'UNL:PHE:VdWContact': 1, 'UNL:PRO:VdWContact': 2, 'UNL:TYR:HBAcceptor': 1, 'UNL:TYR:Hydrophobic': 1, 'UNL:TYR:VdWContact': 1}"
42,DiffDock-L,4uoc_1_NCN_1,0.5,0.6363636363636364,"{'UNL:ALA:HBAcceptor': 1, 'UNL:ALA:VdWContact': 1, 'UNL:ASP:VdWContact': 1, 'UNL:GLU:VdWContact': 2, 'UNL:GLY:HBAcceptor': 2, 'UNL:GLY:VdWContact': 4, 'UNL:PRO:VdWContact': 1, 'UNL:THR:HBAcceptor': 1, 'UNL:THR:VdWContact': 2}","{'UNL:ALA:HBAcceptor': 1, 'UNL:ALA:VdWContact': 1, 'UNL:ARG:HBAcceptor': 1, 'UNL:ARG:VdWContact': 1, 'UNL:ASP:VdWContact': 1, 'UNL:GLY:HBAcceptor': 3, 'UNL:GLY:VdWContact': 3, 'UNL:LEU:HBAcceptor': 1, 'UNL:LEU:Hydrophobic': 2, 'UNL:LEU:VdWContact': 1, 'UNL:PRO:VdWContact': 1, 'UNL:SER:HBAcceptor': 1, 'UNL:SER:VdWContact': 3, 'UNL:THR:VdWContact': 2, 'UNL:TYR:VdWContact': 1}"
43,DiffDock-L,2v7v_1_5FD_0,0.0,0.09090909090909094,"{'UNL:ALA:HBAcceptor': 1, 'UNL:ALA:VdWContact': 1, 'UNL:ARG:HBDonor': 1, 'UNL:ARG:VdWContact': 1, 'UNL:ASN:HBAcceptor': 1, 'UNL:ASN:HBDonor': 1, 'UNL:ASN:VdWContact': 1, 'UNL:ASP:VdWContact': 1, 'UNL:LEU:VdWContact': 1, 'UNL:PHE:VdWContact': 2, 'UNL:THR:VdWContact': 1, 'UNL:TRP:VdWContact': 1, 'UNL:TYR:VdWContact': 1}","{'UNL:ALA:HBAcceptor': 1, 'UNL:ALA:VdWContact': 1, 'UNL:ARG:VdWContact': 1, 'UNL:ASN:HBAcceptor': 1, 'UNL:ASN:VdWContact': 1, 'UNL:ASP:VdWContact': 1, 'UNL:PHE:VdWContact': 1, 'UNL:PRO:VdWContact': 1, 'UNL:SER:HBAcceptor': 1, 'UNL:SER:VdWContact': 1, 'UNL:TRP:VdWContact': 1, 'UNL:TYR:HBAcceptor': 1, 'UNL:TYR:VdWContact': 1}"
44,DiffDock-L,3inr_1_GDU_0,0.3333333333333333,0.33333333333333326,"{'UNL:ARG:VdWContact': 1, 'UNL:ASN:VdWContact': 1, 'UNL:ASP:VdWContact': 1, 'UNL:GLN:HBAcceptor': 1, 'UNL:GLN:VdWContact': 1, 'UNL:GLY:VdWContact': 1, 'UNL:HIS:VdWContact': 1, 'UNL:LEU:HBDonor': 1, 'UNL:LEU:VdWContact': 1, 'UNL:PHE:VdWContact': 1, 'UNL:SER:HBAcceptor': 1, 'UNL:SER:VdWContact': 2, 'UNL:THR:HBDonor': 1, 'UNL:THR:VdWContact': 1}","{'UNL:ASN:HBAcceptor': 1, 'UNL:ASN:VdWContact': 1, 'UNL:ASP:VdWContact': 1, 'UNL:LEU:VdWContact': 1, 'UNL:PHE:VdWContact': 2, 'UNL:THR:VdWContact': 1, 'UNL:TRP:HBAcceptor': 1, 'UNL:TRP:VdWContact': 1, 'UNL:TYR:VdWContact': 2}"
45,DiffDock-L,6wyz_1_DGL_1,0.0,0.7142857142857144,"{'UNL:ASN:HBAcceptor': 1, 'UNL:ASN:VdWContact': 1, 'UNL:ASP:VdWContact': 1, 'UNL:GLY:VdWContact': 2, 'UNL:MET:VdWContact': 1, 'UNL:SER:VdWContact': 1, 'UNL:THR:HBAcceptor': 2, 'UNL:THR:HBDonor': 1, 'UNL:THR:VdWContact': 2}","{'UNL:ASP:HBAcceptor': 1, 'UNL:ASP:VdWContact': 1, 'UNL:GLU:VdWContact': 1, 'UNL:GLY:VdWContact': 3, 'UNL:SER:HBAcceptor': 1, 'UNL:SER:VdWContact': 3, 'UNL:THR:HBAcceptor': 2, 'UNL:THR:VdWContact': 3}"
46,DiffDock-L,2v7t_1_SAH_4,0.2857142857142857,0.23076923076923073,"{'UNL:ALA:HBAcceptor': 1, 'UNL:ALA:VdWContact': 1, 'UNL:ARG:HBDonor': 1, 'UNL:ARG:VdWContact': 1, 'UNL:ASN:HBAcceptor': 1, 'UNL:ASN:HBDonor': 1, 'UNL:ASN:VdWContact': 1, 'UNL:ASP:VdWContact': 2, 'UNL:LEU:Hydrophobic': 1, 'UNL:LEU:VdWContact': 1, 'UNL:PHE:Hydrophobic': 1, 'UNL:PHE:VdWContact': 2, 'UNL:SER:HBDonor': 1, 'UNL:SER:VdWContact': 2, 'UNL:THR:VdWContact': 1, 'UNL:TRP:VdWContact': 2, 'UNL:TYR:HBAcceptor': 1, 'UNL:TYR:VdWContact': 1}","{'UNL:ALA:HBAcceptor': 1, 'UNL:ALA:VdWContact': 1, 'UNL:ARG:HBAcceptor': 1, 'UNL:ARG:VdWContact': 2, 'UNL:ASN:HBAcceptor': 1, 'UNL:ASN:VdWContact': 1, 'UNL:ASP:VdWContact': 2, 'UNL:PHE:Hydrophobic': 1, 'UNL:PRO:VdWContact': 1, 'UNL:SER:VdWContact': 2, 'UNL:THR:VdWContact': 1, 'UNL:TRP:VdWContact': 3, 'UNL:TYR:HBAcceptor': 1, 'UNL:TYR:VdWContact': 1}"
47,DiffDock-L,3ad7_1_NAD_0,0.22222222222222227,0.4666666666666667,"{'UNL:ALA:VdWContact': 1, 'UNL:ASN:HBAcceptor': 1, 'UNL:ASN:Hydrophobic': 2, 'UNL:ASN:VdWContact': 2, 'UNL:GLU:VdWContact': 1, 'UNL:GLY:VdWContact': 6, 'UNL:HIS:HBAcceptor': 1, 'UNL:HIS:VdWContact': 2, 'UNL:LEU:VdWContact': 1, 'UNL:LYS:HBAcceptor': 1, 'UNL:LYS:VdWContact': 1, 'UNL:PHE:Hydrophobic': 1, 'UNL:THR:HBAcceptor': 1, 'UNL:THR:VdWContact': 2, 'UNL:VAL:HBAcceptor': 1, 'UNL:VAL:HBDonor': 1, 'UNL:VAL:VdWContact': 2}","{'UNL:ALA:HBAcceptor': 2, 'UNL:ALA:VdWContact': 3, 'UNL:ARG:HBAcceptor': 1, 'UNL:ARG:VdWContact': 1, 'UNL:ASP:VdWContact': 1, 'UNL:GLU:HBAcceptor': 1, 'UNL:GLU:VdWContact': 1, 'UNL:GLY:VdWContact': 1, 'UNL:LEU:Hydrophobic': 1, 'UNL:LEU:VdWContact': 1, 'UNL:PHE:Hydrophobic': 1, 'UNL:PRO:VdWContact': 1, 'UNL:THR:HBAcceptor': 1, 'UNL:THR:VdWContact': 2, 'UNL:VAL:HBAcceptor': 1, 'UNL:VAL:VdWContact': 1}"
48,DiffDock-L,5hw0_1_GLU_2,0.6666666666666666,0.5,"{'UNL:ASP:VdWContact': 1, 'UNL:GLY:VdWContact': 1, 'UNL:LYS:VdWContact': 1, 'UNL:THR:HBAcceptor': 2, 'UNL:THR:VdWContact': 2}","{'UNL:ASP:HBAcceptor': 1, 'UNL:ASP:VdWContact': 1, 'UNL:GLU:VdWContact': 1, 'UNL:GLY:VdWContact': 2, 'UNL:SER:HBAcceptor': 1, 'UNL:SER:VdWContact': 2, 'UNL:THR:HBAcceptor': 2, 'UNL:THR:VdWContact': 2}"
49,DiffDock-L,2v7w_1_5FD_0,0.16666666666666666,0.18181818181818182,"{'UNL:ALA:HBAcceptor': 1, 'UNL:ALA:VdWContact': 1, 'UNL:ARG:HBDonor': 1, 'UNL:ARG:VdWContact': 1, 'UNL:ASN:HBAcceptor': 1, 'UNL:ASN:HBDonor': 1, 'UNL:ASN:VdWContact': 1, 'UNL:ASP:VdWContact': 1, 'UNL:LEU:VdWContact': 1, 'UNL:PHE:VdWContact': 2, 'UNL:THR:VdWContact': 1, 'UNL:TRP:VdWContact': 1, 'UNL:TYR:HBAcceptor': 1, 'UNL:TYR:VdWContact': 1}","{'UNL:ALA:HBAcceptor': 1, 'UNL:ALA:VdWContact': 1, 'UNL:ARG:VdWContact': 1, 'UNL:ASN:HBAcceptor': 1, 'UNL:ASN:VdWContact': 1, 'UNL:ASP:VdWContact': 1, 'UNL:GLY:HBAcceptor': 1, 'UNL:GLY:VdWContact': 1, 'UNL:PRO:VdWContact': 1, 'UNL:TRP:VdWContact': 1, 'UNL:TYR:HBAcceptor': 1, 'UNL:TYR:VdWContact': 1}"
50,DiffDock-L,4kgx_1_CTP_5,0.25,0.18181818181818177,"{'UNL:ARG:HBAcceptor': 2, 'UNL:ARG:VdWContact': 2, 'UNL:GLN:VdWContact': 1, 'UNL:LEU:VdWContact': 1, 'UNL:LYS:HBAcceptor': 1, 'UNL:LYS:VdWContact': 1, 'UNL:PRO:VdWContact': 1, 'UNL:SER:VdWContact': 1, 'UNL:THR:VdWContact': 2}","{'UNL:ASP:VdWContact': 1, 'UNL:HIS:HBAcceptor': 1, 'UNL:HIS:VdWContact': 1, 'UNL:ILE:HBAcceptor': 1, 'UNL:ILE:VdWContact': 2, 'UNL:LYS:VdWContact': 2, 'UNL:TYR:VdWContact': 1}"
51,DiffDock-L,3se5_1_ANP_2,0.75,0.5,"{'UNL:ARG:HBAcceptor': 1, 'UNL:ARG:VdWContact': 1, 'UNL:GLU:HBDonor': 1, 'UNL:GLU:VdWContact': 1, 'UNL:GLY:HBAcceptor': 1, 'UNL:GLY:VdWContact': 2, 'UNL:HIS:VdWContact': 1, 'UNL:LYS:VdWContact': 1, 'UNL:TRP:VdWContact': 1}","{'UNL:ARG:HBAcceptor': 2, 'UNL:ARG:VdWContact': 2, 'UNL:ASN:HBAcceptor': 2, 'UNL:ASN:VdWContact': 2, 'UNL:GLY:HBAcceptor': 2, 'UNL:GLY:VdWContact': 2, 'UNL:HIS:VdWContact': 1, 'UNL:LYS:VdWContact': 2, 'UNL:MET:VdWContact': 1, 'UNL:PHE:VdWContact': 1, 'UNL:TYR:VdWContact': 1}"
52,DiffDock-L,2v7u_1_SAM_2,0.4444444444444445,0.3333333333333334,"{'UNL:ALA:HBAcceptor': 1, 'UNL:ALA:VdWContact': 1, 'UNL:ARG:HBDonor': 1, 'UNL:ARG:VdWContact': 1, 'UNL:ASN:HBAcceptor': 1, 'UNL:ASN:HBDonor': 1, 'UNL:ASN:VdWContact': 1, 'UNL:ASP:HBDonor': 1, 'UNL:ASP:VdWContact': 1, 'UNL:LEU:VdWContact': 1, 'UNL:PHE:Hydrophobic': 1, 'UNL:PHE:VdWContact': 2, 'UNL:SER:HBAcceptor': 1, 'UNL:SER:VdWContact': 1, 'UNL:THR:VdWContact': 1, 'UNL:TRP:VdWContact': 2, 'UNL:TYR:HBAcceptor': 1, 'UNL:TYR:HBDonor': 1, 'UNL:TYR:VdWContact': 1}","{'UNL:ALA:HBAcceptor': 1, 'UNL:ALA:VdWContact': 1, 'UNL:ARG:HBAcceptor': 1, 'UNL:ARG:VdWContact': 2, 'UNL:ASN:HBAcceptor': 1, 'UNL:ASN:VdWContact': 1, 'UNL:ASP:VdWContact': 2, 'UNL:PRO:VdWContact': 1, 'UNL:SER:VdWContact': 1, 'UNL:THR:VdWContact': 1, 'UNL:TRP:VdWContact': 3, 'UNL:TYR:HBAcceptor': 1, 'UNL:TYR:VdWContact': 1}"
53,DiffDock-L,4uuw_1_AMP_0,0.19999999999999996,0.6666666666666666,"{'UNL:ARG:HBAcceptor': 1, 'UNL:ARG:VdWContact': 1, 'UNL:GLY:HBAcceptor': 1, 'UNL:GLY:HBDonor': 1, 'UNL:GLY:VdWContact': 2, 'UNL:LEU:VdWContact': 2, 'UNL:LYS:VdWContact': 1, 'UNL:SER:VdWContact': 2, 'UNL:THR:VdWContact': 1, 'UNL:TYR:VdWContact': 1}","{'UNL:ASN:HBAcceptor': 1, 'UNL:ASN:VdWContact': 1, 'UNL:ASP:VdWContact': 1, 'UNL:THR:HBAcceptor': 1, 'UNL:THR:VdWContact': 2}"
54,DiffDock-L,4phr_1_UDP_0,0.8,0.5,"{'UNL:ALA:VdWContact': 1, 'UNL:ARG:HBDonor': 1, 'UNL:ARG:VdWContact': 1, 'UNL:GLU:VdWContact': 1, 'UNL:GLY:VdWContact': 1, 'UNL:HIS:Hydrophobic': 1, 'UNL:HIS:VdWContact': 1, 'UNL:PRO:VdWContact': 1, 'UNL:TYR:VdWContact': 1}","{'UNL:ALA:HBAcceptor': 1, 'UNL:ALA:VdWContact': 1, 'UNL:ARG:HBAcceptor': 2, 'UNL:ARG:VdWContact': 3, 'UNL:GLY:HBAcceptor': 1, 'UNL:GLY:VdWContact': 2, 'UNL:HIS:HBAcceptor': 1, 'UNL:HIS:VdWContact': 1, 'UNL:LYS:VdWContact': 1, 'UNL:PRO:VdWContact': 1, 'UNL:SER:VdWContact': 2}"
55,DiffDock-L,1hg0_1_SIN_1,0.33333333333333337,0.8571428571428571,"{'UNL:ALA:HBAcceptor': 1, 'UNL:ALA:VdWContact': 1, 'UNL:ASP:Hydrophobic': 1, 'UNL:ASP:VdWContact': 1, 'UNL:LYS:HBAcceptor': 1, 'UNL:LYS:VdWContact': 1, 'UNL:SER:HBAcceptor': 1, 'UNL:SER:VdWContact': 1, 'UNL:THR:HBAcceptor': 2, 'UNL:THR:HBDonor': 1, 'UNL:THR:VdWContact': 2}","{'UNL:ALA:VdWContact': 2, 'UNL:ASP:HBAcceptor': 1, 'UNL:ASP:VdWContact': 2, 'UNL:GLY:VdWContact': 3, 'UNL:SER:HBAcceptor': 1, 'UNL:SER:VdWContact': 1, 'UNL:THR:HBAcceptor': 2, 'UNL:THR:VdWContact': 3}"
56,DiffDock-L,3zjx_1_BOG_0,0.0,0.6000000000000001,"{'UNL:LYS:HBAcceptor': 1, 'UNL:LYS:VdWContact': 1}","{'UNL:PHE:VdWContact': 1, 'UNL:SER:VdWContact': 1, 'UNL:THR:HBAcceptor': 1, 'UNL:THR:VdWContact': 1, 'UNL:VAL:VdWContact': 1}"
57,DynamicBind,1v2g_1_OCA_0,0.3333333333333333,0.6,"{'UNL:ASN:VdWContact': 1, 'UNL:ASP:HBDonor': 1, 'UNL:ASP:VdWContact': 2, 'UNL:GLY:VdWContact': 1, 'UNL:HIS:VdWContact': 1, 'UNL:ILE:Hydrophobic': 1, 'UNL:ILE:VdWContact': 1, 'UNL:LEU:Hydrophobic': 1, 'UNL:LEU:VdWContact': 1, 'UNL:SER:VdWContact': 1, 'UNL:TYR:VdWContact': 1}","{'UNL:ASN:VdWContact': 1, 'UNL:ASP:VdWContact': 2, 'UNL:GLY:HBAcceptor': 1, 'UNL:GLY:VdWContact': 1, 'UNL:HIS:VdWContact': 1, 'UNL:SER:HBAcceptor': 1, 'UNL:SER:VdWContact': 2}"
58,DynamicBind,5k45_2_GLU_1,0.19999999999999996,0.28571428571428575,"{'UNL:ASN:HBAcceptor': 1, 'UNL:ASN:VdWContact': 1, 'UNL:ASP:VdWContact': 1, 'UNL:GLU:VdWContact': 1, 'UNL:GLY:VdWContact': 1, 'UNL:MET:HBDonor': 1, 'UNL:MET:VdWContact': 1, 'UNL:THR:VdWContact': 1}","{'UNL:ASP:HBAcceptor': 1, 'UNL:ASP:VdWContact': 1, 'UNL:GLU:VdWContact': 1, 'UNL:GLY:VdWContact': 2, 'UNL:SER:HBAcceptor': 1, 'UNL:SER:VdWContact': 1, 'UNL:THR:HBAcceptor': 1, 'UNL:THR:VdWContact': 1}"
59,DynamicBind,2zcz_2_TRP_3,0.19999999999999996,0.6428571428571428,"{'UNL:ARG:HBDonor': 1, 'UNL:ARG:VdWContact': 1, 'UNL:ASP:HBDonor': 1, 'UNL:ASP:Hydrophobic': 1, 'UNL:ASP:VdWContact': 2, 'UNL:GLN:Hydrophobic': 1, 'UNL:HIS:VdWContact': 1, 'UNL:ILE:Hydrophobic': 1, 'UNL:ILE:VdWContact': 1, 'UNL:PHE:HBAcceptor': 1, 'UNL:PHE:Hydrophobic': 2, 'UNL:PHE:VdWContact': 2, 'UNL:SER:VdWContact': 1}","{'UNL:ALA:Hydrophobic': 1, 'UNL:ARG:VdWContact': 1, 'UNL:ASP:VdWContact': 1, 'UNL:GLN:VdWContact': 1, 'UNL:GLY:HBAcceptor': 1, 'UNL:GLY:VdWContact': 1, 'UNL:SER:VdWContact': 1, 'UNL:THR:HBAcceptor': 1, 'UNL:THR:VdWContact': 6}"
60,DynamicBind,5k3o_2_ASP_0,1.0,1.0,"{'UNL:ASN:VdWContact': 1, 'UNL:ASP:HBAcceptor': 1, 'UNL:ASP:VdWContact': 1, 'UNL:GLU:VdWContact': 1, 'UNL:THR:VdWContact': 1}","{'UNL:ALA:VdWContact': 1, 'UNL:ASP:HBAcceptor': 1, 'UNL:ASP:VdWContact': 1, 'UNL:GLU:VdWContact': 1, 'UNL:GLY:VdWContact': 4, 'UNL:SER:HBAcceptor': 1, 'UNL:SER:VdWContact': 2, 'UNL:THR:HBAcceptor': 2, 'UNL:THR:VdWContact': 2}"
61,DynamicBind,6paa_1_ASP_2,0.16666666666666669,0.4444444444444444,"{'UNL:ASN:HBAcceptor': 1, 'UNL:ASN:HBDonor': 1, 'UNL:ASN:VdWContact': 2, 'UNL:ASP:Hydrophobic': 1, 'UNL:ASP:VdWContact': 1, 'UNL:GLU:VdWContact': 1, 'UNL:GLY:VdWContact': 2, 'UNL:LYS:VdWContact': 1, 'UNL:SER:HBAcceptor': 1, 'UNL:SER:VdWContact': 1, 'UNL:THR:VdWContact': 1}","{'UNL:ASP:HBAcceptor': 1, 'UNL:ASP:VdWContact': 1, 'UNL:GLU:VdWContact': 1, 'UNL:GLY:VdWContact': 3, 'UNL:SER:HBAcceptor': 1, 'UNL:SER:VdWContact': 1, 'UNL:THR:HBAcceptor': 1, 'UNL:THR:VdWContact': 1, 'UNL:VAL:HBAcceptor': 1, 'UNL:VAL:VdWContact': 1}"
62,DynamicBind,3wrb_1_GDE_0,0.0,0.19999999999999996,"{'UNL:ASN:VdWContact': 1, 'UNL:HIS:HBDonor': 1, 'UNL:HIS:VdWContact': 2, 'UNL:PHE:VdWContact': 2, 'UNL:PRO:VdWContact': 1, 'UNL:VAL:Hydrophobic': 1, 'UNL:VAL:VdWContact': 1}","{'UNL:ASN:HBAcceptor': 1, 'UNL:ASN:VdWContact': 1, 'UNL:GLU:VdWContact': 1, 'UNL:PRO:Hydrophobic': 1, 'UNL:THR:VdWContact': 1, 'UNL:TYR:VdWContact': 1, 'UNL:VAL:Hydrophobic': 1}"
63,DynamicBind,2vfu_1_MTL_0,0.16666666666666669,0.33333333333333326,"{'UNL:ARG:HBAcceptor': 1, 'UNL:ARG:VdWContact': 1, 'UNL:GLN:HBAcceptor': 1, 'UNL:GLN:VdWContact': 1, 'UNL:GLU:VdWContact': 1, 'UNL:HIS:HBDonor': 1, 'UNL:HIS:VdWContact': 2, 'UNL:LYS:HBDonor': 1, 'UNL:LYS:VdWContact': 1, 'UNL:SER:VdWContact': 1}","{'UNL:ARG:HBAcceptor': 1, 'UNL:ARG:VdWContact': 1, 'UNL:GLU:VdWContact': 1, 'UNL:HIS:VdWContact': 2, 'UNL:LYS:VdWContact': 2, 'UNL:PHE:VdWContact': 1, 'UNL:PRO:VdWContact': 1, 'UNL:SER:HBAcceptor': 1, 'UNL:SER:VdWContact': 1, 'UNL:THR:HBAcceptor': 1, 'UNL:THR:VdWContact': 1}"
64,DynamicBind,3jqm_1_GTP_5,0.5,1.0,"{'UNL:ARG:VdWContact': 1, 'UNL:GLU:VdWContact': 1, 'UNL:HIS:VdWContact': 1, 'UNL:LEU:HBDonor': 1, 'UNL:LEU:VdWContact': 1, 'UNL:LYS:HBAcceptor': 1, 'UNL:LYS:VdWContact': 2, 'UNL:MET:VdWContact': 1, 'UNL:SER:VdWContact': 1, 'UNL:THR:HBAcceptor': 1, 'UNL:THR:VdWContact': 1, 'UNL:VAL:VdWContact': 2}","{'UNL:HIS:HBAcceptor': 1, 'UNL:HIS:VdWContact': 1, 'UNL:VAL:VdWContact': 1}"
65,DynamicBind,2ze9_1_PD7_0,0.25,0.8,"{'UNL:ALA:VdWContact': 1, 'UNL:ASN:VdWContact': 1, 'UNL:ASP:HBDonor': 1, 'UNL:ASP:Hydrophobic': 1, 'UNL:ASP:VdWContact': 2, 'UNL:GLN:Hydrophobic': 2, 'UNL:GLN:VdWContact': 2, 'UNL:GLY:HBAcceptor': 1, 'UNL:GLY:VdWContact': 1, 'UNL:LEU:Hydrophobic': 2, 'UNL:LEU:VdWContact': 3, 'UNL:TRP:VdWContact': 2, 'UNL:TYR:Hydrophobic': 1, 'UNL:TYR:VdWContact': 2, 'UNL:VAL:VdWContact': 1}","{'UNL:ALA:VdWContact': 1, 'UNL:ASN:HBAcceptor': 2, 'UNL:ASN:VdWContact': 2, 'UNL:HIS:VdWContact': 1, 'UNL:LEU:VdWContact': 1, 'UNL:LYS:VdWContact': 2, 'UNL:TRP:HBAcceptor': 1, 'UNL:TRP:VdWContact': 1, 'UNL:TYR:VdWContact': 1}"
66,DynamicBind,2wr8_1_SAH_1,0.19999999999999996,0.3076923076923076,"{'UNL:ASP:Hydrophobic': 1, 'UNL:ASP:VdWContact': 1, 'UNL:GLY:HBAcceptor': 1, 'UNL:GLY:VdWContact': 1, 'UNL:HIS:Hydrophobic': 1, 'UNL:HIS:VdWContact': 1, 'UNL:PHE:VdWContact': 1, 'UNL:TYR:HBDonor': 1, 'UNL:TYR:VdWContact': 1, 'UNL:VAL:Hydrophobic': 1, 'UNL:VAL:VdWContact': 2}","{'UNL:ASN:HBAcceptor': 1, 'UNL:ASN:VdWContact': 1, 'UNL:GLU:VdWContact': 1, 'UNL:MET:HBAcceptor': 1, 'UNL:MET:VdWContact': 1, 'UNL:SER:HBAcceptor': 1, 'UNL:SER:VdWContact': 1, 'UNL:TYR:VdWContact': 1, 'UNL:VAL:VdWContact': 1}"
67,DynamicBind,3gf4_1_FAD_1,0.39999999999999997,0.46666666666666656,"{'UNL:ARG:VdWContact': 3, 'UNL:ASN:HBAcceptor': 1, 'UNL:ASN:HBDonor': 1, 'UNL:ASN:VdWContact': 1, 'UNL:ASP:VdWContact': 1, 'UNL:GLN:HBAcceptor': 1, 'UNL:GLN:HBDonor': 1, 'UNL:GLN:VdWContact': 1, 'UNL:GLY:VdWContact': 3, 'UNL:HIS:VdWContact': 1, 'UNL:LEU:VdWContact': 1, 'UNL:PHE:VdWContact': 2, 'UNL:PRO:VdWContact': 2, 'UNL:TYR:HBAcceptor': 3, 'UNL:TYR:VdWContact': 4, 'UNL:VAL:VdWContact': 1}","{'UNL:ARG:HBAcceptor': 1, 'UNL:ARG:VdWContact': 1, 'UNL:ASN:HBAcceptor': 1, 'UNL:ASN:VdWContact': 1, 'UNL:ASP:VdWContact': 2, 'UNL:GLN:HBAcceptor': 1, 'UNL:GLN:VdWContact': 1, 'UNL:GLY:VdWContact': 1, 'UNL:HIS:VdWContact': 1, 'UNL:ILE:HBAcceptor': 1, 'UNL:ILE:VdWContact': 1, 'UNL:LEU:VdWContact': 1, 'UNL:MET:HBAcceptor': 1, 'UNL:MET:VdWContact': 1, 'UNL:PHE:HBAcceptor': 1, 'UNL:PHE:VdWContact': 1, 'UNL:SER:HBAcceptor': 1, 'UNL:SER:VdWContact': 2, 'UNL:TYR:Hydrophobic': 2, 'UNL:TYR:VdWContact': 2}"
68,DynamicBind,5k4h_2_GLU_3,0.16666666666666669,0.5555555555555556,"{'UNL:ASN:HBAcceptor': 1, 'UNL:ASN:VdWContact': 2, 'UNL:ASP:Hydrophobic': 1, 'UNL:ASP:VdWContact': 1, 'UNL:GLN:VdWContact': 1, 'UNL:GLU:VdWContact': 1, 'UNL:GLY:VdWContact': 2, 'UNL:LYS:HBDonor': 1, 'UNL:LYS:VdWContact': 1, 'UNL:SER:HBAcceptor': 1, 'UNL:SER:HBDonor': 1, 'UNL:SER:VdWContact': 1}","{'UNL:ASP:HBAcceptor': 1, 'UNL:ASP:VdWContact': 1, 'UNL:GLU:VdWContact': 1, 'UNL:GLY:VdWContact': 1, 'UNL:SER:HBAcceptor': 1, 'UNL:SER:VdWContact': 1, 'UNL:THR:HBAcceptor': 1, 'UNL:THR:VdWContact': 1}"
69,DynamicBind,6o70_1_ACK_1,0.5,0.375,"{'UNL:ASN:HBAcceptor': 2, 'UNL:ASN:VdWContact': 3, 'UNL:PRO:VdWContact': 1, 'UNL:THR:VdWContact': 1}","{'UNL:ALA:HBAcceptor': 1, 'UNL:ALA:VdWContact': 1, 'UNL:GLU:VdWContact': 2, 'UNL:HIS:VdWContact': 1, 'UNL:LEU:VdWContact': 1, 'UNL:LYS:VdWContact': 1}"
70,DynamicBind,2gah_1_NAD_0,0.22222222222222232,0.49999999999999994,"{'UNL:ALA:HBDonor': 1, 'UNL:ALA:VdWContact': 4, 'UNL:ARG:VdWContact': 1, 'UNL:ASN:HBDonor': 1, 'UNL:ASN:VdWContact': 2, 'UNL:GLN:VdWContact': 1, 'UNL:GLY:VdWContact': 2, 'UNL:LEU:VdWContact': 2, 'UNL:LYS:HBAcceptor': 1, 'UNL:LYS:VdWContact': 1, 'UNL:MET:Hydrophobic': 1, 'UNL:MET:VdWContact': 1, 'UNL:PHE:HBAcceptor': 1, 'UNL:PHE:VdWContact': 1, 'UNL:SER:VdWContact': 1, 'UNL:THR:VdWContact': 2, 'UNL:TYR:Hydrophobic': 1, 'UNL:TYR:VdWContact': 2, 'UNL:VAL:VdWContact': 2}","{'UNL:ALA:HBAcceptor': 2, 'UNL:ALA:VdWContact': 3, 'UNL:ARG:HBAcceptor': 1, 'UNL:ARG:VdWContact': 1, 'UNL:ASP:VdWContact': 1, 'UNL:GLU:HBAcceptor': 1, 'UNL:GLU:VdWContact': 1, 'UNL:GLY:VdWContact': 3, 'UNL:LEU:Hydrophobic': 1, 'UNL:LEU:VdWContact': 1, 'UNL:PHE:Hydrophobic': 1, 'UNL:PRO:VdWContact': 1, 'UNL:THR:HBAcceptor': 1, 'UNL:THR:VdWContact': 4, 'UNL:VAL:HBAcceptor': 1, 'UNL:VAL:VdWContact': 1}"
71,DynamicBind,4h2f_1_ADN_0,0.0,1.0,"{'UNL:ARG:HBDonor': 1, 'UNL:ARG:VdWContact': 1, 'UNL:ASN:VdWContact': 2, 'UNL:ASP:VdWContact': 3, 'UNL:HIS:VdWContact': 4, 'UNL:LEU:VdWContact': 1, 'UNL:SER:HBAcceptor': 1, 'UNL:SER:VdWContact': 2}","{'UNL:ARG:HBAcceptor': 1, 'UNL:ARG:VdWContact': 1, 'UNL:ASN:HBAcceptor': 1, 'UNL:ASN:VdWContact': 1, 'UNL:ASP:VdWContact': 1, 'UNL:GLY:VdWContact': 1, 'UNL:PHE:VdWContact': 1}"
72,DynamicBind,2q6k_1_ADN_1,0.0,0.1111111111111111,"{'UNL:ASP:VdWContact': 1, 'UNL:GLY:VdWContact': 1, 'UNL:SER:VdWContact': 1, 'UNL:THR:HBDonor': 1, 'UNL:THR:VdWContact': 2, 'UNL:TRP:VdWContact': 1, 'UNL:TYR:VdWContact': 2, 'UNL:VAL:HBDonor': 1, 'UNL:VAL:VdWContact': 1}","{'UNL:ASP:VdWContact': 1, 'UNL:GLY:HBAcceptor': 1, 'UNL:GLY:VdWContact': 1, 'UNL:PHE:VdWContact': 2, 'UNL:PRO:VdWContact': 1, 'UNL:TRP:VdWContact': 1, 'UNL:TYR:HBAcceptor': 1, 'UNL:TYR:VdWContact': 2}"
73,DynamicBind,5fiu_1_Y3J_3,0.5,0.2727272727272727,"{'UNL:ASP:HBDonor': 1, 'UNL:ASP:VdWContact': 2, 'UNL:LEU:VdWContact': 1, 'UNL:PHE:VdWContact': 2, 'UNL:PRO:VdWContact': 1, 'UNL:SER:VdWContact': 1, 'UNL:THR:VdWContact': 2, 'UNL:TRP:VdWContact': 1}","{'UNL:ALA:HBAcceptor': 1, 'UNL:ALA:VdWContact': 1, 'UNL:ARG:VdWContact': 1, 'UNL:ASN:HBAcceptor': 1, 'UNL:ASN:VdWContact': 1, 'UNL:ASP:VdWContact': 1, 'UNL:PHE:VdWContact': 2, 'UNL:PRO:VdWContact': 1, 'UNL:SER:VdWContact': 1, 'UNL:THR:VdWContact': 1, 'UNL:TRP:VdWContact': 2, 'UNL:TYR:HBAcceptor': 1, 'UNL:TYR:VdWContact': 2}"
74,DynamicBind,3ada_1_NAD_0,0.8333333333333334,0.25,"{'UNL:ARG:VdWContact': 1, 'UNL:GLN:HBAcceptor': 1, 'UNL:GLN:VdWContact': 1, 'UNL:GLU:VdWContact': 2, 'UNL:HIS:Hydrophobic': 1, 'UNL:HIS:VdWContact': 3, 'UNL:ILE:Hydrophobic': 1, 'UNL:ILE:VdWContact': 2, 'UNL:LEU:VdWContact': 1, 'UNL:MET:VdWContact': 1, 'UNL:PHE:VdWContact': 1, 'UNL:SER:VdWContact': 1, 'UNL:THR:VdWContact': 2, 'UNL:VAL:Hydrophobic': 1, 'UNL:VAL:VdWContact': 1}","{'UNL:ALA:HBAcceptor': 2, 'UNL:ALA:VdWContact': 3, 'UNL:ARG:HBAcceptor': 1, 'UNL:ARG:VdWContact': 1, 'UNL:ASP:VdWContact': 1, 'UNL:GLU:HBAcceptor': 1, 'UNL:GLU:VdWContact': 1, 'UNL:GLY:VdWContact': 1, 'UNL:LEU:Hydrophobic': 1, 'UNL:LEU:VdWContact': 1, 'UNL:PHE:Hydrophobic': 1, 'UNL:PRO:VdWContact': 1, 'UNL:THR:HBAcceptor': 1, 'UNL:THR:VdWContact': 2, 'UNL:VAL:HBAcceptor': 1, 'UNL:VAL:VdWContact': 1}"
75,DynamicBind,4b4v_1_L34_0,0.5,0.1333333333333333,"{'UNL:ARG:HBDonor': 1, 'UNL:ARG:VdWContact': 1, 'UNL:GLY:VdWContact': 1, 'UNL:ILE:Hydrophobic': 1, 'UNL:ILE:VdWContact': 2, 'UNL:MET:VdWContact': 1, 'UNL:PHE:VdWContact': 1, 'UNL:PRO:VdWContact': 2, 'UNL:THR:VdWContact': 2, 'UNL:TYR:Hydrophobic': 1, 'UNL:TYR:VdWContact': 1}","{'UNL:ASP:VdWContact': 1, 'UNL:GLN:VdWContact': 1, 'UNL:GLY:HBAcceptor': 1, 'UNL:GLY:VdWContact': 3, 'UNL:HIS:HBAcceptor': 1, 'UNL:HIS:VdWContact': 1, 'UNL:LEU:VdWContact': 1, 'UNL:LYS:VdWContact': 1, 'UNL:PHE:VdWContact': 1, 'UNL:PRO:VdWContact': 2, 'UNL:TYR:HBAcceptor': 1, 'UNL:TYR:Hydrophobic': 1, 'UNL:TYR:VdWContact': 1}"
76,DynamicBind,4uoc_1_NCN_1,0.4999999999999999,0.6363636363636362,"{'UNL:ALA:HBAcceptor': 1, 'UNL:ALA:VdWContact': 1, 'UNL:ARG:VdWContact': 1, 'UNL:GLY:HBAcceptor': 1, 'UNL:GLY:VdWContact': 1, 'UNL:LEU:VdWContact': 1, 'UNL:LYS:HBAcceptor': 1, 'UNL:LYS:VdWContact': 1, 'UNL:SER:HBAcceptor': 1, 'UNL:SER:VdWContact': 2, 'UNL:THR:VdWContact': 1, 'UNL:TYR:VdWContact': 1}","{'UNL:ALA:HBAcceptor': 1, 'UNL:ALA:VdWContact': 1, 'UNL:ARG:HBAcceptor': 1, 'UNL:ARG:VdWContact': 1, 'UNL:ASP:VdWContact': 1, 'UNL:GLY:HBAcceptor': 3, 'UNL:GLY:VdWContact': 3, 'UNL:LEU:HBAcceptor': 1, 'UNL:LEU:Hydrophobic': 2, 'UNL:LEU:VdWContact': 1, 'UNL:PRO:VdWContact': 1, 'UNL:SER:HBAcceptor': 1, 'UNL:SER:VdWContact': 3, 'UNL:THR:VdWContact': 2, 'UNL:TYR:VdWContact': 1}"
77,DynamicBind,3o7j_1_2AL_0,0.3333333333333333,0.25,"{'UNL:ALA:HBDonor': 1, 'UNL:ALA:VdWContact': 1, 'UNL:ARG:VdWContact': 1, 'UNL:HIS:VdWContact': 1, 'UNL:ILE:VdWContact': 2, 'UNL:PRO:VdWContact': 1}","{'UNL:ALA:HBAcceptor': 1, 'UNL:ALA:VdWContact': 1, 'UNL:GLU:VdWContact': 1, 'UNL:ILE:HBAcceptor': 1, 'UNL:ILE:VdWContact': 2, 'UNL:LEU:VdWContact': 2, 'UNL:PHE:VdWContact': 1, 'UNL:PRO:VdWContact': 1}"
78,DynamicBind,2v7v_1_5FD_0,0.6000000000000001,0.5454545454545454,"{'UNL:ASP:HBDonor': 1, 'UNL:ASP:VdWContact': 1, 'UNL:LEU:VdWContact': 1, 'UNL:PHE:VdWContact': 2, 'UNL:THR:VdWContact': 2, 'UNL:TYR:VdWContact': 1}","{'UNL:ALA:HBAcceptor': 1, 'UNL:ALA:VdWContact': 1, 'UNL:ARG:VdWContact': 1, 'UNL:ASN:HBAcceptor': 1, 'UNL:ASN:VdWContact': 1, 'UNL:ASP:VdWContact': 1, 'UNL:PHE:VdWContact': 1, 'UNL:PRO:VdWContact': 1, 'UNL:SER:HBAcceptor': 1, 'UNL:SER:VdWContact': 1, 'UNL:TRP:VdWContact': 1, 'UNL:TYR:HBAcceptor': 1, 'UNL:TYR:VdWContact': 1}"
79,DynamicBind,4rhe_1_FMN_6,0.4285714285714286,0.46153846153846156,"{'UNL:ALA:VdWContact': 1, 'UNL:ARG:HBDonor': 1, 'UNL:ARG:VdWContact': 2, 'UNL:GLU:VdWContact': 1, 'UNL:GLY:HBAcceptor': 1, 'UNL:GLY:HBDonor': 1, 'UNL:GLY:VdWContact': 2, 'UNL:PHE:VdWContact': 1, 'UNL:SER:HBAcceptor': 1, 'UNL:SER:VdWContact': 2, 'UNL:THR:HBAcceptor': 1, 'UNL:THR:VdWContact': 1, 'UNL:TRP:Hydrophobic': 1, 'UNL:TRP:VdWContact': 1, 'UNL:TYR:HBAcceptor': 1, 'UNL:TYR:Hydrophobic': 1, 'UNL:TYR:VdWContact': 1}","{'UNL:ALA:VdWContact': 1, 'UNL:ARG:HBAcceptor': 1, 'UNL:ARG:VdWContact': 1, 'UNL:GLY:HBAcceptor': 1, 'UNL:GLY:VdWContact': 2, 'UNL:SER:HBAcceptor': 2, 'UNL:SER:VdWContact': 4, 'UNL:THR:HBAcceptor': 1, 'UNL:THR:VdWContact': 4, 'UNL:TRP:Hydrophobic': 1, 'UNL:TRP:VdWContact': 1, 'UNL:VAL:Hydrophobic': 1, 'UNL:VAL:VdWContact': 1}"
80,DynamicBind,2v7t_1_SAH_4,0.16666666666666669,0.0714285714285714,"{'UNL:ASN:HBAcceptor': 1, 'UNL:ASN:Hydrophobic': 1, 'UNL:ASN:VdWContact': 1, 'UNL:ASP:VdWContact': 2, 'UNL:LEU:VdWContact': 1, 'UNL:PHE:VdWContact': 2, 'UNL:SER:HBDonor': 1, 'UNL:SER:VdWContact': 1, 'UNL:THR:HBAcceptor': 1, 'UNL:THR:VdWContact': 3, 'UNL:TRP:Hydrophobic': 1, 'UNL:TRP:VdWContact': 2, 'UNL:TYR:VdWContact': 2}","{'UNL:ALA:HBAcceptor': 1, 'UNL:ALA:VdWContact': 1, 'UNL:ARG:HBAcceptor': 1, 'UNL:ARG:VdWContact': 2, 'UNL:ASN:HBAcceptor': 1, 'UNL:ASN:VdWContact': 1, 'UNL:ASP:VdWContact': 2, 'UNL:PHE:Hydrophobic': 1, 'UNL:PRO:VdWContact': 1, 'UNL:SER:VdWContact': 2, 'UNL:THR:VdWContact': 1, 'UNL:TRP:VdWContact': 3, 'UNL:TYR:HBAcceptor': 1, 'UNL:TYR:VdWContact': 1}"
81,DynamicBind,3ad7_1_NAD_0,0.375,0.33333333333333337,"{'UNL:ARG:HBDonor': 1, 'UNL:ARG:VdWContact': 2, 'UNL:GLN:HBAcceptor': 1, 'UNL:GLN:VdWContact': 1, 'UNL:GLU:VdWContact': 2, 'UNL:HIS:Hydrophobic': 1, 'UNL:HIS:VdWContact': 2, 'UNL:ILE:Hydrophobic': 1, 'UNL:ILE:VdWContact': 2, 'UNL:LEU:VdWContact': 1, 'UNL:MET:VdWContact': 1, 'UNL:PHE:VdWContact': 1, 'UNL:SER:HBDonor': 1, 'UNL:SER:VdWContact': 1, 'UNL:THR:VdWContact': 1, 'UNL:TYR:VdWContact': 1, 'UNL:VAL:Hydrophobic': 1, 'UNL:VAL:VdWContact': 1}","{'UNL:ALA:HBAcceptor': 2, 'UNL:ALA:VdWContact': 3, 'UNL:ARG:HBAcceptor': 1, 'UNL:ARG:VdWContact': 1, 'UNL:ASP:VdWContact': 1, 'UNL:GLU:HBAcceptor': 1, 'UNL:GLU:VdWContact': 1, 'UNL:GLY:VdWContact': 1, 'UNL:LEU:Hydrophobic': 1, 'UNL:LEU:VdWContact': 1, 'UNL:PHE:Hydrophobic': 1, 'UNL:PRO:VdWContact': 1, 'UNL:THR:HBAcceptor': 1, 'UNL:THR:VdWContact': 2, 'UNL:VAL:HBAcceptor': 1, 'UNL:VAL:VdWContact': 1}"
82,DynamicBind,2q37_1_3AL_0,0.3333333333333333,0.25,"{'UNL:ALA:VdWContact': 1, 'UNL:ARG:VdWContact': 1, 'UNL:CYS:VdWContact': 1, 'UNL:GLU:VdWContact': 1, 'UNL:HIS:VdWContact': 1, 'UNL:ILE:HBDonor': 1, 'UNL:ILE:VdWContact': 2}","{'UNL:ALA:HBAcceptor': 1, 'UNL:ALA:VdWContact': 1, 'UNL:GLU:VdWContact': 1, 'UNL:HIS:VdWContact': 1, 'UNL:ILE:HBAcceptor': 1, 'UNL:ILE:VdWContact': 4, 'UNL:PHE:VdWContact': 1, 'UNL:PRO:VdWContact': 1}"
83,DynamicBind,2v7w_1_5FD_0,0.6000000000000001,0.3636363636363636,"{'UNL:ASP:HBDonor': 1, 'UNL:ASP:VdWContact': 1, 'UNL:LEU:VdWContact': 1, 'UNL:PHE:VdWContact': 2, 'UNL:PRO:VdWContact': 1, 'UNL:THR:VdWContact': 2, 'UNL:TYR:VdWContact': 1}","{'UNL:ALA:HBAcceptor': 1, 'UNL:ALA:VdWContact': 1, 'UNL:ARG:VdWContact': 1, 'UNL:ASN:HBAcceptor': 1, 'UNL:ASN:VdWContact': 1, 'UNL:ASP:VdWContact': 1, 'UNL:GLY:HBAcceptor': 1, 'UNL:GLY:VdWContact': 1, 'UNL:PRO:VdWContact': 1, 'UNL:TRP:VdWContact': 1, 'UNL:TYR:HBAcceptor': 1, 'UNL:TYR:VdWContact': 1}"
84,DynamicBind,4phs_1_UDP_0,0.5,0.3333333333333333,"{'UNL:ASN:VdWContact': 1, 'UNL:GLY:HBAcceptor': 1, 'UNL:GLY:VdWContact': 2, 'UNL:HIS:HBAcceptor': 2, 'UNL:HIS:VdWContact': 2, 'UNL:MET:Hydrophobic': 1, 'UNL:MET:VdWContact': 1, 'UNL:SER:VdWContact': 2, 'UNL:TYR:VdWContact': 1}","{'UNL:ALA:HBAcceptor': 1, 'UNL:ALA:VdWContact': 1, 'UNL:ARG:HBAcceptor': 2, 'UNL:ARG:VdWContact': 2, 'UNL:GLY:HBAcceptor': 1, 'UNL:GLY:VdWContact': 3, 'UNL:HIS:HBAcceptor': 1, 'UNL:HIS:VdWContact': 1, 'UNL:LEU:VdWContact': 1, 'UNL:LYS:VdWContact': 1, 'UNL:PRO:VdWContact': 1, 'UNL:SER:VdWContact': 3, 'UNL:TYR:VdWContact': 1}"
85,DynamicBind,4xfm_1_THE_0,0.0,0.5,"{'UNL:ARG:HBAcceptor': 1, 'UNL:ARG:VdWContact': 2, 'UNL:ASP:HBDonor': 1, 'UNL:ASP:VdWContact': 2, 'UNL:SER:VdWContact': 1}","{'UNL:ARG:HBAcceptor': 1, 'UNL:ARG:VdWContact': 1, 'UNL:ASP:VdWContact': 2, 'UNL:LYS:VdWContact': 1, 'UNL:SER:HBAcceptor': 1, 'UNL:SER:VdWContact': 1}"
86,DynamicBind,1tkg_1_SSA_0,0.3999999999999999,0.6000000000000001,"{'UNL:ALA:VdWContact': 1, 'UNL:ARG:HBAcceptor': 1, 'UNL:ARG:VdWContact': 1, 'UNL:ASP:VdWContact': 1, 'UNL:CYS:VdWContact': 1, 'UNL:HIS:HBDonor': 1, 'UNL:HIS:VdWContact': 1, 'UNL:ILE:VdWContact': 1, 'UNL:PRO:VdWContact': 1, 'UNL:TYR:HBAcceptor': 1, 'UNL:TYR:VdWContact': 1}","{'UNL:CYS:VdWContact': 1, 'UNL:GLY:HBAcceptor': 2, 'UNL:GLY:VdWContact': 2, 'UNL:HIS:HBAcceptor': 1, 'UNL:HIS:VdWContact': 2, 'UNL:MET:VdWContact': 1, 'UNL:PRO:VdWContact': 2}"
87,DynamicBind,4kgx_1_CTP_5,0.3999999999999999,0.5384615384615383,"{'UNL:ARG:HBAcceptor': 2, 'UNL:ARG:Hydrophobic': 1, 'UNL:ARG:VdWContact': 4, 'UNL:GLN:VdWContact': 2, 'UNL:GLY:VdWContact': 1, 'UNL:LEU:VdWContact': 1, 'UNL:PRO:VdWContact': 1, 'UNL:SER:HBAcceptor': 1, 'UNL:SER:VdWContact': 1, 'UNL:THR:HBAcceptor': 1, 'UNL:THR:VdWContact': 3}","{'UNL:ASP:VdWContact': 1, 'UNL:HIS:HBAcceptor': 1, 'UNL:HIS:VdWContact': 1, 'UNL:ILE:HBAcceptor': 1, 'UNL:ILE:VdWContact': 2, 'UNL:LYS:VdWContact': 2, 'UNL:TYR:VdWContact': 1}"
88,DynamicBind,3se5_1_ANP_2,1.25,0.3333333333333333,"{'UNL:ARG:VdWContact': 2, 'UNL:GLY:VdWContact': 1, 'UNL:HIS:VdWContact': 1, 'UNL:LYS:VdWContact': 2, 'UNL:PHE:VdWContact': 1, 'UNL:TRP:VdWContact': 1, 'UNL:TYR:HBDonor': 1, 'UNL:TYR:VdWContact': 1}","{'UNL:ARG:HBAcceptor': 2, 'UNL:ARG:VdWContact': 2, 'UNL:ASN:HBAcceptor': 2, 'UNL:ASN:VdWContact': 2, 'UNL:GLY:HBAcceptor': 2, 'UNL:GLY:VdWContact': 2, 'UNL:HIS:VdWContact': 1, 'UNL:LYS:VdWContact': 2, 'UNL:MET:VdWContact': 1, 'UNL:PHE:VdWContact': 1, 'UNL:TYR:VdWContact': 1}"
89,DynamicBind,2v7u_1_SAM_2,0.3333333333333333,0.30769230769230776,"{'UNL:ASN:Hydrophobic': 1, 'UNL:ASN:VdWContact': 2, 'UNL:ASP:VdWContact': 1, 'UNL:LEU:VdWContact': 2, 'UNL:PHE:VdWContact': 2, 'UNL:SER:VdWContact': 2, 'UNL:THR:VdWContact': 3, 'UNL:TRP:HBAcceptor': 1, 'UNL:TRP:HBDonor': 1, 'UNL:TRP:VdWContact': 1, 'UNL:TYR:Hydrophobic': 1, 'UNL:TYR:VdWContact': 2}","{'UNL:ALA:HBAcceptor': 1, 'UNL:ALA:VdWContact': 1, 'UNL:ARG:HBAcceptor': 1, 'UNL:ARG:VdWContact': 2, 'UNL:ASN:HBAcceptor': 1, 'UNL:ASN:VdWContact': 1, 'UNL:ASP:VdWContact': 2, 'UNL:PRO:VdWContact': 1, 'UNL:SER:VdWContact': 1, 'UNL:THR:VdWContact': 1, 'UNL:TRP:VdWContact': 3, 'UNL:TYR:HBAcceptor': 1, 'UNL:TYR:VdWContact': 1}"
90,DynamicBind,2gag_1_FOA_0,0.3333333333333333,0.4545454545454546,"{'UNL:ARG:HBAcceptor': 1, 'UNL:ARG:Hydrophobic': 1, 'UNL:ARG:VdWContact': 1, 'UNL:ILE:Hydrophobic': 1, 'UNL:ILE:VdWContact': 1, 'UNL:LYS:VdWContact': 1, 'UNL:MET:Hydrophobic': 1, 'UNL:MET:VdWContact': 1, 'UNL:TYR:HBAcceptor': 1, 'UNL:TYR:VdWContact': 2}","{'UNL:ASN:VdWContact': 2, 'UNL:GLY:VdWContact': 1, 'UNL:THR:HBAcceptor': 1, 'UNL:THR:VdWContact': 1}"
91,DynamicBind,1hg0_1_SIN_1,0.75,0.6666666666666667,"{'UNL:ALA:HBAcceptor': 1, 'UNL:ALA:VdWContact': 2, 'UNL:ASP:VdWContact': 1, 'UNL:LYS:VdWContact': 1, 'UNL:SER:VdWContact': 1, 'UNL:THR:VdWContact': 2}","{'UNL:ALA:VdWContact': 2, 'UNL:ASP:HBAcceptor': 1, 'UNL:ASP:VdWContact': 2, 'UNL:GLY:VdWContact': 3, 'UNL:SER:HBAcceptor': 1, 'UNL:SER:VdWContact': 1, 'UNL:THR:HBAcceptor': 2, 'UNL:THR:VdWContact': 3}"
92,NeuralPLexer,3s6a_1_ANP_0,0.4000000000000001,0.125,"{'UNL:ASN:HBAcceptor': 1, 'UNL:ASN:VdWContact': 2, 'UNL:GLU:HBDonor': 1, 'UNL:GLU:VdWContact': 3, 'UNL:GLY:HBAcceptor': 2, 'UNL:GLY:HBDonor': 1, 'UNL:GLY:VdWContact': 2, 'UNL:HIS:VdWContact': 1, 'UNL:LYS:VdWContact': 1, 'UNL:MET:VdWContact': 1, 'UNL:PHE:VdWContact': 1}","{'UNL:ARG:HBAcceptor': 1, 'UNL:ARG:VdWContact': 1, 'UNL:ASN:HBAcceptor': 2, 'UNL:ASN:VdWContact': 2, 'UNL:GLU:VdWContact': 2, 'UNL:GLY:HBAcceptor': 2, 'UNL:GLY:VdWContact': 2, 'UNL:HIS:VdWContact': 1, 'UNL:LYS:VdWContact': 1, 'UNL:MET:VdWContact': 1}"
93,NeuralPLexer,4cdn_2_FAD_0,0.5,0.2857142857142857,"{'UNL:ARG:HBAcceptor': 1, 'UNL:ARG:HBDonor': 1, 'UNL:ARG:Hydrophobic': 1, 'UNL:ARG:VdWContact': 1, 'UNL:ASN:VdWContact': 2, 'UNL:ASP:VdWContact': 1, 'UNL:GLU:VdWContact': 2, 'UNL:GLY:HBDonor': 1, 'UNL:GLY:VdWContact': 2, 'UNL:LEU:HBAcceptor': 1, 'UNL:LEU:VdWContact': 1, 'UNL:LYS:VdWContact': 1, 'UNL:MET:VdWContact': 1, 'UNL:SER:HBAcceptor': 2, 'UNL:SER:VdWContact': 3, 'UNL:TRP:VdWContact': 1}","{'UNL:ARG:HBAcceptor': 1, 'UNL:ARG:Hydrophobic': 1, 'UNL:ARG:VdWContact': 1, 'UNL:ASN:HBAcceptor': 3, 'UNL:ASN:VdWContact': 3, 'UNL:ASP:VdWContact': 1, 'UNL:GLU:VdWContact': 1, 'UNL:GLY:VdWContact': 2, 'UNL:ILE:Hydrophobic': 1, 'UNL:LEU:VdWContact': 3, 'UNL:LYS:VdWContact': 2, 'UNL:PHE:VdWContact': 1, 'UNL:SER:HBAcceptor': 1, 'UNL:SER:VdWContact': 3, 'UNL:TYR:VdWContact': 1}"
94,NeuralPLexer,5k45_2_GLU_1,0.25,0.16666666666666666,"{'UNL:GLN:VdWContact': 1, 'UNL:GLU:HBDonor': 1, 'UNL:GLU:VdWContact': 1, 'UNL:GLY:VdWContact': 2, 'UNL:SER:HBAcceptor': 1, 'UNL:SER:VdWContact': 1}","{'UNL:ASP:HBAcceptor': 1, 'UNL:ASP:VdWContact': 1, 'UNL:GLU:VdWContact': 1, 'UNL:GLY:VdWContact': 2, 'UNL:SER:HBAcceptor': 1, 'UNL:SER:VdWContact': 1, 'UNL:THR:HBAcceptor': 1, 'UNL:THR:VdWContact': 1}"
95,NeuralPLexer,5k3o_2_ASP_0,0.39999999999999997,0.7142857142857144,"{'UNL:ASP:HBAcceptor': 1, 'UNL:ASP:VdWContact': 1, 'UNL:GLN:VdWContact': 1, 'UNL:GLU:HBDonor': 1, 'UNL:GLU:VdWContact': 1, 'UNL:GLY:VdWContact': 1, 'UNL:SER:HBAcceptor': 1, 'UNL:SER:HBDonor': 1, 'UNL:SER:VdWContact': 1, 'UNL:THR:VdWContact': 1}","{'UNL:ALA:VdWContact': 1, 'UNL:ASP:HBAcceptor': 1, 'UNL:ASP:VdWContact': 1, 'UNL:GLU:VdWContact': 1, 'UNL:GLY:VdWContact': 4, 'UNL:SER:HBAcceptor': 1, 'UNL:SER:VdWContact': 2, 'UNL:THR:HBAcceptor': 2, 'UNL:THR:VdWContact': 2}"
96,NeuralPLexer,5b5s_1_BOG_0,0.0,0.19999999999999996,"{'UNL:ASN:VdWContact': 1, 'UNL:ASP:VdWContact': 1, 'UNL:HIS:HBDonor': 1, 'UNL:HIS:VdWContact': 1}","{'UNL:ARG:HBAcceptor': 1, 'UNL:ARG:VdWContact': 1, 'UNL:ILE:VdWContact': 1}"
97,NeuralPLexer,6paa_1_ASP_2,0.2,0.4999999999999999,"{'UNL:GLU:VdWContact': 1, 'UNL:GLY:VdWContact': 1, 'UNL:SER:HBAcceptor': 1, 'UNL:SER:HBDonor': 1, 'UNL:SER:VdWContact': 1, 'UNL:THR:HBAcceptor': 1, 'UNL:THR:VdWContact': 1, 'UNL:VAL:VdWContact': 1}","{'UNL:ASP:HBAcceptor': 1, 'UNL:ASP:VdWContact': 1, 'UNL:GLU:VdWContact': 1, 'UNL:GLY:VdWContact': 3, 'UNL:SER:HBAcceptor': 1, 'UNL:SER:VdWContact': 1, 'UNL:THR:HBAcceptor': 1, 'UNL:THR:VdWContact': 1, 'UNL:VAL:HBAcceptor': 1, 'UNL:VAL:VdWContact': 1}"
98,NeuralPLexer,2gag_1_NAD_0,0.11111111111111116,0.25,"{'UNL:ALA:VdWContact': 1, 'UNL:ARG:HBDonor': 1, 'UNL:ARG:VdWContact': 1, 'UNL:ASN:HBAcceptor': 1, 'UNL:ASN:Hydrophobic': 2, 'UNL:ASN:VdWContact': 2, 'UNL:GLU:HBDonor': 2, 'UNL:GLU:VdWContact': 2, 'UNL:GLY:VdWContact': 7, 'UNL:HIS:HBAcceptor': 1, 'UNL:HIS:VdWContact': 1, 'UNL:LYS:VdWContact': 1, 'UNL:MET:VdWContact': 1, 'UNL:TRP:VdWContact': 1}","{'UNL:ALA:HBAcceptor': 2, 'UNL:ALA:VdWContact': 2, 'UNL:ARG:HBAcceptor': 1, 'UNL:ARG:VdWContact': 1, 'UNL:ASP:VdWContact': 2, 'UNL:GLU:HBAcceptor': 1, 'UNL:GLU:VdWContact': 1, 'UNL:GLY:VdWContact': 3, 'UNL:LEU:Hydrophobic': 1, 'UNL:LEU:VdWContact': 1, 'UNL:PHE:Hydrophobic': 1, 'UNL:THR:HBAcceptor': 1, 'UNL:THR:VdWContact': 2, 'UNL:VAL:HBAcceptor': 1, 'UNL:VAL:VdWContact': 1}"
99,NeuralPLexer,6ep5_1_ADP_1,0.8333333333333334,0.30000000000000004,"{'UNL:ARG:HBAcceptor': 1, 'UNL:ARG:VdWContact': 1, 'UNL:ASN:HBAcceptor': 1, 'UNL:ASN:HBDonor': 2, 'UNL:ASN:VdWContact': 2, 'UNL:GLU:VdWContact': 1, 'UNL:GLY:HBAcceptor': 1, 'UNL:GLY:HBDonor': 1, 'UNL:GLY:VdWContact': 2, 'UNL:HIS:HBAcceptor': 1, 'UNL:HIS:VdWContact': 1, 'UNL:LEU:VdWContact': 1, 'UNL:LYS:VdWContact': 1, 'UNL:MET:VdWContact': 1, 'UNL:PHE:VdWContact': 1}","{'UNL:ARG:HBAcceptor': 2, 'UNL:ARG:VdWContact': 2, 'UNL:ASN:HBAcceptor': 2, 'UNL:ASN:VdWContact': 2, 'UNL:GLU:VdWContact': 2, 'UNL:GLY:HBAcceptor': 2, 'UNL:GLY:VdWContact': 2, 'UNL:HIS:VdWContact': 1, 'UNL:LYS:VdWContact': 1, 'UNL:MET:VdWContact': 1, 'UNL:TYR:VdWContact': 1}"
100,NeuralPLexer,2hs3_1_FGR_0,0.0,0.09090909090909088,"{'UNL:ALA:VdWContact': 2, 'UNL:ASN:HBAcceptor': 1, 'UNL:ASN:VdWContact': 1, 'UNL:ASP:VdWContact': 1, 'UNL:GLN:VdWContact': 1, 'UNL:GLU:HBDonor': 1, 'UNL:GLU:VdWContact': 1, 'UNL:GLY:VdWContact': 2, 'UNL:HIS:HBAcceptor': 1, 'UNL:HIS:HBDonor': 2, 'UNL:HIS:VdWContact': 3, 'UNL:PRO:VdWContact': 1}","{'UNL:ALA:HBAcceptor': 1, 'UNL:ALA:VdWContact': 1, 'UNL:ARG:VdWContact': 1, 'UNL:ASN:HBAcceptor': 1, 'UNL:ASN:VdWContact': 1, 'UNL:GLN:VdWContact': 2, 'UNL:GLU:VdWContact': 1, 'UNL:GLY:VdWContact': 1, 'UNL:HIS:HBAcceptor': 2, 'UNL:HIS:VdWContact': 3, 'UNL:SER:HBAcceptor': 1, 'UNL:SER:VdWContact': 2, 'UNL:THR:VdWContact': 1}"
101,NeuralPLexer,2ze9_1_PD7_0,0.25,0.7333333333333334,"{'UNL:ALA:VdWContact': 1, 'UNL:ASN:VdWContact': 1, 'UNL:GLN:Hydrophobic': 1, 'UNL:GLN:VdWContact': 2, 'UNL:GLY:VdWContact': 3, 'UNL:HIS:VdWContact': 1, 'UNL:LEU:Hydrophobic': 1, 'UNL:LEU:VdWContact': 1, 'UNL:LYS:HBAcceptor': 1, 'UNL:LYS:HBDonor': 1, 'UNL:LYS:VdWContact': 2, 'UNL:SER:VdWContact': 1, 'UNL:TRP:VdWContact': 1, 'UNL:TYR:Hydrophobic': 1, 'UNL:TYR:VdWContact': 2, 'UNL:VAL:Hydrophobic': 1, 'UNL:VAL:VdWContact': 1}","{'UNL:ALA:VdWContact': 1, 'UNL:ASN:HBAcceptor': 2, 'UNL:ASN:VdWContact': 2, 'UNL:HIS:VdWContact': 1, 'UNL:LEU:VdWContact': 1, 'UNL:LYS:VdWContact': 2, 'UNL:TRP:HBAcceptor': 1, 'UNL:TRP:VdWContact': 1, 'UNL:TYR:VdWContact': 1}"
102,NeuralPLexer,4fyv_1_DCP_2,0.0,0.22222222222222227,"{'UNL:ASN:Hydrophobic': 1, 'UNL:ASN:VdWContact': 1, 'UNL:ASP:VdWContact': 1, 'UNL:LEU:VdWContact': 1, 'UNL:LYS:HBDonor': 1, 'UNL:LYS:VdWContact': 2, 'UNL:VAL:VdWContact': 1}","{'UNL:ALA:VdWContact': 1, 'UNL:ILE:HBAcceptor': 1, 'UNL:ILE:VdWContact': 1, 'UNL:LYS:VdWContact': 1, 'UNL:TYR:VdWContact': 1, 'UNL:VAL:VdWContact': 1}"
103,NeuralPLexer,5gqi_1_ATP_7,0.3333333333333333,0.5,"{'UNL:GLU:HBDonor': 1, 'UNL:GLU:VdWContact': 1}","{'UNL:ASP:HBAcceptor': 1, 'UNL:ASP:VdWContact': 1, 'UNL:GLY:HBAcceptor': 1, 'UNL:GLY:VdWContact': 1, 'UNL:LYS:VdWContact': 1}"
104,NeuralPLexer,3gf4_1_FAD_1,0.09999999999999998,0.46153846153846156,"{'UNL:ARG:HBAcceptor': 1, 'UNL:ARG:VdWContact': 1, 'UNL:ASP:VdWContact': 2, 'UNL:GLN:HBAcceptor': 1, 'UNL:GLY:HBAcceptor': 1, 'UNL:GLY:VdWContact': 3, 'UNL:HIS:HBDonor': 1, 'UNL:HIS:VdWContact': 2, 'UNL:LEU:VdWContact': 1, 'UNL:MET:HBAcceptor': 1, 'UNL:MET:VdWContact': 1, 'UNL:PHE:HBAcceptor': 1, 'UNL:PHE:VdWContact': 1, 'UNL:SER:HBAcceptor': 1, 'UNL:SER:HBDonor': 1, 'UNL:SER:VdWContact': 3, 'UNL:TYR:VdWContact': 1}","{'UNL:ARG:HBAcceptor': 1, 'UNL:ARG:VdWContact': 1, 'UNL:ASN:HBAcceptor': 1, 'UNL:ASN:VdWContact': 1, 'UNL:ASP:VdWContact': 2, 'UNL:GLN:HBAcceptor': 1, 'UNL:GLN:VdWContact': 1, 'UNL:GLY:VdWContact': 1, 'UNL:HIS:VdWContact': 1, 'UNL:ILE:HBAcceptor': 1, 'UNL:ILE:VdWContact': 1, 'UNL:LEU:VdWContact': 1, 'UNL:MET:HBAcceptor': 1, 'UNL:MET:VdWContact': 1, 'UNL:PHE:HBAcceptor': 1, 'UNL:PHE:VdWContact': 1, 'UNL:SER:HBAcceptor': 1, 'UNL:SER:VdWContact': 2, 'UNL:TYR:Hydrophobic': 2, 'UNL:TYR:VdWContact': 2}"
105,NeuralPLexer,1u8u_1_OCA_0,0.3333333333333333,0.625,"{'UNL:ASN:HBAcceptor': 1, 'UNL:ASN:VdWContact': 1, 'UNL:GLY:HBAcceptor': 1, 'UNL:GLY:VdWContact': 1, 'UNL:HIS:VdWContact': 1, 'UNL:ILE:VdWContact': 1, 'UNL:LEU:Hydrophobic': 1, 'UNL:LEU:VdWContact': 1, 'UNL:SER:VdWContact': 1}","{'UNL:ASN:HBAcceptor': 1, 'UNL:ASN:VdWContact': 2, 'UNL:ASP:VdWContact': 2, 'UNL:GLY:HBAcceptor': 1, 'UNL:GLY:VdWContact': 1, 'UNL:HIS:VdWContact': 1, 'UNL:SER:HBAcceptor': 1, 'UNL:SER:VdWContact': 2}"
106,NeuralPLexer,2xta_1_ACO_0,0.6000000000000001,0.75,"{'UNL:ALA:VdWContact': 1, 'UNL:ARG:HBAcceptor': 2, 'UNL:ARG:HBDonor': 1, 'UNL:ARG:VdWContact': 3, 'UNL:ASP:VdWContact': 1, 'UNL:GLY:VdWContact': 1, 'UNL:HIS:HBAcceptor': 2, 'UNL:HIS:VdWContact': 3, 'UNL:LEU:VdWContact': 1, 'UNL:MET:VdWContact': 1, 'UNL:PHE:HBAcceptor': 1, 'UNL:PHE:VdWContact': 3, 'UNL:SER:VdWContact': 2}","{'UNL:ARG:HBAcceptor': 2, 'UNL:ARG:VdWContact': 3, 'UNL:GLN:HBAcceptor': 1, 'UNL:GLN:VdWContact': 1, 'UNL:LYS:VdWContact': 1, 'UNL:PRO:VdWContact': 1, 'UNL:SER:VdWContact': 1}"
107,NeuralPLexer,5k4h_2_GLU_3,0.0,0.33333333333333337,"{'UNL:GLN:HBDonor': 1, 'UNL:GLN:VdWContact': 1, 'UNL:GLU:VdWContact': 1, 'UNL:SER:HBAcceptor': 1, 'UNL:SER:HBDonor': 1, 'UNL:SER:VdWContact': 1}","{'UNL:ASP:HBAcceptor': 1, 'UNL:ASP:VdWContact': 1, 'UNL:GLU:VdWContact': 1, 'UNL:GLY:VdWContact': 1, 'UNL:SER:HBAcceptor': 1, 'UNL:SER:VdWContact': 1, 'UNL:THR:HBAcceptor': 1, 'UNL:THR:VdWContact': 1}"
108,NeuralPLexer,4tvd_1_GLC_0,1.0,0.6666666666666666,"{'UNL:GLN:HBAcceptor': 1, 'UNL:GLN:HBDonor': 1, 'UNL:GLN:VdWContact': 1, 'UNL:GLY:VdWContact': 1, 'UNL:LYS:HBDonor': 1, 'UNL:LYS:VdWContact': 2}","{'UNL:GLN:HBAcceptor': 2, 'UNL:GLN:VdWContact': 2, 'UNL:LYS:VdWContact': 2}"
109,NeuralPLexer,6o70_1_ACK_1,0.0,0.4285714285714286,"{'UNL:ALA:VdWContact': 1, 'UNL:ASP:VdWContact': 1, 'UNL:TRP:HBAcceptor': 1, 'UNL:TRP:VdWContact': 1}","{'UNL:ALA:HBAcceptor': 1, 'UNL:ALA:VdWContact': 1, 'UNL:GLU:VdWContact': 2, 'UNL:HIS:VdWContact': 1, 'UNL:LEU:VdWContact': 1, 'UNL:LYS:VdWContact': 1}"
110,NeuralPLexer,3ad9_1_NAD_0,0.2222222222222222,0.3125,"{'UNL:ARG:HBDonor': 1, 'UNL:ARG:VdWContact': 2, 'UNL:ASP:VdWContact': 2, 'UNL:GLY:HBAcceptor': 1, 'UNL:GLY:VdWContact': 2, 'UNL:HIS:VdWContact': 1, 'UNL:LEU:VdWContact': 1, 'UNL:MET:Hydrophobic': 1, 'UNL:MET:VdWContact': 2, 'UNL:PHE:Hydrophobic': 1, 'UNL:PHE:VdWContact': 1, 'UNL:THR:HBDonor': 2, 'UNL:THR:VdWContact': 2, 'UNL:TYR:HBAcceptor': 2, 'UNL:TYR:VdWContact': 2, 'UNL:VAL:VdWContact': 1}","{'UNL:ALA:HBAcceptor': 2, 'UNL:ALA:VdWContact': 3, 'UNL:ARG:HBAcceptor': 1, 'UNL:ARG:VdWContact': 1, 'UNL:ASP:VdWContact': 1, 'UNL:GLU:HBAcceptor': 1, 'UNL:GLU:VdWContact': 1, 'UNL:GLY:VdWContact': 2, 'UNL:LEU:Hydrophobic': 1, 'UNL:LEU:VdWContact': 1, 'UNL:PHE:Hydrophobic': 1, 'UNL:PRO:VdWContact': 1, 'UNL:THR:HBAcceptor': 1, 'UNL:THR:VdWContact': 2, 'UNL:VAL:HBAcceptor': 1, 'UNL:VAL:VdWContact': 1}"
111,NeuralPLexer,4pfx_1_UDP_0,0.1428571428571429,0.08333333333333326,"{'UNL:ARG:HBAcceptor': 1, 'UNL:ARG:VdWContact': 1, 'UNL:GLN:HBAcceptor': 1, 'UNL:GLN:Hydrophobic': 1, 'UNL:GLN:VdWContact': 1, 'UNL:GLY:HBAcceptor': 1, 'UNL:GLY:VdWContact': 3, 'UNL:HIS:HBAcceptor': 1, 'UNL:HIS:VdWContact': 2, 'UNL:LYS:VdWContact': 1, 'UNL:SER:HBDonor': 1, 'UNL:SER:VdWContact': 2, 'UNL:TYR:Hydrophobic': 1, 'UNL:TYR:VdWContact': 1}","{'UNL:ALA:HBAcceptor': 1, 'UNL:ALA:VdWContact': 1, 'UNL:ARG:HBAcceptor': 2, 'UNL:ARG:VdWContact': 3, 'UNL:GLY:HBAcceptor': 1, 'UNL:GLY:VdWContact': 2, 'UNL:HIS:HBAcceptor': 1, 'UNL:HIS:VdWContact': 1, 'UNL:LEU:VdWContact': 1, 'UNL:LYS:VdWContact': 1, 'UNL:PRO:VdWContact': 1, 'UNL:SER:HBAcceptor': 1, 'UNL:SER:VdWContact': 3, 'UNL:TYR:VdWContact': 1}"
112,NeuralPLexer,3ada_1_NAD_0,0.6666666666666666,0.4166666666666667,"{'UNL:ALA:VdWContact': 4, 'UNL:ARG:HBDonor': 1, 'UNL:ARG:VdWContact': 1, 'UNL:ASP:VdWContact': 1, 'UNL:GLU:HBAcceptor': 1, 'UNL:GLU:VdWContact': 1, 'UNL:GLY:VdWContact': 3, 'UNL:LEU:Hydrophobic': 1, 'UNL:LEU:VdWContact': 2, 'UNL:TYR:VdWContact': 1, 'UNL:VAL:VdWContact': 1}","{'UNL:ALA:HBAcceptor': 2, 'UNL:ALA:VdWContact': 3, 'UNL:ARG:HBAcceptor': 1, 'UNL:ARG:VdWContact': 1, 'UNL:ASP:VdWContact': 1, 'UNL:GLU:HBAcceptor': 1, 'UNL:GLU:VdWContact': 1, 'UNL:GLY:VdWContact': 1, 'UNL:LEU:Hydrophobic': 1, 'UNL:LEU:VdWContact': 1, 'UNL:PHE:Hydrophobic': 1, 'UNL:PRO:VdWContact': 1, 'UNL:THR:HBAcceptor': 1, 'UNL:THR:VdWContact': 2, 'UNL:VAL:HBAcceptor': 1, 'UNL:VAL:VdWContact': 1}"
113,NeuralPLexer,4uoc_1_NCN_1,0.8333333333333333,0.3076923076923077,"{'UNL:ALA:VdWContact': 1, 'UNL:GLU:Hydrophobic': 1, 'UNL:GLY:HBAcceptor': 1, 'UNL:GLY:VdWContact': 2, 'UNL:LEU:Hydrophobic': 1, 'UNL:LEU:VdWContact': 2, 'UNL:LYS:VdWContact': 1, 'UNL:SER:VdWContact': 1, 'UNL:THR:HBAcceptor': 1, 'UNL:THR:VdWContact': 1, 'UNL:TYR:VdWContact': 1, 'UNL:VAL:VdWContact': 1}","{'UNL:ALA:HBAcceptor': 1, 'UNL:ALA:VdWContact': 1, 'UNL:ARG:HBAcceptor': 1, 'UNL:ARG:VdWContact': 1, 'UNL:ASP:VdWContact': 1, 'UNL:GLY:HBAcceptor': 3, 'UNL:GLY:VdWContact': 3, 'UNL:LEU:HBAcceptor': 1, 'UNL:LEU:Hydrophobic': 2, 'UNL:LEU:VdWContact': 1, 'UNL:PRO:VdWContact': 1, 'UNL:SER:HBAcceptor': 1, 'UNL:SER:VdWContact': 3, 'UNL:THR:VdWContact': 2, 'UNL:TYR:VdWContact': 1}"
114,NeuralPLexer,3o7j_1_2AL_0,0.0,0.375,"{'UNL:GLN:VdWContact': 1, 'UNL:GLU:VdWContact': 1, 'UNL:HIS:VdWContact': 1, 'UNL:PHE:HBDonor': 1, 'UNL:PHE:VdWContact': 1, 'UNL:PRO:HBDonor': 1, 'UNL:PRO:VdWContact': 1}","{'UNL:ALA:HBAcceptor': 1, 'UNL:ALA:VdWContact': 1, 'UNL:GLU:VdWContact': 1, 'UNL:ILE:HBAcceptor': 1, 'UNL:ILE:VdWContact': 2, 'UNL:LEU:VdWContact': 2, 'UNL:PHE:VdWContact': 1, 'UNL:PRO:VdWContact': 1}"
115,NeuralPLexer,2v7v_1_5FD_0,0.33333333333333337,0.19999999999999998,"{'UNL:ARG:HBDonor': 1, 'UNL:ARG:VdWContact': 1, 'UNL:ASN:HBAcceptor': 1, 'UNL:ASN:HBDonor': 1, 'UNL:ASN:VdWContact': 1, 'UNL:ASP:VdWContact': 1, 'UNL:LEU:VdWContact': 1, 'UNL:PHE:VdWContact': 2, 'UNL:SER:HBDonor': 1, 'UNL:SER:VdWContact': 1, 'UNL:TRP:HBAcceptor': 1, 'UNL:TRP:VdWContact': 1, 'UNL:TYR:HBAcceptor': 1, 'UNL:TYR:HBDonor': 1, 'UNL:TYR:VdWContact': 1}","{'UNL:ALA:HBAcceptor': 1, 'UNL:ALA:VdWContact': 1, 'UNL:ARG:VdWContact': 1, 'UNL:ASN:HBAcceptor': 1, 'UNL:ASN:VdWContact': 1, 'UNL:ASP:VdWContact': 1, 'UNL:PHE:VdWContact': 1, 'UNL:PRO:VdWContact': 1, 'UNL:SER:HBAcceptor': 1, 'UNL:SER:VdWContact': 1, 'UNL:TRP:VdWContact': 1, 'UNL:TYR:HBAcceptor': 1, 'UNL:TYR:VdWContact': 1}"
116,NeuralPLexer,5fxf_1_BEZ_0,0.0,0.4285714285714286,"{'UNL:ARG:HBAcceptor': 1, 'UNL:ARG:VdWContact': 1, 'UNL:ASP:VdWContact': 1, 'UNL:TYR:VdWContact': 1}","{'UNL:ILE:VdWContact': 1, 'UNL:LEU:VdWContact': 1, 'UNL:TYR:HBAcceptor': 1, 'UNL:TYR:VdWContact': 2, 'UNL:VAL:Hydrophobic': 1, 'UNL:VAL:VdWContact': 1}"
117,NeuralPLexer,3inr_1_GDU_0,0.5999999999999999,0.8571428571428572,"{'UNL:PHE:VdWContact': 2, 'UNL:THR:HBAcceptor': 1, 'UNL:THR:VdWContact': 1, 'UNL:TYR:HBAcceptor': 3, 'UNL:TYR:HBDonor': 1, 'UNL:TYR:VdWContact': 4}","{'UNL:ASN:HBAcceptor': 1, 'UNL:ASN:VdWContact': 1, 'UNL:ASP:VdWContact': 1, 'UNL:LEU:VdWContact': 1, 'UNL:PHE:VdWContact': 2, 'UNL:THR:VdWContact': 1, 'UNL:TRP:HBAcceptor': 1, 'UNL:TRP:VdWContact': 1, 'UNL:TYR:VdWContact': 2}"
118,NeuralPLexer,6wyz_1_DGL_1,0.6666666666666667,1.7999999999999998,"{'UNL:ASP:HBAcceptor': 1, 'UNL:ASP:VdWContact': 1, 'UNL:SER:HBAcceptor': 1, 'UNL:SER:VdWContact': 1}","{'UNL:ASP:HBAcceptor': 1, 'UNL:ASP:VdWContact': 1, 'UNL:GLU:VdWContact': 1, 'UNL:GLY:VdWContact': 3, 'UNL:SER:HBAcceptor': 1, 'UNL:SER:VdWContact': 3, 'UNL:THR:HBAcceptor': 2, 'UNL:THR:VdWContact': 3}"
119,NeuralPLexer,2v7t_1_SAH_4,0.25,0.23076923076923078,"{'UNL:ALA:VdWContact': 1, 'UNL:ASN:HBAcceptor': 1, 'UNL:ASN:HBDonor': 1, 'UNL:ASN:VdWContact': 1, 'UNL:ASP:VdWContact': 1, 'UNL:LEU:Hydrophobic': 1, 'UNL:LEU:VdWContact': 1, 'UNL:PHE:Hydrophobic': 1, 'UNL:PHE:VdWContact': 3, 'UNL:PRO:VdWContact': 1, 'UNL:SER:HBAcceptor': 1, 'UNL:SER:HBDonor': 1, 'UNL:SER:VdWContact': 2, 'UNL:TRP:HBAcceptor': 1, 'UNL:TRP:VdWContact': 1, 'UNL:TYR:HBAcceptor': 1, 'UNL:TYR:VdWContact': 1}","{'UNL:ALA:HBAcceptor': 1, 'UNL:ALA:VdWContact': 1, 'UNL:ARG:HBAcceptor': 1, 'UNL:ARG:VdWContact': 2, 'UNL:ASN:HBAcceptor': 1, 'UNL:ASN:VdWContact': 1, 'UNL:ASP:VdWContact': 2, 'UNL:PHE:Hydrophobic': 1, 'UNL:PRO:VdWContact': 1, 'UNL:SER:VdWContact': 2, 'UNL:THR:VdWContact': 1, 'UNL:TRP:VdWContact': 3, 'UNL:TYR:HBAcceptor': 1, 'UNL:TYR:VdWContact': 1}"
120,NeuralPLexer,3ad7_1_NAD_0,0.1428571428571429,0.41666666666666674,"{'UNL:ALA:VdWContact': 4, 'UNL:ARG:HBAcceptor': 1, 'UNL:ARG:VdWContact': 1, 'UNL:ASP:VdWContact': 1, 'UNL:GLU:HBAcceptor': 1, 'UNL:GLU:VdWContact': 1, 'UNL:GLY:HBAcceptor': 1, 'UNL:GLY:VdWContact': 2, 'UNL:HIS:VdWContact': 1, 'UNL:VAL:HBAcceptor': 1, 'UNL:VAL:HBDonor': 1, 'UNL:VAL:VdWContact': 1}","{'UNL:ALA:HBAcceptor': 2, 'UNL:ALA:VdWContact': 3, 'UNL:ARG:HBAcceptor': 1, 'UNL:ARG:VdWContact': 1, 'UNL:ASP:VdWContact': 1, 'UNL:GLU:HBAcceptor': 1, 'UNL:GLU:VdWContact': 1, 'UNL:GLY:VdWContact': 1, 'UNL:LEU:Hydrophobic': 1, 'UNL:LEU:VdWContact': 1, 'UNL:PHE:Hydrophobic': 1, 'UNL:PRO:VdWContact': 1, 'UNL:THR:HBAcceptor': 1, 'UNL:THR:VdWContact': 2, 'UNL:VAL:HBAcceptor': 1, 'UNL:VAL:VdWContact': 1}"
121,NeuralPLexer,5hw0_1_GLU_2,0.5,0.4,"{'UNL:ASP:HBDonor': 1, 'UNL:ASP:VdWContact': 1, 'UNL:GLU:VdWContact': 1, 'UNL:GLY:VdWContact': 1, 'UNL:SER:VdWContact': 1, 'UNL:THR:HBAcceptor': 1, 'UNL:THR:VdWContact': 2}","{'UNL:ASP:HBAcceptor': 1, 'UNL:ASP:VdWContact': 1, 'UNL:GLU:VdWContact': 1, 'UNL:GLY:VdWContact': 2, 'UNL:SER:HBAcceptor': 1, 'UNL:SER:VdWContact': 2, 'UNL:THR:HBAcceptor': 2, 'UNL:THR:VdWContact': 2}"
122,NeuralPLexer,2q37_1_3AL_0,0.0,0.5714285714285716,"{'UNL:ALA:VdWContact': 1, 'UNL:GLN:VdWContact': 1, 'UNL:GLU:HBDonor': 1, 'UNL:GLU:VdWContact': 1, 'UNL:HIS:VdWContact': 1, 'UNL:PHE:HBDonor': 1, 'UNL:PHE:VdWContact': 1}","{'UNL:ALA:HBAcceptor': 1, 'UNL:ALA:VdWContact': 1, 'UNL:GLU:VdWContact': 1, 'UNL:HIS:VdWContact': 1, 'UNL:ILE:HBAcceptor': 1, 'UNL:ILE:VdWContact': 4, 'UNL:PHE:VdWContact': 1, 'UNL:PRO:VdWContact': 1}"
123,NeuralPLexer,2v7w_1_5FD_0,0.375,0.22222222222222232,"{'UNL:ARG:HBDonor': 1, 'UNL:ARG:VdWContact': 1, 'UNL:ASN:HBAcceptor': 1, 'UNL:ASN:HBDonor': 1, 'UNL:ASN:VdWContact': 1, 'UNL:ASP:VdWContact': 1, 'UNL:GLY:HBAcceptor': 1, 'UNL:GLY:VdWContact': 1, 'UNL:PHE:VdWContact': 3, 'UNL:PRO:VdWContact': 1, 'UNL:TRP:HBAcceptor': 1, 'UNL:TRP:VdWContact': 1, 'UNL:TYR:HBAcceptor': 1, 'UNL:TYR:HBDonor': 1, 'UNL:TYR:VdWContact': 1}","{'UNL:ALA:HBAcceptor': 1, 'UNL:ALA:VdWContact': 1, 'UNL:ARG:VdWContact': 1, 'UNL:ASN:HBAcceptor': 1, 'UNL:ASN:VdWContact': 1, 'UNL:ASP:VdWContact': 1, 'UNL:GLY:HBAcceptor': 1, 'UNL:GLY:VdWContact': 1, 'UNL:PRO:VdWContact': 1, 'UNL:TRP:VdWContact': 1, 'UNL:TYR:HBAcceptor': 1, 'UNL:TYR:VdWContact': 1}"
124,NeuralPLexer,4phs_1_UDP_0,0.2,0.5,"{'UNL:ARG:HBAcceptor': 2, 'UNL:ARG:VdWContact': 2, 'UNL:GLY:VdWContact': 3, 'UNL:HIS:HBAcceptor': 1, 'UNL:HIS:HBDonor': 1, 'UNL:HIS:VdWContact': 2, 'UNL:SER:VdWContact': 2, 'UNL:TYR:Hydrophobic': 1, 'UNL:TYR:VdWContact': 1}","{'UNL:ALA:HBAcceptor': 1, 'UNL:ALA:VdWContact': 1, 'UNL:ARG:HBAcceptor': 2, 'UNL:ARG:VdWContact': 2, 'UNL:GLY:HBAcceptor': 1, 'UNL:GLY:VdWContact': 3, 'UNL:HIS:HBAcceptor': 1, 'UNL:HIS:VdWContact': 1, 'UNL:LEU:VdWContact': 1, 'UNL:LYS:VdWContact': 1, 'UNL:PRO:VdWContact': 1, 'UNL:SER:VdWContact': 3, 'UNL:TYR:VdWContact': 1}"
125,NeuralPLexer,4xfm_1_THE_0,0.0,0.5,"{'UNL:ARG:HBAcceptor': 1, 'UNL:ARG:VdWContact': 1, 'UNL:ASP:VdWContact': 1, 'UNL:SER:HBAcceptor': 1, 'UNL:SER:VdWContact': 1}","{'UNL:ARG:HBAcceptor': 1, 'UNL:ARG:VdWContact': 1, 'UNL:ASP:VdWContact': 2, 'UNL:LYS:VdWContact': 1, 'UNL:SER:HBAcceptor': 1, 'UNL:SER:VdWContact': 1}"
126,NeuralPLexer,1tkg_1_SSA_0,0.25,0.7000000000000001,"{'UNL:ARG:VdWContact': 1, 'UNL:ASP:VdWContact': 1, 'UNL:CYS:VdWContact': 1, 'UNL:GLY:VdWContact': 1, 'UNL:HIS:VdWContact': 3, 'UNL:ILE:VdWContact': 1, 'UNL:LYS:VdWContact': 1, 'UNL:MET:HBAcceptor': 1, 'UNL:MET:HBDonor': 1, 'UNL:MET:VdWContact': 1, 'UNL:TRP:VdWContact': 1}","{'UNL:CYS:VdWContact': 1, 'UNL:GLY:HBAcceptor': 2, 'UNL:GLY:VdWContact': 2, 'UNL:HIS:HBAcceptor': 1, 'UNL:HIS:VdWContact': 2, 'UNL:MET:VdWContact': 1, 'UNL:PRO:VdWContact': 2}"
127,NeuralPLexer,4kgx_1_CTP_5,0.19999999999999996,0.16666666666666669,"{'UNL:ARG:HBAcceptor': 1, 'UNL:ARG:VdWContact': 2, 'UNL:GLN:HBDonor': 1, 'UNL:GLN:VdWContact': 1, 'UNL:LEU:HBAcceptor': 1, 'UNL:LEU:VdWContact': 1, 'UNL:PRO:Hydrophobic': 1, 'UNL:PRO:VdWContact': 2, 'UNL:SER:VdWContact': 1, 'UNL:THR:VdWContact': 1}","{'UNL:ASP:VdWContact': 1, 'UNL:HIS:HBAcceptor': 1, 'UNL:HIS:VdWContact': 1, 'UNL:ILE:HBAcceptor': 1, 'UNL:ILE:VdWContact': 2, 'UNL:LYS:VdWContact': 2, 'UNL:TYR:VdWContact': 1}"
128,NeuralPLexer,3se5_1_ANP_2,0.75,0.22222222222222215,"{'UNL:ASN:HBAcceptor': 2, 'UNL:ASN:VdWContact': 2, 'UNL:GLU:VdWContact': 1, 'UNL:GLY:VdWContact': 2, 'UNL:HIS:VdWContact': 1, 'UNL:LYS:HBAcceptor': 1, 'UNL:LYS:VdWContact': 1, 'UNL:MET:VdWContact': 1, 'UNL:PHE:VdWContact': 2}","{'UNL:ARG:HBAcceptor': 2, 'UNL:ARG:VdWContact': 2, 'UNL:ASN:HBAcceptor': 2, 'UNL:ASN:VdWContact': 2, 'UNL:GLY:HBAcceptor': 2, 'UNL:GLY:VdWContact': 2, 'UNL:HIS:VdWContact': 1, 'UNL:LYS:VdWContact': 2, 'UNL:MET:VdWContact': 1, 'UNL:PHE:VdWContact': 1, 'UNL:TYR:VdWContact': 1}"
129,NeuralPLexer,2v7u_1_SAM_2,0.14285714285714285,0.2857142857142857,"{'UNL:ALA:VdWContact': 2, 'UNL:ARG:HBDonor': 1, 'UNL:ARG:VdWContact': 2, 'UNL:ASN:HBAcceptor': 1, 'UNL:ASN:HBDonor': 1, 'UNL:ASN:VdWContact': 1, 'UNL:ASP:VdWContact': 1, 'UNL:GLY:VdWContact': 1, 'UNL:LEU:Hydrophobic': 1, 'UNL:LEU:VdWContact': 1, 'UNL:PHE:Hydrophobic': 1, 'UNL:PHE:VdWContact': 3, 'UNL:SER:VdWContact': 1, 'UNL:TRP:HBAcceptor': 1, 'UNL:TRP:VdWContact': 1, 'UNL:TYR:HBAcceptor': 1, 'UNL:TYR:VdWContact': 2}","{'UNL:ALA:HBAcceptor': 1, 'UNL:ALA:VdWContact': 1, 'UNL:ARG:HBAcceptor': 1, 'UNL:ARG:VdWContact': 2, 'UNL:ASN:HBAcceptor': 1, 'UNL:ASN:VdWContact': 1, 'UNL:ASP:VdWContact': 2, 'UNL:PRO:VdWContact': 1, 'UNL:SER:VdWContact': 1, 'UNL:THR:VdWContact': 1, 'UNL:TRP:VdWContact': 3, 'UNL:TYR:HBAcceptor': 1, 'UNL:TYR:VdWContact': 1}"
130,NeuralPLexer,2gag_1_FOA_0,0.0,0.375,"{'UNL:ILE:VdWContact': 1, 'UNL:LYS:HBAcceptor': 1, 'UNL:LYS:VdWContact': 1, 'UNL:MET:VdWContact': 1, 'UNL:VAL:Hydrophobic': 1, 'UNL:VAL:VdWContact': 1}","{'UNL:ASN:VdWContact': 2, 'UNL:GLY:VdWContact': 1, 'UNL:THR:HBAcceptor': 1, 'UNL:THR:VdWContact': 1}"
131,NeuralPLexer,4phr_1_UDP_0,0.16666666666666663,0.09090909090909094,"{'UNL:ARG:VdWContact': 1, 'UNL:GLN:HBAcceptor': 1, 'UNL:GLN:VdWContact': 1, 'UNL:GLY:HBAcceptor': 1, 'UNL:GLY:VdWContact': 3, 'UNL:HIS:HBAcceptor': 1, 'UNL:HIS:VdWContact': 2, 'UNL:SER:HBDonor': 1, 'UNL:SER:VdWContact': 2, 'UNL:THR:VdWContact': 1, 'UNL:TYR:Hydrophobic': 1, 'UNL:TYR:VdWContact': 1}","{'UNL:ALA:HBAcceptor': 1, 'UNL:ALA:VdWContact': 1, 'UNL:ARG:HBAcceptor': 2, 'UNL:ARG:VdWContact': 3, 'UNL:GLY:HBAcceptor': 1, 'UNL:GLY:VdWContact': 2, 'UNL:HIS:HBAcceptor': 1, 'UNL:HIS:VdWContact': 1, 'UNL:LYS:VdWContact': 1, 'UNL:PRO:VdWContact': 1, 'UNL:SER:VdWContact': 2}"
132,NeuralPLexer,1hg0_1_SIN_1,0.25,1.0,"{'UNL:ALA:VdWContact': 1, 'UNL:GLY:VdWContact': 2, 'UNL:SER:HBAcceptor': 1, 'UNL:SER:HBDonor': 1, 'UNL:SER:VdWContact': 1, 'UNL:THR:HBAcceptor': 1, 'UNL:THR:VdWContact': 2}","{'UNL:ALA:VdWContact': 2, 'UNL:ASP:HBAcceptor': 1, 'UNL:ASP:VdWContact': 2, 'UNL:GLY:VdWContact': 3, 'UNL:SER:HBAcceptor': 1, 'UNL:SER:VdWContact': 1, 'UNL:THR:HBAcceptor': 2, 'UNL:THR:VdWContact': 3}"
133,RFAA,1v2g_1_OCA_0,0.0,0.22222222222222215,"{'UNL:ARG:VdWContact': 1, 'UNL:ASN:HBAcceptor': 1, 'UNL:ASN:VdWContact': 1, 'UNL:LEU:Hydrophobic': 1, 'UNL:PHE:VdWContact': 1, 'UNL:PRO:VdWContact': 2, 'UNL:SER:HBAcceptor': 1, 'UNL:SER:VdWContact': 1}","{'UNL:ASN:VdWContact': 1, 'UNL:ASP:VdWContact': 2, 'UNL:GLY:HBAcceptor': 1, 'UNL:GLY:VdWContact': 1, 'UNL:HIS:VdWContact': 1, 'UNL:SER:HBAcceptor': 1, 'UNL:SER:VdWContact': 2}"
134,RFAA,4cdn_2_FAD_0,0.5,0.23076923076923067,"{'UNL:ARG:VdWContact': 1, 'UNL:ASN:HBAcceptor': 2, 'UNL:ASN:VdWContact': 2, 'UNL:ASP:HBDonor': 1, 'UNL:ASP:VdWContact': 1, 'UNL:GLU:VdWContact': 1, 'UNL:GLY:VdWContact': 2, 'UNL:ILE:VdWContact': 1, 'UNL:LEU:HBAcceptor': 1, 'UNL:LEU:HBDonor': 1, 'UNL:LEU:VdWContact': 3, 'UNL:LYS:VdWContact': 1, 'UNL:PHE:VdWContact': 1, 'UNL:SER:HBAcceptor': 1, 'UNL:SER:VdWContact': 3, 'UNL:TYR:VdWContact': 1}","{'UNL:ARG:HBAcceptor': 1, 'UNL:ARG:Hydrophobic': 1, 'UNL:ARG:VdWContact': 1, 'UNL:ASN:HBAcceptor': 3, 'UNL:ASN:VdWContact': 3, 'UNL:ASP:VdWContact': 1, 'UNL:GLU:VdWContact': 1, 'UNL:GLY:VdWContact': 2, 'UNL:ILE:Hydrophobic': 1, 'UNL:LEU:VdWContact': 3, 'UNL:LYS:VdWContact': 2, 'UNL:PHE:VdWContact': 1, 'UNL:SER:HBAcceptor': 1, 'UNL:SER:VdWContact': 3, 'UNL:TYR:VdWContact': 1}"
135,RFAA,5k45_2_GLU_1,0.25,0.44444444444444436,"{'UNL:ALA:VdWContact': 2, 'UNL:ASP:VdWContact': 1, 'UNL:GLU:VdWContact': 1, 'UNL:LYS:HBAcceptor': 1, 'UNL:LYS:VdWContact': 1, 'UNL:MET:VdWContact': 1, 'UNL:SER:HBAcceptor': 1, 'UNL:SER:VdWContact': 1, 'UNL:THR:VdWContact': 2, 'UNL:TYR:VdWContact': 1}","{'UNL:ASP:HBAcceptor': 1, 'UNL:ASP:VdWContact': 1, 'UNL:GLU:VdWContact': 1, 'UNL:GLY:VdWContact': 2, 'UNL:SER:HBAcceptor': 1, 'UNL:SER:VdWContact': 1, 'UNL:THR:HBAcceptor': 1, 'UNL:THR:VdWContact': 1}"
136,RFAA,5k3o_2_ASP_0,0.28571428571428575,0.4166666666666667,"{'UNL:ARG:HBDonor': 1, 'UNL:ARG:VdWContact': 1, 'UNL:ASP:VdWContact': 1, 'UNL:GLN:VdWContact': 2, 'UNL:GLU:VdWContact': 1, 'UNL:GLY:VdWContact': 1, 'UNL:ILE:VdWContact': 1, 'UNL:LYS:HBAcceptor': 1, 'UNL:LYS:VdWContact': 1, 'UNL:MET:HBAcceptor': 1, 'UNL:MET:VdWContact': 2, 'UNL:SER:VdWContact': 1, 'UNL:THR:HBDonor': 1, 'UNL:THR:VdWContact': 4, 'UNL:TYR:VdWContact': 1}","{'UNL:ALA:VdWContact': 1, 'UNL:ASP:HBAcceptor': 1, 'UNL:ASP:VdWContact': 1, 'UNL:GLU:VdWContact': 1, 'UNL:GLY:VdWContact': 4, 'UNL:SER:HBAcceptor': 1, 'UNL:SER:VdWContact': 2, 'UNL:THR:HBAcceptor': 2, 'UNL:THR:VdWContact': 2}"
137,RFAA,2hs3_1_FGR_0,0.49999999999999994,0.26666666666666666,"{'UNL:ALA:VdWContact': 2, 'UNL:ASP:VdWContact': 1, 'UNL:GLU:VdWContact': 1, 'UNL:GLY:HBAcceptor': 1, 'UNL:GLY:HBDonor': 1, 'UNL:GLY:VdWContact': 1, 'UNL:ILE:VdWContact': 2, 'UNL:LEU:VdWContact': 1, 'UNL:LYS:VdWContact': 1, 'UNL:PHE:VdWContact': 1, 'UNL:SER:VdWContact': 1, 'UNL:THR:VdWContact': 1, 'UNL:VAL:VdWContact': 1}","{'UNL:ALA:HBAcceptor': 1, 'UNL:ALA:VdWContact': 1, 'UNL:ARG:VdWContact': 1, 'UNL:ASN:HBAcceptor': 1, 'UNL:ASN:VdWContact': 1, 'UNL:GLN:VdWContact': 2, 'UNL:GLU:VdWContact': 1, 'UNL:GLY:VdWContact': 1, 'UNL:HIS:HBAcceptor': 2, 'UNL:HIS:VdWContact': 3, 'UNL:SER:HBAcceptor': 1, 'UNL:SER:VdWContact': 2, 'UNL:THR:VdWContact': 1}"
138,RFAA,4fyv_1_DCP_2,0.6666666666666666,0.7142857142857143,"{'UNL:ALA:VdWContact': 1, 'UNL:ASN:VdWContact': 1, 'UNL:ASP:VdWContact': 1, 'UNL:ILE:HBAcceptor': 1, 'UNL:ILE:HBDonor': 1, 'UNL:ILE:VdWContact': 2, 'UNL:LYS:VdWContact': 2, 'UNL:TYR:HBDonor': 1, 'UNL:TYR:VdWContact': 1, 'UNL:VAL:VdWContact': 2}","{'UNL:ALA:VdWContact': 1, 'UNL:ILE:HBAcceptor': 1, 'UNL:ILE:VdWContact': 1, 'UNL:LYS:VdWContact': 1, 'UNL:TYR:VdWContact': 1, 'UNL:VAL:VdWContact': 1}"
139,RFAA,3gf4_1_FAD_1,0.1111111111111111,0.2666666666666666,"{'UNL:ARG:HBAcceptor': 1, 'UNL:ARG:VdWContact': 2, 'UNL:ASN:HBAcceptor': 1, 'UNL:ASN:VdWContact': 1, 'UNL:ASP:HBDonor': 1, 'UNL:ASP:VdWContact': 2, 'UNL:GLY:VdWContact': 3, 'UNL:HIS:VdWContact': 1, 'UNL:ILE:HBAcceptor': 1, 'UNL:ILE:HBDonor': 1, 'UNL:ILE:VdWContact': 1, 'UNL:MET:HBAcceptor': 1, 'UNL:MET:VdWContact': 1, 'UNL:PHE:HBAcceptor': 1, 'UNL:PHE:VdWContact': 2, 'UNL:PRO:VdWContact': 2, 'UNL:SER:HBAcceptor': 1, 'UNL:SER:VdWContact': 1, 'UNL:THR:VdWContact': 1, 'UNL:TYR:VdWContact': 2}","{'UNL:ARG:HBAcceptor': 1, 'UNL:ARG:VdWContact': 1, 'UNL:ASN:HBAcceptor': 1, 'UNL:ASN:VdWContact': 1, 'UNL:ASP:VdWContact': 2, 'UNL:GLN:HBAcceptor': 1, 'UNL:GLN:VdWContact': 1, 'UNL:GLY:VdWContact': 1, 'UNL:HIS:VdWContact': 1, 'UNL:ILE:HBAcceptor': 1, 'UNL:ILE:VdWContact': 1, 'UNL:LEU:VdWContact': 1, 'UNL:MET:HBAcceptor': 1, 'UNL:MET:VdWContact': 1, 'UNL:PHE:HBAcceptor': 1, 'UNL:PHE:VdWContact': 1, 'UNL:SER:HBAcceptor': 1, 'UNL:SER:VdWContact': 2, 'UNL:TYR:Hydrophobic': 2, 'UNL:TYR:VdWContact': 2}"
140,RFAA,1u8u_1_OCA_0,0.25,0.5555555555555556,"{'UNL:ARG:VdWContact': 1, 'UNL:ASN:VdWContact': 1, 'UNL:ASP:VdWContact': 1, 'UNL:GLY:HBAcceptor': 1, 'UNL:GLY:HBDonor': 1, 'UNL:GLY:VdWContact': 1, 'UNL:HIS:VdWContact': 1, 'UNL:LEU:Hydrophobic': 2, 'UNL:LEU:VdWContact': 2, 'UNL:PRO:VdWContact': 1, 'UNL:SER:VdWContact': 1}","{'UNL:ASN:HBAcceptor': 1, 'UNL:ASN:VdWContact': 2, 'UNL:ASP:VdWContact': 2, 'UNL:GLY:HBAcceptor': 1, 'UNL:GLY:VdWContact': 1, 'UNL:HIS:VdWContact': 1, 'UNL:SER:HBAcceptor': 1, 'UNL:SER:VdWContact': 2}"
141,RFAA,4pfx_1_UDP_0,0.7999999999999999,0.4545454545454545,"{'UNL:ALA:HBAcceptor': 1, 'UNL:ALA:VdWContact': 1, 'UNL:ARG:HBAcceptor': 1, 'UNL:ARG:VdWContact': 1, 'UNL:GLY:VdWContact': 1, 'UNL:HIS:VdWContact': 1, 'UNL:LEU:VdWContact': 1, 'UNL:MET:VdWContact': 1, 'UNL:SER:VdWContact': 1, 'UNL:TYR:Hydrophobic': 1, 'UNL:TYR:VdWContact': 1}","{'UNL:ALA:HBAcceptor': 1, 'UNL:ALA:VdWContact': 1, 'UNL:ARG:HBAcceptor': 2, 'UNL:ARG:VdWContact': 3, 'UNL:GLY:HBAcceptor': 1, 'UNL:GLY:VdWContact': 2, 'UNL:HIS:HBAcceptor': 1, 'UNL:HIS:VdWContact': 1, 'UNL:LEU:VdWContact': 1, 'UNL:LYS:VdWContact': 1, 'UNL:PRO:VdWContact': 1, 'UNL:SER:HBAcceptor': 1, 'UNL:SER:VdWContact': 3, 'UNL:TYR:VdWContact': 1}"
142,RFAA,4uoc_1_NCN_1,0.4444444444444444,0.15384615384615397,"{'UNL:ALA:HBAcceptor': 2, 'UNL:ALA:VdWContact': 2, 'UNL:ARG:HBAcceptor': 1, 'UNL:ARG:HBDonor': 1, 'UNL:ARG:VdWContact': 1, 'UNL:ASP:HBDonor': 1, 'UNL:GLY:HBAcceptor': 2, 'UNL:GLY:VdWContact': 3, 'UNL:LYS:HBDonor': 1, 'UNL:LYS:VdWContact': 1, 'UNL:PRO:VdWContact': 1, 'UNL:SER:VdWContact': 2, 'UNL:THR:VdWContact': 1, 'UNL:TYR:HBAcceptor': 1, 'UNL:TYR:Hydrophobic': 1, 'UNL:TYR:VdWContact': 1, 'UNL:VAL:VdWContact': 1}","{'UNL:ALA:HBAcceptor': 1, 'UNL:ALA:VdWContact': 1, 'UNL:ARG:HBAcceptor': 1, 'UNL:ARG:VdWContact': 1, 'UNL:ASP:VdWContact': 1, 'UNL:GLY:HBAcceptor': 3, 'UNL:GLY:VdWContact': 3, 'UNL:LEU:HBAcceptor': 1, 'UNL:LEU:Hydrophobic': 2, 'UNL:LEU:VdWContact': 1, 'UNL:PRO:VdWContact': 1, 'UNL:SER:HBAcceptor': 1, 'UNL:SER:VdWContact': 3, 'UNL:THR:VdWContact': 2, 'UNL:TYR:VdWContact': 1}"
143,RFAA,3o7j_1_2AL_0,0.19999999999999996,0.3333333333333333,"{'UNL:GLN:HBAcceptor': 1, 'UNL:GLN:VdWContact': 1, 'UNL:GLU:VdWContact': 1, 'UNL:HIS:VdWContact': 1, 'UNL:ILE:HBDonor': 1, 'UNL:ILE:VdWContact': 3, 'UNL:LEU:VdWContact': 1, 'UNL:PRO:HBDonor': 1, 'UNL:PRO:VdWContact': 1, 'UNL:SER:VdWContact': 1}","{'UNL:ALA:HBAcceptor': 1, 'UNL:ALA:VdWContact': 1, 'UNL:GLU:VdWContact': 1, 'UNL:ILE:HBAcceptor': 1, 'UNL:ILE:VdWContact': 2, 'UNL:LEU:VdWContact': 2, 'UNL:PHE:VdWContact': 1, 'UNL:PRO:VdWContact': 1}"
144,RFAA,4phs_1_UDP_0,0.5999999999999999,0.2727272727272727,"{'UNL:ARG:HBAcceptor': 1, 'UNL:ARG:VdWContact': 1, 'UNL:GLY:VdWContact': 2, 'UNL:HIS:VdWContact': 1, 'UNL:LEU:VdWContact': 1, 'UNL:LYS:HBAcceptor': 1, 'UNL:LYS:VdWContact': 1, 'UNL:MET:VdWContact': 1, 'UNL:SER:VdWContact': 2, 'UNL:TYR:Hydrophobic': 1, 'UNL:TYR:VdWContact': 1}","{'UNL:ALA:HBAcceptor': 1, 'UNL:ALA:VdWContact': 1, 'UNL:ARG:HBAcceptor': 2, 'UNL:ARG:VdWContact': 2, 'UNL:GLY:HBAcceptor': 1, 'UNL:GLY:VdWContact': 3, 'UNL:HIS:HBAcceptor': 1, 'UNL:HIS:VdWContact': 1, 'UNL:LEU:VdWContact': 1, 'UNL:LYS:VdWContact': 1, 'UNL:PRO:VdWContact': 1, 'UNL:SER:VdWContact': 3, 'UNL:TYR:VdWContact': 1}"
145,RFAA,1tkg_1_SSA_0,0.25,0.375,"{'UNL:ASP:HBDonor': 1, 'UNL:ASP:VdWContact': 1, 'UNL:CYS:VdWContact': 1, 'UNL:GLY:HBAcceptor': 2, 'UNL:GLY:VdWContact': 2, 'UNL:HIS:HBDonor': 1, 'UNL:HIS:VdWContact': 2, 'UNL:ILE:VdWContact': 1, 'UNL:MET:VdWContact': 1, 'UNL:PRO:VdWContact': 2, 'UNL:TYR:VdWContact': 1}","{'UNL:CYS:VdWContact': 1, 'UNL:GLY:HBAcceptor': 2, 'UNL:GLY:VdWContact': 2, 'UNL:HIS:HBAcceptor': 1, 'UNL:HIS:VdWContact': 2, 'UNL:MET:VdWContact': 1, 'UNL:PRO:VdWContact': 2}"
146,RFAA,4kgx_1_CTP_5,0.19999999999999996,0.375,"{'UNL:ALA:VdWContact': 1, 'UNL:ASN:VdWContact': 1, 'UNL:ASP:VdWContact': 1, 'UNL:ILE:HBDonor': 1, 'UNL:ILE:VdWContact': 2, 'UNL:LYS:HBAcceptor': 1, 'UNL:LYS:VdWContact': 2, 'UNL:TYR:HBDonor': 1, 'UNL:TYR:VdWContact': 1, 'UNL:VAL:VdWContact': 2}","{'UNL:ASP:VdWContact': 1, 'UNL:HIS:HBAcceptor': 1, 'UNL:HIS:VdWContact': 1, 'UNL:ILE:HBAcceptor': 1, 'UNL:ILE:VdWContact': 2, 'UNL:LYS:VdWContact': 2, 'UNL:TYR:VdWContact': 1}"
147,RFAA,2v7u_1_SAM_2,0.375,0.3333333333333334,"{'UNL:ALA:HBAcceptor': 1, 'UNL:ALA:VdWContact': 1, 'UNL:ARG:HBDonor': 1, 'UNL:ARG:VdWContact': 1, 'UNL:ASN:HBAcceptor': 1, 'UNL:ASN:HBDonor': 1, 'UNL:ASN:VdWContact': 2, 'UNL:ASP:VdWContact': 1, 'UNL:LEU:VdWContact': 1, 'UNL:PHE:Hydrophobic': 1, 'UNL:PHE:VdWContact': 1, 'UNL:SER:HBAcceptor': 1, 'UNL:SER:VdWContact': 1, 'UNL:THR:VdWContact': 1, 'UNL:TRP:HBAcceptor': 1, 'UNL:TRP:VdWContact': 2, 'UNL:TYR:HBAcceptor': 1, 'UNL:TYR:VdWContact': 1}","{'UNL:ALA:HBAcceptor': 1, 'UNL:ALA:VdWContact': 1, 'UNL:ARG:HBAcceptor': 1, 'UNL:ARG:VdWContact': 2, 'UNL:ASN:HBAcceptor': 1, 'UNL:ASN:VdWContact': 1, 'UNL:ASP:VdWContact': 2, 'UNL:PRO:VdWContact': 1, 'UNL:SER:VdWContact': 1, 'UNL:THR:VdWContact': 1, 'UNL:TRP:VdWContact': 3, 'UNL:TYR:HBAcceptor': 1, 'UNL:TYR:VdWContact': 1}"
148,Chai-1-Single-Seq,2r4e_1_13P_0,0.5,0.8333333333333334,"{'UNL:ARG:HBAcceptor': 2, 'UNL:ARG:VdWContact': 2, 'UNL:ASP:HBAcceptor': 1, 'UNL:ASP:VdWContact': 1, 'UNL:MET:VdWContact': 1}","{'UNL:ARG:HBAcceptor': 3, 'UNL:ARG:VdWContact': 4, 'UNL:ASP:VdWContact': 1, 'UNL:ILE:HBAcceptor': 1, 'UNL:ILE:VdWContact': 1, 'UNL:THR:HBAcceptor': 1, 'UNL:THR:VdWContact': 2, 'UNL:TYR:VdWContact': 1}"
149,Chai-1-Single-Seq,4cdn_2_FAD_0,0.5,0.21428571428571436,"{'UNL:ARG:HBAcceptor': 2, 'UNL:ARG:VdWContact': 2, 'UNL:ASN:VdWContact': 3, 'UNL:ASP:HBDonor': 1, 'UNL:ASP:VdWContact': 1, 'UNL:GLU:VdWContact': 1, 'UNL:LEU:HBAcceptor': 1, 'UNL:LEU:VdWContact': 3, 'UNL:LYS:VdWContact': 2, 'UNL:SER:HBAcceptor': 1, 'UNL:SER:HBDonor': 1, 'UNL:SER:VdWContact': 3, 'UNL:TRP:Hydrophobic': 2, 'UNL:TRP:VdWContact': 1, 'UNL:TYR:VdWContact': 1}","{'UNL:ARG:HBAcceptor': 1, 'UNL:ARG:Hydrophobic': 1, 'UNL:ARG:VdWContact': 1, 'UNL:ASN:HBAcceptor': 3, 'UNL:ASN:VdWContact': 3, 'UNL:ASP:VdWContact': 1, 'UNL:GLU:VdWContact': 1, 'UNL:GLY:VdWContact': 2, 'UNL:ILE:Hydrophobic': 1, 'UNL:LEU:VdWContact': 3, 'UNL:LYS:VdWContact': 2, 'UNL:PHE:VdWContact': 1, 'UNL:SER:HBAcceptor': 1, 'UNL:SER:VdWContact': 3, 'UNL:TYR:VdWContact': 1}"
150,Chai-1-Single-Seq,5k45_2_GLU_1,0.6,0.625,"{'UNL:ALA:VdWContact': 1, 'UNL:ASP:HBAcceptor': 1, 'UNL:ASP:VdWContact': 1, 'UNL:GLN:VdWContact': 1, 'UNL:GLU:HBDonor': 1, 'UNL:GLU:VdWContact': 1, 'UNL:GLY:VdWContact': 3, 'UNL:SER:HBAcceptor': 1, 'UNL:SER:HBDonor': 1, 'UNL:SER:VdWContact': 1, 'UNL:THR:HBAcceptor': 2, 'UNL:THR:VdWContact': 2, 'UNL:TYR:VdWContact': 1}","{'UNL:ASP:HBAcceptor': 1, 'UNL:ASP:VdWContact': 1, 'UNL:GLU:VdWContact': 1, 'UNL:GLY:VdWContact': 2, 'UNL:SER:HBAcceptor': 1, 'UNL:SER:VdWContact': 1, 'UNL:THR:HBAcceptor': 1, 'UNL:THR:VdWContact': 1}"
151,Chai-1-Single-Seq,2zcz_2_TRP_3,0.0,0.5454545454545455,"{'UNL:GLN:HBAcceptor': 1, 'UNL:GLN:HBDonor': 1, 'UNL:GLN:VdWContact': 1, 'UNL:GLU:Hydrophobic': 1, 'UNL:HIS:Hydrophobic': 1, 'UNL:HIS:VdWContact': 2, 'UNL:LEU:VdWContact': 1}","{'UNL:ALA:Hydrophobic': 1, 'UNL:ARG:VdWContact': 1, 'UNL:ASP:VdWContact': 1, 'UNL:GLN:VdWContact': 1, 'UNL:GLY:HBAcceptor': 1, 'UNL:GLY:VdWContact': 1, 'UNL:SER:VdWContact': 1, 'UNL:THR:HBAcceptor': 1, 'UNL:THR:VdWContact': 6}"
152,Chai-1-Single-Seq,5k3o_2_ASP_0,0.5,0.5714285714285716,"{'UNL:ALA:HBDonor': 1, 'UNL:ALA:VdWContact': 1, 'UNL:ASP:HBAcceptor': 1, 'UNL:ASP:HBDonor': 1, 'UNL:ASP:VdWContact': 1, 'UNL:GLN:HBDonor': 1, 'UNL:GLN:VdWContact': 1, 'UNL:GLU:VdWContact': 1, 'UNL:GLY:VdWContact': 2, 'UNL:SER:HBAcceptor': 1, 'UNL:SER:VdWContact': 1, 'UNL:THR:HBAcceptor': 2, 'UNL:THR:VdWContact': 2}","{'UNL:ALA:VdWContact': 1, 'UNL:ASP:HBAcceptor': 1, 'UNL:ASP:VdWContact': 1, 'UNL:GLU:VdWContact': 1, 'UNL:GLY:VdWContact': 4, 'UNL:SER:HBAcceptor': 1, 'UNL:SER:VdWContact': 2, 'UNL:THR:HBAcceptor': 2, 'UNL:THR:VdWContact': 2}"
153,Chai-1-Single-Seq,5ida_1_BMA_0,0.8,0.3333333333333333,"{'UNL:ALA:HBAcceptor': 1, 'UNL:ALA:VdWContact': 1, 'UNL:ASP:HBDonor': 1, 'UNL:ASP:VdWContact': 1, 'UNL:GLU:HBDonor': 1, 'UNL:GLU:VdWContact': 1, 'UNL:HIS:VdWContact': 1, 'UNL:LYS:HBAcceptor': 1, 'UNL:LYS:HBDonor': 1, 'UNL:LYS:VdWContact': 1, 'UNL:PHE:VdWContact': 1}","{'UNL:ALA:HBAcceptor': 1, 'UNL:ALA:VdWContact': 1, 'UNL:ASP:VdWContact': 1, 'UNL:GLU:VdWContact': 1, 'UNL:LYS:VdWContact': 1}"
154,Chai-1-Single-Seq,1tke_1_SER_0,0.33333333333333337,0.8571428571428571,"{'UNL:ASP:HBDonor': 1, 'UNL:ASP:VdWContact': 1, 'UNL:CYS:VdWContact': 1, 'UNL:GLY:VdWContact': 1, 'UNL:HIS:HBAcceptor': 1, 'UNL:HIS:VdWContact': 1, 'UNL:LYS:VdWContact': 1, 'UNL:MET:VdWContact': 1, 'UNL:TYR:VdWContact': 1}","{'UNL:CYS:VdWContact': 2, 'UNL:GLY:HBAcceptor': 1, 'UNL:GLY:VdWContact': 1, 'UNL:HIS:HBAcceptor': 2, 'UNL:HIS:VdWContact': 3, 'UNL:MET:VdWContact': 1}"
155,Chai-1-Single-Seq,6paa_1_ASP_2,0.0,0.0,"{'UNL:ALA:VdWContact': 1, 'UNL:ASP:HBDonor': 1, 'UNL:ASP:VdWContact': 1, 'UNL:GLU:VdWContact': 1, 'UNL:GLY:VdWContact': 3, 'UNL:SER:HBAcceptor': 1, 'UNL:SER:HBDonor': 1, 'UNL:SER:VdWContact': 1, 'UNL:THR:HBAcceptor': 1, 'UNL:THR:VdWContact': 1}","{'UNL:ASP:HBAcceptor': 1, 'UNL:ASP:VdWContact': 1, 'UNL:GLU:VdWContact': 1, 'UNL:GLY:VdWContact': 3, 'UNL:SER:HBAcceptor': 1, 'UNL:SER:VdWContact': 1, 'UNL:THR:HBAcceptor': 1, 'UNL:THR:VdWContact': 1, 'UNL:VAL:HBAcceptor': 1, 'UNL:VAL:VdWContact': 1}"
156,Chai-1-Single-Seq,2gag_1_NAD_0,0.375,0.33333333333333337,"{'UNL:ALA:HBAcceptor': 2, 'UNL:ALA:VdWContact': 3, 'UNL:ASP:VdWContact': 1, 'UNL:GLU:HBAcceptor': 1, 'UNL:GLU:HBDonor': 1, 'UNL:GLU:VdWContact': 1, 'UNL:GLY:VdWContact': 4, 'UNL:LEU:Hydrophobic': 1, 'UNL:LEU:VdWContact': 1, 'UNL:PRO:VdWContact': 1, 'UNL:THR:HBAcceptor': 1, 'UNL:THR:HBDonor': 2, 'UNL:THR:VdWContact': 3, 'UNL:TYR:VdWContact': 1, 'UNL:VAL:HBAcceptor': 1, 'UNL:VAL:HBDonor': 1, 'UNL:VAL:VdWContact': 1}","{'UNL:ALA:HBAcceptor': 2, 'UNL:ALA:VdWContact': 2, 'UNL:ARG:HBAcceptor': 1, 'UNL:ARG:VdWContact': 1, 'UNL:ASP:VdWContact': 2, 'UNL:GLU:HBAcceptor': 1, 'UNL:GLU:VdWContact': 1, 'UNL:GLY:VdWContact': 3, 'UNL:LEU:Hydrophobic': 1, 'UNL:LEU:VdWContact': 1, 'UNL:PHE:Hydrophobic': 1, 'UNL:THR:HBAcceptor': 1, 'UNL:THR:VdWContact': 2, 'UNL:VAL:HBAcceptor': 1, 'UNL:VAL:VdWContact': 1}"
157,Chai-1-Single-Seq,6o6y_1_ACK_0,0.6666666666666667,0.75,"{'UNL:ASN:VdWContact': 1, 'UNL:GLY:HBAcceptor': 1, 'UNL:GLY:HBDonor': 1, 'UNL:GLY:VdWContact': 1, 'UNL:LYS:HBAcceptor': 1, 'UNL:LYS:HBDonor': 1, 'UNL:LYS:VdWContact': 1, 'UNL:THR:VdWContact': 1, 'UNL:TYR:HBDonor': 1, 'UNL:TYR:VdWContact': 1}","{'UNL:ALA:HBAcceptor': 1, 'UNL:ALA:VdWContact': 1, 'UNL:GLU:VdWContact': 2, 'UNL:LEU:VdWContact': 4}"
158,Chai-1-Single-Seq,3wrb_1_GDE_0,0.5,0.75,"{'UNL:GLU:HBDonor': 1, 'UNL:GLU:VdWContact': 1, 'UNL:HIS:VdWContact': 3, 'UNL:PHE:VdWContact': 3, 'UNL:THR:HBAcceptor': 1, 'UNL:THR:HBDonor': 1, 'UNL:THR:VdWContact': 2, 'UNL:TYR:VdWContact': 1}","{'UNL:ASN:HBAcceptor': 1, 'UNL:ASN:VdWContact': 1, 'UNL:GLU:VdWContact': 1, 'UNL:PRO:Hydrophobic': 1, 'UNL:THR:VdWContact': 1, 'UNL:TYR:VdWContact': 1, 'UNL:VAL:Hydrophobic': 1}"
159,Chai-1-Single-Seq,6ep5_1_ADP_1,1.0,0.2222222222222222,"{'UNL:ARG:HBAcceptor': 1, 'UNL:ARG:VdWContact': 1, 'UNL:ASN:HBAcceptor': 1, 'UNL:ASN:VdWContact': 2, 'UNL:GLU:VdWContact': 1, 'UNL:GLY:HBAcceptor': 1, 'UNL:GLY:VdWContact': 1, 'UNL:HIS:VdWContact': 1, 'UNL:LYS:VdWContact': 1, 'UNL:PHE:VdWContact': 1, 'UNL:TYR:HBDonor': 1, 'UNL:TYR:VdWContact': 2}","{'UNL:ARG:HBAcceptor': 2, 'UNL:ARG:VdWContact': 2, 'UNL:ASN:HBAcceptor': 2, 'UNL:ASN:VdWContact': 2, 'UNL:GLU:VdWContact': 2, 'UNL:GLY:HBAcceptor': 2, 'UNL:GLY:VdWContact': 2, 'UNL:HIS:VdWContact': 1, 'UNL:LYS:VdWContact': 1, 'UNL:MET:VdWContact': 1, 'UNL:TYR:VdWContact': 1}"
160,Chai-1-Single-Seq,2vfu_1_MTL_0,0.0,0.19999999999999996,"{'UNL:ARG:HBAcceptor': 1, 'UNL:ARG:VdWContact': 1, 'UNL:GLN:VdWContact': 1, 'UNL:GLU:VdWContact': 1, 'UNL:HIS:VdWContact': 1, 'UNL:LYS:HBAcceptor': 1, 'UNL:LYS:VdWContact': 1, 'UNL:PHE:VdWContact': 1, 'UNL:SER:HBAcceptor': 1, 'UNL:SER:VdWContact': 1, 'UNL:VAL:VdWContact': 1}","{'UNL:ARG:HBAcceptor': 1, 'UNL:ARG:VdWContact': 1, 'UNL:GLU:VdWContact': 1, 'UNL:HIS:VdWContact': 2, 'UNL:LYS:VdWContact': 2, 'UNL:PHE:VdWContact': 1, 'UNL:PRO:VdWContact': 1, 'UNL:SER:HBAcceptor': 1, 'UNL:SER:VdWContact': 1, 'UNL:THR:HBAcceptor': 1, 'UNL:THR:VdWContact': 1}"
161,Chai-1-Single-Seq,2hs3_1_FGR_0,0.39999999999999997,0.19999999999999998,"{'UNL:ALA:HBAcceptor': 1, 'UNL:ALA:VdWContact': 2, 'UNL:ASN:VdWContact': 1, 'UNL:GLN:VdWContact': 1, 'UNL:GLU:VdWContact': 1, 'UNL:GLY:VdWContact': 1, 'UNL:HIS:HBAcceptor': 1, 'UNL:HIS:HBDonor': 1, 'UNL:HIS:VdWContact': 2, 'UNL:PRO:VdWContact': 1, 'UNL:SER:VdWContact': 2}","{'UNL:ALA:HBAcceptor': 1, 'UNL:ALA:VdWContact': 1, 'UNL:ARG:VdWContact': 1, 'UNL:ASN:HBAcceptor': 1, 'UNL:ASN:VdWContact': 1, 'UNL:GLN:VdWContact': 2, 'UNL:GLU:VdWContact': 1, 'UNL:GLY:VdWContact': 1, 'UNL:HIS:HBAcceptor': 2, 'UNL:HIS:VdWContact': 3, 'UNL:SER:HBAcceptor': 1, 'UNL:SER:VdWContact': 2, 'UNL:THR:VdWContact': 1}"
162,Chai-1-Single-Seq,3jqm_1_GTP_5,1.0,1.3636363636363638,"{'UNL:ARG:HBDonor': 1, 'UNL:ARG:VdWContact': 1, 'UNL:CYS:VdWContact': 1, 'UNL:GLU:HBDonor': 1, 'UNL:GLU:VdWContact': 2, 'UNL:GLY:HBAcceptor': 1, 'UNL:GLY:VdWContact': 2, 'UNL:HIS:HBAcceptor': 1, 'UNL:HIS:HBDonor': 1, 'UNL:HIS:VdWContact': 1, 'UNL:LEU:HBDonor': 1, 'UNL:LEU:VdWContact': 1, 'UNL:LYS:HBAcceptor': 2, 'UNL:LYS:VdWContact': 5, 'UNL:MET:HBAcceptor': 1, 'UNL:MET:VdWContact': 1, 'UNL:SER:HBAcceptor': 1, 'UNL:SER:VdWContact': 1, 'UNL:THR:VdWContact': 1, 'UNL:VAL:HBAcceptor': 1, 'UNL:VAL:VdWContact': 1}","{'UNL:HIS:HBAcceptor': 1, 'UNL:HIS:VdWContact': 1, 'UNL:VAL:VdWContact': 1}"
163,Chai-1-Single-Seq,3eca_1_ASP_3,0.16666666666666666,0.5,"{'UNL:ALA:VdWContact': 1, 'UNL:ASP:HBAcceptor': 1, 'UNL:ASP:VdWContact': 1, 'UNL:GLN:HBDonor': 1, 'UNL:GLN:VdWContact': 1, 'UNL:GLU:HBDonor': 1, 'UNL:GLU:VdWContact': 1, 'UNL:GLY:VdWContact': 2, 'UNL:SER:HBAcceptor': 1, 'UNL:SER:VdWContact': 1, 'UNL:THR:HBAcceptor': 2, 'UNL:THR:VdWContact': 2, 'UNL:TYR:VdWContact': 1}","{'UNL:ASP:HBAcceptor': 1, 'UNL:ASP:VdWContact': 2, 'UNL:GLN:HBAcceptor': 1, 'UNL:GLN:VdWContact': 1, 'UNL:GLU:VdWContact': 1, 'UNL:GLY:VdWContact': 2, 'UNL:SER:HBAcceptor': 1, 'UNL:SER:VdWContact': 2, 'UNL:THR:HBAcceptor': 2, 'UNL:THR:VdWContact': 2}"
164,Chai-1-Single-Seq,2ze9_1_PD7_0,0.25,0.4545454545454546,"{'UNL:ALA:VdWContact': 1, 'UNL:ASN:HBAcceptor': 2, 'UNL:ASN:VdWContact': 2, 'UNL:GLY:VdWContact': 1, 'UNL:HIS:HBDonor': 1, 'UNL:HIS:VdWContact': 1, 'UNL:LEU:Hydrophobic': 1, 'UNL:LEU:VdWContact': 1, 'UNL:LYS:HBAcceptor': 1, 'UNL:LYS:VdWContact': 1, 'UNL:PRO:VdWContact': 1, 'UNL:TRP:VdWContact': 1, 'UNL:TYR:Hydrophobic': 2, 'UNL:TYR:VdWContact': 2}","{'UNL:ALA:VdWContact': 1, 'UNL:ASN:HBAcceptor': 2, 'UNL:ASN:VdWContact': 2, 'UNL:HIS:VdWContact': 1, 'UNL:LEU:VdWContact': 1, 'UNL:LYS:VdWContact': 2, 'UNL:TRP:HBAcceptor': 1, 'UNL:TRP:VdWContact': 1, 'UNL:TYR:VdWContact': 1}"
165,Chai-1-Single-Seq,4fyv_1_DCP_2,0.75,0.5,"{'UNL:ALA:VdWContact': 1, 'UNL:ASN:VdWContact': 1, 'UNL:ILE:HBAcceptor': 1, 'UNL:ILE:HBDonor': 1, 'UNL:ILE:VdWContact': 1, 'UNL:LYS:HBAcceptor': 1, 'UNL:LYS:VdWContact': 2, 'UNL:TYR:HBDonor': 1, 'UNL:TYR:VdWContact': 1, 'UNL:VAL:VdWContact': 2}","{'UNL:ALA:VdWContact': 1, 'UNL:ILE:HBAcceptor': 1, 'UNL:ILE:VdWContact': 1, 'UNL:LYS:VdWContact': 1, 'UNL:TYR:VdWContact': 1, 'UNL:VAL:VdWContact': 1}"
166,Chai-1-Single-Seq,2hk9_1_SKM_0,0.75,0.375,"{'UNL:ASN:HBAcceptor': 1, 'UNL:ASN:HBDonor': 1, 'UNL:ASN:VdWContact': 1, 'UNL:ASP:VdWContact': 1, 'UNL:GLN:VdWContact': 1, 'UNL:LYS:HBAcceptor': 1, 'UNL:LYS:HBDonor': 1, 'UNL:LYS:VdWContact': 1, 'UNL:SER:VdWContact': 2, 'UNL:THR:VdWContact': 1, 'UNL:TYR:VdWContact': 1}","{'UNL:ASN:HBAcceptor': 1, 'UNL:ASN:VdWContact': 2, 'UNL:ASP:VdWContact': 1, 'UNL:LEU:Hydrophobic': 1, 'UNL:LYS:VdWContact': 2, 'UNL:SER:VdWContact': 2, 'UNL:TYR:VdWContact': 1}"
167,Chai-1-Single-Seq,2wr8_1_SAH_1,0.5,0.3333333333333333,"{'UNL:ASN:HBAcceptor': 1, 'UNL:ASN:HBDonor': 1, 'UNL:ASN:VdWContact': 1, 'UNL:ASP:VdWContact': 1, 'UNL:GLU:VdWContact': 1, 'UNL:HIS:VdWContact': 1, 'UNL:MET:HBAcceptor': 1, 'UNL:MET:VdWContact': 1, 'UNL:PHE:VdWContact': 1, 'UNL:SER:HBAcceptor': 1, 'UNL:SER:HBDonor': 1, 'UNL:SER:VdWContact': 1, 'UNL:TYR:VdWContact': 1, 'UNL:VAL:HBDonor': 1, 'UNL:VAL:VdWContact': 1}","{'UNL:ASN:HBAcceptor': 1, 'UNL:ASN:VdWContact': 1, 'UNL:GLU:VdWContact': 1, 'UNL:MET:HBAcceptor': 1, 'UNL:MET:VdWContact': 1, 'UNL:SER:HBAcceptor': 1, 'UNL:SER:VdWContact': 1, 'UNL:TYR:VdWContact': 1, 'UNL:VAL:VdWContact': 1}"
168,Chai-1-Single-Seq,3gf4_1_FAD_1,0.4166666666666667,0.2142857142857142,"{'UNL:ARG:HBAcceptor': 1, 'UNL:ARG:VdWContact': 2, 'UNL:ASN:HBAcceptor': 1, 'UNL:ASN:VdWContact': 1, 'UNL:ASP:HBDonor': 1, 'UNL:ASP:VdWContact': 1, 'UNL:GLN:HBAcceptor': 1, 'UNL:GLN:VdWContact': 1, 'UNL:GLY:VdWContact': 1, 'UNL:HIS:VdWContact': 1, 'UNL:ILE:HBAcceptor': 1, 'UNL:ILE:HBDonor': 1, 'UNL:ILE:VdWContact': 1, 'UNL:LEU:VdWContact': 2, 'UNL:MET:HBAcceptor': 1, 'UNL:MET:VdWContact': 1, 'UNL:PHE:HBAcceptor': 1, 'UNL:PHE:VdWContact': 1, 'UNL:SER:HBAcceptor': 1, 'UNL:SER:HBDonor': 1, 'UNL:SER:VdWContact': 1, 'UNL:THR:HBAcceptor': 1, 'UNL:THR:HBDonor': 1, 'UNL:THR:VdWContact': 1, 'UNL:TYR:VdWContact': 4}","{'UNL:ARG:HBAcceptor': 1, 'UNL:ARG:VdWContact': 1, 'UNL:ASN:HBAcceptor': 1, 'UNL:ASN:VdWContact': 1, 'UNL:ASP:VdWContact': 2, 'UNL:GLN:HBAcceptor': 1, 'UNL:GLN:VdWContact': 1, 'UNL:GLY:VdWContact': 1, 'UNL:HIS:VdWContact': 1, 'UNL:ILE:HBAcceptor': 1, 'UNL:ILE:VdWContact': 1, 'UNL:LEU:VdWContact': 1, 'UNL:MET:HBAcceptor': 1, 'UNL:MET:VdWContact': 1, 'UNL:PHE:HBAcceptor': 1, 'UNL:PHE:VdWContact': 1, 'UNL:SER:HBAcceptor': 1, 'UNL:SER:VdWContact': 2, 'UNL:TYR:Hydrophobic': 2, 'UNL:TYR:VdWContact': 2}"
169,Chai-1-Single-Seq,6uqy_2_AT3_0,0.0,0.2222222222222222,"{'UNL:ASN:HBAcceptor': 1, 'UNL:ASN:VdWContact': 1, 'UNL:ASP:VdWContact': 1, 'UNL:GLY:HBAcceptor': 1, 'UNL:GLY:VdWContact': 1, 'UNL:SER:HBAcceptor': 1, 'UNL:SER:VdWContact': 1, 'UNL:TRP:Hydrophobic': 1, 'UNL:TRP:VdWContact': 2, 'UNL:TYR:VdWContact': 2}","{'UNL:ASN:HBAcceptor': 1, 'UNL:ASN:VdWContact': 1, 'UNL:GLY:HBAcceptor': 1, 'UNL:GLY:VdWContact': 1, 'UNL:PHE:Hydrophobic': 1, 'UNL:SER:HBAcceptor': 1, 'UNL:SER:VdWContact': 1, 'UNL:TRP:Hydrophobic': 1, 'UNL:TYR:Hydrophobic': 1, 'UNL:TYR:VdWContact': 1}"
170,Chai-1-Single-Seq,6o70_1_ACK_1,0.6666666666666667,0.125,"{'UNL:GLY:HBAcceptor': 1, 'UNL:GLY:VdWContact': 1, 'UNL:LYS:HBAcceptor': 1, 'UNL:LYS:HBDonor': 1, 'UNL:LYS:VdWContact': 1, 'UNL:THR:HBDonor': 1, 'UNL:THR:VdWContact': 2, 'UNL:TYR:HBDonor': 1, 'UNL:TYR:VdWContact': 1}","{'UNL:ALA:HBAcceptor': 1, 'UNL:ALA:VdWContact': 1, 'UNL:GLU:VdWContact': 2, 'UNL:HIS:VdWContact': 1, 'UNL:LEU:VdWContact': 1, 'UNL:LYS:VdWContact': 1}"
171,Chai-1-Single-Seq,1uf5_1_CDT_0,0.6666666666666666,0.5,"{'UNL:ALA:VdWContact': 1, 'UNL:ARG:HBAcceptor': 2, 'UNL:ARG:HBDonor': 1, 'UNL:ARG:VdWContact': 2, 'UNL:ASN:HBAcceptor': 1, 'UNL:ASN:HBDonor': 1, 'UNL:ASN:VdWContact': 2, 'UNL:HIS:VdWContact': 1, 'UNL:LYS:HBAcceptor': 1, 'UNL:LYS:VdWContact': 1, 'UNL:PRO:VdWContact': 2, 'UNL:THR:HBAcceptor': 1, 'UNL:THR:VdWContact': 1}","{'UNL:ALA:VdWContact': 1, 'UNL:ARG:HBAcceptor': 2, 'UNL:ARG:VdWContact': 3, 'UNL:ASN:HBAcceptor': 1, 'UNL:ASN:VdWContact': 3, 'UNL:GLU:VdWContact': 1, 'UNL:ILE:Hydrophobic': 1, 'UNL:LYS:VdWContact': 1, 'UNL:PRO:Hydrophobic': 1, 'UNL:PRO:VdWContact': 1, 'UNL:THR:VdWContact': 1}"
172,Chai-1-Single-Seq,4pfx_1_UDP_0,0.1428571428571429,0.09090909090909094,"{'UNL:ARG:HBAcceptor': 1, 'UNL:ARG:VdWContact': 1, 'UNL:GLY:HBAcceptor': 1, 'UNL:GLY:VdWContact': 3, 'UNL:HIS:HBAcceptor': 1, 'UNL:HIS:HBDonor': 1, 'UNL:HIS:VdWContact': 2, 'UNL:LEU:VdWContact': 1, 'UNL:LYS:VdWContact': 1, 'UNL:MET:VdWContact': 1, 'UNL:SER:HBDonor': 1, 'UNL:SER:VdWContact': 3, 'UNL:TYR:Hydrophobic': 1, 'UNL:TYR:VdWContact': 2}","{'UNL:ALA:HBAcceptor': 1, 'UNL:ALA:VdWContact': 1, 'UNL:ARG:HBAcceptor': 2, 'UNL:ARG:VdWContact': 3, 'UNL:GLY:HBAcceptor': 1, 'UNL:GLY:VdWContact': 2, 'UNL:HIS:HBAcceptor': 1, 'UNL:HIS:VdWContact': 1, 'UNL:LEU:VdWContact': 1, 'UNL:LYS:VdWContact': 1, 'UNL:PRO:VdWContact': 1, 'UNL:SER:HBAcceptor': 1, 'UNL:SER:VdWContact': 3, 'UNL:TYR:VdWContact': 1}"
173,Chai-1-Single-Seq,2gah_1_NAD_0,0.14285714285714285,0.16666666666666669,"{'UNL:ALA:HBAcceptor': 2, 'UNL:ALA:VdWContact': 3, 'UNL:ASP:VdWContact': 1, 'UNL:GLU:HBAcceptor': 1, 'UNL:GLU:HBDonor': 1, 'UNL:GLU:VdWContact': 2, 'UNL:GLY:VdWContact': 4, 'UNL:LEU:Hydrophobic': 1, 'UNL:LEU:VdWContact': 1, 'UNL:PRO:VdWContact': 1, 'UNL:THR:HBAcceptor': 1, 'UNL:THR:VdWContact': 3, 'UNL:TYR:VdWContact': 1, 'UNL:VAL:HBAcceptor': 1, 'UNL:VAL:HBDonor': 1, 'UNL:VAL:VdWContact': 1}","{'UNL:ALA:HBAcceptor': 2, 'UNL:ALA:VdWContact': 3, 'UNL:ARG:HBAcceptor': 1, 'UNL:ARG:VdWContact': 1, 'UNL:ASP:VdWContact': 1, 'UNL:GLU:HBAcceptor': 1, 'UNL:GLU:VdWContact': 1, 'UNL:GLY:VdWContact': 3, 'UNL:LEU:Hydrophobic': 1, 'UNL:LEU:VdWContact': 1, 'UNL:PHE:Hydrophobic': 1, 'UNL:PRO:VdWContact': 1, 'UNL:THR:HBAcceptor': 1, 'UNL:THR:VdWContact': 4, 'UNL:VAL:HBAcceptor': 1, 'UNL:VAL:VdWContact': 1}"
174,Chai-1-Single-Seq,4h2f_1_ADN_0,0.0,0.14285714285714285,"{'UNL:ARG:HBAcceptor': 1, 'UNL:ARG:VdWContact': 1, 'UNL:ASN:HBAcceptor': 1, 'UNL:ASN:VdWContact': 1, 'UNL:ASP:VdWContact': 1, 'UNL:GLY:VdWContact': 1, 'UNL:HIS:VdWContact': 1, 'UNL:LEU:VdWContact': 1}","{'UNL:ARG:HBAcceptor': 1, 'UNL:ARG:VdWContact': 1, 'UNL:ASN:HBAcceptor': 1, 'UNL:ASN:VdWContact': 1, 'UNL:ASP:VdWContact': 1, 'UNL:GLY:VdWContact': 1, 'UNL:PHE:VdWContact': 1}"
175,Chai-1-Single-Seq,5fiu_1_Y3J_3,0.5,0.4,"{'UNL:ALA:HBAcceptor': 1, 'UNL:ALA:VdWContact': 1, 'UNL:ARG:HBDonor': 1, 'UNL:ARG:VdWContact': 1, 'UNL:ASN:HBAcceptor': 1, 'UNL:ASN:HBDonor': 1, 'UNL:ASN:VdWContact': 1, 'UNL:ASP:HBDonor': 1, 'UNL:ASP:VdWContact': 1, 'UNL:PHE:VdWContact': 1, 'UNL:SER:VdWContact': 1, 'UNL:THR:VdWContact': 1, 'UNL:TRP:VdWContact': 1, 'UNL:TYR:HBAcceptor': 1, 'UNL:TYR:VdWContact': 1}","{'UNL:ALA:HBAcceptor': 1, 'UNL:ALA:VdWContact': 1, 'UNL:ARG:VdWContact': 1, 'UNL:ASN:HBAcceptor': 1, 'UNL:ASN:VdWContact': 1, 'UNL:ASP:VdWContact': 1, 'UNL:PHE:VdWContact': 2, 'UNL:PRO:VdWContact': 1, 'UNL:SER:VdWContact': 1, 'UNL:THR:VdWContact': 1, 'UNL:TRP:VdWContact': 2, 'UNL:TYR:HBAcceptor': 1, 'UNL:TYR:VdWContact': 2}"
176,Chai-1-Single-Seq,4uoc_1_NCN_1,0.375,0.4615384615384616,"{'UNL:ALA:HBAcceptor': 1, 'UNL:ALA:VdWContact': 1, 'UNL:ASN:HBAcceptor': 1, 'UNL:ASN:VdWContact': 1, 'UNL:GLN:VdWContact': 1, 'UNL:GLU:VdWContact': 1, 'UNL:GLY:HBAcceptor': 1, 'UNL:GLY:VdWContact': 2, 'UNL:LEU:HBAcceptor': 1, 'UNL:LEU:VdWContact': 1, 'UNL:PRO:VdWContact': 1, 'UNL:SER:VdWContact': 1, 'UNL:THR:HBAcceptor': 1, 'UNL:THR:HBDonor': 1, 'UNL:THR:VdWContact': 1}","{'UNL:ALA:HBAcceptor': 1, 'UNL:ALA:VdWContact': 1, 'UNL:ARG:HBAcceptor': 1, 'UNL:ARG:VdWContact': 1, 'UNL:ASP:VdWContact': 1, 'UNL:GLY:HBAcceptor': 3, 'UNL:GLY:VdWContact': 3, 'UNL:LEU:HBAcceptor': 1, 'UNL:LEU:Hydrophobic': 2, 'UNL:LEU:VdWContact': 1, 'UNL:PRO:VdWContact': 1, 'UNL:SER:HBAcceptor': 1, 'UNL:SER:VdWContact': 3, 'UNL:THR:VdWContact': 2, 'UNL:TYR:VdWContact': 1}"
177,Chai-1-Single-Seq,3o7j_1_2AL_0,0.6,0.42857142857142855,"{'UNL:ALA:HBAcceptor': 1, 'UNL:ALA:VdWContact': 1, 'UNL:GLU:HBDonor': 1, 'UNL:GLU:VdWContact': 1, 'UNL:ILE:HBAcceptor': 1, 'UNL:ILE:VdWContact': 1, 'UNL:LEU:VdWContact': 1, 'UNL:PHE:HBDonor': 1, 'UNL:PHE:VdWContact': 1, 'UNL:PRO:HBDonor': 1, 'UNL:PRO:VdWContact': 1, 'UNL:SER:VdWContact': 1}","{'UNL:ALA:HBAcceptor': 1, 'UNL:ALA:VdWContact': 1, 'UNL:GLU:VdWContact': 1, 'UNL:ILE:HBAcceptor': 1, 'UNL:ILE:VdWContact': 2, 'UNL:LEU:VdWContact': 2, 'UNL:PHE:VdWContact': 1, 'UNL:PRO:VdWContact': 1}"
178,Chai-1-Single-Seq,4rhe_1_FMN_6,0.0,0.2727272727272727,"{'UNL:ALA:VdWContact': 2, 'UNL:ARG:VdWContact': 1, 'UNL:GLU:VdWContact': 1, 'UNL:GLY:HBAcceptor': 1, 'UNL:GLY:HBDonor': 1, 'UNL:GLY:VdWContact': 1, 'UNL:PHE:VdWContact': 1, 'UNL:SER:HBAcceptor': 2, 'UNL:SER:VdWContact': 3, 'UNL:THR:HBAcceptor': 1, 'UNL:THR:VdWContact': 3, 'UNL:TRP:Hydrophobic': 1, 'UNL:VAL:Hydrophobic': 1, 'UNL:VAL:VdWContact': 1}","{'UNL:ALA:VdWContact': 1, 'UNL:ARG:HBAcceptor': 1, 'UNL:ARG:VdWContact': 1, 'UNL:GLY:HBAcceptor': 1, 'UNL:GLY:VdWContact': 2, 'UNL:SER:HBAcceptor': 2, 'UNL:SER:VdWContact': 4, 'UNL:THR:HBAcceptor': 1, 'UNL:THR:VdWContact': 4, 'UNL:TRP:Hydrophobic': 1, 'UNL:TRP:VdWContact': 1, 'UNL:VAL:Hydrophobic': 1, 'UNL:VAL:VdWContact': 1}"
179,Chai-1-Single-Seq,5fxf_1_BEZ_0,0.0,0.125,"{'UNL:GLY:VdWContact': 2, 'UNL:HIS:VdWContact': 1, 'UNL:SER:HBAcceptor': 1, 'UNL:SER:VdWContact': 1, 'UNL:TYR:VdWContact': 1}","{'UNL:ILE:VdWContact': 1, 'UNL:LEU:VdWContact': 1, 'UNL:TYR:HBAcceptor': 1, 'UNL:TYR:VdWContact': 2, 'UNL:VAL:Hydrophobic': 1, 'UNL:VAL:VdWContact': 1}"
180,Chai-1-Single-Seq,6qkr_1_FAD_0,0.15384615384615374,0.09523809523809534,"{'UNL:ALA:VdWContact': 1, 'UNL:ARG:HBAcceptor': 3, 'UNL:ARG:HBDonor': 1, 'UNL:ARG:VdWContact': 3, 'UNL:CYS:HBAcceptor': 1, 'UNL:CYS:VdWContact': 1, 'UNL:GLN:HBAcceptor': 1, 'UNL:GLN:HBDonor': 1, 'UNL:GLN:VdWContact': 1, 'UNL:GLY:HBAcceptor': 1, 'UNL:GLY:VdWContact': 1, 'UNL:ILE:VdWContact': 2, 'UNL:MET:VdWContact': 2, 'UNL:PHE:VdWContact': 1, 'UNL:PRO:VdWContact': 1, 'UNL:THR:VdWContact': 1, 'UNL:TYR:VdWContact': 2, 'UNL:VAL:HBAcceptor': 1, 'UNL:VAL:Hydrophobic': 1, 'UNL:VAL:VdWContact': 2}","{'UNL:ALA:HBAcceptor': 1, 'UNL:ALA:VdWContact': 1, 'UNL:ASP:HBAcceptor': 1, 'UNL:ASP:VdWContact': 2, 'UNL:GLN:HBAcceptor': 1, 'UNL:GLU:HBAcceptor': 1, 'UNL:GLU:Hydrophobic': 1, 'UNL:GLU:VdWContact': 2, 'UNL:GLY:VdWContact': 4, 'UNL:ILE:Hydrophobic': 1, 'UNL:ILE:VdWContact': 1, 'UNL:LEU:HBAcceptor': 1, 'UNL:LEU:VdWContact': 1, 'UNL:LYS:HBAcceptor': 1, 'UNL:LYS:VdWContact': 2, 'UNL:PRO:VdWContact': 1, 'UNL:SER:HBAcceptor': 1, 'UNL:SER:VdWContact': 1, 'UNL:THR:VdWContact': 1, 'UNL:TRP:VdWContact': 1}"
181,Chai-1-Single-Seq,6wyz_1_DGL_1,0.0,0.6666666666666666,"{'UNL:ALA:VdWContact': 1, 'UNL:ASP:HBAcceptor': 1, 'UNL:ASP:VdWContact': 1, 'UNL:GLU:VdWContact': 2, 'UNL:GLY:VdWContact': 2, 'UNL:SER:HBAcceptor': 1, 'UNL:SER:VdWContact': 1, 'UNL:THR:HBAcceptor': 2, 'UNL:THR:VdWContact': 2}","{'UNL:ASP:HBAcceptor': 1, 'UNL:ASP:VdWContact': 1, 'UNL:GLU:VdWContact': 1, 'UNL:GLY:VdWContact': 3, 'UNL:SER:HBAcceptor': 1, 'UNL:SER:VdWContact': 3, 'UNL:THR:HBAcceptor': 2, 'UNL:THR:VdWContact': 3}"
182,Chai-1-Single-Seq,2v7t_1_SAH_4,0.4285714285714286,0.25000000000000006,"{'UNL:ALA:HBAcceptor': 1, 'UNL:ALA:VdWContact': 1, 'UNL:ARG:HBAcceptor': 1, 'UNL:ARG:HBDonor': 1, 'UNL:ARG:VdWContact': 2, 'UNL:ASN:HBAcceptor': 1, 'UNL:ASN:HBDonor': 1, 'UNL:ASN:VdWContact': 1, 'UNL:ASP:VdWContact': 2, 'UNL:LEU:VdWContact': 1, 'UNL:PHE:Hydrophobic': 1, 'UNL:PHE:VdWContact': 1, 'UNL:SER:HBDonor': 2, 'UNL:SER:VdWContact': 2, 'UNL:THR:VdWContact': 1, 'UNL:TRP:VdWContact': 1, 'UNL:TYR:VdWContact': 1}","{'UNL:ALA:HBAcceptor': 1, 'UNL:ALA:VdWContact': 1, 'UNL:ARG:HBAcceptor': 1, 'UNL:ARG:VdWContact': 2, 'UNL:ASN:HBAcceptor': 1, 'UNL:ASN:VdWContact': 1, 'UNL:ASP:VdWContact': 2, 'UNL:PHE:Hydrophobic': 1, 'UNL:PRO:VdWContact': 1, 'UNL:SER:VdWContact': 2, 'UNL:THR:VdWContact': 1, 'UNL:TRP:VdWContact': 3, 'UNL:TYR:HBAcceptor': 1, 'UNL:TYR:VdWContact': 1}"
183,Chai-1-Single-Seq,5hw0_1_GLU_2,0.4,0.16666666666666666,"{'UNL:ALA:VdWContact': 1, 'UNL:ASP:HBAcceptor': 1, 'UNL:ASP:HBDonor': 1, 'UNL:ASP:VdWContact': 1, 'UNL:GLU:HBDonor': 1, 'UNL:GLU:VdWContact': 1, 'UNL:GLY:VdWContact': 2, 'UNL:SER:HBAcceptor': 1, 'UNL:SER:VdWContact': 2, 'UNL:THR:HBAcceptor': 2, 'UNL:THR:VdWContact': 2}","{'UNL:ASP:HBAcceptor': 1, 'UNL:ASP:VdWContact': 1, 'UNL:GLU:VdWContact': 1, 'UNL:GLY:VdWContact': 2, 'UNL:SER:HBAcceptor': 1, 'UNL:SER:VdWContact': 2, 'UNL:THR:HBAcceptor': 2, 'UNL:THR:VdWContact': 2}"
184,Chai-1-Single-Seq,2q37_1_3AL_0,0.6666666666666666,0.33333333333333326,"{'UNL:ALA:HBAcceptor': 1, 'UNL:ALA:VdWContact': 1, 'UNL:GLU:HBDonor': 1, 'UNL:GLU:VdWContact': 1, 'UNL:HIS:VdWContact': 1, 'UNL:ILE:HBAcceptor': 1, 'UNL:ILE:HBDonor': 1, 'UNL:ILE:VdWContact': 2, 'UNL:PHE:HBDonor': 1, 'UNL:PHE:VdWContact': 1, 'UNL:PRO:HBDonor': 1, 'UNL:PRO:VdWContact': 1}","{'UNL:ALA:HBAcceptor': 1, 'UNL:ALA:VdWContact': 1, 'UNL:GLU:VdWContact': 1, 'UNL:HIS:VdWContact': 1, 'UNL:ILE:HBAcceptor': 1, 'UNL:ILE:VdWContact': 4, 'UNL:PHE:VdWContact': 1, 'UNL:PRO:VdWContact': 1}"
185,Chai-1-Single-Seq,4phs_1_UDP_0,0.2,0.29999999999999993,"{'UNL:ARG:HBAcceptor': 2, 'UNL:ARG:VdWContact': 2, 'UNL:GLY:VdWContact': 3, 'UNL:HIS:HBAcceptor': 1, 'UNL:HIS:VdWContact': 2, 'UNL:LEU:VdWContact': 1, 'UNL:LYS:VdWContact': 2, 'UNL:PRO:HBDonor': 1, 'UNL:PRO:VdWContact': 1, 'UNL:SER:VdWContact': 3, 'UNL:TYR:Hydrophobic': 1, 'UNL:TYR:VdWContact': 2}","{'UNL:ALA:HBAcceptor': 1, 'UNL:ALA:VdWContact': 1, 'UNL:ARG:HBAcceptor': 2, 'UNL:ARG:VdWContact': 2, 'UNL:GLY:HBAcceptor': 1, 'UNL:GLY:VdWContact': 3, 'UNL:HIS:HBAcceptor': 1, 'UNL:HIS:VdWContact': 1, 'UNL:LEU:VdWContact': 1, 'UNL:LYS:VdWContact': 1, 'UNL:PRO:VdWContact': 1, 'UNL:SER:VdWContact': 3, 'UNL:TYR:VdWContact': 1}"
186,Chai-1-Single-Seq,4xfm_1_THE_0,0.3333333333333333,0.5,"{'UNL:ARG:HBAcceptor': 1, 'UNL:ARG:VdWContact': 1, 'UNL:ASP:VdWContact': 2, 'UNL:GLY:VdWContact': 1, 'UNL:LYS:HBAcceptor': 1, 'UNL:LYS:VdWContact': 1, 'UNL:SER:HBAcceptor': 1, 'UNL:SER:VdWContact': 2, 'UNL:THR:VdWContact': 1}","{'UNL:ARG:HBAcceptor': 1, 'UNL:ARG:VdWContact': 1, 'UNL:ASP:VdWContact': 2, 'UNL:LYS:VdWContact': 1, 'UNL:SER:HBAcceptor': 1, 'UNL:SER:VdWContact': 1}"
187,Chai-1-Single-Seq,6xb3_3_9BG_1,0.6666666666666665,0.5714285714285713,"{'UNL:ASN:HBAcceptor': 1, 'UNL:ASN:VdWContact': 2, 'UNL:GLU:HBDonor': 1, 'UNL:GLU:VdWContact': 1, 'UNL:HIS:VdWContact': 1, 'UNL:ILE:VdWContact': 1, 'UNL:LEU:VdWContact': 1, 'UNL:MET:VdWContact': 1, 'UNL:PHE:VdWContact': 2, 'UNL:SER:HBAcceptor': 1, 'UNL:THR:VdWContact': 1, 'UNL:VAL:VdWContact': 1}","{'UNL:ARG:HBAcceptor': 4, 'UNL:ARG:VdWContact': 5, 'UNL:GLN:HBAcceptor': 1, 'UNL:GLN:VdWContact': 1, 'UNL:HIS:VdWContact': 3, 'UNL:ILE:VdWContact': 2, 'UNL:LYS:VdWContact': 1, 'UNL:SER:HBAcceptor': 1, 'UNL:SER:VdWContact': 2, 'UNL:TYR:VdWContact': 1, 'UNL:VAL:HBAcceptor': 1, 'UNL:VAL:VdWContact': 2}"
188,Chai-1-Single-Seq,4kgx_1_CTP_5,0.5,0.4285714285714285,"{'UNL:ASN:VdWContact': 1, 'UNL:ASP:VdWContact': 1, 'UNL:HIS:VdWContact': 1, 'UNL:ILE:HBAcceptor': 1, 'UNL:ILE:HBDonor': 1, 'UNL:ILE:VdWContact': 1, 'UNL:LYS:HBAcceptor': 1, 'UNL:LYS:HBDonor': 1, 'UNL:LYS:VdWContact': 2, 'UNL:TYR:HBDonor': 1, 'UNL:TYR:VdWContact': 1, 'UNL:VAL:VdWContact': 1}","{'UNL:ASP:VdWContact': 1, 'UNL:HIS:HBAcceptor': 1, 'UNL:HIS:VdWContact': 1, 'UNL:ILE:HBAcceptor': 1, 'UNL:ILE:VdWContact': 2, 'UNL:LYS:VdWContact': 2, 'UNL:TYR:VdWContact': 1}"
189,Chai-1-Single-Seq,3se5_1_ANP_2,0.5,0.3,"{'UNL:ARG:HBAcceptor': 2, 'UNL:ARG:VdWContact': 2, 'UNL:ASN:HBAcceptor': 2, 'UNL:ASN:HBDonor': 1, 'UNL:ASN:VdWContact': 2, 'UNL:GLU:VdWContact': 1, 'UNL:GLY:HBDonor': 1, 'UNL:GLY:VdWContact': 2, 'UNL:HIS:VdWContact': 1, 'UNL:LEU:VdWContact': 1, 'UNL:LYS:HBAcceptor': 1, 'UNL:LYS:VdWContact': 1, 'UNL:MET:VdWContact': 1, 'UNL:PHE:VdWContact': 1, 'UNL:TYR:VdWContact': 1}","{'UNL:ARG:HBAcceptor': 2, 'UNL:ARG:VdWContact': 2, 'UNL:ASN:HBAcceptor': 2, 'UNL:ASN:VdWContact': 2, 'UNL:GLY:HBAcceptor': 2, 'UNL:GLY:VdWContact': 2, 'UNL:HIS:VdWContact': 1, 'UNL:LYS:VdWContact': 2, 'UNL:MET:VdWContact': 1, 'UNL:PHE:VdWContact': 1, 'UNL:TYR:VdWContact': 1}"
190,Chai-1-Single-Seq,2v7u_1_SAM_2,0.42857142857142855,0.18181818181818185,"{'UNL:ALA:HBAcceptor': 1, 'UNL:ALA:VdWContact': 1, 'UNL:ARG:HBAcceptor': 1, 'UNL:ARG:HBDonor': 1, 'UNL:ARG:VdWContact': 2, 'UNL:ASN:HBAcceptor': 1, 'UNL:ASN:HBDonor': 1, 'UNL:ASN:VdWContact': 1, 'UNL:ASP:VdWContact': 3, 'UNL:PHE:Hydrophobic': 1, 'UNL:PHE:VdWContact': 1, 'UNL:SER:HBDonor': 1, 'UNL:SER:VdWContact': 1, 'UNL:THR:VdWContact': 1, 'UNL:TRP:VdWContact': 1, 'UNL:TYR:HBAcceptor': 1, 'UNL:TYR:VdWContact': 1}","{'UNL:ALA:HBAcceptor': 1, 'UNL:ALA:VdWContact': 1, 'UNL:ARG:HBAcceptor': 1, 'UNL:ARG:VdWContact': 2, 'UNL:ASN:HBAcceptor': 1, 'UNL:ASN:VdWContact': 1, 'UNL:ASP:VdWContact': 2, 'UNL:PRO:VdWContact': 1, 'UNL:SER:VdWContact': 1, 'UNL:THR:VdWContact': 1, 'UNL:TRP:VdWContact': 3, 'UNL:TYR:HBAcceptor': 1, 'UNL:TYR:VdWContact': 1}"
191,Chai-1-Single-Seq,2gag_1_FOA_0,0.0,0.5,"{'UNL:ARG:HBAcceptor': 1, 'UNL:ARG:VdWContact': 2}","{'UNL:ASN:VdWContact': 2, 'UNL:GLY:VdWContact': 1, 'UNL:THR:HBAcceptor': 1, 'UNL:THR:VdWContact': 1}"
192,Chai-1-Single-Seq,4uuw_1_AMP_0,0.7999999999999999,0.6666666666666667,"{'UNL:ASN:HBAcceptor': 1, 'UNL:ASN:VdWContact': 1, 'UNL:ASP:HBDonor': 1, 'UNL:ASP:VdWContact': 1, 'UNL:GLY:HBAcceptor': 2, 'UNL:GLY:VdWContact': 2, 'UNL:LEU:HBAcceptor': 1, 'UNL:LEU:VdWContact': 1, 'UNL:PRO:VdWContact': 2, 'UNL:THR:HBAcceptor': 1, 'UNL:THR:VdWContact': 1}","{'UNL:ASN:HBAcceptor': 1, 'UNL:ASN:VdWContact': 1, 'UNL:ASP:VdWContact': 1, 'UNL:THR:HBAcceptor': 1, 'UNL:THR:VdWContact': 2}"
193,Chai-1-Single-Seq,4phr_1_UDP_0,0.5714285714285714,0.125,"{'UNL:ALA:HBAcceptor': 1, 'UNL:ALA:VdWContact': 1, 'UNL:ARG:HBAcceptor': 1, 'UNL:ARG:VdWContact': 2, 'UNL:GLY:HBAcceptor': 1, 'UNL:GLY:VdWContact': 3, 'UNL:HIS:HBAcceptor': 1, 'UNL:HIS:HBDonor': 1, 'UNL:HIS:VdWContact': 1, 'UNL:LYS:VdWContact': 1, 'UNL:PRO:HBDonor': 1, 'UNL:PRO:VdWContact': 1, 'UNL:SER:HBDonor': 1, 'UNL:SER:VdWContact': 2, 'UNL:TYR:VdWContact': 1}","{'UNL:ALA:HBAcceptor': 1, 'UNL:ALA:VdWContact': 1, 'UNL:ARG:HBAcceptor': 2, 'UNL:ARG:VdWContact': 3, 'UNL:GLY:HBAcceptor': 1, 'UNL:GLY:VdWContact': 2, 'UNL:HIS:HBAcceptor': 1, 'UNL:HIS:VdWContact': 1, 'UNL:LYS:VdWContact': 1, 'UNL:PRO:VdWContact': 1, 'UNL:SER:VdWContact': 2}"
194,Chai-1-Single-Seq,1o72_2_PC_0,0.0,1.0,"{'UNL:ARG:VdWContact': 1, 'UNL:TYR:HBDonor': 1, 'UNL:TYR:VdWContact': 3}","{'UNL:TYR:HBAcceptor': 1, 'UNL:TYR:VdWContact': 2}"
195,Chai-1-Single-Seq,1qaw_1_TRP_7,0.0,0.46153846153846156,"{'UNL:ALA:VdWContact': 2, 'UNL:GLN:HBAcceptor': 1, 'UNL:GLN:VdWContact': 1, 'UNL:ILE:Hydrophobic': 1, 'UNL:ILE:VdWContact': 3, 'UNL:LEU:Hydrophobic': 2, 'UNL:LEU:VdWContact': 2, 'UNL:LYS:Hydrophobic': 1, 'UNL:SER:HBAcceptor': 1, 'UNL:SER:HBDonor': 1, 'UNL:SER:VdWContact': 1, 'UNL:THR:VdWContact': 2}","{'UNL:ALA:Hydrophobic': 1, 'UNL:ARG:VdWContact': 1, 'UNL:GLN:VdWContact': 1, 'UNL:GLY:HBAcceptor': 1, 'UNL:GLY:VdWContact': 1, 'UNL:HIS:VdWContact': 1, 'UNL:SER:HBAcceptor': 1, 'UNL:SER:VdWContact': 1, 'UNL:THR:HBAcceptor': 1, 'UNL:THR:VdWContact': 3}"
196,Chai-1,3s6a_1_ANP_0,0.8571428571428572,0.375,"{'UNL:ARG:HBAcceptor': 2, 'UNL:ARG:VdWContact': 2, 'UNL:ASN:HBAcceptor': 2, 'UNL:ASN:HBDonor': 2, 'UNL:ASN:VdWContact': 2, 'UNL:GLU:VdWContact': 3, 'UNL:GLY:HBAcceptor': 2, 'UNL:GLY:HBDonor': 1, 'UNL:GLY:VdWContact': 2, 'UNL:HIS:VdWContact': 1, 'UNL:LYS:HBAcceptor': 1, 'UNL:LYS:HBDonor': 1, 'UNL:LYS:VdWContact': 1, 'UNL:MET:VdWContact': 1, 'UNL:TYR:VdWContact': 1}","{'UNL:ARG:HBAcceptor': 1, 'UNL:ARG:VdWContact': 1, 'UNL:ASN:HBAcceptor': 2, 'UNL:ASN:VdWContact': 2, 'UNL:GLU:VdWContact': 2, 'UNL:GLY:HBAcceptor': 2, 'UNL:GLY:VdWContact': 2, 'UNL:HIS:VdWContact': 1, 'UNL:LYS:VdWContact': 1, 'UNL:MET:VdWContact': 1}"
197,Chai-1,1v2g_1_OCA_0,0.6,0.6000000000000001,"{'UNL:ARG:VdWContact': 1, 'UNL:ASN:HBAcceptor': 1, 'UNL:ASN:VdWContact': 1, 'UNL:ASP:Hydrophobic': 1, 'UNL:ASP:VdWContact': 1, 'UNL:GLY:HBAcceptor': 1, 'UNL:GLY:HBDonor': 1, 'UNL:GLY:VdWContact': 2, 'UNL:HIS:HBAcceptor': 1, 'UNL:HIS:VdWContact': 1, 'UNL:LEU:Hydrophobic': 2, 'UNL:LEU:VdWContact': 2, 'UNL:SER:HBAcceptor': 1, 'UNL:SER:VdWContact': 1, 'UNL:TYR:VdWContact': 1}","{'UNL:ASN:VdWContact': 1, 'UNL:ASP:VdWContact': 2, 'UNL:GLY:HBAcceptor': 1, 'UNL:GLY:VdWContact': 1, 'UNL:HIS:VdWContact': 1, 'UNL:SER:HBAcceptor': 1, 'UNL:SER:VdWContact': 2}"
198,Chai-1,2r4e_1_13P_0,0.3333333333333333,0.4000000000000001,"{'UNL:ARG:HBAcceptor': 3, 'UNL:ARG:VdWContact': 4, 'UNL:ASP:VdWContact': 1, 'UNL:ILE:HBAcceptor': 1, 'UNL:ILE:VdWContact': 1, 'UNL:TYR:VdWContact': 1}","{'UNL:ARG:HBAcceptor': 3, 'UNL:ARG:VdWContact': 4, 'UNL:ASP:VdWContact': 1, 'UNL:ILE:HBAcceptor': 1, 'UNL:ILE:VdWContact': 1, 'UNL:THR:HBAcceptor': 1, 'UNL:THR:VdWContact': 2, 'UNL:TYR:VdWContact': 1}"
199,Chai-1,4cdn_2_FAD_0,0.5,0.28571428571428575,"{'UNL:ARG:HBAcceptor': 1, 'UNL:ARG:Hydrophobic': 1, 'UNL:ARG:VdWContact': 1, 'UNL:ASN:HBAcceptor': 3, 'UNL:ASN:VdWContact': 3, 'UNL:ASP:HBDonor': 1, 'UNL:ASP:VdWContact': 1, 'UNL:GLU:VdWContact': 1, 'UNL:GLY:VdWContact': 2, 'UNL:ILE:Hydrophobic': 1, 'UNL:ILE:VdWContact': 2, 'UNL:LEU:HBAcceptor': 1, 'UNL:LEU:VdWContact': 3, 'UNL:LYS:HBAcceptor': 1, 'UNL:LYS:VdWContact': 2, 'UNL:PHE:VdWContact': 1, 'UNL:SER:HBAcceptor': 1, 'UNL:SER:VdWContact': 4, 'UNL:TRP:VdWContact': 1, 'UNL:TYR:VdWContact': 1}","{'UNL:ARG:HBAcceptor': 1, 'UNL:ARG:Hydrophobic': 1, 'UNL:ARG:VdWContact': 1, 'UNL:ASN:HBAcceptor': 3, 'UNL:ASN:VdWContact': 3, 'UNL:ASP:VdWContact': 1, 'UNL:GLU:VdWContact': 1, 'UNL:GLY:VdWContact': 2, 'UNL:ILE:Hydrophobic': 1, 'UNL:LEU:VdWContact': 3, 'UNL:LYS:VdWContact': 2, 'UNL:PHE:VdWContact': 1, 'UNL:SER:HBAcceptor': 1, 'UNL:SER:VdWContact': 3, 'UNL:TYR:VdWContact': 1}"
200,Chai-1,5k45_2_GLU_1,0.6,0.5,"{'UNL:ALA:VdWContact': 1, 'UNL:ASP:HBAcceptor': 1, 'UNL:ASP:HBDonor': 1, 'UNL:ASP:VdWContact': 1, 'UNL:GLN:VdWContact': 1, 'UNL:GLU:HBDonor': 1, 'UNL:GLU:VdWContact': 1, 'UNL:GLY:VdWContact': 2, 'UNL:SER:HBAcceptor': 1, 'UNL:SER:VdWContact': 1, 'UNL:THR:HBAcceptor': 2, 'UNL:THR:VdWContact': 2, 'UNL:TYR:VdWContact': 1}","{'UNL:ASP:HBAcceptor': 1, 'UNL:ASP:VdWContact': 1, 'UNL:GLU:VdWContact': 1, 'UNL:GLY:VdWContact': 2, 'UNL:SER:HBAcceptor': 1, 'UNL:SER:VdWContact': 1, 'UNL:THR:HBAcceptor': 1, 'UNL:THR:VdWContact': 1}"
201,Chai-1,2zcz_2_TRP_3,0.0,0.5999999999999999,"{'UNL:GLN:HBDonor': 1, 'UNL:GLN:VdWContact': 1, 'UNL:HIS:Hydrophobic': 1, 'UNL:HIS:VdWContact': 1, 'UNL:ILE:Hydrophobic': 1, 'UNL:THR:HBAcceptor': 1, 'UNL:THR:VdWContact': 2}","{'UNL:ALA:Hydrophobic': 1, 'UNL:ARG:VdWContact': 1, 'UNL:ASP:VdWContact': 1, 'UNL:GLN:VdWContact': 1, 'UNL:GLY:HBAcceptor': 1, 'UNL:GLY:VdWContact': 1, 'UNL:SER:VdWContact': 1, 'UNL:THR:HBAcceptor': 1, 'UNL:THR:VdWContact': 6}"
202,Chai-1,5k3o_2_ASP_0,0.25,0.625,"{'UNL:ALA:VdWContact': 1, 'UNL:ASP:HBAcceptor': 1, 'UNL:ASP:VdWContact': 1, 'UNL:GLN:VdWContact': 1, 'UNL:GLU:HBDonor': 1, 'UNL:GLU:VdWContact': 1, 'UNL:GLY:VdWContact': 2, 'UNL:SER:HBAcceptor': 1, 'UNL:SER:VdWContact': 1, 'UNL:THR:HBAcceptor': 2, 'UNL:THR:VdWContact': 2, 'UNL:TYR:VdWContact': 1}","{'UNL:ALA:VdWContact': 1, 'UNL:ASP:HBAcceptor': 1, 'UNL:ASP:VdWContact': 1, 'UNL:GLU:VdWContact': 1, 'UNL:GLY:VdWContact': 4, 'UNL:SER:HBAcceptor': 1, 'UNL:SER:VdWContact': 2, 'UNL:THR:HBAcceptor': 2, 'UNL:THR:VdWContact': 2}"
203,Chai-1,5ida_1_BMA_0,0.8,0.2,"{'UNL:ALA:HBAcceptor': 1, 'UNL:ALA:VdWContact': 1, 'UNL:ASP:HBDonor': 1, 'UNL:ASP:VdWContact': 1, 'UNL:GLU:HBDonor': 1, 'UNL:GLU:VdWContact': 1, 'UNL:LYS:HBAcceptor': 1, 'UNL:LYS:HBDonor': 1, 'UNL:LYS:VdWContact': 1, 'UNL:PHE:VdWContact': 1}","{'UNL:ALA:HBAcceptor': 1, 'UNL:ALA:VdWContact': 1, 'UNL:ASP:VdWContact': 1, 'UNL:GLU:VdWContact': 1, 'UNL:LYS:VdWContact': 1}"
204,Chai-1,5b5s_1_BOG_0,0.0,0.7142857142857143,"{'UNL:ARG:VdWContact': 1, 'UNL:ASN:HBDonor': 1, 'UNL:ASN:VdWContact': 1, 'UNL:GLN:VdWContact': 1, 'UNL:GLY:VdWContact': 1, 'UNL:HIS:VdWContact': 1, 'UNL:ILE:Hydrophobic': 1, 'UNL:ILE:VdWContact': 1}","{'UNL:ARG:HBAcceptor': 1, 'UNL:ARG:VdWContact': 1, 'UNL:ILE:VdWContact': 1}"
205,Chai-1,1tke_1_SER_0,0.5,0.5714285714285714,"{'UNL:ASP:VdWContact': 1, 'UNL:GLY:HBAcceptor': 1, 'UNL:GLY:VdWContact': 1, 'UNL:HIS:HBDonor': 1, 'UNL:HIS:VdWContact': 2, 'UNL:ILE:VdWContact': 1, 'UNL:MET:VdWContact': 1, 'UNL:TYR:HBAcceptor': 1, 'UNL:TYR:VdWContact': 1}","{'UNL:CYS:VdWContact': 2, 'UNL:GLY:HBAcceptor': 1, 'UNL:GLY:VdWContact': 1, 'UNL:HIS:HBAcceptor': 2, 'UNL:HIS:VdWContact': 3, 'UNL:MET:VdWContact': 1}"
206,Chai-1,6paa_1_ASP_2,0.16666666666666666,0.2857142857142858,"{'UNL:ALA:VdWContact': 1, 'UNL:ASP:HBAcceptor': 1, 'UNL:ASP:VdWContact': 1, 'UNL:GLU:HBDonor': 1, 'UNL:GLU:VdWContact': 1, 'UNL:GLY:VdWContact': 1, 'UNL:SER:HBAcceptor': 1, 'UNL:SER:HBDonor': 1, 'UNL:SER:VdWContact': 1, 'UNL:THR:HBAcceptor': 1, 'UNL:THR:VdWContact': 1}","{'UNL:ASP:HBAcceptor': 1, 'UNL:ASP:VdWContact': 1, 'UNL:GLU:VdWContact': 1, 'UNL:GLY:VdWContact': 3, 'UNL:SER:HBAcceptor': 1, 'UNL:SER:VdWContact': 1, 'UNL:THR:HBAcceptor': 1, 'UNL:THR:VdWContact': 1, 'UNL:VAL:HBAcceptor': 1, 'UNL:VAL:VdWContact': 1}"
207,Chai-1,6o6y_1_ACK_0,0.6666666666666666,1.0,"{'UNL:ALA:HBAcceptor': 1, 'UNL:ALA:VdWContact': 2, 'UNL:ASN:HBAcceptor': 1, 'UNL:ASN:VdWContact': 1, 'UNL:GLU:VdWContact': 1, 'UNL:HIS:VdWContact': 1, 'UNL:LEU:HBDonor': 1, 'UNL:LEU:VdWContact': 1, 'UNL:LYS:VdWContact': 1, 'UNL:PHE:VdWContact': 1}","{'UNL:ALA:HBAcceptor': 1, 'UNL:ALA:VdWContact': 1, 'UNL:GLU:VdWContact': 2, 'UNL:LEU:VdWContact': 4}"
208,Chai-1,3wrb_1_GDE_0,0.3333333333333333,0.33333333333333337,"{'UNL:GLU:VdWContact': 1, 'UNL:HIS:VdWContact': 1, 'UNL:PHE:VdWContact': 2, 'UNL:PRO:VdWContact': 1, 'UNL:THR:HBDonor': 1, 'UNL:THR:VdWContact': 2, 'UNL:TYR:HBAcceptor': 1, 'UNL:TYR:VdWContact': 2}","{'UNL:ASN:HBAcceptor': 1, 'UNL:ASN:VdWContact': 1, 'UNL:GLU:VdWContact': 1, 'UNL:PRO:Hydrophobic': 1, 'UNL:THR:VdWContact': 1, 'UNL:TYR:VdWContact': 1, 'UNL:VAL:Hydrophobic': 1}"
209,Chai-1,2vfu_1_MTL_0,0.25,0.22222222222222215,"{'UNL:ARG:VdWContact': 1, 'UNL:GLU:VdWContact': 1, 'UNL:HIS:HBAcceptor': 1, 'UNL:HIS:VdWContact': 2, 'UNL:LYS:VdWContact': 1, 'UNL:PHE:VdWContact': 1, 'UNL:PRO:VdWContact': 1, 'UNL:SER:HBAcceptor': 1, 'UNL:SER:VdWContact': 1, 'UNL:THR:VdWContact': 1, 'UNL:VAL:VdWContact': 1}","{'UNL:ARG:HBAcceptor': 1, 'UNL:ARG:VdWContact': 1, 'UNL:GLU:VdWContact': 1, 'UNL:HIS:VdWContact': 2, 'UNL:LYS:VdWContact': 2, 'UNL:PHE:VdWContact': 1, 'UNL:PRO:VdWContact': 1, 'UNL:SER:HBAcceptor': 1, 'UNL:SER:VdWContact': 1, 'UNL:THR:HBAcceptor': 1, 'UNL:THR:VdWContact': 1}"
210,Chai-1,2hs3_1_FGR_0,0.39999999999999997,0.09999999999999998,"{'UNL:ALA:VdWContact': 3, 'UNL:ARG:VdWContact': 1, 'UNL:ASN:HBAcceptor': 1, 'UNL:ASN:VdWContact': 1, 'UNL:GLN:VdWContact': 1, 'UNL:GLU:VdWContact': 1, 'UNL:GLY:VdWContact': 1, 'UNL:HIS:HBAcceptor': 1, 'UNL:HIS:HBDonor': 1, 'UNL:HIS:VdWContact': 3, 'UNL:PRO:VdWContact': 1, 'UNL:SER:VdWContact': 2}","{'UNL:ALA:HBAcceptor': 1, 'UNL:ALA:VdWContact': 1, 'UNL:ARG:VdWContact': 1, 'UNL:ASN:HBAcceptor': 1, 'UNL:ASN:VdWContact': 1, 'UNL:GLN:VdWContact': 2, 'UNL:GLU:VdWContact': 1, 'UNL:GLY:VdWContact': 1, 'UNL:HIS:HBAcceptor': 2, 'UNL:HIS:VdWContact': 3, 'UNL:SER:HBAcceptor': 1, 'UNL:SER:VdWContact': 2, 'UNL:THR:VdWContact': 1}"
211,Chai-1,3jqm_1_GTP_5,1.0,1.1428571428571428,"{'UNL:ARG:VdWContact': 1, 'UNL:GLY:VdWContact': 3, 'UNL:LYS:HBAcceptor': 3, 'UNL:LYS:VdWContact': 3, 'UNL:SER:VdWContact': 1, 'UNL:THR:VdWContact': 1, 'UNL:VAL:VdWContact': 1}","{'UNL:HIS:HBAcceptor': 1, 'UNL:HIS:VdWContact': 1, 'UNL:VAL:VdWContact': 1}"
212,Chai-1,3eca_1_ASP_3,0.16666666666666666,0.5714285714285715,"{'UNL:ALA:HBDonor': 1, 'UNL:ALA:VdWContact': 1, 'UNL:ASP:HBAcceptor': 1, 'UNL:ASP:HBDonor': 1, 'UNL:ASP:VdWContact': 1, 'UNL:GLN:VdWContact': 1, 'UNL:GLU:VdWContact': 1, 'UNL:GLY:VdWContact': 3, 'UNL:SER:HBAcceptor': 1, 'UNL:SER:VdWContact': 1, 'UNL:THR:HBAcceptor': 2, 'UNL:THR:VdWContact': 2}","{'UNL:ASP:HBAcceptor': 1, 'UNL:ASP:VdWContact': 2, 'UNL:GLN:HBAcceptor': 1, 'UNL:GLN:VdWContact': 1, 'UNL:GLU:VdWContact': 1, 'UNL:GLY:VdWContact': 2, 'UNL:SER:HBAcceptor': 1, 'UNL:SER:VdWContact': 2, 'UNL:THR:HBAcceptor': 2, 'UNL:THR:VdWContact': 2}"
213,Chai-1,2ze9_1_PD7_0,0.75,0.28571428571428564,"{'UNL:ALA:VdWContact': 1, 'UNL:ASN:HBAcceptor': 1, 'UNL:ASN:VdWContact': 1, 'UNL:HIS:HBDonor': 1, 'UNL:HIS:VdWContact': 1, 'UNL:LEU:VdWContact': 1, 'UNL:LYS:HBAcceptor': 1, 'UNL:LYS:VdWContact': 2, 'UNL:TRP:HBAcceptor': 1, 'UNL:TRP:VdWContact': 1}","{'UNL:ALA:VdWContact': 1, 'UNL:ASN:HBAcceptor': 2, 'UNL:ASN:VdWContact': 2, 'UNL:HIS:VdWContact': 1, 'UNL:LEU:VdWContact': 1, 'UNL:LYS:VdWContact': 2, 'UNL:TRP:HBAcceptor': 1, 'UNL:TRP:VdWContact': 1, 'UNL:TYR:VdWContact': 1}"
214,Chai-1,4fyv_1_DCP_2,0.75,0.28571428571428575,"{'UNL:ASN:VdWContact': 1, 'UNL:HIS:VdWContact': 1, 'UNL:ILE:HBAcceptor': 1, 'UNL:ILE:HBDonor': 1, 'UNL:ILE:VdWContact': 1, 'UNL:LYS:HBAcceptor': 1, 'UNL:LYS:VdWContact': 2, 'UNL:TYR:HBDonor': 1, 'UNL:TYR:VdWContact': 1, 'UNL:VAL:VdWContact': 1}","{'UNL:ALA:VdWContact': 1, 'UNL:ILE:HBAcceptor': 1, 'UNL:ILE:VdWContact': 1, 'UNL:LYS:VdWContact': 1, 'UNL:TYR:VdWContact': 1, 'UNL:VAL:VdWContact': 1}"
215,Chai-1,2hk9_1_SKM_0,0.6666666666666666,0.25,"{'UNL:ASN:HBAcceptor': 1, 'UNL:ASN:VdWContact': 2, 'UNL:ASP:VdWContact': 1, 'UNL:GLN:VdWContact': 1, 'UNL:LYS:HBAcceptor': 1, 'UNL:LYS:HBDonor': 1, 'UNL:LYS:VdWContact': 1, 'UNL:SER:VdWContact': 2, 'UNL:THR:VdWContact': 1, 'UNL:TYR:VdWContact': 1}","{'UNL:ASN:HBAcceptor': 1, 'UNL:ASN:VdWContact': 2, 'UNL:ASP:VdWContact': 1, 'UNL:LEU:Hydrophobic': 1, 'UNL:LYS:VdWContact': 2, 'UNL:SER:VdWContact': 2, 'UNL:TYR:VdWContact': 1}"
216,Chai-1,1rqp_1_SAM_0,0.5714285714285714,0.18181818181818185,"{'UNL:ALA:HBAcceptor': 1, 'UNL:ALA:VdWContact': 1, 'UNL:ARG:HBAcceptor': 1, 'UNL:ARG:HBDonor': 1, 'UNL:ARG:VdWContact': 2, 'UNL:ASN:HBAcceptor': 1, 'UNL:ASN:HBDonor': 1, 'UNL:ASN:VdWContact': 1, 'UNL:ASP:VdWContact': 2, 'UNL:PHE:Hydrophobic': 1, 'UNL:PHE:VdWContact': 2, 'UNL:PRO:VdWContact': 1, 'UNL:SER:HBDonor': 2, 'UNL:SER:VdWContact': 3, 'UNL:THR:VdWContact': 1, 'UNL:TRP:VdWContact': 1, 'UNL:TYR:HBAcceptor': 1, 'UNL:TYR:VdWContact': 1}","{'UNL:ALA:HBAcceptor': 1, 'UNL:ALA:VdWContact': 1, 'UNL:ARG:HBAcceptor': 1, 'UNL:ARG:VdWContact': 2, 'UNL:ASN:HBAcceptor': 1, 'UNL:ASN:VdWContact': 1, 'UNL:ASP:VdWContact': 2, 'UNL:PHE:VdWContact': 1, 'UNL:PRO:VdWContact': 1, 'UNL:SER:VdWContact': 3, 'UNL:THR:VdWContact': 1, 'UNL:TRP:VdWContact': 1, 'UNL:TYR:HBAcceptor': 1, 'UNL:TYR:VdWContact': 1}"
217,Chai-1,2wr8_1_SAH_1,0.19999999999999996,0.23076923076923067,"{'UNL:ASP:HBAcceptor': 1, 'UNL:ASP:VdWContact': 2, 'UNL:HIS:VdWContact': 1, 'UNL:PHE:Hydrophobic': 1, 'UNL:PHE:VdWContact': 1, 'UNL:PRO:VdWContact': 1, 'UNL:THR:VdWContact': 1, 'UNL:TYR:HBDonor': 1, 'UNL:TYR:Hydrophobic': 1, 'UNL:TYR:VdWContact': 1}","{'UNL:ASN:HBAcceptor': 1, 'UNL:ASN:VdWContact': 1, 'UNL:GLU:VdWContact': 1, 'UNL:MET:HBAcceptor': 1, 'UNL:MET:VdWContact': 1, 'UNL:SER:HBAcceptor': 1, 'UNL:SER:VdWContact': 1, 'UNL:TYR:VdWContact': 1, 'UNL:VAL:VdWContact': 1}"
218,Chai-1,3gf4_1_FAD_1,0.3,0.2666666666666667,"{'UNL:ARG:HBAcceptor': 1, 'UNL:ARG:VdWContact': 1, 'UNL:ASN:HBAcceptor': 1, 'UNL:ASN:VdWContact': 1, 'UNL:ASP:HBDonor': 1, 'UNL:ASP:VdWContact': 1, 'UNL:GLN:HBAcceptor': 1, 'UNL:GLN:VdWContact': 1, 'UNL:GLY:VdWContact': 3, 'UNL:HIS:VdWContact': 1, 'UNL:ILE:HBAcceptor': 1, 'UNL:ILE:HBDonor': 1, 'UNL:ILE:VdWContact': 1, 'UNL:LEU:VdWContact': 1, 'UNL:MET:HBAcceptor': 1, 'UNL:MET:VdWContact': 1, 'UNL:PHE:HBAcceptor': 1, 'UNL:PHE:VdWContact': 1, 'UNL:PRO:VdWContact': 1, 'UNL:SER:HBAcceptor': 1, 'UNL:SER:HBDonor': 1, 'UNL:SER:VdWContact': 1, 'UNL:THR:VdWContact': 1, 'UNL:TYR:VdWContact': 2}","{'UNL:ARG:HBAcceptor': 1, 'UNL:ARG:VdWContact': 1, 'UNL:ASN:HBAcceptor': 1, 'UNL:ASN:VdWContact': 1, 'UNL:ASP:VdWContact': 2, 'UNL:GLN:HBAcceptor': 1, 'UNL:GLN:VdWContact': 1, 'UNL:GLY:VdWContact': 1, 'UNL:HIS:VdWContact': 1, 'UNL:ILE:HBAcceptor': 1, 'UNL:ILE:VdWContact': 1, 'UNL:LEU:VdWContact': 1, 'UNL:MET:HBAcceptor': 1, 'UNL:MET:VdWContact': 1, 'UNL:PHE:HBAcceptor': 1, 'UNL:PHE:VdWContact': 1, 'UNL:SER:HBAcceptor': 1, 'UNL:SER:VdWContact': 2, 'UNL:TYR:Hydrophobic': 2, 'UNL:TYR:VdWContact': 2}"
219,Chai-1,1u8u_1_OCA_0,0.0,0.7272727272727272,"{'UNL:ARG:VdWContact': 1, 'UNL:ASN:HBAcceptor': 1, 'UNL:ASN:VdWContact': 1, 'UNL:ASP:Hydrophobic': 1, 'UNL:ASP:VdWContact': 1, 'UNL:GLY:HBAcceptor': 1, 'UNL:GLY:VdWContact': 1, 'UNL:HIS:VdWContact': 1, 'UNL:LEU:Hydrophobic': 1, 'UNL:LEU:VdWContact': 2, 'UNL:PHE:VdWContact': 1, 'UNL:SER:HBAcceptor': 1, 'UNL:SER:VdWContact': 1, 'UNL:TYR:VdWContact': 1}","{'UNL:ASN:HBAcceptor': 1, 'UNL:ASN:VdWContact': 2, 'UNL:ASP:VdWContact': 2, 'UNL:GLY:HBAcceptor': 1, 'UNL:GLY:VdWContact': 1, 'UNL:HIS:VdWContact': 1, 'UNL:SER:HBAcceptor': 1, 'UNL:SER:VdWContact': 2}"
220,Chai-1,2xta_1_ACO_0,0.5,0.33333333333333326,"{'UNL:ARG:HBAcceptor': 2, 'UNL:ARG:HBDonor': 2, 'UNL:ARG:VdWContact': 4, 'UNL:GLN:VdWContact': 1, 'UNL:LEU:VdWContact': 1, 'UNL:LYS:VdWContact': 1, 'UNL:PRO:VdWContact': 1, 'UNL:SER:HBDonor': 1, 'UNL:SER:VdWContact': 1}","{'UNL:ARG:HBAcceptor': 2, 'UNL:ARG:VdWContact': 3, 'UNL:GLN:HBAcceptor': 1, 'UNL:GLN:VdWContact': 1, 'UNL:LYS:VdWContact': 1, 'UNL:PRO:VdWContact': 1, 'UNL:SER:VdWContact': 1}"
221,Chai-1,6uqy_2_AT3_0,0.0,0.29999999999999993,"{'UNL:ASN:HBAcceptor': 1, 'UNL:ASN:VdWContact': 1, 'UNL:ASP:VdWContact': 1, 'UNL:GLY:HBAcceptor': 1, 'UNL:GLY:VdWContact': 1, 'UNL:PHE:VdWContact': 1, 'UNL:SER:HBAcceptor': 1, 'UNL:SER:VdWContact': 1, 'UNL:TRP:Hydrophobic': 1, 'UNL:TRP:VdWContact': 1, 'UNL:TYR:VdWContact': 3}","{'UNL:ASN:HBAcceptor': 1, 'UNL:ASN:VdWContact': 1, 'UNL:GLY:HBAcceptor': 1, 'UNL:GLY:VdWContact': 1, 'UNL:PHE:Hydrophobic': 1, 'UNL:SER:HBAcceptor': 1, 'UNL:SER:VdWContact': 1, 'UNL:TRP:Hydrophobic': 1, 'UNL:TYR:Hydrophobic': 1, 'UNL:TYR:VdWContact': 1}"
222,Chai-1,5k4h_2_GLU_3,0.6,0.7142857142857143,"{'UNL:ALA:VdWContact': 1, 'UNL:ASP:HBAcceptor': 1, 'UNL:ASP:HBDonor': 1, 'UNL:ASP:VdWContact': 1, 'UNL:GLN:VdWContact': 1, 'UNL:GLU:HBDonor': 1, 'UNL:GLU:VdWContact': 1, 'UNL:GLY:VdWContact': 3, 'UNL:SER:HBAcceptor': 1, 'UNL:SER:VdWContact': 1, 'UNL:THR:HBAcceptor': 2, 'UNL:THR:VdWContact': 2}","{'UNL:ASP:HBAcceptor': 1, 'UNL:ASP:VdWContact': 1, 'UNL:GLU:VdWContact': 1, 'UNL:GLY:VdWContact': 1, 'UNL:SER:HBAcceptor': 1, 'UNL:SER:VdWContact': 1, 'UNL:THR:HBAcceptor': 1, 'UNL:THR:VdWContact': 1}"
223,Chai-1,6o70_1_ACK_1,0.5,0.7999999999999999,"{'UNL:ALA:HBAcceptor': 1, 'UNL:ALA:VdWContact': 1, 'UNL:LEU:HBDonor': 1, 'UNL:LEU:VdWContact': 1}","{'UNL:ALA:HBAcceptor': 1, 'UNL:ALA:VdWContact': 1, 'UNL:GLU:VdWContact': 2, 'UNL:HIS:VdWContact': 1, 'UNL:LEU:VdWContact': 1, 'UNL:LYS:VdWContact': 1}"
224,Chai-1,2zd0_1_TRP_9,0.25,0.49999999999999994,"{'UNL:GLN:HBDonor': 1, 'UNL:GLN:VdWContact': 1, 'UNL:HIS:Hydrophobic': 1, 'UNL:HIS:VdWContact': 1, 'UNL:ILE:Hydrophobic': 1, 'UNL:THR:HBAcceptor': 1, 'UNL:THR:VdWContact': 2}","{'UNL:ALA:Hydrophobic': 1, 'UNL:ALA:VdWContact': 1, 'UNL:ARG:VdWContact': 1, 'UNL:GLN:VdWContact': 1, 'UNL:GLY:HBAcceptor': 1, 'UNL:GLY:VdWContact': 2, 'UNL:SER:HBAcceptor': 1, 'UNL:SER:VdWContact': 1, 'UNL:THR:HBAcceptor': 1, 'UNL:THR:VdWContact': 4}"
225,Chai-1,1uf5_1_CDT_0,0.6666666666666666,0.4444444444444445,"{'UNL:ALA:VdWContact': 1, 'UNL:ARG:HBAcceptor': 2, 'UNL:ARG:VdWContact': 2, 'UNL:ASN:HBAcceptor': 1, 'UNL:ASN:HBDonor': 1, 'UNL:ASN:VdWContact': 2, 'UNL:GLU:HBDonor': 1, 'UNL:GLU:VdWContact': 2, 'UNL:ILE:Hydrophobic': 1, 'UNL:LYS:HBAcceptor': 1, 'UNL:LYS:VdWContact': 1, 'UNL:PRO:VdWContact': 1, 'UNL:THR:HBAcceptor': 1, 'UNL:THR:VdWContact': 1}","{'UNL:ALA:VdWContact': 1, 'UNL:ARG:HBAcceptor': 2, 'UNL:ARG:VdWContact': 3, 'UNL:ASN:HBAcceptor': 1, 'UNL:ASN:VdWContact': 3, 'UNL:GLU:VdWContact': 1, 'UNL:ILE:Hydrophobic': 1, 'UNL:LYS:VdWContact': 1, 'UNL:PRO:Hydrophobic': 1, 'UNL:PRO:VdWContact': 1, 'UNL:THR:VdWContact': 1}"
226,Chai-1,4pfx_1_UDP_0,0.125,0.19999999999999998,"{'UNL:ARG:HBAcceptor': 2, 'UNL:ARG:HBDonor': 1, 'UNL:ARG:VdWContact': 2, 'UNL:GLY:HBAcceptor': 1, 'UNL:GLY:VdWContact': 3, 'UNL:HIS:HBAcceptor': 1, 'UNL:HIS:VdWContact': 1, 'UNL:LYS:VdWContact': 1, 'UNL:PRO:HBDonor': 1, 'UNL:PRO:VdWContact': 1, 'UNL:SER:HBDonor': 1, 'UNL:SER:VdWContact': 2, 'UNL:TYR:Hydrophobic': 1, 'UNL:TYR:VdWContact': 1}","{'UNL:ALA:HBAcceptor': 1, 'UNL:ALA:VdWContact': 1, 'UNL:ARG:HBAcceptor': 2, 'UNL:ARG:VdWContact': 3, 'UNL:GLY:HBAcceptor': 1, 'UNL:GLY:VdWContact': 2, 'UNL:HIS:HBAcceptor': 1, 'UNL:HIS:VdWContact': 1, 'UNL:LEU:VdWContact': 1, 'UNL:LYS:VdWContact': 1, 'UNL:PRO:VdWContact': 1, 'UNL:SER:HBAcceptor': 1, 'UNL:SER:VdWContact': 3, 'UNL:TYR:VdWContact': 1}"
227,Chai-1,2gah_1_NAD_0,0.3333333333333334,0.2941176470588236,"{'UNL:ALA:VdWContact': 2, 'UNL:ASN:HBAcceptor': 1, 'UNL:ASN:Hydrophobic': 2, 'UNL:ASN:VdWContact': 1, 'UNL:ASP:VdWContact': 1, 'UNL:GLU:VdWContact': 1, 'UNL:GLY:HBAcceptor': 1, 'UNL:GLY:HBDonor': 1, 'UNL:GLY:VdWContact': 4, 'UNL:HIS:HBAcceptor': 1, 'UNL:HIS:VdWContact': 1, 'UNL:LEU:VdWContact': 1, 'UNL:LYS:HBAcceptor': 1, 'UNL:LYS:VdWContact': 1, 'UNL:MET:HBAcceptor': 1, 'UNL:MET:VdWContact': 1, 'UNL:THR:VdWContact': 1, 'UNL:TRP:VdWContact': 1, 'UNL:VAL:HBAcceptor': 1, 'UNL:VAL:HBDonor': 1, 'UNL:VAL:VdWContact': 2}","{'UNL:ALA:HBAcceptor': 2, 'UNL:ALA:VdWContact': 3, 'UNL:ARG:HBAcceptor': 1, 'UNL:ARG:VdWContact': 1, 'UNL:ASP:VdWContact': 1, 'UNL:GLU:HBAcceptor': 1, 'UNL:GLU:VdWContact': 1, 'UNL:GLY:VdWContact': 3, 'UNL:LEU:Hydrophobic': 1, 'UNL:LEU:VdWContact': 1, 'UNL:PHE:Hydrophobic': 1, 'UNL:PRO:VdWContact': 1, 'UNL:THR:HBAcceptor': 1, 'UNL:THR:VdWContact': 4, 'UNL:VAL:HBAcceptor': 1, 'UNL:VAL:VdWContact': 1}"
228,Chai-1,4h2f_1_ADN_0,0.0,0.14285714285714285,"{'UNL:ARG:HBAcceptor': 1, 'UNL:ARG:VdWContact': 1, 'UNL:ASN:HBAcceptor': 1, 'UNL:ASN:VdWContact': 1, 'UNL:ASP:VdWContact': 1, 'UNL:GLY:VdWContact': 1, 'UNL:HIS:VdWContact': 1, 'UNL:LEU:VdWContact': 1}","{'UNL:ARG:HBAcceptor': 1, 'UNL:ARG:VdWContact': 1, 'UNL:ASN:HBAcceptor': 1, 'UNL:ASN:VdWContact': 1, 'UNL:ASP:VdWContact': 1, 'UNL:GLY:VdWContact': 1, 'UNL:PHE:VdWContact': 1}"
229,Chai-1,4u63_1_FAD_0,0.28571428571428564,0.1538461538461539,"{'UNL:ARG:Hydrophobic': 1, 'UNL:ARG:VdWContact': 2, 'UNL:ASN:HBAcceptor': 1, 'UNL:ASN:HBDonor': 2, 'UNL:ASN:Hydrophobic': 1, 'UNL:ASN:VdWContact': 3, 'UNL:ASP:HBAcceptor': 1, 'UNL:ASP:HBDonor': 1, 'UNL:ASP:VdWContact': 2, 'UNL:GLU:VdWContact': 1, 'UNL:ILE:VdWContact': 1, 'UNL:LEU:HBAcceptor': 1, 'UNL:LEU:VdWContact': 1, 'UNL:SER:HBAcceptor': 2, 'UNL:SER:VdWContact': 2, 'UNL:THR:VdWContact': 1, 'UNL:TYR:VdWContact': 1}","{'UNL:ALA:VdWContact': 1, 'UNL:ARG:HBAcceptor': 1, 'UNL:ARG:Hydrophobic': 1, 'UNL:ARG:VdWContact': 1, 'UNL:ASN:HBAcceptor': 1, 'UNL:ASN:Hydrophobic': 1, 'UNL:ASN:VdWContact': 3, 'UNL:ASP:HBAcceptor': 1, 'UNL:ASP:VdWContact': 2, 'UNL:GLU:VdWContact': 1, 'UNL:LEU:HBAcceptor': 1, 'UNL:LEU:VdWContact': 1, 'UNL:PHE:Hydrophobic': 1, 'UNL:SER:HBAcceptor': 2, 'UNL:SER:VdWContact': 2, 'UNL:THR:VdWContact': 1, 'UNL:TYR:VdWContact': 1}"
230,Chai-1,5fiu_1_Y3J_3,0.625,0.20000000000000007,"{'UNL:ALA:HBAcceptor': 1, 'UNL:ALA:VdWContact': 1, 'UNL:ARG:HBDonor': 1, 'UNL:ARG:VdWContact': 1, 'UNL:ASN:HBAcceptor': 1, 'UNL:ASN:HBDonor': 1, 'UNL:ASN:VdWContact': 1, 'UNL:ASP:HBDonor': 1, 'UNL:ASP:VdWContact': 1, 'UNL:PHE:VdWContact': 1, 'UNL:PRO:VdWContact': 1, 'UNL:SER:VdWContact': 1, 'UNL:THR:HBAcceptor': 1, 'UNL:THR:VdWContact': 1, 'UNL:TRP:HBDonor': 1, 'UNL:TRP:VdWContact': 1, 'UNL:TYR:HBAcceptor': 1, 'UNL:TYR:VdWContact': 2}","{'UNL:ALA:HBAcceptor': 1, 'UNL:ALA:VdWContact': 1, 'UNL:ARG:VdWContact': 1, 'UNL:ASN:HBAcceptor': 1, 'UNL:ASN:VdWContact': 1, 'UNL:ASP:VdWContact': 1, 'UNL:PHE:VdWContact': 2, 'UNL:PRO:VdWContact': 1, 'UNL:SER:VdWContact': 1, 'UNL:THR:VdWContact': 1, 'UNL:TRP:VdWContact': 2, 'UNL:TYR:HBAcceptor': 1, 'UNL:TYR:VdWContact': 2}"
231,Chai-1,3o7j_1_2AL_0,0.6,0.42857142857142855,"{'UNL:ALA:HBAcceptor': 1, 'UNL:ALA:VdWContact': 1, 'UNL:GLU:HBDonor': 1, 'UNL:GLU:VdWContact': 1, 'UNL:ILE:HBAcceptor': 1, 'UNL:ILE:VdWContact': 1, 'UNL:LEU:VdWContact': 1, 'UNL:PHE:HBDonor': 1, 'UNL:PHE:VdWContact': 1, 'UNL:PRO:HBDonor': 1, 'UNL:PRO:VdWContact': 1, 'UNL:SER:VdWContact': 1}","{'UNL:ALA:HBAcceptor': 1, 'UNL:ALA:VdWContact': 1, 'UNL:GLU:VdWContact': 1, 'UNL:ILE:HBAcceptor': 1, 'UNL:ILE:VdWContact': 2, 'UNL:LEU:VdWContact': 2, 'UNL:PHE:VdWContact': 1, 'UNL:PRO:VdWContact': 1}"
232,Chai-1,2v7v_1_5FD_0,0.5,0.19999999999999998,"{'UNL:ALA:HBAcceptor': 1, 'UNL:ALA:VdWContact': 1, 'UNL:ARG:HBDonor': 1, 'UNL:ARG:VdWContact': 1, 'UNL:ASN:HBAcceptor': 1, 'UNL:ASN:HBDonor': 1, 'UNL:ASN:VdWContact': 1, 'UNL:ASP:VdWContact': 1, 'UNL:PHE:VdWContact': 2, 'UNL:PRO:VdWContact': 1, 'UNL:SER:HBAcceptor': 1, 'UNL:SER:HBDonor': 1, 'UNL:SER:VdWContact': 1, 'UNL:THR:VdWContact': 1, 'UNL:TRP:VdWContact': 1, 'UNL:TYR:HBAcceptor': 1, 'UNL:TYR:HBDonor': 1, 'UNL:TYR:VdWContact': 1}","{'UNL:ALA:HBAcceptor': 1, 'UNL:ALA:VdWContact': 1, 'UNL:ARG:VdWContact': 1, 'UNL:ASN:HBAcceptor': 1, 'UNL:ASN:VdWContact': 1, 'UNL:ASP:VdWContact': 1, 'UNL:PHE:VdWContact': 1, 'UNL:PRO:VdWContact': 1, 'UNL:SER:HBAcceptor': 1, 'UNL:SER:VdWContact': 1, 'UNL:TRP:VdWContact': 1, 'UNL:TYR:HBAcceptor': 1, 'UNL:TYR:VdWContact': 1}"
233,Chai-1,4rhe_1_FMN_6,0.39999999999999997,0.19999999999999998,"{'UNL:ALA:VdWContact': 1, 'UNL:ARG:HBAcceptor': 1, 'UNL:ARG:HBDonor': 1, 'UNL:ARG:VdWContact': 1, 'UNL:GLY:HBAcceptor': 1, 'UNL:GLY:VdWContact': 1, 'UNL:SER:HBAcceptor': 1, 'UNL:SER:VdWContact': 4, 'UNL:THR:HBAcceptor': 1, 'UNL:THR:VdWContact': 3, 'UNL:TRP:Hydrophobic': 1, 'UNL:TRP:VdWContact': 2, 'UNL:TYR:Hydrophobic': 1}","{'UNL:ALA:VdWContact': 1, 'UNL:ARG:HBAcceptor': 1, 'UNL:ARG:VdWContact': 1, 'UNL:GLY:HBAcceptor': 1, 'UNL:GLY:VdWContact': 2, 'UNL:SER:HBAcceptor': 2, 'UNL:SER:VdWContact': 4, 'UNL:THR:HBAcceptor': 1, 'UNL:THR:VdWContact': 4, 'UNL:TRP:Hydrophobic': 1, 'UNL:TRP:VdWContact': 1, 'UNL:VAL:Hydrophobic': 1, 'UNL:VAL:VdWContact': 1}"
234,Chai-1,5fxf_1_BEZ_0,0.0,0.16666666666666666,"{'UNL:ARG:VdWContact': 1, 'UNL:TYR:HBAcceptor': 1, 'UNL:TYR:VdWContact': 2, 'UNL:VAL:Hydrophobic': 1, 'UNL:VAL:VdWContact': 1}","{'UNL:ILE:VdWContact': 1, 'UNL:LEU:VdWContact': 1, 'UNL:TYR:HBAcceptor': 1, 'UNL:TYR:VdWContact': 2, 'UNL:VAL:Hydrophobic': 1, 'UNL:VAL:VdWContact': 1}"
235,Chai-1,6qkr_1_FAD_0,0.39999999999999997,0.42105263157894735,"{'UNL:ARG:HBAcceptor': 1, 'UNL:ARG:VdWContact': 1, 'UNL:HIS:HBDonor': 1, 'UNL:HIS:VdWContact': 1, 'UNL:ILE:VdWContact': 3, 'UNL:PHE:Hydrophobic': 1, 'UNL:PHE:VdWContact': 3, 'UNL:TRP:VdWContact': 1, 'UNL:TYR:HBDonor': 1, 'UNL:TYR:VdWContact': 2, 'UNL:VAL:VdWContact': 1}","{'UNL:ALA:HBAcceptor': 1, 'UNL:ALA:VdWContact': 1, 'UNL:ASP:HBAcceptor': 1, 'UNL:ASP:VdWContact': 2, 'UNL:GLN:HBAcceptor': 1, 'UNL:GLU:HBAcceptor': 1, 'UNL:GLU:Hydrophobic': 1, 'UNL:GLU:VdWContact': 2, 'UNL:GLY:VdWContact': 4, 'UNL:ILE:Hydrophobic': 1, 'UNL:ILE:VdWContact': 1, 'UNL:LEU:HBAcceptor': 1, 'UNL:LEU:VdWContact': 1, 'UNL:LYS:HBAcceptor': 1, 'UNL:LYS:VdWContact': 2, 'UNL:PRO:VdWContact': 1, 'UNL:SER:HBAcceptor': 1, 'UNL:SER:VdWContact': 1, 'UNL:THR:VdWContact': 1, 'UNL:TRP:VdWContact': 1}"
236,Chai-1,3inr_1_GDU_0,0.75,0.4,"{'UNL:ARG:HBAcceptor': 2, 'UNL:ARG:VdWContact': 2, 'UNL:ASN:HBAcceptor': 1, 'UNL:ASN:VdWContact': 1, 'UNL:ILE:VdWContact': 1, 'UNL:PHE:HBDonor': 1, 'UNL:PHE:VdWContact': 2, 'UNL:THR:VdWContact': 1, 'UNL:TRP:HBAcceptor': 1, 'UNL:TRP:VdWContact': 1, 'UNL:TYR:Hydrophobic': 1, 'UNL:TYR:VdWContact': 4}","{'UNL:ASN:HBAcceptor': 1, 'UNL:ASN:VdWContact': 1, 'UNL:ASP:VdWContact': 1, 'UNL:LEU:VdWContact': 1, 'UNL:PHE:VdWContact': 2, 'UNL:THR:VdWContact': 1, 'UNL:TRP:HBAcceptor': 1, 'UNL:TRP:VdWContact': 1, 'UNL:TYR:VdWContact': 2}"
237,Chai-1,6ea9_1_9BG_0,0.375,0.375,"{'UNL:ALA:HBAcceptor': 1, 'UNL:ALA:VdWContact': 2, 'UNL:ARG:HBAcceptor': 2, 'UNL:ARG:VdWContact': 3, 'UNL:ASN:HBAcceptor': 1, 'UNL:ASN:VdWContact': 1, 'UNL:HIS:HBAcceptor': 1, 'UNL:HIS:VdWContact': 1, 'UNL:LYS:HBAcceptor': 1, 'UNL:LYS:VdWContact': 1, 'UNL:TYR:HBAcceptor': 1, 'UNL:TYR:VdWContact': 1, 'UNL:VAL:HBAcceptor': 1, 'UNL:VAL:VdWContact': 1}","{'UNL:ALA:HBAcceptor': 1, 'UNL:ALA:VdWContact': 3, 'UNL:ARG:HBAcceptor': 2, 'UNL:ARG:VdWContact': 2, 'UNL:GLN:HBAcceptor': 1, 'UNL:GLN:VdWContact': 2, 'UNL:HIS:VdWContact': 1, 'UNL:LYS:VdWContact': 2, 'UNL:TYR:VdWContact': 1, 'UNL:VAL:HBAcceptor': 1, 'UNL:VAL:VdWContact': 2}"
238,Chai-1,6wyz_1_DGL_1,0.0,1.0,"{'UNL:ASP:HBAcceptor': 1, 'UNL:ASP:VdWContact': 1, 'UNL:GLU:VdWContact': 1, 'UNL:GLY:VdWContact': 1, 'UNL:SER:HBAcceptor': 1, 'UNL:SER:VdWContact': 1, 'UNL:THR:HBAcceptor': 2, 'UNL:THR:VdWContact': 2}","{'UNL:ASP:HBAcceptor': 1, 'UNL:ASP:VdWContact': 1, 'UNL:GLU:VdWContact': 1, 'UNL:GLY:VdWContact': 3, 'UNL:SER:HBAcceptor': 1, 'UNL:SER:VdWContact': 3, 'UNL:THR:HBAcceptor': 2, 'UNL:THR:VdWContact': 3}"
239,Chai-1,2v7t_1_SAH_4,0.5714285714285714,0.18181818181818185,"{'UNL:ALA:HBAcceptor': 1, 'UNL:ALA:VdWContact': 1, 'UNL:ARG:HBAcceptor': 1, 'UNL:ARG:HBDonor': 1, 'UNL:ARG:VdWContact': 2, 'UNL:ASN:HBAcceptor': 1, 'UNL:ASN:HBDonor': 1, 'UNL:ASN:VdWContact': 1, 'UNL:ASP:VdWContact': 2, 'UNL:PHE:Hydrophobic': 1, 'UNL:PHE:VdWContact': 2, 'UNL:PRO:VdWContact': 1, 'UNL:SER:HBDonor': 2, 'UNL:SER:VdWContact': 2, 'UNL:THR:VdWContact': 1, 'UNL:TRP:VdWContact': 1, 'UNL:TYR:HBAcceptor': 1, 'UNL:TYR:VdWContact': 1}","{'UNL:ALA:HBAcceptor': 1, 'UNL:ALA:VdWContact': 1, 'UNL:ARG:HBAcceptor': 1, 'UNL:ARG:VdWContact': 2, 'UNL:ASN:HBAcceptor': 1, 'UNL:ASN:VdWContact': 1, 'UNL:ASP:VdWContact': 2, 'UNL:PHE:Hydrophobic': 1, 'UNL:PRO:VdWContact': 1, 'UNL:SER:VdWContact': 2, 'UNL:THR:VdWContact': 1, 'UNL:TRP:VdWContact': 3, 'UNL:TYR:HBAcceptor': 1, 'UNL:TYR:VdWContact': 1}"
240,Chai-1,5hw0_1_GLU_2,0.25,0.16666666666666666,"{'UNL:ALA:VdWContact': 1, 'UNL:ASP:HBAcceptor': 1, 'UNL:ASP:VdWContact': 1, 'UNL:GLU:VdWContact': 1, 'UNL:GLY:VdWContact': 2, 'UNL:SER:HBAcceptor': 1, 'UNL:SER:HBDonor': 1, 'UNL:SER:VdWContact': 2, 'UNL:THR:HBAcceptor': 2, 'UNL:THR:VdWContact': 2}","{'UNL:ASP:HBAcceptor': 1, 'UNL:ASP:VdWContact': 1, 'UNL:GLU:VdWContact': 1, 'UNL:GLY:VdWContact': 2, 'UNL:SER:HBAcceptor': 1, 'UNL:SER:VdWContact': 2, 'UNL:THR:HBAcceptor': 2, 'UNL:THR:VdWContact': 2}"
241,Chai-1,2q37_1_3AL_0,0.6,0.28571428571428575,"{'UNL:ALA:HBAcceptor': 1, 'UNL:ALA:VdWContact': 1, 'UNL:ARG:VdWContact': 1, 'UNL:GLU:VdWContact': 1, 'UNL:HIS:VdWContact': 1, 'UNL:ILE:HBAcceptor': 1, 'UNL:ILE:HBDonor': 1, 'UNL:ILE:VdWContact': 3, 'UNL:PHE:HBDonor': 1, 'UNL:PHE:VdWContact': 1, 'UNL:PRO:HBDonor': 1, 'UNL:PRO:VdWContact': 1}","{'UNL:ALA:HBAcceptor': 1, 'UNL:ALA:VdWContact': 1, 'UNL:GLU:VdWContact': 1, 'UNL:HIS:VdWContact': 1, 'UNL:ILE:HBAcceptor': 1, 'UNL:ILE:VdWContact': 4, 'UNL:PHE:VdWContact': 1, 'UNL:PRO:VdWContact': 1}"
242,Chai-1,4phs_1_UDP_0,0.2,0.1,"{'UNL:ALA:HBAcceptor': 1, 'UNL:ALA:VdWContact': 1, 'UNL:ARG:HBAcceptor': 2, 'UNL:ARG:VdWContact': 2, 'UNL:GLY:HBAcceptor': 1, 'UNL:GLY:VdWContact': 3, 'UNL:HIS:HBAcceptor': 1, 'UNL:HIS:VdWContact': 1, 'UNL:LEU:VdWContact': 1, 'UNL:LYS:VdWContact': 1, 'UNL:PRO:HBDonor': 1, 'UNL:PRO:VdWContact': 1, 'UNL:SER:VdWContact': 3, 'UNL:TYR:Hydrophobic': 1, 'UNL:TYR:VdWContact': 1}","{'UNL:ALA:HBAcceptor': 1, 'UNL:ALA:VdWContact': 1, 'UNL:ARG:HBAcceptor': 2, 'UNL:ARG:VdWContact': 2, 'UNL:GLY:HBAcceptor': 1, 'UNL:GLY:VdWContact': 3, 'UNL:HIS:HBAcceptor': 1, 'UNL:HIS:VdWContact': 1, 'UNL:LEU:VdWContact': 1, 'UNL:LYS:VdWContact': 1, 'UNL:PRO:VdWContact': 1, 'UNL:SER:VdWContact': 3, 'UNL:TYR:VdWContact': 1}"
243,Chai-1,4xfm_1_THE_0,0.5,0.25,"{'UNL:ARG:HBAcceptor': 1, 'UNL:ARG:VdWContact': 1, 'UNL:ASP:HBDonor': 1, 'UNL:ASP:VdWContact': 3, 'UNL:LYS:HBAcceptor': 1, 'UNL:LYS:VdWContact': 1, 'UNL:SER:HBAcceptor': 1, 'UNL:SER:VdWContact': 1}","{'UNL:ARG:HBAcceptor': 1, 'UNL:ARG:VdWContact': 1, 'UNL:ASP:VdWContact': 2, 'UNL:LYS:VdWContact': 1, 'UNL:SER:HBAcceptor': 1, 'UNL:SER:VdWContact': 1}"
244,Chai-1,6xb3_3_9BG_1,0.4999999999999999,0.7777777777777779,"{'UNL:ARG:HBAcceptor': 2, 'UNL:ARG:VdWContact': 3, 'UNL:GLN:HBAcceptor': 1, 'UNL:GLN:HBDonor': 1, 'UNL:GLN:VdWContact': 1, 'UNL:HIS:VdWContact': 2, 'UNL:ILE:VdWContact': 1, 'UNL:LYS:HBAcceptor': 1, 'UNL:LYS:VdWContact': 1, 'UNL:SER:VdWContact': 1, 'UNL:TRP:VdWContact': 1, 'UNL:TYR:VdWContact': 1, 'UNL:VAL:HBAcceptor': 1, 'UNL:VAL:VdWContact': 1}","{'UNL:ARG:HBAcceptor': 4, 'UNL:ARG:VdWContact': 5, 'UNL:GLN:HBAcceptor': 1, 'UNL:GLN:VdWContact': 1, 'UNL:HIS:VdWContact': 3, 'UNL:ILE:VdWContact': 2, 'UNL:LYS:VdWContact': 1, 'UNL:SER:HBAcceptor': 1, 'UNL:SER:VdWContact': 2, 'UNL:TYR:VdWContact': 1, 'UNL:VAL:HBAcceptor': 1, 'UNL:VAL:VdWContact': 2}"
245,Chai-1,4kgx_1_CTP_5,0.6666666666666666,0.16666666666666666,"{'UNL:ASP:VdWContact': 1, 'UNL:HIS:HBAcceptor': 1, 'UNL:HIS:VdWContact': 1, 'UNL:ILE:HBAcceptor': 1, 'UNL:ILE:HBDonor': 1, 'UNL:ILE:VdWContact': 1, 'UNL:LYS:HBAcceptor': 1, 'UNL:LYS:HBDonor': 1, 'UNL:LYS:VdWContact': 2, 'UNL:TYR:HBDonor': 1, 'UNL:TYR:VdWContact': 1, 'UNL:VAL:VdWContact': 2}","{'UNL:ASP:VdWContact': 1, 'UNL:HIS:HBAcceptor': 1, 'UNL:HIS:VdWContact': 1, 'UNL:ILE:HBAcceptor': 1, 'UNL:ILE:VdWContact': 2, 'UNL:LYS:VdWContact': 2, 'UNL:TYR:VdWContact': 1}"
246,Chai-1,3se5_1_ANP_2,0.5,0.1111111111111111,"{'UNL:ARG:HBAcceptor': 2, 'UNL:ARG:VdWContact': 2, 'UNL:ASN:HBAcceptor': 2, 'UNL:ASN:HBDonor': 1, 'UNL:ASN:VdWContact': 2, 'UNL:GLU:HBDonor': 1, 'UNL:GLU:VdWContact': 2, 'UNL:GLY:HBAcceptor': 2, 'UNL:GLY:HBDonor': 1, 'UNL:GLY:VdWContact': 2, 'UNL:HIS:VdWContact': 1, 'UNL:LYS:VdWContact': 1, 'UNL:TYR:VdWContact': 1}","{'UNL:ARG:HBAcceptor': 2, 'UNL:ARG:VdWContact': 2, 'UNL:ASN:HBAcceptor': 2, 'UNL:ASN:VdWContact': 2, 'UNL:GLY:HBAcceptor': 2, 'UNL:GLY:VdWContact': 2, 'UNL:HIS:VdWContact': 1, 'UNL:LYS:VdWContact': 2, 'UNL:MET:VdWContact': 1, 'UNL:PHE:VdWContact': 1, 'UNL:TYR:VdWContact': 1}"
247,Chai-1,2v7u_1_SAM_2,0.5,0.41666666666666674,"{'UNL:ALA:HBAcceptor': 1, 'UNL:ALA:VdWContact': 1, 'UNL:ARG:HBAcceptor': 1, 'UNL:ARG:HBDonor': 1, 'UNL:ARG:VdWContact': 2, 'UNL:ASN:HBAcceptor': 1, 'UNL:ASN:HBDonor': 1, 'UNL:ASN:VdWContact': 1, 'UNL:ASP:VdWContact': 2, 'UNL:LEU:VdWContact': 1, 'UNL:PHE:Hydrophobic': 1, 'UNL:PHE:VdWContact': 2, 'UNL:PRO:VdWContact': 1, 'UNL:SER:HBDonor': 1, 'UNL:SER:VdWContact': 2, 'UNL:THR:VdWContact': 1, 'UNL:TRP:VdWContact': 1, 'UNL:TYR:HBAcceptor': 1, 'UNL:TYR:HBDonor': 1, 'UNL:TYR:VdWContact': 1}","{'UNL:ALA:HBAcceptor': 1, 'UNL:ALA:VdWContact': 1, 'UNL:ARG:HBAcceptor': 1, 'UNL:ARG:VdWContact': 2, 'UNL:ASN:HBAcceptor': 1, 'UNL:ASN:VdWContact': 1, 'UNL:ASP:VdWContact': 2, 'UNL:PRO:VdWContact': 1, 'UNL:SER:VdWContact': 1, 'UNL:THR:VdWContact': 1, 'UNL:TRP:VdWContact': 3, 'UNL:TYR:HBAcceptor': 1, 'UNL:TYR:VdWContact': 1}"
248,Chai-1,4uuw_1_AMP_0,0.75,0.6000000000000001,"{'UNL:ASN:HBAcceptor': 1, 'UNL:ASN:VdWContact': 1, 'UNL:ASP:HBDonor': 1, 'UNL:ASP:VdWContact': 1, 'UNL:GLY:HBAcceptor': 2, 'UNL:GLY:VdWContact': 2, 'UNL:PRO:VdWContact': 1, 'UNL:THR:HBAcceptor': 1, 'UNL:THR:VdWContact': 2}","{'UNL:ASN:HBAcceptor': 1, 'UNL:ASN:VdWContact': 1, 'UNL:ASP:VdWContact': 1, 'UNL:THR:HBAcceptor': 1, 'UNL:THR:VdWContact': 2}"
249,Chai-1,4phr_1_UDP_0,0.5,0.39999999999999997,"{'UNL:ALA:HBAcceptor': 1, 'UNL:ALA:VdWContact': 1, 'UNL:ARG:HBAcceptor': 2, 'UNL:ARG:HBDonor': 1, 'UNL:ARG:VdWContact': 2, 'UNL:GLY:HBAcceptor': 1, 'UNL:GLY:VdWContact': 3, 'UNL:HIS:HBAcceptor': 1, 'UNL:HIS:HBDonor': 1, 'UNL:HIS:VdWContact': 1, 'UNL:LEU:VdWContact': 1, 'UNL:LYS:VdWContact': 1, 'UNL:PRO:HBDonor': 1, 'UNL:PRO:VdWContact': 1, 'UNL:SER:HBDonor': 1, 'UNL:SER:VdWContact': 3, 'UNL:TYR:Hydrophobic': 1, 'UNL:TYR:VdWContact': 1}","{'UNL:ALA:HBAcceptor': 1, 'UNL:ALA:VdWContact': 1, 'UNL:ARG:HBAcceptor': 2, 'UNL:ARG:VdWContact': 3, 'UNL:GLY:HBAcceptor': 1, 'UNL:GLY:VdWContact': 2, 'UNL:HIS:HBAcceptor': 1, 'UNL:HIS:VdWContact': 1, 'UNL:LYS:VdWContact': 1, 'UNL:PRO:VdWContact': 1, 'UNL:SER:VdWContact': 2}"
250,Chai-1,1hg0_1_SIN_1,0.0,1.0,"{'UNL:ALA:VdWContact': 1, 'UNL:ASP:HBAcceptor': 1, 'UNL:ASP:Hydrophobic': 1, 'UNL:ASP:VdWContact': 1, 'UNL:GLY:VdWContact': 1, 'UNL:SER:HBAcceptor': 1, 'UNL:SER:VdWContact': 1, 'UNL:THR:HBAcceptor': 2, 'UNL:THR:VdWContact': 2}","{'UNL:ALA:VdWContact': 2, 'UNL:ASP:HBAcceptor': 1, 'UNL:ASP:VdWContact': 2, 'UNL:GLY:VdWContact': 3, 'UNL:SER:HBAcceptor': 1, 'UNL:SER:VdWContact': 1, 'UNL:THR:HBAcceptor': 2, 'UNL:THR:VdWContact': 3}"
251,Chai-1,1qaw_1_TRP_7,0.6,0.27272727272727276,"{'UNL:ALA:VdWContact': 1, 'UNL:ARG:VdWContact': 1, 'UNL:GLN:HBDonor': 1, 'UNL:GLN:VdWContact': 1, 'UNL:GLY:HBAcceptor': 1, 'UNL:GLY:VdWContact': 1, 'UNL:HIS:Hydrophobic': 1, 'UNL:ILE:Hydrophobic': 1, 'UNL:ILE:VdWContact': 1, 'UNL:SER:HBAcceptor': 1, 'UNL:SER:VdWContact': 1, 'UNL:THR:HBAcceptor': 1, 'UNL:THR:HBDonor': 2, 'UNL:THR:VdWContact': 4}","{'UNL:ALA:Hydrophobic': 1, 'UNL:ARG:VdWContact': 1, 'UNL:GLN:VdWContact': 1, 'UNL:GLY:HBAcceptor': 1, 'UNL:GLY:VdWContact': 1, 'UNL:HIS:VdWContact': 1, 'UNL:SER:HBAcceptor': 1, 'UNL:SER:VdWContact': 1, 'UNL:THR:HBAcceptor': 1, 'UNL:THR:VdWContact': 3}"
252,Boltz-1-Single-Seq,3s6a_1_ANP_0,0.5,0.25,"{'UNL:ARG:HBAcceptor': 2, 'UNL:ARG:VdWContact': 2, 'UNL:ASN:HBAcceptor': 2, 'UNL:ASN:HBDonor': 1, 'UNL:ASN:VdWContact': 2, 'UNL:GLU:VdWContact': 2, 'UNL:GLY:HBAcceptor': 1, 'UNL:GLY:HBDonor': 1, 'UNL:GLY:VdWContact': 2, 'UNL:HIS:VdWContact': 1, 'UNL:LYS:HBDonor': 1, 'UNL:LYS:VdWContact': 1, 'UNL:MET:VdWContact': 1, 'UNL:PHE:VdWContact': 1}","{'UNL:ARG:HBAcceptor': 1, 'UNL:ARG:VdWContact': 1, 'UNL:ASN:HBAcceptor': 2, 'UNL:ASN:VdWContact': 2, 'UNL:GLU:VdWContact': 2, 'UNL:GLY:HBAcceptor': 2, 'UNL:GLY:VdWContact': 2, 'UNL:HIS:VdWContact': 1, 'UNL:LYS:VdWContact': 1, 'UNL:MET:VdWContact': 1}"
253,Boltz-1-Single-Seq,1v2g_1_OCA_0,0.5,0.5,"{'UNL:ASN:HBAcceptor': 1, 'UNL:ASN:VdWContact': 1, 'UNL:ASP:VdWContact': 1, 'UNL:GLY:HBAcceptor': 1, 'UNL:GLY:HBDonor': 1, 'UNL:GLY:VdWContact': 2, 'UNL:HIS:VdWContact': 1, 'UNL:LEU:Hydrophobic': 1, 'UNL:PHE:VdWContact': 1, 'UNL:PRO:VdWContact': 1, 'UNL:SER:HBAcceptor': 1, 'UNL:SER:VdWContact': 1}","{'UNL:ASN:VdWContact': 1, 'UNL:ASP:VdWContact': 2, 'UNL:GLY:HBAcceptor': 1, 'UNL:GLY:VdWContact': 1, 'UNL:HIS:VdWContact': 1, 'UNL:SER:HBAcceptor': 1, 'UNL:SER:VdWContact': 2}"
254,Boltz-1-Single-Seq,2r4e_1_13P_0,0.5,0.125,"{'UNL:ARG:HBAcceptor': 2, 'UNL:ARG:VdWContact': 3, 'UNL:GLY:VdWContact': 1, 'UNL:PHE:VdWContact': 1, 'UNL:SER:HBDonor': 1, 'UNL:SER:VdWContact': 1, 'UNL:THR:VdWContact': 2}","{'UNL:ARG:HBAcceptor': 3, 'UNL:ARG:VdWContact': 4, 'UNL:ASP:VdWContact': 1, 'UNL:ILE:HBAcceptor': 1, 'UNL:ILE:VdWContact': 1, 'UNL:THR:HBAcceptor': 1, 'UNL:THR:VdWContact': 2, 'UNL:TYR:VdWContact': 1}"
255,Boltz-1-Single-Seq,4cdn_2_FAD_0,0.6000000000000001,0.14285714285714282,"{'UNL:ARG:Hydrophobic': 1, 'UNL:ARG:VdWContact': 1, 'UNL:ASN:HBAcceptor': 2, 'UNL:ASN:HBDonor': 1, 'UNL:ASN:VdWContact': 3, 'UNL:ASP:HBDonor': 1, 'UNL:ASP:VdWContact': 1, 'UNL:GLU:VdWContact': 1, 'UNL:GLY:VdWContact': 2, 'UNL:ILE:Hydrophobic': 1, 'UNL:ILE:VdWContact': 1, 'UNL:LEU:VdWContact': 2, 'UNL:LYS:VdWContact': 2, 'UNL:PHE:VdWContact': 1, 'UNL:SER:HBAcceptor': 2, 'UNL:SER:VdWContact': 3, 'UNL:TRP:VdWContact': 1}","{'UNL:ARG:HBAcceptor': 1, 'UNL:ARG:Hydrophobic': 1, 'UNL:ARG:VdWContact': 1, 'UNL:ASN:HBAcceptor': 3, 'UNL:ASN:VdWContact': 3, 'UNL:ASP:VdWContact': 1, 'UNL:GLU:VdWContact': 1, 'UNL:GLY:VdWContact': 2, 'UNL:ILE:Hydrophobic': 1, 'UNL:LEU:VdWContact': 3, 'UNL:LYS:VdWContact': 2, 'UNL:PHE:VdWContact': 1, 'UNL:SER:HBAcceptor': 1, 'UNL:SER:VdWContact': 3, 'UNL:TYR:VdWContact': 1}"
256,Boltz-1-Single-Seq,5k45_2_GLU_1,0.25,0.5,"{'UNL:ASN:HBDonor': 1, 'UNL:ASN:VdWContact': 1, 'UNL:ASP:VdWContact': 1, 'UNL:GLN:VdWContact': 1, 'UNL:GLU:VdWContact': 1, 'UNL:GLY:VdWContact': 2, 'UNL:SER:HBAcceptor': 1, 'UNL:SER:VdWContact': 1, 'UNL:THR:HBAcceptor': 2, 'UNL:THR:VdWContact': 2, 'UNL:TYR:VdWContact': 1}","{'UNL:ASP:HBAcceptor': 1, 'UNL:ASP:VdWContact': 1, 'UNL:GLU:VdWContact': 1, 'UNL:GLY:VdWContact': 2, 'UNL:SER:HBAcceptor': 1, 'UNL:SER:VdWContact': 1, 'UNL:THR:HBAcceptor': 1, 'UNL:THR:VdWContact': 1}"
257,Boltz-1-Single-Seq,2zcz_2_TRP_3,0.6,0.29999999999999993,"{'UNL:ARG:VdWContact': 1, 'UNL:GLN:HBDonor': 1, 'UNL:GLN:VdWContact': 1, 'UNL:GLY:HBAcceptor': 1, 'UNL:GLY:VdWContact': 1, 'UNL:HIS:VdWContact': 1, 'UNL:ILE:Hydrophobic': 1, 'UNL:ILE:VdWContact': 1, 'UNL:SER:HBAcceptor': 1, 'UNL:SER:VdWContact': 1, 'UNL:THR:HBAcceptor': 1, 'UNL:THR:HBDonor': 1, 'UNL:THR:VdWContact': 4}","{'UNL:ALA:Hydrophobic': 1, 'UNL:ARG:VdWContact': 1, 'UNL:ASP:VdWContact': 1, 'UNL:GLN:VdWContact': 1, 'UNL:GLY:HBAcceptor': 1, 'UNL:GLY:VdWContact': 1, 'UNL:SER:VdWContact': 1, 'UNL:THR:HBAcceptor': 1, 'UNL:THR:VdWContact': 6}"
258,Boltz-1-Single-Seq,5k3o_2_ASP_0,0.5,0.5555555555555556,"{'UNL:ALA:HBDonor': 1, 'UNL:ALA:VdWContact': 1, 'UNL:ASN:VdWContact': 1, 'UNL:ASP:HBAcceptor': 1, 'UNL:ASP:VdWContact': 1, 'UNL:GLN:HBDonor': 1, 'UNL:GLN:VdWContact': 1, 'UNL:GLU:VdWContact': 1, 'UNL:GLY:VdWContact': 3, 'UNL:SER:HBAcceptor': 1, 'UNL:SER:HBDonor': 1, 'UNL:SER:VdWContact': 1, 'UNL:THR:HBAcceptor': 2, 'UNL:THR:VdWContact': 2, 'UNL:TYR:VdWContact': 1}","{'UNL:ALA:VdWContact': 1, 'UNL:ASP:HBAcceptor': 1, 'UNL:ASP:VdWContact': 1, 'UNL:GLU:VdWContact': 1, 'UNL:GLY:VdWContact': 4, 'UNL:SER:HBAcceptor': 1, 'UNL:SER:VdWContact': 2, 'UNL:THR:HBAcceptor': 2, 'UNL:THR:VdWContact': 2}"
259,Boltz-1-Single-Seq,5ida_1_BMA_0,0.6666666666666666,0.16666666666666666,"{'UNL:ALA:HBAcceptor': 1, 'UNL:ALA:VdWContact': 1, 'UNL:GLU:VdWContact': 1, 'UNL:LYS:HBAcceptor': 1, 'UNL:LYS:HBDonor': 1, 'UNL:LYS:VdWContact': 1, 'UNL:PHE:VdWContact': 1, 'UNL:TYR:VdWContact': 1}","{'UNL:ALA:HBAcceptor': 1, 'UNL:ALA:VdWContact': 1, 'UNL:ASP:VdWContact': 1, 'UNL:GLU:VdWContact': 1, 'UNL:LYS:VdWContact': 1}"
260,Boltz-1-Single-Seq,1tke_1_SER_0,0.33333333333333337,0.6666666666666666,"{'UNL:CYS:VdWContact': 1, 'UNL:GLY:HBDonor': 1, 'UNL:GLY:VdWContact': 1, 'UNL:HIS:HBAcceptor': 1, 'UNL:HIS:VdWContact': 2, 'UNL:LYS:VdWContact': 1, 'UNL:MET:VdWContact': 1, 'UNL:TYR:VdWContact': 1}","{'UNL:CYS:VdWContact': 2, 'UNL:GLY:HBAcceptor': 1, 'UNL:GLY:VdWContact': 1, 'UNL:HIS:HBAcceptor': 2, 'UNL:HIS:VdWContact': 3, 'UNL:MET:VdWContact': 1}"
261,Boltz-1-Single-Seq,6paa_1_ASP_2,0.3333333333333333,0.375,"{'UNL:ASN:VdWContact': 1, 'UNL:ASP:HBAcceptor': 1, 'UNL:ASP:HBDonor': 1, 'UNL:ASP:VdWContact': 1, 'UNL:GLN:VdWContact': 1, 'UNL:GLU:VdWContact': 1, 'UNL:GLY:VdWContact': 2, 'UNL:SER:HBAcceptor': 1, 'UNL:SER:HBDonor': 1, 'UNL:SER:VdWContact': 1, 'UNL:THR:HBAcceptor': 1, 'UNL:THR:VdWContact': 1, 'UNL:VAL:HBAcceptor': 1, 'UNL:VAL:VdWContact': 1}","{'UNL:ASP:HBAcceptor': 1, 'UNL:ASP:VdWContact': 1, 'UNL:GLU:VdWContact': 1, 'UNL:GLY:VdWContact': 3, 'UNL:SER:HBAcceptor': 1, 'UNL:SER:VdWContact': 1, 'UNL:THR:HBAcceptor': 1, 'UNL:THR:VdWContact': 1, 'UNL:VAL:HBAcceptor': 1, 'UNL:VAL:VdWContact': 1}"
262,Boltz-1-Single-Seq,6o6y_1_ACK_0,0.6666666666666666,1.0,"{'UNL:ALA:HBAcceptor': 1, 'UNL:ALA:VdWContact': 1, 'UNL:ASN:HBAcceptor': 1, 'UNL:ASN:VdWContact': 2, 'UNL:GLU:VdWContact': 1, 'UNL:HIS:VdWContact': 1, 'UNL:LEU:HBDonor': 1, 'UNL:LEU:VdWContact': 1, 'UNL:PHE:VdWContact': 1}","{'UNL:ALA:HBAcceptor': 1, 'UNL:ALA:VdWContact': 1, 'UNL:GLU:VdWContact': 2, 'UNL:LEU:VdWContact': 4}"
263,Boltz-1-Single-Seq,3wrb_1_GDE_0,0.3333333333333333,0.33333333333333337,"{'UNL:GLU:HBDonor': 1, 'UNL:GLU:VdWContact': 2, 'UNL:HIS:VdWContact': 1, 'UNL:PHE:VdWContact': 2, 'UNL:PRO:VdWContact': 1, 'UNL:THR:HBDonor': 1, 'UNL:THR:VdWContact': 2, 'UNL:TYR:VdWContact': 1}","{'UNL:ASN:HBAcceptor': 1, 'UNL:ASN:VdWContact': 1, 'UNL:GLU:VdWContact': 1, 'UNL:PRO:Hydrophobic': 1, 'UNL:THR:VdWContact': 1, 'UNL:TYR:VdWContact': 1, 'UNL:VAL:Hydrophobic': 1}"
264,Boltz-1-Single-Seq,6ep5_1_ADP_1,0.6,0.25,"{'UNL:ARG:HBAcceptor': 2, 'UNL:ARG:VdWContact': 2, 'UNL:ASN:HBAcceptor': 2, 'UNL:ASN:VdWContact': 2, 'UNL:GLU:HBDonor': 1, 'UNL:GLU:VdWContact': 2, 'UNL:GLY:HBAcceptor': 1, 'UNL:GLY:VdWContact': 2, 'UNL:HIS:VdWContact': 1, 'UNL:LYS:HBAcceptor': 1, 'UNL:LYS:VdWContact': 1}","{'UNL:ARG:HBAcceptor': 2, 'UNL:ARG:VdWContact': 2, 'UNL:ASN:HBAcceptor': 2, 'UNL:ASN:VdWContact': 2, 'UNL:GLU:VdWContact': 2, 'UNL:GLY:HBAcceptor': 2, 'UNL:GLY:VdWContact': 2, 'UNL:HIS:VdWContact': 1, 'UNL:LYS:VdWContact': 1, 'UNL:MET:VdWContact': 1, 'UNL:TYR:VdWContact': 1}"
265,Boltz-1-Single-Seq,2vfu_1_MTL_0,0.0,0.0,"{'UNL:ARG:VdWContact': 1, 'UNL:GLN:VdWContact': 1, 'UNL:GLU:VdWContact': 2, 'UNL:HIS:HBDonor': 1, 'UNL:HIS:VdWContact': 1, 'UNL:LYS:VdWContact': 1, 'UNL:PHE:VdWContact': 1, 'UNL:SER:HBAcceptor': 1, 'UNL:SER:HBDonor': 1, 'UNL:SER:VdWContact': 2, 'UNL:THR:VdWContact': 1}","{'UNL:ARG:HBAcceptor': 1, 'UNL:ARG:VdWContact': 1, 'UNL:GLU:VdWContact': 1, 'UNL:HIS:VdWContact': 2, 'UNL:LYS:VdWContact': 2, 'UNL:PHE:VdWContact': 1, 'UNL:PRO:VdWContact': 1, 'UNL:SER:HBAcceptor': 1, 'UNL:SER:VdWContact': 1, 'UNL:THR:HBAcceptor': 1, 'UNL:THR:VdWContact': 1}"
266,Boltz-1-Single-Seq,2hs3_1_FGR_0,0.8,0.46153846153846145,"{'UNL:ASP:VdWContact': 1, 'UNL:GLU:VdWContact': 1, 'UNL:GLY:HBAcceptor': 3, 'UNL:GLY:VdWContact': 4, 'UNL:LYS:VdWContact': 1, 'UNL:PHE:VdWContact': 1, 'UNL:VAL:VdWContact': 1}","{'UNL:ALA:HBAcceptor': 1, 'UNL:ALA:VdWContact': 1, 'UNL:ARG:VdWContact': 1, 'UNL:ASN:HBAcceptor': 1, 'UNL:ASN:VdWContact': 1, 'UNL:GLN:VdWContact': 2, 'UNL:GLU:VdWContact': 1, 'UNL:GLY:VdWContact': 1, 'UNL:HIS:HBAcceptor': 2, 'UNL:HIS:VdWContact': 3, 'UNL:SER:HBAcceptor': 1, 'UNL:SER:VdWContact': 2, 'UNL:THR:VdWContact': 1}"
267,Boltz-1-Single-Seq,3jqm_1_GTP_5,1.0,1.0909090909090908,"{'UNL:ARG:HBAcceptor': 1, 'UNL:ARG:VdWContact': 1, 'UNL:CYS:VdWContact': 1, 'UNL:GLU:HBDonor': 1, 'UNL:GLU:VdWContact': 2, 'UNL:GLY:HBAcceptor': 1, 'UNL:GLY:HBDonor': 1, 'UNL:GLY:VdWContact': 2, 'UNL:HIS:HBAcceptor': 1, 'UNL:HIS:HBDonor': 1, 'UNL:HIS:VdWContact': 1, 'UNL:LEU:VdWContact': 1, 'UNL:LYS:HBAcceptor': 2, 'UNL:LYS:HBDonor': 1, 'UNL:LYS:VdWContact': 2, 'UNL:MET:HBAcceptor': 1, 'UNL:MET:VdWContact': 1, 'UNL:SER:HBAcceptor': 1, 'UNL:SER:VdWContact': 1, 'UNL:THR:HBAcceptor': 1, 'UNL:THR:VdWContact': 1, 'UNL:VAL:VdWContact': 1}","{'UNL:HIS:HBAcceptor': 1, 'UNL:HIS:VdWContact': 1, 'UNL:VAL:VdWContact': 1}"
268,Boltz-1-Single-Seq,3eca_1_ASP_3,0.2857142857142857,0.5555555555555556,"{'UNL:ALA:VdWContact': 1, 'UNL:ASN:VdWContact': 1, 'UNL:ASP:HBAcceptor': 1, 'UNL:ASP:VdWContact': 1, 'UNL:GLN:HBDonor': 1, 'UNL:GLN:VdWContact': 1, 'UNL:GLU:HBDonor': 1, 'UNL:GLU:VdWContact': 1, 'UNL:GLY:VdWContact': 2, 'UNL:SER:HBAcceptor': 1, 'UNL:SER:HBDonor': 1, 'UNL:SER:VdWContact': 1, 'UNL:THR:HBAcceptor': 2, 'UNL:THR:VdWContact': 2, 'UNL:TYR:VdWContact': 1}","{'UNL:ASP:HBAcceptor': 1, 'UNL:ASP:VdWContact': 2, 'UNL:GLN:HBAcceptor': 1, 'UNL:GLN:VdWContact': 1, 'UNL:GLU:VdWContact': 1, 'UNL:GLY:VdWContact': 2, 'UNL:SER:HBAcceptor': 1, 'UNL:SER:VdWContact': 2, 'UNL:THR:HBAcceptor': 2, 'UNL:THR:VdWContact': 2}"
269,Boltz-1-Single-Seq,2ze9_1_PD7_0,0.5,0.1111111111111111,"{'UNL:ALA:VdWContact': 1, 'UNL:ASN:HBAcceptor': 1, 'UNL:ASN:VdWContact': 1, 'UNL:HIS:VdWContact': 1, 'UNL:LEU:VdWContact': 2, 'UNL:LYS:HBAcceptor': 2, 'UNL:LYS:HBDonor': 1, 'UNL:LYS:VdWContact': 2, 'UNL:TRP:HBAcceptor': 1, 'UNL:TRP:VdWContact': 1, 'UNL:VAL:Hydrophobic': 1, 'UNL:VAL:VdWContact': 1}","{'UNL:ALA:VdWContact': 1, 'UNL:ASN:HBAcceptor': 2, 'UNL:ASN:VdWContact': 2, 'UNL:HIS:VdWContact': 1, 'UNL:LEU:VdWContact': 1, 'UNL:LYS:VdWContact': 2, 'UNL:TRP:HBAcceptor': 1, 'UNL:TRP:VdWContact': 1, 'UNL:TYR:VdWContact': 1}"
270,Boltz-1-Single-Seq,4fyv_1_DCP_2,0.75,0.42857142857142855,"{'UNL:ASP:VdWContact': 1, 'UNL:HIS:VdWContact': 1, 'UNL:ILE:HBAcceptor': 1, 'UNL:ILE:HBDonor': 1, 'UNL:ILE:VdWContact': 1, 'UNL:LYS:HBAcceptor': 1, 'UNL:LYS:VdWContact': 2, 'UNL:TYR:HBDonor': 1, 'UNL:TYR:VdWContact': 1, 'UNL:VAL:VdWContact': 2}","{'UNL:ALA:VdWContact': 1, 'UNL:ILE:HBAcceptor': 1, 'UNL:ILE:VdWContact': 1, 'UNL:LYS:VdWContact': 1, 'UNL:TYR:VdWContact': 1, 'UNL:VAL:VdWContact': 1}"
271,Boltz-1-Single-Seq,2hk9_1_SKM_0,0.75,0.33333333333333326,"{'UNL:ASN:HBAcceptor': 1, 'UNL:ASN:HBDonor': 1, 'UNL:ASN:VdWContact': 2, 'UNL:ASP:VdWContact': 1, 'UNL:LYS:HBAcceptor': 1, 'UNL:LYS:HBDonor': 1, 'UNL:LYS:VdWContact': 1, 'UNL:SER:VdWContact': 2, 'UNL:TYR:VdWContact': 1}","{'UNL:ASN:HBAcceptor': 1, 'UNL:ASN:VdWContact': 2, 'UNL:ASP:VdWContact': 1, 'UNL:LEU:Hydrophobic': 1, 'UNL:LYS:VdWContact': 2, 'UNL:SER:VdWContact': 2, 'UNL:TYR:VdWContact': 1}"
272,Boltz-1-Single-Seq,1rqp_1_SAM_0,0.5454545454545454,0.36363636363636376,"{'UNL:ALA:HBAcceptor': 1, 'UNL:ALA:VdWContact': 1, 'UNL:ARG:HBDonor': 1, 'UNL:ARG:VdWContact': 1, 'UNL:ASN:HBAcceptor': 1, 'UNL:ASN:HBDonor': 1, 'UNL:ASN:VdWContact': 1, 'UNL:ASP:VdWContact': 2, 'UNL:LEU:VdWContact': 1, 'UNL:PHE:VdWContact': 2, 'UNL:PRO:VdWContact': 1, 'UNL:SER:HBAcceptor': 1, 'UNL:SER:HBDonor': 1, 'UNL:SER:VdWContact': 2, 'UNL:THR:HBAcceptor': 1, 'UNL:THR:VdWContact': 1, 'UNL:TRP:HBAcceptor': 1, 'UNL:TRP:VdWContact': 2, 'UNL:TYR:HBAcceptor': 1, 'UNL:TYR:HBDonor': 1, 'UNL:TYR:VdWContact': 2}","{'UNL:ALA:HBAcceptor': 1, 'UNL:ALA:VdWContact': 1, 'UNL:ARG:HBAcceptor': 1, 'UNL:ARG:VdWContact': 2, 'UNL:ASN:HBAcceptor': 1, 'UNL:ASN:VdWContact': 1, 'UNL:ASP:VdWContact': 2, 'UNL:PHE:VdWContact': 1, 'UNL:PRO:VdWContact': 1, 'UNL:SER:VdWContact': 3, 'UNL:THR:VdWContact': 1, 'UNL:TRP:VdWContact': 1, 'UNL:TYR:HBAcceptor': 1, 'UNL:TYR:VdWContact': 1}"
273,Boltz-1-Single-Seq,2wr8_1_SAH_1,0.5,0.3333333333333333,"{'UNL:ASN:HBAcceptor': 1, 'UNL:ASN:HBDonor': 1, 'UNL:ASN:VdWContact': 1, 'UNL:ASP:VdWContact': 1, 'UNL:GLU:VdWContact': 1, 'UNL:HIS:VdWContact': 1, 'UNL:MET:HBAcceptor': 1, 'UNL:MET:VdWContact': 1, 'UNL:PHE:VdWContact': 1, 'UNL:SER:HBAcceptor': 1, 'UNL:SER:HBDonor': 1, 'UNL:SER:VdWContact': 1, 'UNL:TYR:VdWContact': 1, 'UNL:VAL:HBDonor': 1, 'UNL:VAL:VdWContact': 1}","{'UNL:ASN:HBAcceptor': 1, 'UNL:ASN:VdWContact': 1, 'UNL:GLU:VdWContact': 1, 'UNL:MET:HBAcceptor': 1, 'UNL:MET:VdWContact': 1, 'UNL:SER:HBAcceptor': 1, 'UNL:SER:VdWContact': 1, 'UNL:TYR:VdWContact': 1, 'UNL:VAL:VdWContact': 1}"
274,Boltz-1-Single-Seq,3gf4_1_FAD_1,0.3,0.2666666666666667,"{'UNL:ARG:HBAcceptor': 1, 'UNL:ARG:VdWContact': 2, 'UNL:ASN:HBAcceptor': 1, 'UNL:ASN:VdWContact': 1, 'UNL:ASP:HBDonor': 1, 'UNL:ASP:VdWContact': 1, 'UNL:GLN:HBAcceptor': 1, 'UNL:GLN:VdWContact': 1, 'UNL:GLY:VdWContact': 3, 'UNL:HIS:VdWContact': 1, 'UNL:ILE:HBAcceptor': 1, 'UNL:ILE:HBDonor': 1, 'UNL:ILE:VdWContact': 1, 'UNL:LEU:VdWContact': 1, 'UNL:MET:HBAcceptor': 1, 'UNL:MET:VdWContact': 1, 'UNL:PHE:HBAcceptor': 1, 'UNL:PHE:VdWContact': 1, 'UNL:PRO:VdWContact': 1, 'UNL:SER:HBAcceptor': 1, 'UNL:SER:HBDonor': 1, 'UNL:SER:VdWContact': 1, 'UNL:THR:VdWContact': 1, 'UNL:TYR:VdWContact': 3}","{'UNL:ARG:HBAcceptor': 1, 'UNL:ARG:VdWContact': 1, 'UNL:ASN:HBAcceptor': 1, 'UNL:ASN:VdWContact': 1, 'UNL:ASP:VdWContact': 2, 'UNL:GLN:HBAcceptor': 1, 'UNL:GLN:VdWContact': 1, 'UNL:GLY:VdWContact': 1, 'UNL:HIS:VdWContact': 1, 'UNL:ILE:HBAcceptor': 1, 'UNL:ILE:VdWContact': 1, 'UNL:LEU:VdWContact': 1, 'UNL:MET:HBAcceptor': 1, 'UNL:MET:VdWContact': 1, 'UNL:PHE:HBAcceptor': 1, 'UNL:PHE:VdWContact': 1, 'UNL:SER:HBAcceptor': 1, 'UNL:SER:VdWContact': 2, 'UNL:TYR:Hydrophobic': 2, 'UNL:TYR:VdWContact': 2}"
275,Boltz-1-Single-Seq,1u8u_1_OCA_0,0.25,0.7777777777777778,"{'UNL:ARG:VdWContact': 1, 'UNL:ASN:HBAcceptor': 1, 'UNL:ASN:VdWContact': 1, 'UNL:ASP:VdWContact': 1, 'UNL:GLY:HBAcceptor': 1, 'UNL:GLY:HBDonor': 1, 'UNL:GLY:VdWContact': 1, 'UNL:HIS:VdWContact': 1, 'UNL:LEU:Hydrophobic': 1, 'UNL:LEU:VdWContact': 1, 'UNL:PRO:VdWContact': 1, 'UNL:SER:HBAcceptor': 1, 'UNL:SER:VdWContact': 1}","{'UNL:ASN:HBAcceptor': 1, 'UNL:ASN:VdWContact': 2, 'UNL:ASP:VdWContact': 2, 'UNL:GLY:HBAcceptor': 1, 'UNL:GLY:VdWContact': 1, 'UNL:HIS:VdWContact': 1, 'UNL:SER:HBAcceptor': 1, 'UNL:SER:VdWContact': 2}"
276,Boltz-1-Single-Seq,6uqy_2_AT3_0,0.0,0.29999999999999993,"{'UNL:ASN:HBAcceptor': 1, 'UNL:ASN:VdWContact': 1, 'UNL:ASP:VdWContact': 1, 'UNL:GLY:HBAcceptor': 1, 'UNL:GLY:VdWContact': 1, 'UNL:PHE:VdWContact': 1, 'UNL:SER:HBAcceptor': 1, 'UNL:SER:VdWContact': 1, 'UNL:TRP:Hydrophobic': 1, 'UNL:TRP:VdWContact': 1, 'UNL:TYR:VdWContact': 3}","{'UNL:ASN:HBAcceptor': 1, 'UNL:ASN:VdWContact': 1, 'UNL:GLY:HBAcceptor': 1, 'UNL:GLY:VdWContact': 1, 'UNL:PHE:Hydrophobic': 1, 'UNL:SER:HBAcceptor': 1, 'UNL:SER:VdWContact': 1, 'UNL:TRP:Hydrophobic': 1, 'UNL:TYR:Hydrophobic': 1, 'UNL:TYR:VdWContact': 1}"
277,Boltz-1-Single-Seq,5k4h_2_GLU_3,0.33333333333333337,0.5714285714285714,"{'UNL:ASP:HBAcceptor': 1, 'UNL:ASP:VdWContact': 1, 'UNL:GLN:HBDonor': 1, 'UNL:GLN:VdWContact': 1, 'UNL:GLU:HBDonor': 1, 'UNL:GLU:VdWContact': 1, 'UNL:GLY:VdWContact': 2, 'UNL:SER:HBAcceptor': 1, 'UNL:SER:VdWContact': 1, 'UNL:THR:HBDonor': 1, 'UNL:THR:VdWContact': 2, 'UNL:TYR:VdWContact': 1}","{'UNL:ASP:HBAcceptor': 1, 'UNL:ASP:VdWContact': 1, 'UNL:GLU:VdWContact': 1, 'UNL:GLY:VdWContact': 1, 'UNL:SER:HBAcceptor': 1, 'UNL:SER:VdWContact': 1, 'UNL:THR:HBAcceptor': 1, 'UNL:THR:VdWContact': 1}"
278,Boltz-1-Single-Seq,4tvd_1_GLC_0,1.0,0.75,"{'UNL:ALA:VdWContact': 1, 'UNL:ARG:HBAcceptor': 1, 'UNL:ARG:VdWContact': 1, 'UNL:ASP:VdWContact': 2, 'UNL:GLN:HBAcceptor': 1, 'UNL:GLN:VdWContact': 1, 'UNL:GLU:VdWContact': 1, 'UNL:HIS:VdWContact': 1, 'UNL:TYR:VdWContact': 1}","{'UNL:GLN:HBAcceptor': 2, 'UNL:GLN:VdWContact': 2, 'UNL:LYS:VdWContact': 2}"
279,Boltz-1-Single-Seq,2zd0_1_TRP_9,0.6666666666666666,0.3333333333333333,"{'UNL:ALA:VdWContact': 1, 'UNL:ARG:VdWContact': 1, 'UNL:GLN:HBDonor': 1, 'UNL:GLN:VdWContact': 1, 'UNL:GLY:HBAcceptor': 1, 'UNL:GLY:HBDonor': 1, 'UNL:GLY:VdWContact': 1, 'UNL:HIS:Hydrophobic': 1, 'UNL:ILE:Hydrophobic': 1, 'UNL:SER:HBAcceptor': 1, 'UNL:SER:VdWContact': 1, 'UNL:THR:HBAcceptor': 1, 'UNL:THR:HBDonor': 2, 'UNL:THR:VdWContact': 3}","{'UNL:ALA:Hydrophobic': 1, 'UNL:ALA:VdWContact': 1, 'UNL:ARG:VdWContact': 1, 'UNL:GLN:VdWContact': 1, 'UNL:GLY:HBAcceptor': 1, 'UNL:GLY:VdWContact': 2, 'UNL:SER:HBAcceptor': 1, 'UNL:SER:VdWContact': 1, 'UNL:THR:HBAcceptor': 1, 'UNL:THR:VdWContact': 4}"
280,Boltz-1-Single-Seq,1uf5_1_CDT_0,0.6,0.4444444444444444,"{'UNL:ALA:VdWContact': 1, 'UNL:ARG:HBAcceptor': 2, 'UNL:ARG:HBDonor': 1, 'UNL:ARG:VdWContact': 2, 'UNL:ASN:HBAcceptor': 1, 'UNL:ASN:VdWContact': 1, 'UNL:GLU:HBDonor': 1, 'UNL:GLU:VdWContact': 2, 'UNL:LYS:HBAcceptor': 1, 'UNL:LYS:VdWContact': 1, 'UNL:PRO:VdWContact': 1, 'UNL:THR:VdWContact': 1}","{'UNL:ALA:VdWContact': 1, 'UNL:ARG:HBAcceptor': 2, 'UNL:ARG:VdWContact': 3, 'UNL:ASN:HBAcceptor': 1, 'UNL:ASN:VdWContact': 3, 'UNL:GLU:VdWContact': 1, 'UNL:ILE:Hydrophobic': 1, 'UNL:LYS:VdWContact': 1, 'UNL:PRO:Hydrophobic': 1, 'UNL:PRO:VdWContact': 1, 'UNL:THR:VdWContact': 1}"
281,Boltz-1-Single-Seq,4pfx_1_UDP_0,0.14285714285714285,0.29999999999999993,"{'UNL:ALA:HBAcceptor': 1, 'UNL:ALA:VdWContact': 1, 'UNL:ARG:HBAcceptor': 2, 'UNL:ARG:HBDonor': 1, 'UNL:ARG:VdWContact': 2, 'UNL:GLY:HBAcceptor': 1, 'UNL:GLY:VdWContact': 2, 'UNL:HIS:HBAcceptor': 1, 'UNL:HIS:VdWContact': 1, 'UNL:PRO:HBDonor': 1, 'UNL:PRO:VdWContact': 1, 'UNL:SER:VdWContact': 2, 'UNL:TYR:Hydrophobic': 1, 'UNL:TYR:VdWContact': 1}","{'UNL:ALA:HBAcceptor': 1, 'UNL:ALA:VdWContact': 1, 'UNL:ARG:HBAcceptor': 2, 'UNL:ARG:VdWContact': 3, 'UNL:GLY:HBAcceptor': 1, 'UNL:GLY:VdWContact': 2, 'UNL:HIS:HBAcceptor': 1, 'UNL:HIS:VdWContact': 1, 'UNL:LEU:VdWContact': 1, 'UNL:LYS:VdWContact': 1, 'UNL:PRO:VdWContact': 1, 'UNL:SER:HBAcceptor': 1, 'UNL:SER:VdWContact': 3, 'UNL:TYR:VdWContact': 1}"
282,Boltz-1-Single-Seq,4h2f_1_ADN_0,0.6666666666666667,0.4,"{'UNL:ARG:HBAcceptor': 2, 'UNL:ARG:HBDonor': 1, 'UNL:ARG:VdWContact': 2, 'UNL:ASN:HBAcceptor': 1, 'UNL:ASN:VdWContact': 1, 'UNL:ASP:VdWContact': 1, 'UNL:GLY:VdWContact': 2, 'UNL:PHE:VdWContact': 1}","{'UNL:ARG:HBAcceptor': 1, 'UNL:ARG:VdWContact': 1, 'UNL:ASN:HBAcceptor': 1, 'UNL:ASN:VdWContact': 1, 'UNL:ASP:VdWContact': 1, 'UNL:GLY:VdWContact': 1, 'UNL:PHE:VdWContact': 1}"
283,Boltz-1-Single-Seq,4u63_1_FAD_0,0.375,0.21428571428571422,"{'UNL:ALA:VdWContact': 1, 'UNL:ARG:Hydrophobic': 1, 'UNL:ARG:VdWContact': 2, 'UNL:ASN:HBAcceptor': 1, 'UNL:ASN:HBDonor': 2, 'UNL:ASN:Hydrophobic': 1, 'UNL:ASN:VdWContact': 3, 'UNL:ASP:HBAcceptor': 1, 'UNL:ASP:HBDonor': 1, 'UNL:ASP:VdWContact': 2, 'UNL:GLU:VdWContact': 1, 'UNL:ILE:VdWContact': 1, 'UNL:LEU:HBAcceptor': 1, 'UNL:LEU:VdWContact': 2, 'UNL:PHE:VdWContact': 1, 'UNL:SER:HBAcceptor': 2, 'UNL:SER:VdWContact': 2, 'UNL:THR:VdWContact': 1, 'UNL:TYR:HBDonor': 1, 'UNL:TYR:VdWContact': 1}","{'UNL:ALA:VdWContact': 1, 'UNL:ARG:HBAcceptor': 1, 'UNL:ARG:Hydrophobic': 1, 'UNL:ARG:VdWContact': 1, 'UNL:ASN:HBAcceptor': 1, 'UNL:ASN:Hydrophobic': 1, 'UNL:ASN:VdWContact': 3, 'UNL:ASP:HBAcceptor': 1, 'UNL:ASP:VdWContact': 2, 'UNL:GLU:VdWContact': 1, 'UNL:LEU:HBAcceptor': 1, 'UNL:LEU:VdWContact': 1, 'UNL:PHE:Hydrophobic': 1, 'UNL:SER:HBAcceptor': 2, 'UNL:SER:VdWContact': 2, 'UNL:THR:VdWContact': 1, 'UNL:TYR:VdWContact': 1}"
284,Boltz-1-Single-Seq,5fiu_1_Y3J_3,0.5714285714285714,0.30000000000000004,"{'UNL:ALA:HBAcceptor': 1, 'UNL:ALA:VdWContact': 1, 'UNL:ARG:HBDonor': 1, 'UNL:ARG:VdWContact': 1, 'UNL:ASN:HBAcceptor': 1, 'UNL:ASN:HBDonor': 1, 'UNL:ASN:VdWContact': 1, 'UNL:ASP:HBDonor': 1, 'UNL:ASP:VdWContact': 1, 'UNL:PHE:VdWContact': 3, 'UNL:PRO:VdWContact': 1, 'UNL:SER:VdWContact': 1, 'UNL:THR:VdWContact': 1, 'UNL:TRP:HBDonor': 1, 'UNL:TRP:VdWContact': 1, 'UNL:TYR:HBAcceptor': 1, 'UNL:TYR:VdWContact': 1}","{'UNL:ALA:HBAcceptor': 1, 'UNL:ALA:VdWContact': 1, 'UNL:ARG:VdWContact': 1, 'UNL:ASN:HBAcceptor': 1, 'UNL:ASN:VdWContact': 1, 'UNL:ASP:VdWContact': 1, 'UNL:PHE:VdWContact': 2, 'UNL:PRO:VdWContact': 1, 'UNL:SER:VdWContact': 1, 'UNL:THR:VdWContact': 1, 'UNL:TRP:VdWContact': 2, 'UNL:TYR:HBAcceptor': 1, 'UNL:TYR:VdWContact': 2}"
285,Boltz-1-Single-Seq,4uoc_1_NCN_1,0.25,0.24999999999999997,"{'UNL:ALA:HBAcceptor': 1, 'UNL:ALA:HBDonor': 1, 'UNL:ALA:VdWContact': 1, 'UNL:ARG:HBAcceptor': 1, 'UNL:ARG:HBDonor': 1, 'UNL:ARG:VdWContact': 1, 'UNL:GLY:HBAcceptor': 3, 'UNL:GLY:VdWContact': 3, 'UNL:LEU:VdWContact': 2, 'UNL:LYS:HBAcceptor': 1, 'UNL:LYS:VdWContact': 1, 'UNL:SER:HBAcceptor': 1, 'UNL:SER:VdWContact': 2, 'UNL:THR:VdWContact': 1, 'UNL:TYR:Hydrophobic': 1, 'UNL:TYR:VdWContact': 1}","{'UNL:ALA:HBAcceptor': 1, 'UNL:ALA:VdWContact': 1, 'UNL:ARG:HBAcceptor': 1, 'UNL:ARG:VdWContact': 1, 'UNL:ASP:VdWContact': 1, 'UNL:GLY:HBAcceptor': 3, 'UNL:GLY:VdWContact': 3, 'UNL:LEU:HBAcceptor': 1, 'UNL:LEU:Hydrophobic': 2, 'UNL:LEU:VdWContact': 1, 'UNL:PRO:VdWContact': 1, 'UNL:SER:HBAcceptor': 1, 'UNL:SER:VdWContact': 3, 'UNL:THR:VdWContact': 2, 'UNL:TYR:VdWContact': 1}"
286,Boltz-1-Single-Seq,3o7j_1_2AL_0,0.6666666666666666,0.5,"{'UNL:ALA:HBAcceptor': 1, 'UNL:ALA:VdWContact': 1, 'UNL:GLN:HBAcceptor': 1, 'UNL:GLN:VdWContact': 1, 'UNL:GLU:HBDonor': 1, 'UNL:GLU:VdWContact': 1, 'UNL:ILE:HBAcceptor': 1, 'UNL:ILE:VdWContact': 1, 'UNL:LEU:VdWContact': 1, 'UNL:PHE:HBDonor': 1, 'UNL:PHE:VdWContact': 1, 'UNL:PRO:HBDonor': 1, 'UNL:PRO:VdWContact': 1, 'UNL:SER:VdWContact': 1}","{'UNL:ALA:HBAcceptor': 1, 'UNL:ALA:VdWContact': 1, 'UNL:GLU:VdWContact': 1, 'UNL:ILE:HBAcceptor': 1, 'UNL:ILE:VdWContact': 2, 'UNL:LEU:VdWContact': 2, 'UNL:PHE:VdWContact': 1, 'UNL:PRO:VdWContact': 1}"
287,Boltz-1-Single-Seq,2v7v_1_5FD_0,0.4444444444444445,0.18181818181818182,"{'UNL:ALA:HBAcceptor': 1, 'UNL:ALA:VdWContact': 1, 'UNL:ARG:HBDonor': 1, 'UNL:ARG:VdWContact': 1, 'UNL:ASN:HBAcceptor': 1, 'UNL:ASN:HBDonor': 1, 'UNL:ASN:VdWContact': 1, 'UNL:ASP:VdWContact': 1, 'UNL:LEU:VdWContact': 1, 'UNL:PHE:VdWContact': 1, 'UNL:PRO:VdWContact': 1, 'UNL:SER:HBDonor': 1, 'UNL:SER:VdWContact': 1, 'UNL:THR:HBAcceptor': 1, 'UNL:THR:VdWContact': 1, 'UNL:TRP:VdWContact': 1, 'UNL:TYR:HBAcceptor': 1, 'UNL:TYR:HBDonor': 1, 'UNL:TYR:VdWContact': 1}","{'UNL:ALA:HBAcceptor': 1, 'UNL:ALA:VdWContact': 1, 'UNL:ARG:VdWContact': 1, 'UNL:ASN:HBAcceptor': 1, 'UNL:ASN:VdWContact': 1, 'UNL:ASP:VdWContact': 1, 'UNL:PHE:VdWContact': 1, 'UNL:PRO:VdWContact': 1, 'UNL:SER:HBAcceptor': 1, 'UNL:SER:VdWContact': 1, 'UNL:TRP:VdWContact': 1, 'UNL:TYR:HBAcceptor': 1, 'UNL:TYR:VdWContact': 1}"
288,Boltz-1-Single-Seq,4rhe_1_FMN_6,0.5,0.3999999999999999,"{'UNL:ALA:VdWContact': 2, 'UNL:ARG:HBDonor': 1, 'UNL:ARG:VdWContact': 1, 'UNL:GLY:HBAcceptor': 1, 'UNL:GLY:VdWContact': 1, 'UNL:SER:HBAcceptor': 3, 'UNL:SER:HBDonor': 1, 'UNL:SER:VdWContact': 3, 'UNL:THR:HBAcceptor': 2, 'UNL:THR:VdWContact': 3, 'UNL:TRP:VdWContact': 1, 'UNL:TYR:Hydrophobic': 1}","{'UNL:ALA:VdWContact': 1, 'UNL:ARG:HBAcceptor': 1, 'UNL:ARG:VdWContact': 1, 'UNL:GLY:HBAcceptor': 1, 'UNL:GLY:VdWContact': 2, 'UNL:SER:HBAcceptor': 2, 'UNL:SER:VdWContact': 4, 'UNL:THR:HBAcceptor': 1, 'UNL:THR:VdWContact': 4, 'UNL:TRP:Hydrophobic': 1, 'UNL:TRP:VdWContact': 1, 'UNL:VAL:Hydrophobic': 1, 'UNL:VAL:VdWContact': 1}"
289,Boltz-1-Single-Seq,5fxf_1_BEZ_0,0.0,0.0,"{'UNL:ARG:VdWContact': 1, 'UNL:HIS:VdWContact': 1, 'UNL:LEU:Hydrophobic': 1, 'UNL:LEU:VdWContact': 1, 'UNL:TYR:HBAcceptor': 1, 'UNL:TYR:VdWContact': 2}","{'UNL:ILE:VdWContact': 1, 'UNL:LEU:VdWContact': 1, 'UNL:TYR:HBAcceptor': 1, 'UNL:TYR:VdWContact': 2, 'UNL:VAL:Hydrophobic': 1, 'UNL:VAL:VdWContact': 1}"
290,Boltz-1-Single-Seq,6qkr_1_FAD_0,0.125,0.19999999999999998,"{'UNL:ALA:HBAcceptor': 1, 'UNL:ALA:HBDonor': 1, 'UNL:ALA:VdWContact': 2, 'UNL:ASP:HBAcceptor': 1, 'UNL:ASP:VdWContact': 1, 'UNL:GLN:HBAcceptor': 1, 'UNL:GLN:VdWContact': 1, 'UNL:GLU:HBAcceptor': 1, 'UNL:GLU:Hydrophobic': 1, 'UNL:GLU:VdWContact': 3, 'UNL:GLY:VdWContact': 4, 'UNL:ILE:Hydrophobic': 1, 'UNL:ILE:VdWContact': 1, 'UNL:LEU:HBAcceptor': 1, 'UNL:LEU:VdWContact': 1, 'UNL:LYS:HBAcceptor': 1, 'UNL:LYS:VdWContact': 2, 'UNL:PHE:VdWContact': 1, 'UNL:PRO:VdWContact': 1, 'UNL:SER:HBAcceptor': 1, 'UNL:SER:VdWContact': 1, 'UNL:THR:VdWContact': 1, 'UNL:TRP:VdWContact': 1}","{'UNL:ALA:HBAcceptor': 1, 'UNL:ALA:VdWContact': 1, 'UNL:ASP:HBAcceptor': 1, 'UNL:ASP:VdWContact': 2, 'UNL:GLN:HBAcceptor': 1, 'UNL:GLU:HBAcceptor': 1, 'UNL:GLU:Hydrophobic': 1, 'UNL:GLU:VdWContact': 2, 'UNL:GLY:VdWContact': 4, 'UNL:ILE:Hydrophobic': 1, 'UNL:ILE:VdWContact': 1, 'UNL:LEU:HBAcceptor': 1, 'UNL:LEU:VdWContact': 1, 'UNL:LYS:HBAcceptor': 1, 'UNL:LYS:VdWContact': 2, 'UNL:PRO:VdWContact': 1, 'UNL:SER:HBAcceptor': 1, 'UNL:SER:VdWContact': 1, 'UNL:THR:VdWContact': 1, 'UNL:TRP:VdWContact': 1}"
291,Boltz-1-Single-Seq,3inr_1_GDU_0,0.25,0.44444444444444453,"{'UNL:ARG:HBAcceptor': 1, 'UNL:ARG:VdWContact': 2, 'UNL:ASN:VdWContact': 2, 'UNL:LEU:VdWContact': 1, 'UNL:PHE:VdWContact': 2, 'UNL:PRO:VdWContact': 1, 'UNL:TRP:HBAcceptor': 1, 'UNL:TRP:VdWContact': 1, 'UNL:TYR:HBDonor': 1, 'UNL:TYR:VdWContact': 4}","{'UNL:ASN:HBAcceptor': 1, 'UNL:ASN:VdWContact': 1, 'UNL:ASP:VdWContact': 1, 'UNL:LEU:VdWContact': 1, 'UNL:PHE:VdWContact': 2, 'UNL:THR:VdWContact': 1, 'UNL:TRP:HBAcceptor': 1, 'UNL:TRP:VdWContact': 1, 'UNL:TYR:VdWContact': 2}"
292,Boltz-1-Single-Seq,6ea9_1_9BG_0,0.16666666666666674,0.2222222222222222,"{'UNL:ALA:HBAcceptor': 1, 'UNL:ALA:HBDonor': 1, 'UNL:ALA:VdWContact': 2, 'UNL:ARG:HBAcceptor': 2, 'UNL:ARG:VdWContact': 3, 'UNL:GLU:VdWContact': 1, 'UNL:HIS:VdWContact': 1, 'UNL:ILE:VdWContact': 1, 'UNL:LYS:HBAcceptor': 2, 'UNL:LYS:VdWContact': 2, 'UNL:TYR:VdWContact': 1}","{'UNL:ALA:HBAcceptor': 1, 'UNL:ALA:VdWContact': 3, 'UNL:ARG:HBAcceptor': 2, 'UNL:ARG:VdWContact': 2, 'UNL:GLN:HBAcceptor': 1, 'UNL:GLN:VdWContact': 2, 'UNL:HIS:VdWContact': 1, 'UNL:LYS:VdWContact': 2, 'UNL:TYR:VdWContact': 1, 'UNL:VAL:HBAcceptor': 1, 'UNL:VAL:VdWContact': 2}"
293,Boltz-1-Single-Seq,6wyz_1_DGL_1,0.2,0.6,"{'UNL:ASP:VdWContact': 1, 'UNL:GLU:HBDonor': 1, 'UNL:GLU:VdWContact': 1, 'UNL:GLY:VdWContact': 2, 'UNL:SER:HBAcceptor': 1, 'UNL:SER:HBDonor': 1, 'UNL:SER:VdWContact': 2, 'UNL:THR:HBAcceptor': 2, 'UNL:THR:VdWContact': 2}","{'UNL:ASP:HBAcceptor': 1, 'UNL:ASP:VdWContact': 1, 'UNL:GLU:VdWContact': 1, 'UNL:GLY:VdWContact': 3, 'UNL:SER:HBAcceptor': 1, 'UNL:SER:VdWContact': 3, 'UNL:THR:HBAcceptor': 2, 'UNL:THR:VdWContact': 3}"
294,Boltz-1-Single-Seq,2v7t_1_SAH_4,0.5,0.18181818181818188,"{'UNL:ALA:HBAcceptor': 1, 'UNL:ALA:VdWContact': 1, 'UNL:ARG:HBAcceptor': 1, 'UNL:ARG:HBDonor': 1, 'UNL:ARG:VdWContact': 1, 'UNL:ASN:HBAcceptor': 1, 'UNL:ASN:HBDonor': 1, 'UNL:ASN:VdWContact': 1, 'UNL:ASP:VdWContact': 2, 'UNL:PHE:Hydrophobic': 1, 'UNL:PHE:VdWContact': 2, 'UNL:PRO:VdWContact': 1, 'UNL:SER:VdWContact': 1, 'UNL:THR:HBAcceptor': 1, 'UNL:TRP:VdWContact': 2, 'UNL:TYR:HBAcceptor': 1, 'UNL:TYR:HBDonor': 1, 'UNL:TYR:VdWContact': 1}","{'UNL:ALA:HBAcceptor': 1, 'UNL:ALA:VdWContact': 1, 'UNL:ARG:HBAcceptor': 1, 'UNL:ARG:VdWContact': 2, 'UNL:ASN:HBAcceptor': 1, 'UNL:ASN:VdWContact': 1, 'UNL:ASP:VdWContact': 2, 'UNL:PHE:Hydrophobic': 1, 'UNL:PRO:VdWContact': 1, 'UNL:SER:VdWContact': 2, 'UNL:THR:VdWContact': 1, 'UNL:TRP:VdWContact': 3, 'UNL:TYR:HBAcceptor': 1, 'UNL:TYR:VdWContact': 1}"
295,Boltz-1-Single-Seq,5hw0_1_GLU_2,0.25,0.33333333333333326,"{'UNL:ALA:VdWContact': 1, 'UNL:ASP:HBAcceptor': 1, 'UNL:ASP:VdWContact': 1, 'UNL:GLU:HBDonor': 1, 'UNL:GLU:VdWContact': 1, 'UNL:GLY:VdWContact': 2, 'UNL:SER:HBAcceptor': 1, 'UNL:SER:VdWContact': 1, 'UNL:THR:HBAcceptor': 2, 'UNL:THR:VdWContact': 2}","{'UNL:ASP:HBAcceptor': 1, 'UNL:ASP:VdWContact': 1, 'UNL:GLU:VdWContact': 1, 'UNL:GLY:VdWContact': 2, 'UNL:SER:HBAcceptor': 1, 'UNL:SER:VdWContact': 2, 'UNL:THR:HBAcceptor': 2, 'UNL:THR:VdWContact': 2}"
296,Boltz-1-Single-Seq,2q37_1_3AL_0,0.6666666666666666,0.2857142857142858,"{'UNL:ALA:HBAcceptor': 1, 'UNL:ALA:VdWContact': 1, 'UNL:GLN:VdWContact': 1, 'UNL:GLU:HBDonor': 1, 'UNL:GLU:VdWContact': 1, 'UNL:ILE:HBAcceptor': 1, 'UNL:ILE:HBDonor': 1, 'UNL:ILE:VdWContact': 2, 'UNL:PHE:HBDonor': 1, 'UNL:PHE:VdWContact': 1, 'UNL:PRO:HBDonor': 1, 'UNL:PRO:VdWContact': 1}","{'UNL:ALA:HBAcceptor': 1, 'UNL:ALA:VdWContact': 1, 'UNL:GLU:VdWContact': 1, 'UNL:HIS:VdWContact': 1, 'UNL:ILE:HBAcceptor': 1, 'UNL:ILE:VdWContact': 4, 'UNL:PHE:VdWContact': 1, 'UNL:PRO:VdWContact': 1}"
297,Boltz-1-Single-Seq,4phs_1_UDP_0,0.2,0.2727272727272727,"{'UNL:ALA:HBAcceptor': 1, 'UNL:ALA:VdWContact': 1, 'UNL:ARG:HBAcceptor': 2, 'UNL:ARG:VdWContact': 2, 'UNL:ASN:VdWContact': 1, 'UNL:GLY:HBAcceptor': 1, 'UNL:GLY:VdWContact': 3, 'UNL:HIS:HBAcceptor': 1, 'UNL:HIS:VdWContact': 2, 'UNL:LYS:VdWContact': 1, 'UNL:PRO:HBDonor': 1, 'UNL:PRO:VdWContact': 1, 'UNL:SER:VdWContact': 2, 'UNL:TYR:Hydrophobic': 1, 'UNL:TYR:VdWContact': 1}","{'UNL:ALA:HBAcceptor': 1, 'UNL:ALA:VdWContact': 1, 'UNL:ARG:HBAcceptor': 2, 'UNL:ARG:VdWContact': 2, 'UNL:GLY:HBAcceptor': 1, 'UNL:GLY:VdWContact': 3, 'UNL:HIS:HBAcceptor': 1, 'UNL:HIS:VdWContact': 1, 'UNL:LEU:VdWContact': 1, 'UNL:LYS:VdWContact': 1, 'UNL:PRO:VdWContact': 1, 'UNL:SER:VdWContact': 3, 'UNL:TYR:VdWContact': 1}"
298,Boltz-1-Single-Seq,4xfm_1_THE_0,0.5,0.7142857142857143,"{'UNL:ALA:VdWContact': 1, 'UNL:ARG:HBAcceptor': 1, 'UNL:ARG:VdWContact': 2, 'UNL:ASP:HBDonor': 1, 'UNL:ASP:VdWContact': 3, 'UNL:GLY:VdWContact': 1, 'UNL:LYS:HBAcceptor': 1, 'UNL:LYS:VdWContact': 1, 'UNL:PHE:VdWContact': 1, 'UNL:SER:HBAcceptor': 1, 'UNL:SER:VdWContact': 1}","{'UNL:ARG:HBAcceptor': 1, 'UNL:ARG:VdWContact': 1, 'UNL:ASP:VdWContact': 2, 'UNL:LYS:VdWContact': 1, 'UNL:SER:HBAcceptor': 1, 'UNL:SER:VdWContact': 1}"
299,Boltz-1-Single-Seq,6xb3_3_9BG_1,0.5714285714285714,0.5,"{'UNL:ARG:HBAcceptor': 4, 'UNL:ARG:VdWContact': 4, 'UNL:GLN:HBAcceptor': 1, 'UNL:GLN:VdWContact': 1, 'UNL:HIS:HBAcceptor': 1, 'UNL:HIS:VdWContact': 3, 'UNL:ILE:VdWContact': 1, 'UNL:LEU:VdWContact': 1, 'UNL:LYS:HBAcceptor': 2, 'UNL:LYS:HBDonor': 1, 'UNL:LYS:VdWContact': 2, 'UNL:PHE:VdWContact': 1, 'UNL:SER:HBAcceptor': 2, 'UNL:SER:VdWContact': 3, 'UNL:TYR:VdWContact': 1, 'UNL:VAL:VdWContact': 1}","{'UNL:ARG:HBAcceptor': 4, 'UNL:ARG:VdWContact': 5, 'UNL:GLN:HBAcceptor': 1, 'UNL:GLN:VdWContact': 1, 'UNL:HIS:VdWContact': 3, 'UNL:ILE:VdWContact': 2, 'UNL:LYS:VdWContact': 1, 'UNL:SER:HBAcceptor': 1, 'UNL:SER:VdWContact': 2, 'UNL:TYR:VdWContact': 1, 'UNL:VAL:HBAcceptor': 1, 'UNL:VAL:VdWContact': 2}"
300,Boltz-1-Single-Seq,4kgx_1_CTP_5,0.5714285714285714,0.20000000000000007,"{'UNL:ASP:HBDonor': 1, 'UNL:ASP:VdWContact': 1, 'UNL:HIS:VdWContact': 1, 'UNL:ILE:HBAcceptor': 1, 'UNL:ILE:HBDonor': 1, 'UNL:ILE:VdWContact': 1, 'UNL:LYS:HBAcceptor': 1, 'UNL:LYS:HBDonor': 1, 'UNL:LYS:VdWContact': 2, 'UNL:TYR:HBDonor': 1, 'UNL:TYR:VdWContact': 1}","{'UNL:ASP:VdWContact': 1, 'UNL:HIS:HBAcceptor': 1, 'UNL:HIS:VdWContact': 1, 'UNL:ILE:HBAcceptor': 1, 'UNL:ILE:VdWContact': 2, 'UNL:LYS:VdWContact': 2, 'UNL:TYR:VdWContact': 1}"
301,Boltz-1-Single-Seq,3se5_1_ANP_2,0.5,0.22222222222222215,"{'UNL:ARG:HBAcceptor': 2, 'UNL:ARG:VdWContact': 2, 'UNL:ASN:HBAcceptor': 2, 'UNL:ASN:VdWContact': 2, 'UNL:GLU:VdWContact': 1, 'UNL:GLY:HBAcceptor': 1, 'UNL:GLY:VdWContact': 2, 'UNL:HIS:HBAcceptor': 1, 'UNL:HIS:VdWContact': 1, 'UNL:LYS:VdWContact': 1, 'UNL:MET:VdWContact': 1}","{'UNL:ARG:HBAcceptor': 2, 'UNL:ARG:VdWContact': 2, 'UNL:ASN:HBAcceptor': 2, 'UNL:ASN:VdWContact': 2, 'UNL:GLY:HBAcceptor': 2, 'UNL:GLY:VdWContact': 2, 'UNL:HIS:VdWContact': 1, 'UNL:LYS:VdWContact': 2, 'UNL:MET:VdWContact': 1, 'UNL:PHE:VdWContact': 1, 'UNL:TYR:VdWContact': 1}"
302,Boltz-1-Single-Seq,2v7u_1_SAM_2,0.4444444444444445,0.36363636363636376,"{'UNL:ALA:HBAcceptor': 1, 'UNL:ALA:VdWContact': 1, 'UNL:ARG:HBDonor': 1, 'UNL:ARG:VdWContact': 1, 'UNL:ASN:HBAcceptor': 1, 'UNL:ASN:HBDonor': 1, 'UNL:ASN:VdWContact': 2, 'UNL:ASP:VdWContact': 2, 'UNL:LEU:VdWContact': 1, 'UNL:PHE:VdWContact': 2, 'UNL:PRO:VdWContact': 1, 'UNL:SER:HBAcceptor': 1, 'UNL:SER:VdWContact': 1, 'UNL:THR:HBAcceptor': 1, 'UNL:TRP:HBAcceptor': 1, 'UNL:TRP:VdWContact': 2, 'UNL:TYR:HBAcceptor': 1, 'UNL:TYR:VdWContact': 2}","{'UNL:ALA:HBAcceptor': 1, 'UNL:ALA:VdWContact': 1, 'UNL:ARG:HBAcceptor': 1, 'UNL:ARG:VdWContact': 2, 'UNL:ASN:HBAcceptor': 1, 'UNL:ASN:VdWContact': 1, 'UNL:ASP:VdWContact': 2, 'UNL:PRO:VdWContact': 1, 'UNL:SER:VdWContact': 1, 'UNL:THR:VdWContact': 1, 'UNL:TRP:VdWContact': 3, 'UNL:TYR:HBAcceptor': 1, 'UNL:TYR:VdWContact': 1}"
303,Boltz-1-Single-Seq,4uuw_1_AMP_0,0.75,0.8333333333333334,"{'UNL:ASN:HBAcceptor': 1, 'UNL:ASN:VdWContact': 1, 'UNL:ASP:HBDonor': 1, 'UNL:ASP:VdWContact': 1, 'UNL:GLY:HBAcceptor': 2, 'UNL:GLY:VdWContact': 3, 'UNL:LEU:VdWContact': 1, 'UNL:PRO:VdWContact': 1, 'UNL:THR:HBAcceptor': 1, 'UNL:THR:VdWContact': 2}","{'UNL:ASN:HBAcceptor': 1, 'UNL:ASN:VdWContact': 1, 'UNL:ASP:VdWContact': 1, 'UNL:THR:HBAcceptor': 1, 'UNL:THR:VdWContact': 2}"
304,Boltz-1-Single-Seq,4phr_1_UDP_0,0.3333333333333333,0.3333333333333334,"{'UNL:ALA:HBAcceptor': 1, 'UNL:ALA:VdWContact': 1, 'UNL:ARG:HBAcceptor': 2, 'UNL:ARG:VdWContact': 2, 'UNL:GLY:HBAcceptor': 1, 'UNL:GLY:VdWContact': 1, 'UNL:HIS:HBAcceptor': 1, 'UNL:HIS:HBDonor': 1, 'UNL:HIS:VdWContact': 1, 'UNL:PRO:HBDonor': 1, 'UNL:PRO:VdWContact': 1, 'UNL:SER:VdWContact': 2, 'UNL:TYR:Hydrophobic': 1, 'UNL:TYR:VdWContact': 1}","{'UNL:ALA:HBAcceptor': 1, 'UNL:ALA:VdWContact': 1, 'UNL:ARG:HBAcceptor': 2, 'UNL:ARG:VdWContact': 3, 'UNL:GLY:HBAcceptor': 1, 'UNL:GLY:VdWContact': 2, 'UNL:HIS:HBAcceptor': 1, 'UNL:HIS:VdWContact': 1, 'UNL:LYS:VdWContact': 1, 'UNL:PRO:VdWContact': 1, 'UNL:SER:VdWContact': 2}"
305,Boltz-1-Single-Seq,1o72_2_PC_0,0.5,1.0,"{'UNL:GLY:HBAcceptor': 1, 'UNL:GLY:VdWContact': 1, 'UNL:PHE:HBAcceptor': 1, 'UNL:PHE:VdWContact': 1, 'UNL:PRO:VdWContact': 1, 'UNL:SER:HBDonor': 1, 'UNL:SER:VdWContact': 1, 'UNL:TYR:VdWContact': 3}","{'UNL:TYR:HBAcceptor': 1, 'UNL:TYR:VdWContact': 2}"
306,Boltz-1-Single-Seq,1hg0_1_SIN_1,0.25,0.8333333333333334,"{'UNL:ALA:VdWContact': 1, 'UNL:ASP:HBAcceptor': 1, 'UNL:ASP:Hydrophobic': 1, 'UNL:ASP:VdWContact': 1, 'UNL:GLY:VdWContact': 2, 'UNL:SER:HBAcceptor': 1, 'UNL:SER:HBDonor': 1, 'UNL:SER:VdWContact': 1, 'UNL:THR:HBAcceptor': 2, 'UNL:THR:VdWContact': 2}","{'UNL:ALA:VdWContact': 2, 'UNL:ASP:HBAcceptor': 1, 'UNL:ASP:VdWContact': 2, 'UNL:GLY:VdWContact': 3, 'UNL:SER:HBAcceptor': 1, 'UNL:SER:VdWContact': 1, 'UNL:THR:HBAcceptor': 2, 'UNL:THR:VdWContact': 3}"
307,Boltz-1-Single-Seq,1qaw_1_TRP_7,0.6,0.0,"{'UNL:ARG:VdWContact': 1, 'UNL:GLN:HBDonor': 1, 'UNL:GLN:VdWContact': 1, 'UNL:GLY:HBAcceptor': 1, 'UNL:GLY:VdWContact': 1, 'UNL:ILE:Hydrophobic': 1, 'UNL:ILE:VdWContact': 1, 'UNL:SER:HBAcceptor': 1, 'UNL:SER:VdWContact': 1, 'UNL:THR:HBAcceptor': 1, 'UNL:THR:HBDonor': 2, 'UNL:THR:VdWContact': 3}","{'UNL:ALA:Hydrophobic': 1, 'UNL:ARG:VdWContact': 1, 'UNL:GLN:VdWContact': 1, 'UNL:GLY:HBAcceptor': 1, 'UNL:GLY:VdWContact': 1, 'UNL:HIS:VdWContact': 1, 'UNL:SER:HBAcceptor': 1, 'UNL:SER:VdWContact': 1, 'UNL:THR:HBAcceptor': 1, 'UNL:THR:VdWContact': 3}"
308,Boltz-1,3s6a_1_ANP_0,0.5,0.25,"{'UNL:ARG:HBAcceptor': 2, 'UNL:ARG:VdWContact': 2, 'UNL:ASN:HBAcceptor': 2, 'UNL:ASN:HBDonor': 1, 'UNL:ASN:VdWContact': 2, 'UNL:GLU:VdWContact': 2, 'UNL:GLY:HBAcceptor': 1, 'UNL:GLY:VdWContact': 2, 'UNL:HIS:VdWContact': 1, 'UNL:LYS:HBAcceptor': 1, 'UNL:LYS:HBDonor': 1, 'UNL:LYS:VdWContact': 1, 'UNL:MET:VdWContact': 1, 'UNL:TYR:VdWContact': 1}","{'UNL:ARG:HBAcceptor': 1, 'UNL:ARG:VdWContact': 1, 'UNL:ASN:HBAcceptor': 2, 'UNL:ASN:VdWContact': 2, 'UNL:GLU:VdWContact': 2, 'UNL:GLY:HBAcceptor': 2, 'UNL:GLY:VdWContact': 2, 'UNL:HIS:VdWContact': 1, 'UNL:LYS:VdWContact': 1, 'UNL:MET:VdWContact': 1}"
309,Boltz-1,1v2g_1_OCA_0,0.5,0.5555555555555555,"{'UNL:ARG:VdWContact': 1, 'UNL:ASN:HBAcceptor': 1, 'UNL:ASN:VdWContact': 1, 'UNL:ASP:VdWContact': 1, 'UNL:GLY:HBAcceptor': 1, 'UNL:GLY:HBDonor': 1, 'UNL:GLY:VdWContact': 2, 'UNL:HIS:VdWContact': 1, 'UNL:LEU:Hydrophobic': 1, 'UNL:LEU:VdWContact': 1, 'UNL:PHE:VdWContact': 1, 'UNL:SER:HBAcceptor': 1, 'UNL:SER:VdWContact': 1}","{'UNL:ASN:VdWContact': 1, 'UNL:ASP:VdWContact': 2, 'UNL:GLY:HBAcceptor': 1, 'UNL:GLY:VdWContact': 1, 'UNL:HIS:VdWContact': 1, 'UNL:SER:HBAcceptor': 1, 'UNL:SER:VdWContact': 2}"
310,Boltz-1,2r4e_1_13P_0,1.0,0.125,"{'UNL:ARG:HBAcceptor': 2, 'UNL:ARG:VdWContact': 3, 'UNL:GLY:VdWContact': 1, 'UNL:PHE:VdWContact': 1, 'UNL:SER:VdWContact': 1, 'UNL:THR:VdWContact': 2}","{'UNL:ARG:HBAcceptor': 3, 'UNL:ARG:VdWContact': 4, 'UNL:ASP:VdWContact': 1, 'UNL:ILE:HBAcceptor': 1, 'UNL:ILE:VdWContact': 1, 'UNL:THR:HBAcceptor': 1, 'UNL:THR:VdWContact': 2, 'UNL:TYR:VdWContact': 1}"
311,Boltz-1,4cdn_2_FAD_0,0.5714285714285714,0.07692307692307687,"{'UNL:ARG:Hydrophobic': 1, 'UNL:ARG:VdWContact': 1, 'UNL:ASN:HBAcceptor': 3, 'UNL:ASN:HBDonor': 1, 'UNL:ASN:VdWContact': 3, 'UNL:ASP:HBDonor': 1, 'UNL:ASP:VdWContact': 1, 'UNL:GLU:VdWContact': 1, 'UNL:GLY:VdWContact': 2, 'UNL:ILE:Hydrophobic': 1, 'UNL:ILE:VdWContact': 1, 'UNL:LEU:VdWContact': 2, 'UNL:LYS:HBAcceptor': 1, 'UNL:LYS:VdWContact': 2, 'UNL:PHE:VdWContact': 1, 'UNL:SER:HBAcceptor': 2, 'UNL:SER:HBDonor': 1, 'UNL:SER:VdWContact': 3}","{'UNL:ARG:HBAcceptor': 1, 'UNL:ARG:Hydrophobic': 1, 'UNL:ARG:VdWContact': 1, 'UNL:ASN:HBAcceptor': 3, 'UNL:ASN:VdWContact': 3, 'UNL:ASP:VdWContact': 1, 'UNL:GLU:VdWContact': 1, 'UNL:GLY:VdWContact': 2, 'UNL:ILE:Hydrophobic': 1, 'UNL:LEU:VdWContact': 3, 'UNL:LYS:VdWContact': 2, 'UNL:PHE:VdWContact': 1, 'UNL:SER:HBAcceptor': 1, 'UNL:SER:VdWContact': 3, 'UNL:TYR:VdWContact': 1}"
312,Boltz-1,5k45_2_GLU_1,0.0,0.375,"{'UNL:ASP:VdWContact': 1, 'UNL:GLN:VdWContact': 1, 'UNL:GLU:HBDonor': 1, 'UNL:GLU:VdWContact': 1, 'UNL:GLY:VdWContact': 1, 'UNL:LYS:HBAcceptor': 1, 'UNL:LYS:VdWContact': 1, 'UNL:SER:HBAcceptor': 1, 'UNL:SER:VdWContact': 1, 'UNL:THR:VdWContact': 2, 'UNL:TYR:VdWContact': 1}","{'UNL:ASP:HBAcceptor': 1, 'UNL:ASP:VdWContact': 1, 'UNL:GLU:VdWContact': 1, 'UNL:GLY:VdWContact': 2, 'UNL:SER:HBAcceptor': 1, 'UNL:SER:VdWContact': 1, 'UNL:THR:HBAcceptor': 1, 'UNL:THR:VdWContact': 1}"
313,Boltz-1,2zcz_2_TRP_3,0.6,0.22222222222222232,"{'UNL:ARG:VdWContact': 1, 'UNL:GLN:HBDonor': 1, 'UNL:GLN:VdWContact': 1, 'UNL:GLY:HBAcceptor': 1, 'UNL:GLY:VdWContact': 1, 'UNL:ILE:Hydrophobic': 1, 'UNL:ILE:VdWContact': 1, 'UNL:SER:HBAcceptor': 1, 'UNL:SER:VdWContact': 1, 'UNL:THR:HBAcceptor': 1, 'UNL:THR:HBDonor': 1, 'UNL:THR:VdWContact': 4}","{'UNL:ALA:Hydrophobic': 1, 'UNL:ARG:VdWContact': 1, 'UNL:ASP:VdWContact': 1, 'UNL:GLN:VdWContact': 1, 'UNL:GLY:HBAcceptor': 1, 'UNL:GLY:VdWContact': 1, 'UNL:SER:VdWContact': 1, 'UNL:THR:HBAcceptor': 1, 'UNL:THR:VdWContact': 6}"
314,Boltz-1,5k3o_2_ASP_0,0.5,0.5555555555555556,"{'UNL:ALA:HBDonor': 1, 'UNL:ALA:VdWContact': 1, 'UNL:ASN:VdWContact': 1, 'UNL:ASP:HBAcceptor': 1, 'UNL:ASP:HBDonor': 1, 'UNL:ASP:VdWContact': 1, 'UNL:GLN:VdWContact': 1, 'UNL:GLU:HBDonor': 1, 'UNL:GLU:VdWContact': 1, 'UNL:GLY:VdWContact': 3, 'UNL:SER:HBAcceptor': 1, 'UNL:SER:VdWContact': 1, 'UNL:THR:HBAcceptor': 2, 'UNL:THR:VdWContact': 2, 'UNL:TYR:VdWContact': 1}","{'UNL:ALA:VdWContact': 1, 'UNL:ASP:HBAcceptor': 1, 'UNL:ASP:VdWContact': 1, 'UNL:GLU:VdWContact': 1, 'UNL:GLY:VdWContact': 4, 'UNL:SER:HBAcceptor': 1, 'UNL:SER:VdWContact': 2, 'UNL:THR:HBAcceptor': 2, 'UNL:THR:VdWContact': 2}"
315,Boltz-1,5ida_1_BMA_0,0.0,0.16666666666666666,"{'UNL:ALA:HBAcceptor': 1, 'UNL:ALA:VdWContact': 1, 'UNL:GLU:VdWContact': 1, 'UNL:LYS:VdWContact': 1, 'UNL:PHE:VdWContact': 1, 'UNL:TYR:VdWContact': 1}","{'UNL:ALA:HBAcceptor': 1, 'UNL:ALA:VdWContact': 1, 'UNL:ASP:VdWContact': 1, 'UNL:GLU:VdWContact': 1, 'UNL:LYS:VdWContact': 1}"
316,Boltz-1,1tke_1_SER_0,0.5,0.6666666666666666,"{'UNL:CYS:VdWContact': 1, 'UNL:GLY:HBDonor': 1, 'UNL:GLY:VdWContact': 1, 'UNL:HIS:HBAcceptor': 1, 'UNL:HIS:HBDonor': 1, 'UNL:HIS:VdWContact': 2, 'UNL:LYS:VdWContact': 1, 'UNL:MET:VdWContact': 1, 'UNL:TYR:VdWContact': 1}","{'UNL:CYS:VdWContact': 2, 'UNL:GLY:HBAcceptor': 1, 'UNL:GLY:VdWContact': 1, 'UNL:HIS:HBAcceptor': 2, 'UNL:HIS:VdWContact': 3, 'UNL:MET:VdWContact': 1}"
317,Boltz-1,6paa_1_ASP_2,0.2,0.375,"{'UNL:ASN:VdWContact': 1, 'UNL:ASP:HBAcceptor': 1, 'UNL:ASP:HBDonor': 1, 'UNL:ASP:VdWContact': 1, 'UNL:GLN:VdWContact': 1, 'UNL:GLU:VdWContact': 1, 'UNL:GLY:VdWContact': 2, 'UNL:SER:HBAcceptor': 1, 'UNL:SER:VdWContact': 1, 'UNL:THR:HBAcceptor': 1, 'UNL:THR:VdWContact': 1, 'UNL:VAL:HBAcceptor': 1, 'UNL:VAL:VdWContact': 1}","{'UNL:ASP:HBAcceptor': 1, 'UNL:ASP:VdWContact': 1, 'UNL:GLU:VdWContact': 1, 'UNL:GLY:VdWContact': 3, 'UNL:SER:HBAcceptor': 1, 'UNL:SER:VdWContact': 1, 'UNL:THR:HBAcceptor': 1, 'UNL:THR:VdWContact': 1, 'UNL:VAL:HBAcceptor': 1, 'UNL:VAL:VdWContact': 1}"
318,Boltz-1,6o6y_1_ACK_0,0.6666666666666666,1.1428571428571428,"{'UNL:ALA:HBAcceptor': 1, 'UNL:ALA:VdWContact': 1, 'UNL:ARG:VdWContact': 1, 'UNL:ASN:HBAcceptor': 1, 'UNL:ASN:VdWContact': 1, 'UNL:GLU:VdWContact': 1, 'UNL:HIS:VdWContact': 1, 'UNL:LEU:HBDonor': 1, 'UNL:LEU:VdWContact': 1, 'UNL:PHE:VdWContact': 1}","{'UNL:ALA:HBAcceptor': 1, 'UNL:ALA:VdWContact': 1, 'UNL:GLU:VdWContact': 2, 'UNL:LEU:VdWContact': 4}"
319,Boltz-1,2vfu_1_MTL_0,0.5,0.0,"{'UNL:ARG:VdWContact': 1, 'UNL:GLN:VdWContact': 1, 'UNL:GLU:VdWContact': 2, 'UNL:HIS:VdWContact': 1, 'UNL:LYS:VdWContact': 1, 'UNL:PHE:VdWContact': 1, 'UNL:SER:HBDonor': 1, 'UNL:SER:VdWContact': 2, 'UNL:THR:VdWContact': 1}","{'UNL:ARG:HBAcceptor': 1, 'UNL:ARG:VdWContact': 1, 'UNL:GLU:VdWContact': 1, 'UNL:HIS:VdWContact': 2, 'UNL:LYS:VdWContact': 2, 'UNL:PHE:VdWContact': 1, 'UNL:PRO:VdWContact': 1, 'UNL:SER:HBAcceptor': 1, 'UNL:SER:VdWContact': 1, 'UNL:THR:HBAcceptor': 1, 'UNL:THR:VdWContact': 1}"
320,Boltz-1,2hs3_1_FGR_0,0.3333333333333333,0.3076923076923077,"{'UNL:ASP:VdWContact': 1, 'UNL:GLU:VdWContact': 1, 'UNL:GLY:HBAcceptor': 3, 'UNL:GLY:VdWContact': 3, 'UNL:HIS:HBAcceptor': 1, 'UNL:HIS:VdWContact': 1, 'UNL:PHE:HBDonor': 1, 'UNL:PHE:VdWContact': 1, 'UNL:TYR:VdWContact': 1, 'UNL:VAL:VdWContact': 1}","{'UNL:ALA:HBAcceptor': 1, 'UNL:ALA:VdWContact': 1, 'UNL:ARG:VdWContact': 1, 'UNL:ASN:HBAcceptor': 1, 'UNL:ASN:VdWContact': 1, 'UNL:GLN:VdWContact': 2, 'UNL:GLU:VdWContact': 1, 'UNL:GLY:VdWContact': 1, 'UNL:HIS:HBAcceptor': 2, 'UNL:HIS:VdWContact': 3, 'UNL:SER:HBAcceptor': 1, 'UNL:SER:VdWContact': 2, 'UNL:THR:VdWContact': 1}"
321,Boltz-1,3jqm_1_GTP_5,1.0,1.2727272727272727,"{'UNL:ARG:HBAcceptor': 1, 'UNL:ARG:VdWContact': 1, 'UNL:CYS:VdWContact': 1, 'UNL:GLU:HBDonor': 1, 'UNL:GLU:VdWContact': 2, 'UNL:GLY:HBAcceptor': 1, 'UNL:GLY:VdWContact': 2, 'UNL:HIS:HBAcceptor': 1, 'UNL:HIS:HBDonor': 1, 'UNL:HIS:VdWContact': 1, 'UNL:LEU:VdWContact': 1, 'UNL:LYS:HBAcceptor': 1, 'UNL:LYS:HBDonor': 2, 'UNL:LYS:VdWContact': 4, 'UNL:MET:HBAcceptor': 1, 'UNL:MET:VdWContact': 1, 'UNL:SER:HBAcceptor': 1, 'UNL:SER:VdWContact': 1, 'UNL:THR:VdWContact': 1, 'UNL:VAL:HBAcceptor': 1, 'UNL:VAL:VdWContact': 1}","{'UNL:HIS:HBAcceptor': 1, 'UNL:HIS:VdWContact': 1, 'UNL:VAL:VdWContact': 1}"
322,Boltz-1,2ze9_1_PD7_0,0.8,0.1111111111111111,"{'UNL:ASN:HBAcceptor': 2, 'UNL:ASN:VdWContact': 1, 'UNL:HIS:HBDonor': 1, 'UNL:HIS:VdWContact': 1, 'UNL:LEU:VdWContact': 2, 'UNL:LYS:HBAcceptor': 2, 'UNL:LYS:HBDonor': 1, 'UNL:LYS:VdWContact': 2, 'UNL:TRP:HBAcceptor': 1, 'UNL:TRP:VdWContact': 1, 'UNL:TYR:VdWContact': 1, 'UNL:VAL:Hydrophobic': 1, 'UNL:VAL:VdWContact': 1}","{'UNL:ALA:VdWContact': 1, 'UNL:ASN:HBAcceptor': 2, 'UNL:ASN:VdWContact': 2, 'UNL:HIS:VdWContact': 1, 'UNL:LEU:VdWContact': 1, 'UNL:LYS:VdWContact': 2, 'UNL:TRP:HBAcceptor': 1, 'UNL:TRP:VdWContact': 1, 'UNL:TYR:VdWContact': 1}"
323,Boltz-1,2hk9_1_SKM_0,0.75,0.125,"{'UNL:ASN:HBAcceptor': 1, 'UNL:ASN:HBDonor': 1, 'UNL:ASN:VdWContact': 2, 'UNL:ASP:VdWContact': 1, 'UNL:GLN:VdWContact': 1, 'UNL:LYS:HBAcceptor': 1, 'UNL:LYS:HBDonor': 1, 'UNL:LYS:VdWContact': 1, 'UNL:SER:VdWContact': 2, 'UNL:THR:VdWContact': 1}","{'UNL:ASN:HBAcceptor': 1, 'UNL:ASN:VdWContact': 2, 'UNL:ASP:VdWContact': 1, 'UNL:LEU:Hydrophobic': 1, 'UNL:LYS:VdWContact': 2, 'UNL:SER:VdWContact': 2, 'UNL:TYR:VdWContact': 1}"
324,Boltz-1,2wr8_1_SAH_1,0.5,0.375,"{'UNL:ASN:HBAcceptor': 1, 'UNL:ASN:HBDonor': 1, 'UNL:ASN:VdWContact': 2, 'UNL:ASP:VdWContact': 1, 'UNL:GLU:VdWContact': 1, 'UNL:MET:HBAcceptor': 1, 'UNL:MET:VdWContact': 1, 'UNL:PHE:VdWContact': 1, 'UNL:SER:HBAcceptor': 1, 'UNL:SER:HBDonor': 1, 'UNL:SER:VdWContact': 1, 'UNL:TYR:VdWContact': 1, 'UNL:VAL:HBDonor': 1, 'UNL:VAL:VdWContact': 1}","{'UNL:ASN:HBAcceptor': 1, 'UNL:ASN:VdWContact': 1, 'UNL:GLU:VdWContact': 1, 'UNL:MET:HBAcceptor': 1, 'UNL:MET:VdWContact': 1, 'UNL:SER:HBAcceptor': 1, 'UNL:SER:VdWContact': 1, 'UNL:TYR:VdWContact': 1, 'UNL:VAL:VdWContact': 1}"
325,Boltz-1,1u8u_1_OCA_0,0.25,0.6666666666666666,"{'UNL:ARG:VdWContact': 1, 'UNL:ASN:HBAcceptor': 1, 'UNL:ASN:VdWContact': 1, 'UNL:ASP:VdWContact': 1, 'UNL:GLY:HBAcceptor': 1, 'UNL:GLY:HBDonor': 1, 'UNL:GLY:VdWContact': 2, 'UNL:HIS:VdWContact': 1, 'UNL:LEU:Hydrophobic': 1, 'UNL:LEU:VdWContact': 1, 'UNL:PRO:VdWContact': 1, 'UNL:SER:HBAcceptor': 1, 'UNL:SER:VdWContact': 1}","{'UNL:ASN:HBAcceptor': 1, 'UNL:ASN:VdWContact': 2, 'UNL:ASP:VdWContact': 2, 'UNL:GLY:HBAcceptor': 1, 'UNL:GLY:VdWContact': 1, 'UNL:HIS:VdWContact': 1, 'UNL:SER:HBAcceptor': 1, 'UNL:SER:VdWContact': 2}"
326,Boltz-1,6uqy_2_AT3_0,0.0,0.29999999999999993,"{'UNL:ASN:HBAcceptor': 1, 'UNL:ASN:VdWContact': 1, 'UNL:ASP:VdWContact': 1, 'UNL:GLY:HBAcceptor': 1, 'UNL:GLY:VdWContact': 1, 'UNL:PHE:VdWContact': 1, 'UNL:SER:HBAcceptor': 1, 'UNL:SER:VdWContact': 1, 'UNL:TRP:Hydrophobic': 1, 'UNL:TRP:VdWContact': 1, 'UNL:TYR:VdWContact': 3}","{'UNL:ASN:HBAcceptor': 1, 'UNL:ASN:VdWContact': 1, 'UNL:GLY:HBAcceptor': 1, 'UNL:GLY:VdWContact': 1, 'UNL:PHE:Hydrophobic': 1, 'UNL:SER:HBAcceptor': 1, 'UNL:SER:VdWContact': 1, 'UNL:TRP:Hydrophobic': 1, 'UNL:TYR:Hydrophobic': 1, 'UNL:TYR:VdWContact': 1}"
327,Boltz-1,6o70_1_ACK_1,0.6000000000000001,0.2727272727272727,"{'UNL:ALA:VdWContact': 1, 'UNL:ASP:HBAcceptor': 1, 'UNL:ASP:VdWContact': 1, 'UNL:GLY:HBAcceptor': 1, 'UNL:GLY:VdWContact': 2, 'UNL:ILE:VdWContact': 1, 'UNL:LEU:VdWContact': 1, 'UNL:SER:VdWContact': 1, 'UNL:THR:HBDonor': 1, 'UNL:THR:VdWContact': 1, 'UNL:TRP:HBAcceptor': 1, 'UNL:TRP:VdWContact': 1}","{'UNL:ALA:HBAcceptor': 1, 'UNL:ALA:VdWContact': 1, 'UNL:GLU:VdWContact': 2, 'UNL:HIS:VdWContact': 1, 'UNL:LEU:VdWContact': 1, 'UNL:LYS:VdWContact': 1}"
328,Boltz-1,2zd0_1_TRP_9,0.6666666666666666,0.25,"{'UNL:ALA:VdWContact': 1, 'UNL:ARG:VdWContact': 1, 'UNL:GLN:HBDonor': 1, 'UNL:GLN:VdWContact': 1, 'UNL:GLY:HBAcceptor': 1, 'UNL:GLY:HBDonor': 1, 'UNL:GLY:VdWContact': 1, 'UNL:ILE:Hydrophobic': 1, 'UNL:SER:HBAcceptor': 1, 'UNL:SER:VdWContact': 1, 'UNL:THR:HBAcceptor': 1, 'UNL:THR:HBDonor': 2, 'UNL:THR:VdWContact': 3}","{'UNL:ALA:Hydrophobic': 1, 'UNL:ALA:VdWContact': 1, 'UNL:ARG:VdWContact': 1, 'UNL:GLN:VdWContact': 1, 'UNL:GLY:HBAcceptor': 1, 'UNL:GLY:VdWContact': 2, 'UNL:SER:HBAcceptor': 1, 'UNL:SER:VdWContact': 1, 'UNL:THR:HBAcceptor': 1, 'UNL:THR:VdWContact': 4}"
329,Boltz-1,1uf5_1_CDT_0,0.6,0.29999999999999993,"{'UNL:ALA:VdWContact': 1, 'UNL:ARG:HBAcceptor': 2, 'UNL:ARG:VdWContact': 2, 'UNL:ASN:HBAcceptor': 1, 'UNL:ASN:VdWContact': 1, 'UNL:GLU:HBDonor': 1, 'UNL:GLU:VdWContact': 1, 'UNL:HIS:VdWContact': 1, 'UNL:LYS:HBAcceptor': 1, 'UNL:LYS:VdWContact': 1, 'UNL:PRO:VdWContact': 2, 'UNL:THR:HBAcceptor': 1, 'UNL:THR:VdWContact': 1}","{'UNL:ALA:VdWContact': 1, 'UNL:ARG:HBAcceptor': 2, 'UNL:ARG:VdWContact': 3, 'UNL:ASN:HBAcceptor': 1, 'UNL:ASN:VdWContact': 3, 'UNL:GLU:VdWContact': 1, 'UNL:ILE:Hydrophobic': 1, 'UNL:LYS:VdWContact': 1, 'UNL:PRO:Hydrophobic': 1, 'UNL:PRO:VdWContact': 1, 'UNL:THR:VdWContact': 1}"
330,Boltz-1,4pfx_1_UDP_0,0.14285714285714285,0.4,"{'UNL:ALA:HBAcceptor': 1, 'UNL:ALA:VdWContact': 1, 'UNL:ARG:HBAcceptor': 2, 'UNL:ARG:HBDonor': 1, 'UNL:ARG:VdWContact': 2, 'UNL:GLY:HBAcceptor': 1, 'UNL:GLY:VdWContact': 3, 'UNL:HIS:HBAcceptor': 1, 'UNL:HIS:VdWContact': 1, 'UNL:PRO:HBDonor': 1, 'UNL:PRO:VdWContact': 1, 'UNL:SER:VdWContact': 1, 'UNL:TYR:Hydrophobic': 1}","{'UNL:ALA:HBAcceptor': 1, 'UNL:ALA:VdWContact': 1, 'UNL:ARG:HBAcceptor': 2, 'UNL:ARG:VdWContact': 3, 'UNL:GLY:HBAcceptor': 1, 'UNL:GLY:VdWContact': 2, 'UNL:HIS:HBAcceptor': 1, 'UNL:HIS:VdWContact': 1, 'UNL:LEU:VdWContact': 1, 'UNL:LYS:VdWContact': 1, 'UNL:PRO:VdWContact': 1, 'UNL:SER:HBAcceptor': 1, 'UNL:SER:VdWContact': 3, 'UNL:TYR:VdWContact': 1}"
331,Boltz-1,4h2f_1_ADN_0,0.6666666666666667,0.4,"{'UNL:ARG:HBAcceptor': 2, 'UNL:ARG:HBDonor': 1, 'UNL:ARG:VdWContact': 2, 'UNL:ASN:HBAcceptor': 1, 'UNL:ASN:VdWContact': 1, 'UNL:ASP:VdWContact': 1, 'UNL:GLY:VdWContact': 2, 'UNL:PHE:VdWContact': 1}","{'UNL:ARG:HBAcceptor': 1, 'UNL:ARG:VdWContact': 1, 'UNL:ASN:HBAcceptor': 1, 'UNL:ASN:VdWContact': 1, 'UNL:ASP:VdWContact': 1, 'UNL:GLY:VdWContact': 1, 'UNL:PHE:VdWContact': 1}"
332,Boltz-1,4u63_1_FAD_0,0.2857142857142857,0.21428571428571422,"{'UNL:ALA:VdWContact': 1, 'UNL:ARG:HBAcceptor': 1, 'UNL:ARG:Hydrophobic': 1, 'UNL:ARG:VdWContact': 2, 'UNL:ASN:HBAcceptor': 1, 'UNL:ASN:HBDonor': 1, 'UNL:ASN:Hydrophobic': 1, 'UNL:ASN:VdWContact': 3, 'UNL:ASP:HBAcceptor': 1, 'UNL:ASP:HBDonor': 1, 'UNL:ASP:VdWContact': 2, 'UNL:GLU:VdWContact': 1, 'UNL:ILE:VdWContact': 1, 'UNL:LEU:HBAcceptor': 1, 'UNL:LEU:VdWContact': 2, 'UNL:PHE:VdWContact': 1, 'UNL:SER:HBAcceptor': 2, 'UNL:SER:VdWContact': 2, 'UNL:THR:VdWContact': 1, 'UNL:TYR:VdWContact': 1}","{'UNL:ALA:VdWContact': 1, 'UNL:ARG:HBAcceptor': 1, 'UNL:ARG:Hydrophobic': 1, 'UNL:ARG:VdWContact': 1, 'UNL:ASN:HBAcceptor': 1, 'UNL:ASN:Hydrophobic': 1, 'UNL:ASN:VdWContact': 3, 'UNL:ASP:HBAcceptor': 1, 'UNL:ASP:VdWContact': 2, 'UNL:GLU:VdWContact': 1, 'UNL:LEU:HBAcceptor': 1, 'UNL:LEU:VdWContact': 1, 'UNL:PHE:Hydrophobic': 1, 'UNL:SER:HBAcceptor': 2, 'UNL:SER:VdWContact': 2, 'UNL:THR:VdWContact': 1, 'UNL:TYR:VdWContact': 1}"
333,Boltz-1,2q6k_1_ADN_1,0.3333333333333333,0.3333333333333333,"{'UNL:ASN:HBAcceptor': 1, 'UNL:ASN:HBDonor': 1, 'UNL:ASN:VdWContact': 1, 'UNL:GLN:HBAcceptor': 1, 'UNL:GLN:VdWContact': 1, 'UNL:LEU:HBDonor': 1, 'UNL:LEU:VdWContact': 1, 'UNL:PHE:VdWContact': 2}","{'UNL:ASP:VdWContact': 1, 'UNL:GLY:HBAcceptor': 1, 'UNL:GLY:VdWContact': 1, 'UNL:PHE:VdWContact': 2, 'UNL:PRO:VdWContact': 1, 'UNL:TRP:VdWContact': 1, 'UNL:TYR:HBAcceptor': 1, 'UNL:TYR:VdWContact': 2}"
334,Boltz-1,4b4v_1_L34_0,0.2,0.5333333333333332,"{'UNL:ARG:VdWContact': 1, 'UNL:ASP:HBDonor': 1, 'UNL:ASP:VdWContact': 1, 'UNL:GLN:VdWContact': 1, 'UNL:GLY:HBAcceptor': 1, 'UNL:GLY:VdWContact': 1, 'UNL:HIS:HBAcceptor': 1, 'UNL:HIS:HBDonor': 1, 'UNL:HIS:VdWContact': 1, 'UNL:ILE:Hydrophobic': 1, 'UNL:ILE:VdWContact': 1, 'UNL:LEU:VdWContact': 1, 'UNL:LYS:VdWContact': 1, 'UNL:MET:VdWContact': 1, 'UNL:PHE:VdWContact': 1, 'UNL:PRO:VdWContact': 1, 'UNL:THR:VdWContact': 1, 'UNL:TYR:Hydrophobic': 1, 'UNL:TYR:VdWContact': 1}","{'UNL:ASP:VdWContact': 1, 'UNL:GLN:VdWContact': 1, 'UNL:GLY:HBAcceptor': 1, 'UNL:GLY:VdWContact': 3, 'UNL:HIS:HBAcceptor': 1, 'UNL:HIS:VdWContact': 1, 'UNL:LEU:VdWContact': 1, 'UNL:LYS:VdWContact': 1, 'UNL:PHE:VdWContact': 1, 'UNL:PRO:VdWContact': 2, 'UNL:TYR:HBAcceptor': 1, 'UNL:TYR:Hydrophobic': 1, 'UNL:TYR:VdWContact': 1}"
335,Boltz-1,3o7j_1_2AL_0,0.6666666666666666,0.5,"{'UNL:ALA:HBAcceptor': 1, 'UNL:ALA:VdWContact': 1, 'UNL:GLN:HBAcceptor': 1, 'UNL:GLN:VdWContact': 1, 'UNL:GLU:HBDonor': 1, 'UNL:GLU:VdWContact': 1, 'UNL:ILE:HBAcceptor': 1, 'UNL:ILE:VdWContact': 1, 'UNL:LEU:VdWContact': 1, 'UNL:PHE:HBDonor': 1, 'UNL:PHE:VdWContact': 1, 'UNL:PRO:HBDonor': 1, 'UNL:PRO:VdWContact': 1, 'UNL:SER:VdWContact': 1}","{'UNL:ALA:HBAcceptor': 1, 'UNL:ALA:VdWContact': 1, 'UNL:GLU:VdWContact': 1, 'UNL:ILE:HBAcceptor': 1, 'UNL:ILE:VdWContact': 2, 'UNL:LEU:VdWContact': 2, 'UNL:PHE:VdWContact': 1, 'UNL:PRO:VdWContact': 1}"
336,Boltz-1,6qkr_1_FAD_0,0.2222222222222222,0.2857142857142857,"{'UNL:ALA:HBAcceptor': 1, 'UNL:ALA:HBDonor': 1, 'UNL:ALA:VdWContact': 2, 'UNL:ASP:HBAcceptor': 1, 'UNL:ASP:VdWContact': 1, 'UNL:GLN:HBAcceptor': 1, 'UNL:GLN:VdWContact': 1, 'UNL:GLU:HBAcceptor': 1, 'UNL:GLU:Hydrophobic': 1, 'UNL:GLU:VdWContact': 3, 'UNL:GLY:VdWContact': 6, 'UNL:ILE:Hydrophobic': 1, 'UNL:ILE:VdWContact': 1, 'UNL:LEU:HBAcceptor': 1, 'UNL:LEU:VdWContact': 1, 'UNL:LYS:HBAcceptor': 1, 'UNL:LYS:VdWContact': 2, 'UNL:PRO:VdWContact': 1, 'UNL:SER:HBAcceptor': 1, 'UNL:SER:HBDonor': 1, 'UNL:SER:VdWContact': 1, 'UNL:THR:VdWContact': 1, 'UNL:TRP:VdWContact': 1}","{'UNL:ALA:HBAcceptor': 1, 'UNL:ALA:VdWContact': 1, 'UNL:ASP:HBAcceptor': 1, 'UNL:ASP:VdWContact': 2, 'UNL:GLN:HBAcceptor': 1, 'UNL:GLU:HBAcceptor': 1, 'UNL:GLU:Hydrophobic': 1, 'UNL:GLU:VdWContact': 2, 'UNL:GLY:VdWContact': 4, 'UNL:ILE:Hydrophobic': 1, 'UNL:ILE:VdWContact': 1, 'UNL:LEU:HBAcceptor': 1, 'UNL:LEU:VdWContact': 1, 'UNL:LYS:HBAcceptor': 1, 'UNL:LYS:VdWContact': 2, 'UNL:PRO:VdWContact': 1, 'UNL:SER:HBAcceptor': 1, 'UNL:SER:VdWContact': 1, 'UNL:THR:VdWContact': 1, 'UNL:TRP:VdWContact': 1}"
337,Boltz-1,6ea9_1_9BG_0,0.33333333333333326,0.4444444444444444,"{'UNL:ALA:HBAcceptor': 1, 'UNL:ALA:VdWContact': 3, 'UNL:ARG:HBAcceptor': 3, 'UNL:ARG:VdWContact': 3, 'UNL:GLU:VdWContact': 1, 'UNL:HIS:HBAcceptor': 1, 'UNL:HIS:VdWContact': 1, 'UNL:LYS:HBAcceptor': 1, 'UNL:LYS:VdWContact': 1, 'UNL:PHE:VdWContact': 1, 'UNL:TYR:VdWContact': 1, 'UNL:VAL:HBAcceptor': 1}","{'UNL:ALA:HBAcceptor': 1, 'UNL:ALA:VdWContact': 3, 'UNL:ARG:HBAcceptor': 2, 'UNL:ARG:VdWContact': 2, 'UNL:GLN:HBAcceptor': 1, 'UNL:GLN:VdWContact': 2, 'UNL:HIS:VdWContact': 1, 'UNL:LYS:VdWContact': 2, 'UNL:TYR:VdWContact': 1, 'UNL:VAL:HBAcceptor': 1, 'UNL:VAL:VdWContact': 2}"
338,Boltz-1,2q37_1_3AL_0,0.6666666666666666,0.4999999999999999,"{'UNL:ALA:HBAcceptor': 1, 'UNL:ALA:VdWContact': 1, 'UNL:GLU:HBDonor': 1, 'UNL:GLU:VdWContact': 1, 'UNL:ILE:HBAcceptor': 1, 'UNL:ILE:HBDonor': 1, 'UNL:ILE:VdWContact': 2, 'UNL:PHE:HBDonor': 1, 'UNL:PHE:VdWContact': 1, 'UNL:PRO:HBDonor': 1, 'UNL:PRO:VdWContact': 1}","{'UNL:ALA:HBAcceptor': 1, 'UNL:ALA:VdWContact': 1, 'UNL:GLU:VdWContact': 1, 'UNL:HIS:VdWContact': 1, 'UNL:ILE:HBAcceptor': 1, 'UNL:ILE:VdWContact': 4, 'UNL:PHE:VdWContact': 1, 'UNL:PRO:VdWContact': 1}"
339,Boltz-1,4phs_1_UDP_0,0.2,0.29999999999999993,"{'UNL:ALA:HBAcceptor': 1, 'UNL:ALA:VdWContact': 1, 'UNL:ARG:HBAcceptor': 2, 'UNL:ARG:VdWContact': 2, 'UNL:GLY:HBAcceptor': 1, 'UNL:GLY:VdWContact': 1, 'UNL:HIS:HBAcceptor': 1, 'UNL:HIS:VdWContact': 2, 'UNL:PRO:HBDonor': 1, 'UNL:PRO:VdWContact': 1, 'UNL:SER:VdWContact': 2, 'UNL:TYR:Hydrophobic': 1, 'UNL:TYR:VdWContact': 1}","{'UNL:ALA:HBAcceptor': 1, 'UNL:ALA:VdWContact': 1, 'UNL:ARG:HBAcceptor': 2, 'UNL:ARG:VdWContact': 2, 'UNL:GLY:HBAcceptor': 1, 'UNL:GLY:VdWContact': 3, 'UNL:HIS:HBAcceptor': 1, 'UNL:HIS:VdWContact': 1, 'UNL:LEU:VdWContact': 1, 'UNL:LYS:VdWContact': 1, 'UNL:PRO:VdWContact': 1, 'UNL:SER:VdWContact': 3, 'UNL:TYR:VdWContact': 1}"
340,Boltz-1,4xfm_1_THE_0,0.5,0.6000000000000001,"{'UNL:ARG:HBAcceptor': 1, 'UNL:ARG:VdWContact': 2, 'UNL:ASP:HBDonor': 1, 'UNL:ASP:VdWContact': 2, 'UNL:LYS:HBAcceptor': 1, 'UNL:LYS:VdWContact': 1, 'UNL:SER:HBAcceptor': 1, 'UNL:SER:VdWContact': 2, 'UNL:THR:VdWContact': 1}","{'UNL:ARG:HBAcceptor': 1, 'UNL:ARG:VdWContact': 1, 'UNL:ASP:VdWContact': 2, 'UNL:LYS:VdWContact': 1, 'UNL:SER:HBAcceptor': 1, 'UNL:SER:VdWContact': 1}"
341,Boltz-1,1tkg_1_SSA_0,0.5999999999999999,0.5000000000000001,"{'UNL:ARG:HBAcceptor': 1, 'UNL:ARG:VdWContact': 1, 'UNL:ASP:VdWContact': 1, 'UNL:CYS:VdWContact': 1, 'UNL:GLY:HBAcceptor': 1, 'UNL:GLY:HBDonor': 1, 'UNL:GLY:VdWContact': 1, 'UNL:HIS:HBDonor': 1, 'UNL:HIS:VdWContact': 2, 'UNL:ILE:VdWContact': 2, 'UNL:LYS:VdWContact': 1, 'UNL:MET:VdWContact': 1, 'UNL:TYR:VdWContact': 1}","{'UNL:CYS:VdWContact': 1, 'UNL:GLY:HBAcceptor': 2, 'UNL:GLY:VdWContact': 2, 'UNL:HIS:HBAcceptor': 1, 'UNL:HIS:VdWContact': 2, 'UNL:MET:VdWContact': 1, 'UNL:PRO:VdWContact': 2}"
342,Boltz-1,6xb3_3_9BG_1,0.2857142857142857,0.6666666666666667,"{'UNL:ARG:HBAcceptor': 4, 'UNL:ARG:VdWContact': 3, 'UNL:GLN:HBAcceptor': 1, 'UNL:GLN:VdWContact': 1, 'UNL:HIS:HBAcceptor': 1, 'UNL:HIS:VdWContact': 3, 'UNL:ILE:VdWContact': 1, 'UNL:LYS:HBAcceptor': 1, 'UNL:LYS:HBDonor': 1, 'UNL:LYS:VdWContact': 1, 'UNL:PHE:VdWContact': 1, 'UNL:SER:HBAcceptor': 1, 'UNL:SER:VdWContact': 3, 'UNL:TYR:VdWContact': 1, 'UNL:VAL:VdWContact': 1}","{'UNL:ARG:HBAcceptor': 4, 'UNL:ARG:VdWContact': 5, 'UNL:GLN:HBAcceptor': 1, 'UNL:GLN:VdWContact': 1, 'UNL:HIS:VdWContact': 3, 'UNL:ILE:VdWContact': 2, 'UNL:LYS:VdWContact': 1, 'UNL:SER:HBAcceptor': 1, 'UNL:SER:VdWContact': 2, 'UNL:TYR:VdWContact': 1, 'UNL:VAL:HBAcceptor': 1, 'UNL:VAL:VdWContact': 2}"
343,Boltz-1,4phr_1_UDP_0,0.3333333333333333,0.44444444444444453,"{'UNL:ALA:HBAcceptor': 1, 'UNL:ALA:VdWContact': 1, 'UNL:ARG:HBAcceptor': 2, 'UNL:ARG:HBDonor': 1, 'UNL:ARG:VdWContact': 2, 'UNL:GLY:HBAcceptor': 1, 'UNL:GLY:VdWContact': 2, 'UNL:HIS:HBAcceptor': 1, 'UNL:HIS:VdWContact': 1, 'UNL:LYS:VdWContact': 1, 'UNL:PRO:HBDonor': 1, 'UNL:PRO:VdWContact': 1, 'UNL:SER:VdWContact': 1, 'UNL:TYR:Hydrophobic': 1, 'UNL:TYR:VdWContact': 1}","{'UNL:ALA:HBAcceptor': 1, 'UNL:ALA:VdWContact': 1, 'UNL:ARG:HBAcceptor': 2, 'UNL:ARG:VdWContact': 3, 'UNL:GLY:HBAcceptor': 1, 'UNL:GLY:VdWContact': 2, 'UNL:HIS:HBAcceptor': 1, 'UNL:HIS:VdWContact': 1, 'UNL:LYS:VdWContact': 1, 'UNL:PRO:VdWContact': 1, 'UNL:SER:VdWContact': 2}"
344,Boltz-1,1o72_2_PC_0,0.3333333333333333,1.0,"{'UNL:GLY:HBAcceptor': 1, 'UNL:GLY:VdWContact': 1, 'UNL:PHE:HBAcceptor': 1, 'UNL:PHE:VdWContact': 1, 'UNL:PRO:VdWContact': 1, 'UNL:SER:VdWContact': 1, 'UNL:TYR:VdWContact': 3}","{'UNL:TYR:HBAcceptor': 1, 'UNL:TYR:VdWContact': 2}"
345,Boltz-1,3zjx_1_BOG_0,0.0,0.7692307692307692,"{'UNL:ALA:VdWContact': 2, 'UNL:CYS:Hydrophobic': 1, 'UNL:CYS:VdWContact': 1, 'UNL:GLY:VdWContact': 1, 'UNL:ILE:VdWContact': 1, 'UNL:LEU:Hydrophobic': 1, 'UNL:LEU:VdWContact': 1, 'UNL:THR:VdWContact': 1, 'UNL:TYR:HBAcceptor': 1, 'UNL:TYR:VdWContact': 1, 'UNL:VAL:Hydrophobic': 2, 'UNL:VAL:VdWContact': 2}","{'UNL:PHE:VdWContact': 1, 'UNL:SER:VdWContact': 1, 'UNL:THR:HBAcceptor': 1, 'UNL:THR:VdWContact': 1, 'UNL:VAL:VdWContact': 1}"
346,Boltz-1,1qaw_1_TRP_7,0.5,0.41666666666666663,"{'UNL:ALA:VdWContact': 1, 'UNL:ARG:VdWContact': 1, 'UNL:GLY:VdWContact': 1, 'UNL:HIS:VdWContact': 2, 'UNL:ILE:VdWContact': 1, 'UNL:LEU:Hydrophobic': 1, 'UNL:LEU:VdWContact': 1, 'UNL:PHE:VdWContact': 1, 'UNL:SER:VdWContact': 1, 'UNL:THR:HBDonor': 1, 'UNL:THR:VdWContact': 2}","{'UNL:ALA:Hydrophobic': 1, 'UNL:ARG:VdWContact': 1, 'UNL:GLN:VdWContact': 1, 'UNL:GLY:HBAcceptor': 1, 'UNL:GLY:VdWContact': 1, 'UNL:HIS:VdWContact': 1, 'UNL:SER:HBAcceptor': 1, 'UNL:SER:VdWContact': 1, 'UNL:THR:HBAcceptor': 1, 'UNL:THR:VdWContact': 3}"
347,AF3-Single-Seq,2r4e_1_13P_0,0.3999999999999999,0.44444444444444453,"{'UNL:ALA:HBAcceptor': 1, 'UNL:ALA:VdWContact': 1, 'UNL:ARG:HBAcceptor': 1, 'UNL:ARG:HBDonor': 1, 'UNL:ARG:VdWContact': 1, 'UNL:ASN:VdWContact': 1, 'UNL:GLY:VdWContact': 1, 'UNL:PHE:VdWContact': 1}","{'UNL:ARG:HBAcceptor': 3, 'UNL:ARG:VdWContact': 4, 'UNL:ASP:VdWContact': 1, 'UNL:ILE:HBAcceptor': 1, 'UNL:ILE:VdWContact': 1, 'UNL:THR:HBAcceptor': 1, 'UNL:THR:VdWContact': 2, 'UNL:TYR:VdWContact': 1}"
348,AF3-Single-Seq,4cdn_2_FAD_0,0.49999999999999994,0.5,"{'UNL:ARG:HBAcceptor': 1, 'UNL:ARG:Hydrophobic': 1, 'UNL:ARG:VdWContact': 2, 'UNL:LEU:VdWContact': 1, 'UNL:LYS:HBAcceptor': 1, 'UNL:LYS:VdWContact': 1, 'UNL:MET:Hydrophobic': 1, 'UNL:MET:VdWContact': 1, 'UNL:PHE:VdWContact': 1, 'UNL:PRO:VdWContact': 1, 'UNL:THR:HBAcceptor': 1, 'UNL:THR:HBDonor': 1, 'UNL:THR:VdWContact': 1, 'UNL:TYR:VdWContact': 2}","{'UNL:ARG:HBAcceptor': 1, 'UNL:ARG:Hydrophobic': 1, 'UNL:ARG:VdWContact': 1, 'UNL:ASN:HBAcceptor': 3, 'UNL:ASN:VdWContact': 3, 'UNL:ASP:VdWContact': 1, 'UNL:GLU:VdWContact': 1, 'UNL:GLY:VdWContact': 2, 'UNL:ILE:Hydrophobic': 1, 'UNL:LEU:VdWContact': 3, 'UNL:LYS:VdWContact': 2, 'UNL:PHE:VdWContact': 1, 'UNL:SER:HBAcceptor': 1, 'UNL:SER:VdWContact': 3, 'UNL:TYR:VdWContact': 1}"
349,AF3-Single-Seq,5k45_2_GLU_1,0.16666666666666669,0.44444444444444436,"{'UNL:ALA:HBAcceptor': 1, 'UNL:ALA:VdWContact': 1, 'UNL:ARG:Hydrophobic': 1, 'UNL:ARG:VdWContact': 1, 'UNL:ASP:HBDonor': 1, 'UNL:ASP:VdWContact': 1, 'UNL:GLN:HBDonor': 1, 'UNL:GLN:VdWContact': 2, 'UNL:GLY:VdWContact': 1, 'UNL:SER:VdWContact': 2, 'UNL:THR:HBAcceptor': 1, 'UNL:THR:VdWContact': 1}","{'UNL:ASP:HBAcceptor': 1, 'UNL:ASP:VdWContact': 1, 'UNL:GLU:VdWContact': 1, 'UNL:GLY:VdWContact': 2, 'UNL:SER:HBAcceptor': 1, 'UNL:SER:VdWContact': 1, 'UNL:THR:HBAcceptor': 1, 'UNL:THR:VdWContact': 1}"
350,AF3-Single-Seq,5k3o_2_ASP_0,0.33333333333333337,0.25,"{'UNL:ASP:HBAcceptor': 1, 'UNL:ASP:HBDonor': 1, 'UNL:ASP:VdWContact': 1, 'UNL:GLN:HBAcceptor': 1, 'UNL:GLN:VdWContact': 1, 'UNL:GLY:VdWContact': 3, 'UNL:SER:VdWContact': 1, 'UNL:THR:HBAcceptor': 2, 'UNL:THR:HBDonor': 1, 'UNL:THR:VdWContact': 2, 'UNL:TYR:VdWContact': 1}","{'UNL:ALA:VdWContact': 1, 'UNL:ASP:HBAcceptor': 1, 'UNL:ASP:VdWContact': 1, 'UNL:GLU:VdWContact': 1, 'UNL:GLY:VdWContact': 4, 'UNL:SER:HBAcceptor': 1, 'UNL:SER:VdWContact': 2, 'UNL:THR:HBAcceptor': 2, 'UNL:THR:VdWContact': 2}"
351,AF3-Single-Seq,1tke_1_SER_0,0.6666666666666667,0.5,"{'UNL:ARG:VdWContact': 1, 'UNL:ASN:HBAcceptor': 1, 'UNL:GLU:VdWContact': 1, 'UNL:LYS:VdWContact': 1, 'UNL:MET:VdWContact': 1, 'UNL:SER:VdWContact': 1}","{'UNL:CYS:VdWContact': 2, 'UNL:GLY:HBAcceptor': 1, 'UNL:GLY:VdWContact': 1, 'UNL:HIS:HBAcceptor': 2, 'UNL:HIS:VdWContact': 3, 'UNL:MET:VdWContact': 1}"
352,AF3-Single-Seq,6ep5_1_ADP_1,0.8,0.5555555555555556,"{'UNL:ARG:HBAcceptor': 1, 'UNL:ARG:VdWContact': 1, 'UNL:ASN:VdWContact': 2, 'UNL:GLY:HBAcceptor': 1, 'UNL:GLY:HBDonor': 1, 'UNL:GLY:VdWContact': 2, 'UNL:HIS:HBDonor': 1, 'UNL:HIS:VdWContact': 1, 'UNL:PHE:VdWContact': 1}","{'UNL:ARG:HBAcceptor': 2, 'UNL:ARG:VdWContact': 2, 'UNL:ASN:HBAcceptor': 2, 'UNL:ASN:VdWContact': 2, 'UNL:GLU:VdWContact': 2, 'UNL:GLY:HBAcceptor': 2, 'UNL:GLY:VdWContact': 2, 'UNL:HIS:VdWContact': 1, 'UNL:LYS:VdWContact': 1, 'UNL:MET:VdWContact': 1, 'UNL:TYR:VdWContact': 1}"
353,AF3-Single-Seq,2vfu_1_MTL_0,0.0,0.49999999999999994,"{'UNL:HIS:HBAcceptor': 1, 'UNL:HIS:VdWContact': 1, 'UNL:SER:VdWContact': 1, 'UNL:THR:HBAcceptor': 1, 'UNL:THR:VdWContact': 1, 'UNL:TRP:VdWContact': 1, 'UNL:TYR:HBAcceptor': 1, 'UNL:TYR:VdWContact': 1}","{'UNL:ARG:HBAcceptor': 1, 'UNL:ARG:VdWContact': 1, 'UNL:GLU:VdWContact': 1, 'UNL:HIS:VdWContact': 2, 'UNL:LYS:VdWContact': 2, 'UNL:PHE:VdWContact': 1, 'UNL:PRO:VdWContact': 1, 'UNL:SER:HBAcceptor': 1, 'UNL:SER:VdWContact': 1, 'UNL:THR:HBAcceptor': 1, 'UNL:THR:VdWContact': 1}"
354,AF3-Single-Seq,2hs3_1_FGR_0,0.1428571428571429,0.4545454545454546,"{'UNL:ALA:VdWContact': 1, 'UNL:ARG:HBAcceptor': 1, 'UNL:ARG:VdWContact': 1, 'UNL:ASP:VdWContact': 1, 'UNL:GLN:VdWContact': 1, 'UNL:GLU:HBAcceptor': 1, 'UNL:GLU:VdWContact': 1, 'UNL:GLY:VdWContact': 1, 'UNL:HIS:VdWContact': 1, 'UNL:ILE:VdWContact': 1, 'UNL:SER:HBAcceptor': 1, 'UNL:SER:VdWContact': 1, 'UNL:THR:HBDonor': 1, 'UNL:THR:VdWContact': 1}","{'UNL:ALA:HBAcceptor': 1, 'UNL:ALA:VdWContact': 1, 'UNL:ARG:VdWContact': 1, 'UNL:ASN:HBAcceptor': 1, 'UNL:ASN:VdWContact': 1, 'UNL:GLN:VdWContact': 2, 'UNL:GLU:VdWContact': 1, 'UNL:GLY:VdWContact': 1, 'UNL:HIS:HBAcceptor': 2, 'UNL:HIS:VdWContact': 3, 'UNL:SER:HBAcceptor': 1, 'UNL:SER:VdWContact': 2, 'UNL:THR:VdWContact': 1}"
355,AF3-Single-Seq,3jqm_1_GTP_5,0.0,0.49999999999999994,"{'UNL:ARG:HBAcceptor': 1, 'UNL:ARG:VdWContact': 2, 'UNL:ASP:VdWContact': 1, 'UNL:LYS:VdWContact': 1, 'UNL:TYR:VdWContact': 1}","{'UNL:HIS:HBAcceptor': 1, 'UNL:HIS:VdWContact': 1, 'UNL:VAL:VdWContact': 1}"
356,AF3-Single-Seq,3eca_1_ASP_3,0.75,0.25,"{'UNL:ALA:VdWContact': 2, 'UNL:ASP:VdWContact': 1, 'UNL:GLY:VdWContact': 2, 'UNL:SER:HBAcceptor': 1, 'UNL:SER:VdWContact': 1, 'UNL:THR:HBAcceptor': 1, 'UNL:THR:VdWContact': 1, 'UNL:TYR:VdWContact': 1}","{'UNL:ASP:HBAcceptor': 1, 'UNL:ASP:VdWContact': 2, 'UNL:GLN:HBAcceptor': 1, 'UNL:GLN:VdWContact': 1, 'UNL:GLU:VdWContact': 1, 'UNL:GLY:VdWContact': 2, 'UNL:SER:HBAcceptor': 1, 'UNL:SER:VdWContact': 2, 'UNL:THR:HBAcceptor': 2, 'UNL:THR:VdWContact': 2}"
357,AF3-Single-Seq,2ze9_1_PD7_0,0.6666666666666667,0.5,"{'UNL:ALA:HBDonor': 1, 'UNL:ALA:VdWContact': 2, 'UNL:LEU:VdWContact': 4, 'UNL:LYS:VdWContact': 2, 'UNL:PHE:VdWContact': 1, 'UNL:PRO:VdWContact': 1, 'UNL:SER:VdWContact': 1, 'UNL:TRP:VdWContact': 3}","{'UNL:ALA:VdWContact': 1, 'UNL:ASN:HBAcceptor': 2, 'UNL:ASN:VdWContact': 2, 'UNL:HIS:VdWContact': 1, 'UNL:LEU:VdWContact': 1, 'UNL:LYS:VdWContact': 2, 'UNL:TRP:HBAcceptor': 1, 'UNL:TRP:VdWContact': 1, 'UNL:TYR:VdWContact': 1}"
358,AF3-Single-Seq,2hk9_1_SKM_0,0.0,0.25,"{'UNL:ALA:VdWContact': 1, 'UNL:ARG:HBAcceptor': 1, 'UNL:ARG:VdWContact': 1, 'UNL:GLY:VdWContact': 1, 'UNL:HIS:VdWContact': 1, 'UNL:LEU:VdWContact': 1, 'UNL:TRP:VdWContact': 1}","{'UNL:ASN:HBAcceptor': 1, 'UNL:ASN:VdWContact': 2, 'UNL:ASP:VdWContact': 1, 'UNL:LEU:Hydrophobic': 1, 'UNL:LYS:VdWContact': 2, 'UNL:SER:VdWContact': 2, 'UNL:TYR:VdWContact': 1}"
359,AF3-Single-Seq,2wr8_1_SAH_1,0.33333333333333337,0.42857142857142855,"{'UNL:ASN:HBAcceptor': 1, 'UNL:ASN:HBDonor': 1, 'UNL:ASN:VdWContact': 2, 'UNL:ASP:VdWContact': 1, 'UNL:GLU:HBDonor': 1, 'UNL:GLU:VdWContact': 2, 'UNL:MET:HBAcceptor': 1, 'UNL:MET:VdWContact': 1, 'UNL:VAL:HBDonor': 1, 'UNL:VAL:VdWContact': 1}","{'UNL:ASN:HBAcceptor': 1, 'UNL:ASN:VdWContact': 1, 'UNL:GLU:VdWContact': 1, 'UNL:MET:HBAcceptor': 1, 'UNL:MET:VdWContact': 1, 'UNL:SER:HBAcceptor': 1, 'UNL:SER:VdWContact': 1, 'UNL:TYR:VdWContact': 1, 'UNL:VAL:VdWContact': 1}"
360,AF3-Single-Seq,3gf4_1_FAD_1,0.0,0.25,"{'UNL:ALA:VdWContact': 1, 'UNL:ARG:HBAcceptor': 1, 'UNL:ARG:VdWContact': 2, 'UNL:ASP:HBAcceptor': 1, 'UNL:ASP:VdWContact': 1, 'UNL:GLN:HBAcceptor': 1, 'UNL:GLN:VdWContact': 3, 'UNL:GLY:VdWContact': 1, 'UNL:LEU:HBAcceptor': 1, 'UNL:LEU:VdWContact': 1, 'UNL:LYS:HBAcceptor': 1, 'UNL:LYS:VdWContact': 1, 'UNL:PHE:HBAcceptor': 1, 'UNL:PHE:VdWContact': 2, 'UNL:PRO:VdWContact': 1, 'UNL:SER:HBDonor': 1, 'UNL:SER:VdWContact': 2, 'UNL:TYR:VdWContact': 2}","{'UNL:ARG:HBAcceptor': 1, 'UNL:ARG:VdWContact': 1, 'UNL:ASN:HBAcceptor': 1, 'UNL:ASN:VdWContact': 1, 'UNL:ASP:VdWContact': 2, 'UNL:GLN:HBAcceptor': 1, 'UNL:GLN:VdWContact': 1, 'UNL:GLY:VdWContact': 1, 'UNL:HIS:VdWContact': 1, 'UNL:ILE:HBAcceptor': 1, 'UNL:ILE:VdWContact': 1, 'UNL:LEU:VdWContact': 1, 'UNL:MET:HBAcceptor': 1, 'UNL:MET:VdWContact': 1, 'UNL:PHE:HBAcceptor': 1, 'UNL:PHE:VdWContact': 1, 'UNL:SER:HBAcceptor': 1, 'UNL:SER:VdWContact': 2, 'UNL:TYR:Hydrophobic': 2, 'UNL:TYR:VdWContact': 2}"
361,AF3-Single-Seq,2xta_1_ACO_0,0.3999999999999999,0.7,"{'UNL:ALA:HBAcceptor': 1, 'UNL:ALA:HBDonor': 1, 'UNL:ALA:VdWContact': 4, 'UNL:ASP:VdWContact': 2, 'UNL:HIS:HBDonor': 1, 'UNL:HIS:VdWContact': 2, 'UNL:PHE:VdWContact': 1, 'UNL:PRO:VdWContact': 4, 'UNL:THR:VdWContact': 1}","{'UNL:ARG:HBAcceptor': 2, 'UNL:ARG:VdWContact': 3, 'UNL:GLN:HBAcceptor': 1, 'UNL:GLN:VdWContact': 1, 'UNL:LYS:VdWContact': 1, 'UNL:PRO:VdWContact': 1, 'UNL:SER:VdWContact': 1}"
362,AF3-Single-Seq,6o70_1_ACK_1,0.3333333333333333,0.11111111111111116,"{'UNL:ALA:VdWContact': 1, 'UNL:ASN:HBAcceptor': 1, 'UNL:ASN:VdWContact': 1, 'UNL:GLY:VdWContact': 1, 'UNL:THR:VdWContact': 1, 'UNL:TRP:HBAcceptor': 1, 'UNL:TRP:VdWContact': 1}","{'UNL:ALA:HBAcceptor': 1, 'UNL:ALA:VdWContact': 1, 'UNL:GLU:VdWContact': 2, 'UNL:HIS:VdWContact': 1, 'UNL:LEU:VdWContact': 1, 'UNL:LYS:VdWContact': 1}"
363,AF3-Single-Seq,1uf5_1_CDT_0,0.49999999999999994,0.46153846153846156,"{'UNL:ALA:HBAcceptor': 1, 'UNL:ALA:VdWContact': 1, 'UNL:ASN:HBDonor': 1, 'UNL:ASN:VdWContact': 1, 'UNL:ASP:Hydrophobic': 1, 'UNL:ASP:VdWContact': 1, 'UNL:GLU:HBDonor': 1, 'UNL:GLU:Hydrophobic': 1, 'UNL:GLU:VdWContact': 1, 'UNL:SER:HBAcceptor': 1, 'UNL:SER:VdWContact': 1}","{'UNL:ALA:VdWContact': 1, 'UNL:ARG:HBAcceptor': 2, 'UNL:ARG:VdWContact': 3, 'UNL:ASN:HBAcceptor': 1, 'UNL:ASN:VdWContact': 3, 'UNL:GLU:VdWContact': 1, 'UNL:ILE:Hydrophobic': 1, 'UNL:LYS:VdWContact': 1, 'UNL:PRO:Hydrophobic': 1, 'UNL:PRO:VdWContact': 1, 'UNL:THR:VdWContact': 1}"
364,AF3-Single-Seq,3ad9_1_NAD_0,0.28571428571428575,0.5454545454545454,"{'UNL:ARG:HBAcceptor': 1, 'UNL:ARG:HBDonor': 1, 'UNL:ARG:VdWContact': 3, 'UNL:ASP:VdWContact': 1, 'UNL:GLU:HBAcceptor': 1, 'UNL:GLU:VdWContact': 2, 'UNL:GLY:VdWContact': 1, 'UNL:THR:HBAcceptor': 1, 'UNL:THR:VdWContact': 3, 'UNL:VAL:HBAcceptor': 1, 'UNL:VAL:HBDonor': 1, 'UNL:VAL:VdWContact': 1}","{'UNL:ALA:HBAcceptor': 2, 'UNL:ALA:VdWContact': 3, 'UNL:ARG:HBAcceptor': 1, 'UNL:ARG:VdWContact': 1, 'UNL:ASP:VdWContact': 1, 'UNL:GLU:HBAcceptor': 1, 'UNL:GLU:VdWContact': 1, 'UNL:GLY:VdWContact': 2, 'UNL:LEU:Hydrophobic': 1, 'UNL:LEU:VdWContact': 1, 'UNL:PHE:Hydrophobic': 1, 'UNL:PRO:VdWContact': 1, 'UNL:THR:HBAcceptor': 1, 'UNL:THR:VdWContact': 2, 'UNL:VAL:HBAcceptor': 1, 'UNL:VAL:VdWContact': 1}"
365,AF3-Single-Seq,4pfx_1_UDP_0,0.8333333333333334,0.3636363636363636,"{'UNL:ARG:VdWContact': 1, 'UNL:ASN:HBAcceptor': 1, 'UNL:LEU:VdWContact': 2, 'UNL:MET:VdWContact': 1, 'UNL:PRO:VdWContact': 1, 'UNL:SER:VdWContact': 2, 'UNL:THR:VdWContact': 1, 'UNL:TYR:VdWContact': 2}","{'UNL:ALA:HBAcceptor': 1, 'UNL:ALA:VdWContact': 1, 'UNL:ARG:HBAcceptor': 2, 'UNL:ARG:VdWContact': 3, 'UNL:GLY:HBAcceptor': 1, 'UNL:GLY:VdWContact': 2, 'UNL:HIS:HBAcceptor': 1, 'UNL:HIS:VdWContact': 1, 'UNL:LEU:VdWContact': 1, 'UNL:LYS:VdWContact': 1, 'UNL:PRO:VdWContact': 1, 'UNL:SER:HBAcceptor': 1, 'UNL:SER:VdWContact': 3, 'UNL:TYR:VdWContact': 1}"
366,AF3-Single-Seq,2gah_1_NAD_0,0.28571428571428575,0.5,"{'UNL:ALA:VdWContact': 1, 'UNL:ARG:VdWContact': 1, 'UNL:ASP:HBDonor': 1, 'UNL:ASP:VdWContact': 1, 'UNL:GLU:HBAcceptor': 1, 'UNL:GLU:VdWContact': 2, 'UNL:GLY:VdWContact': 3, 'UNL:HIS:VdWContact': 1, 'UNL:LEU:VdWContact': 1, 'UNL:THR:VdWContact': 2, 'UNL:VAL:HBAcceptor': 1, 'UNL:VAL:HBDonor': 1, 'UNL:VAL:VdWContact': 2}","{'UNL:ALA:HBAcceptor': 2, 'UNL:ALA:VdWContact': 3, 'UNL:ARG:HBAcceptor': 1, 'UNL:ARG:VdWContact': 1, 'UNL:ASP:VdWContact': 1, 'UNL:GLU:HBAcceptor': 1, 'UNL:GLU:VdWContact': 1, 'UNL:GLY:VdWContact': 3, 'UNL:LEU:Hydrophobic': 1, 'UNL:LEU:VdWContact': 1, 'UNL:PHE:Hydrophobic': 1, 'UNL:PRO:VdWContact': 1, 'UNL:THR:HBAcceptor': 1, 'UNL:THR:VdWContact': 4, 'UNL:VAL:HBAcceptor': 1, 'UNL:VAL:VdWContact': 1}"
367,AF3-Single-Seq,4h2f_1_ADN_0,0.0,0.625,"{'UNL:ASN:HBAcceptor': 1, 'UNL:ASN:VdWContact': 2, 'UNL:ASP:HBDonor': 1, 'UNL:ASP:VdWContact': 2, 'UNL:GLY:VdWContact': 1, 'UNL:HIS:VdWContact': 2, 'UNL:PHE:VdWContact': 1, 'UNL:SER:VdWContact': 1, 'UNL:VAL:VdWContact': 1}","{'UNL:ARG:HBAcceptor': 1, 'UNL:ARG:VdWContact': 1, 'UNL:ASN:HBAcceptor': 1, 'UNL:ASN:VdWContact': 1, 'UNL:ASP:VdWContact': 1, 'UNL:GLY:VdWContact': 1, 'UNL:PHE:VdWContact': 1}"
368,AF3-Single-Seq,5fiu_1_Y3J_3,0.2,0.6363636363636362,"{'UNL:ALA:HBAcceptor': 1, 'UNL:ALA:VdWContact': 2, 'UNL:ARG:HBDonor': 1, 'UNL:ARG:VdWContact': 1, 'UNL:ASN:HBAcceptor': 1, 'UNL:ASN:HBDonor': 1, 'UNL:ASN:VdWContact': 1, 'UNL:LEU:VdWContact': 1, 'UNL:PHE:VdWContact': 1}","{'UNL:ALA:HBAcceptor': 1, 'UNL:ALA:VdWContact': 1, 'UNL:ARG:VdWContact': 1, 'UNL:ASN:HBAcceptor': 1, 'UNL:ASN:VdWContact': 1, 'UNL:ASP:VdWContact': 1, 'UNL:PHE:VdWContact': 2, 'UNL:PRO:VdWContact': 1, 'UNL:SER:VdWContact': 1, 'UNL:THR:VdWContact': 1, 'UNL:TRP:VdWContact': 2, 'UNL:TYR:HBAcceptor': 1, 'UNL:TYR:VdWContact': 2}"
369,AF3-Single-Seq,4uoc_1_NCN_1,1.0,1.0909090909090908,"{'UNL:ARG:HBAcceptor': 2, 'UNL:ARG:VdWContact': 2, 'UNL:LEU:VdWContact': 1, 'UNL:PHE:VdWContact': 1}","{'UNL:ALA:HBAcceptor': 1, 'UNL:ALA:VdWContact': 1, 'UNL:ARG:HBAcceptor': 1, 'UNL:ARG:VdWContact': 1, 'UNL:ASP:VdWContact': 1, 'UNL:GLY:HBAcceptor': 3, 'UNL:GLY:VdWContact': 3, 'UNL:LEU:HBAcceptor': 1, 'UNL:LEU:Hydrophobic': 2, 'UNL:LEU:VdWContact': 1, 'UNL:PRO:VdWContact': 1, 'UNL:SER:HBAcceptor': 1, 'UNL:SER:VdWContact': 3, 'UNL:THR:VdWContact': 2, 'UNL:TYR:VdWContact': 1}"
370,AF3-Single-Seq,3o7j_1_2AL_0,0.5999999999999999,0.625,"{'UNL:ARG:HBAcceptor': 3, 'UNL:ARG:HBDonor': 1, 'UNL:ARG:VdWContact': 3, 'UNL:GLN:HBDonor': 1, 'UNL:GLN:VdWContact': 1, 'UNL:ILE:VdWContact': 1}","{'UNL:ALA:HBAcceptor': 1, 'UNL:ALA:VdWContact': 1, 'UNL:GLU:VdWContact': 1, 'UNL:ILE:HBAcceptor': 1, 'UNL:ILE:VdWContact': 2, 'UNL:LEU:VdWContact': 2, 'UNL:PHE:VdWContact': 1, 'UNL:PRO:VdWContact': 1}"
371,AF3-Single-Seq,4rhe_1_FMN_6,0.3333333333333333,0.4375,"{'UNL:ALA:VdWContact': 1, 'UNL:ASN:HBAcceptor': 1, 'UNL:ASN:VdWContact': 1, 'UNL:GLY:HBAcceptor': 1, 'UNL:GLY:VdWContact': 1, 'UNL:HIS:HBAcceptor': 1, 'UNL:HIS:Hydrophobic': 1, 'UNL:HIS:VdWContact': 2, 'UNL:LEU:VdWContact': 1, 'UNL:MET:VdWContact': 1, 'UNL:PHE:Hydrophobic': 1, 'UNL:PHE:VdWContact': 1, 'UNL:THR:VdWContact': 1}","{'UNL:ALA:VdWContact': 1, 'UNL:ARG:HBAcceptor': 1, 'UNL:ARG:VdWContact': 1, 'UNL:GLY:HBAcceptor': 1, 'UNL:GLY:VdWContact': 2, 'UNL:SER:HBAcceptor': 2, 'UNL:SER:VdWContact': 4, 'UNL:THR:HBAcceptor': 1, 'UNL:THR:VdWContact': 4, 'UNL:TRP:Hydrophobic': 1, 'UNL:TRP:VdWContact': 1, 'UNL:VAL:Hydrophobic': 1, 'UNL:VAL:VdWContact': 1}"
372,AF3-Single-Seq,6qkr_1_FAD_0,0.1111111111111111,0.2666666666666666,"{'UNL:ALA:HBAcceptor': 1, 'UNL:ALA:VdWContact': 2, 'UNL:GLN:VdWContact': 1, 'UNL:GLU:HBAcceptor': 1, 'UNL:GLU:HBDonor': 1, 'UNL:GLU:VdWContact': 3, 'UNL:GLY:VdWContact': 3, 'UNL:LEU:VdWContact': 1, 'UNL:LYS:HBAcceptor': 1, 'UNL:LYS:VdWContact': 1, 'UNL:PRO:VdWContact': 1, 'UNL:SER:HBAcceptor': 1, 'UNL:SER:HBDonor': 1, 'UNL:SER:VdWContact': 1, 'UNL:THR:VdWContact': 1, 'UNL:TRP:VdWContact': 1, 'UNL:TYR:VdWContact': 4}","{'UNL:ALA:HBAcceptor': 1, 'UNL:ALA:VdWContact': 1, 'UNL:ASP:HBAcceptor': 1, 'UNL:ASP:VdWContact': 2, 'UNL:GLN:HBAcceptor': 1, 'UNL:GLU:HBAcceptor': 1, 'UNL:GLU:Hydrophobic': 1, 'UNL:GLU:VdWContact': 2, 'UNL:GLY:VdWContact': 4, 'UNL:ILE:Hydrophobic': 1, 'UNL:ILE:VdWContact': 1, 'UNL:LEU:HBAcceptor': 1, 'UNL:LEU:VdWContact': 1, 'UNL:LYS:HBAcceptor': 1, 'UNL:LYS:VdWContact': 2, 'UNL:PRO:VdWContact': 1, 'UNL:SER:HBAcceptor': 1, 'UNL:SER:VdWContact': 1, 'UNL:THR:VdWContact': 1, 'UNL:TRP:VdWContact': 1}"
373,AF3-Single-Seq,3inr_1_GDU_0,0.19999999999999996,0.39999999999999997,"{'UNL:ARG:HBAcceptor': 1, 'UNL:ARG:VdWContact': 1, 'UNL:ASP:HBDonor': 1, 'UNL:ASP:VdWContact': 1, 'UNL:GLN:VdWContact': 1, 'UNL:HIS:VdWContact': 1, 'UNL:TYR:HBAcceptor': 1, 'UNL:TYR:VdWContact': 1}","{'UNL:ASN:HBAcceptor': 1, 'UNL:ASN:VdWContact': 1, 'UNL:ASP:VdWContact': 1, 'UNL:LEU:VdWContact': 1, 'UNL:PHE:VdWContact': 2, 'UNL:THR:VdWContact': 1, 'UNL:TRP:HBAcceptor': 1, 'UNL:TRP:VdWContact': 1, 'UNL:TYR:VdWContact': 2}"
374,AF3-Single-Seq,6wyz_1_DGL_1,0.25,0.625,"{'UNL:ARG:VdWContact': 1, 'UNL:GLN:VdWContact': 1, 'UNL:GLY:VdWContact': 2, 'UNL:ILE:HBDonor': 1, 'UNL:ILE:VdWContact': 1, 'UNL:SER:VdWContact': 1, 'UNL:THR:HBAcceptor': 2, 'UNL:THR:VdWContact': 2}","{'UNL:ASP:HBAcceptor': 1, 'UNL:ASP:VdWContact': 1, 'UNL:GLU:VdWContact': 1, 'UNL:GLY:VdWContact': 3, 'UNL:SER:HBAcceptor': 1, 'UNL:SER:VdWContact': 3, 'UNL:THR:HBAcceptor': 2, 'UNL:THR:VdWContact': 3}"
375,AF3-Single-Seq,2v7t_1_SAH_4,0.33333333333333337,0.1428571428571428,"{'UNL:ALA:HBAcceptor': 1, 'UNL:ALA:VdWContact': 1, 'UNL:ARG:HBDonor': 1, 'UNL:ARG:VdWContact': 1, 'UNL:ASN:HBAcceptor': 1, 'UNL:ASN:HBDonor': 1, 'UNL:ASN:VdWContact': 2, 'UNL:ASP:Hydrophobic': 1, 'UNL:ASP:VdWContact': 2, 'UNL:GLY:VdWContact': 1, 'UNL:LEU:HBAcceptor': 1, 'UNL:LEU:VdWContact': 1, 'UNL:PHE:VdWContact': 2, 'UNL:SER:HBAcceptor': 1, 'UNL:SER:HBDonor': 1, 'UNL:SER:VdWContact': 1, 'UNL:TRP:VdWContact': 1}","{'UNL:ALA:HBAcceptor': 1, 'UNL:ALA:VdWContact': 1, 'UNL:ARG:HBAcceptor': 1, 'UNL:ARG:VdWContact': 2, 'UNL:ASN:HBAcceptor': 1, 'UNL:ASN:VdWContact': 1, 'UNL:ASP:VdWContact': 2, 'UNL:PHE:Hydrophobic': 1, 'UNL:PRO:VdWContact': 1, 'UNL:SER:VdWContact': 2, 'UNL:THR:VdWContact': 1, 'UNL:TRP:VdWContact': 3, 'UNL:TYR:HBAcceptor': 1, 'UNL:TYR:VdWContact': 1}"
376,AF3-Single-Seq,3ad7_1_NAD_0,0.28571428571428575,0.2857142857142857,"{'UNL:ARG:HBAcceptor': 1, 'UNL:ARG:VdWContact': 2, 'UNL:ASN:HBAcceptor': 1, 'UNL:ASN:VdWContact': 1, 'UNL:CYS:VdWContact': 1, 'UNL:GLU:VdWContact': 1, 'UNL:GLY:VdWContact': 3, 'UNL:LYS:VdWContact': 1, 'UNL:VAL:HBAcceptor': 1, 'UNL:VAL:HBDonor': 1, 'UNL:VAL:VdWContact': 1}","{'UNL:ALA:HBAcceptor': 2, 'UNL:ALA:VdWContact': 3, 'UNL:ARG:HBAcceptor': 1, 'UNL:ARG:VdWContact': 1, 'UNL:ASP:VdWContact': 1, 'UNL:GLU:HBAcceptor': 1, 'UNL:GLU:VdWContact': 1, 'UNL:GLY:VdWContact': 1, 'UNL:LEU:Hydrophobic': 1, 'UNL:LEU:VdWContact': 1, 'UNL:PHE:Hydrophobic': 1, 'UNL:PRO:VdWContact': 1, 'UNL:THR:HBAcceptor': 1, 'UNL:THR:VdWContact': 2, 'UNL:VAL:HBAcceptor': 1, 'UNL:VAL:VdWContact': 1}"
377,AF3-Single-Seq,5hw0_1_GLU_2,1.0,0.5714285714285714,"{'UNL:ALA:VdWContact': 1, 'UNL:GLY:VdWContact': 1, 'UNL:ILE:VdWContact': 1, 'UNL:SER:HBAcceptor': 1, 'UNL:SER:VdWContact': 1}","{'UNL:ASP:HBAcceptor': 1, 'UNL:ASP:VdWContact': 1, 'UNL:GLU:VdWContact': 1, 'UNL:GLY:VdWContact': 2, 'UNL:SER:HBAcceptor': 1, 'UNL:SER:VdWContact': 2, 'UNL:THR:HBAcceptor': 2, 'UNL:THR:VdWContact': 2}"
378,AF3-Single-Seq,2q37_1_3AL_0,0.3333333333333333,0.3999999999999999,"{'UNL:ARG:VdWContact': 1, 'UNL:CYS:HBAcceptor': 1, 'UNL:CYS:VdWContact': 2, 'UNL:LEU:VdWContact': 1, 'UNL:SER:VdWContact': 1}","{'UNL:ALA:HBAcceptor': 1, 'UNL:ALA:VdWContact': 1, 'UNL:GLU:VdWContact': 1, 'UNL:HIS:VdWContact': 1, 'UNL:ILE:HBAcceptor': 1, 'UNL:ILE:VdWContact': 4, 'UNL:PHE:VdWContact': 1, 'UNL:PRO:VdWContact': 1}"
379,AF3-Single-Seq,4phs_1_UDP_0,0.28571428571428575,0.375,"{'UNL:ALA:VdWContact': 1, 'UNL:ARG:VdWContact': 2, 'UNL:ASN:VdWContact': 1, 'UNL:GLU:VdWContact': 1, 'UNL:GLY:VdWContact': 1, 'UNL:MET:Hydrophobic': 1, 'UNL:MET:VdWContact': 1, 'UNL:PHE:HBAcceptor': 1, 'UNL:PHE:HBDonor': 1, 'UNL:PHE:VdWContact': 2, 'UNL:PRO:VdWContact': 1, 'UNL:SER:VdWContact': 1, 'UNL:THR:HBAcceptor': 1, 'UNL:THR:VdWContact': 1, 'UNL:TYR:Hydrophobic': 1}","{'UNL:ALA:HBAcceptor': 1, 'UNL:ALA:VdWContact': 1, 'UNL:ARG:HBAcceptor': 2, 'UNL:ARG:VdWContact': 2, 'UNL:GLY:HBAcceptor': 1, 'UNL:GLY:VdWContact': 3, 'UNL:HIS:HBAcceptor': 1, 'UNL:HIS:VdWContact': 1, 'UNL:LEU:VdWContact': 1, 'UNL:LYS:VdWContact': 1, 'UNL:PRO:VdWContact': 1, 'UNL:SER:VdWContact': 3, 'UNL:TYR:VdWContact': 1}"
380,AF3-Single-Seq,4xfm_1_THE_0,0.39999999999999997,0.14285714285714285,"{'UNL:ARG:HBAcceptor': 1, 'UNL:ARG:VdWContact': 1, 'UNL:ASN:HBAcceptor': 1, 'UNL:ASN:VdWContact': 1, 'UNL:ASP:HBAcceptor': 1, 'UNL:ASP:HBDonor': 1, 'UNL:ASP:VdWContact': 2, 'UNL:ILE:VdWContact': 1, 'UNL:LEU:VdWContact': 1}","{'UNL:ARG:HBAcceptor': 1, 'UNL:ARG:VdWContact': 1, 'UNL:ASP:VdWContact': 2, 'UNL:LYS:VdWContact': 1, 'UNL:SER:HBAcceptor': 1, 'UNL:SER:VdWContact': 1}"
381,AF3-Single-Seq,6xb3_3_9BG_1,0.4999999999999999,0.9090909090909091,"{'UNL:ARG:HBDonor': 1, 'UNL:ARG:VdWContact': 1, 'UNL:ASN:HBAcceptor': 1, 'UNL:ASN:VdWContact': 1, 'UNL:ASP:HBAcceptor': 1, 'UNL:GLU:HBDonor': 1, 'UNL:GLU:VdWContact': 1, 'UNL:ILE:HBAcceptor': 1, 'UNL:ILE:HBDonor': 1, 'UNL:ILE:VdWContact': 2, 'UNL:PHE:VdWContact': 1, 'UNL:SER:VdWContact': 1}","{'UNL:ARG:HBAcceptor': 4, 'UNL:ARG:VdWContact': 5, 'UNL:GLN:HBAcceptor': 1, 'UNL:GLN:VdWContact': 1, 'UNL:HIS:VdWContact': 3, 'UNL:ILE:VdWContact': 2, 'UNL:LYS:VdWContact': 1, 'UNL:SER:HBAcceptor': 1, 'UNL:SER:VdWContact': 2, 'UNL:TYR:VdWContact': 1, 'UNL:VAL:HBAcceptor': 1, 'UNL:VAL:VdWContact': 2}"
382,AF3-Single-Seq,4kgx_1_CTP_5,0.7999999999999998,0.3,"{'UNL:ARG:HBAcceptor': 3, 'UNL:ARG:VdWContact': 3, 'UNL:GLN:VdWContact': 1, 'UNL:HIS:HBAcceptor': 1, 'UNL:HIS:VdWContact': 1, 'UNL:PRO:VdWContact': 1, 'UNL:SER:VdWContact': 1, 'UNL:THR:HBAcceptor': 1, 'UNL:THR:VdWContact': 2, 'UNL:TYR:HBAcceptor': 1, 'UNL:TYR:VdWContact': 1}","{'UNL:ASP:VdWContact': 1, 'UNL:HIS:HBAcceptor': 1, 'UNL:HIS:VdWContact': 1, 'UNL:ILE:HBAcceptor': 1, 'UNL:ILE:VdWContact': 2, 'UNL:LYS:VdWContact': 2, 'UNL:TYR:VdWContact': 1}"
383,AF3-Single-Seq,3se5_1_ANP_2,0.5,0.2727272727272727,"{'UNL:ARG:HBAcceptor': 2, 'UNL:ARG:VdWContact': 2, 'UNL:ASN:HBDonor': 1, 'UNL:ASN:VdWContact': 1, 'UNL:GLU:VdWContact': 1, 'UNL:GLY:HBAcceptor': 2, 'UNL:GLY:VdWContact': 2, 'UNL:HIS:VdWContact': 1, 'UNL:LYS:HBAcceptor': 1, 'UNL:LYS:VdWContact': 1, 'UNL:PHE:VdWContact': 2, 'UNL:SER:VdWContact': 1, 'UNL:THR:HBAcceptor': 1, 'UNL:THR:VdWContact': 1, 'UNL:TYR:VdWContact': 1}","{'UNL:ARG:HBAcceptor': 2, 'UNL:ARG:VdWContact': 2, 'UNL:ASN:HBAcceptor': 2, 'UNL:ASN:VdWContact': 2, 'UNL:GLY:HBAcceptor': 2, 'UNL:GLY:VdWContact': 2, 'UNL:HIS:VdWContact': 1, 'UNL:LYS:VdWContact': 2, 'UNL:MET:VdWContact': 1, 'UNL:PHE:VdWContact': 1, 'UNL:TYR:VdWContact': 1}"
384,AF3-Single-Seq,2v7u_1_SAM_2,0.25,0.16666666666666674,"{'UNL:ALA:HBAcceptor': 1, 'UNL:ALA:VdWContact': 2, 'UNL:ARG:HBDonor': 1, 'UNL:ARG:VdWContact': 1, 'UNL:ASN:HBAcceptor': 1, 'UNL:ASN:HBDonor': 1, 'UNL:ASN:VdWContact': 4, 'UNL:ASP:HBDonor': 1, 'UNL:ASP:VdWContact': 2, 'UNL:HIS:VdWContact': 1, 'UNL:LEU:VdWContact': 1, 'UNL:PHE:VdWContact': 2, 'UNL:TRP:HBAcceptor': 1, 'UNL:TRP:VdWContact': 1, 'UNL:TYR:VdWContact': 1}","{'UNL:ALA:HBAcceptor': 1, 'UNL:ALA:VdWContact': 1, 'UNL:ARG:HBAcceptor': 1, 'UNL:ARG:VdWContact': 2, 'UNL:ASN:HBAcceptor': 1, 'UNL:ASN:VdWContact': 1, 'UNL:ASP:VdWContact': 2, 'UNL:PRO:VdWContact': 1, 'UNL:SER:VdWContact': 1, 'UNL:THR:VdWContact': 1, 'UNL:TRP:VdWContact': 3, 'UNL:TYR:HBAcceptor': 1, 'UNL:TYR:VdWContact': 1}"
385,AF3-Single-Seq,2gag_1_FOA_0,0.3333333333333333,0.39999999999999997,"{'UNL:ALA:VdWContact': 1, 'UNL:ARG:HBAcceptor': 1, 'UNL:ARG:HBDonor': 1, 'UNL:ARG:Hydrophobic': 1, 'UNL:ARG:VdWContact': 2, 'UNL:LEU:Hydrophobic': 1, 'UNL:MET:VdWContact': 1, 'UNL:PRO:VdWContact': 1, 'UNL:VAL:VdWContact': 1}","{'UNL:ASN:VdWContact': 2, 'UNL:GLY:VdWContact': 1, 'UNL:THR:HBAcceptor': 1, 'UNL:THR:VdWContact': 1}"
386,AF3-Single-Seq,4phr_1_UDP_0,0.5999999999999999,0.19999999999999996,"{'UNL:ALA:VdWContact': 1, 'UNL:ASN:VdWContact': 2, 'UNL:GLY:HBAcceptor': 1, 'UNL:GLY:VdWContact': 2, 'UNL:LEU:Hydrophobic': 1, 'UNL:LYS:VdWContact': 1, 'UNL:PRO:VdWContact': 1, 'UNL:SER:VdWContact': 1, 'UNL:TYR:HBAcceptor': 1, 'UNL:TYR:VdWContact': 2}","{'UNL:ALA:HBAcceptor': 1, 'UNL:ALA:VdWContact': 1, 'UNL:ARG:HBAcceptor': 2, 'UNL:ARG:VdWContact': 3, 'UNL:GLY:HBAcceptor': 1, 'UNL:GLY:VdWContact': 2, 'UNL:HIS:HBAcceptor': 1, 'UNL:HIS:VdWContact': 1, 'UNL:LYS:VdWContact': 1, 'UNL:PRO:VdWContact': 1, 'UNL:SER:VdWContact': 2}"
387,AF3-Single-Seq,1o72_2_PC_0,0.3333333333333333,1.2,"{'UNL:ARG:HBAcceptor': 1, 'UNL:ARG:VdWContact': 1, 'UNL:ASP:HBDonor': 1, 'UNL:ASP:VdWContact': 2, 'UNL:LYS:VdWContact': 1, 'UNL:MET:VdWContact': 1, 'UNL:TYR:VdWContact': 3}","{'UNL:TYR:HBAcceptor': 1, 'UNL:TYR:VdWContact': 2}"
388,AF3-Single-Seq,3zjx_1_BOG_0,0.3333333333333333,0.7857142857142857,"{'UNL:ARG:HBDonor': 1, 'UNL:ARG:Hydrophobic': 1, 'UNL:ARG:VdWContact': 1, 'UNL:ASN:VdWContact': 1, 'UNL:GLU:Hydrophobic': 1, 'UNL:GLU:VdWContact': 1, 'UNL:GLY:VdWContact': 1, 'UNL:ILE:Hydrophobic': 1, 'UNL:ILE:VdWContact': 1, 'UNL:LYS:VdWContact': 1, 'UNL:VAL:HBDonor': 1, 'UNL:VAL:Hydrophobic': 2, 'UNL:VAL:VdWContact': 4}","{'UNL:PHE:VdWContact': 1, 'UNL:SER:VdWContact': 1, 'UNL:THR:HBAcceptor': 1, 'UNL:THR:VdWContact': 1, 'UNL:VAL:VdWContact': 1}"
389,AF3-Single-Seq,1qaw_1_TRP_7,0.19999999999999996,0.18181818181818182,"{'UNL:GLN:HBDonor': 1, 'UNL:GLN:Hydrophobic': 1, 'UNL:GLN:VdWContact': 1, 'UNL:ILE:VdWContact': 1, 'UNL:SER:HBDonor': 1, 'UNL:SER:VdWContact': 2, 'UNL:TYR:Hydrophobic': 1, 'UNL:VAL:Hydrophobic': 1}","{'UNL:ALA:Hydrophobic': 1, 'UNL:ARG:VdWContact': 1, 'UNL:GLN:VdWContact': 1, 'UNL:GLY:HBAcceptor': 1, 'UNL:GLY:VdWContact': 1, 'UNL:HIS:VdWContact': 1, 'UNL:SER:HBAcceptor': 1, 'UNL:SER:VdWContact': 1, 'UNL:THR:HBAcceptor': 1, 'UNL:THR:VdWContact': 3}"
390,AF3,2r4e_1_13P_0,0.6666666666666667,0.4000000000000001,"{'UNL:ARG:HBAcceptor': 2, 'UNL:ARG:VdWContact': 4, 'UNL:ILE:HBAcceptor': 1, 'UNL:ILE:VdWContact': 1, 'UNL:THR:VdWContact': 1, 'UNL:TYR:VdWContact': 1}","{'UNL:ARG:HBAcceptor': 3, 'UNL:ARG:VdWContact': 4, 'UNL:ASP:VdWContact': 1, 'UNL:ILE:HBAcceptor': 1, 'UNL:ILE:VdWContact': 1, 'UNL:THR:HBAcceptor': 1, 'UNL:THR:VdWContact': 2, 'UNL:TYR:VdWContact': 1}"
391,AF3,4cdn_2_FAD_0,0.5,0.28571428571428564,"{'UNL:ARG:HBAcceptor': 1, 'UNL:ARG:Hydrophobic': 1, 'UNL:ARG:VdWContact': 1, 'UNL:ASN:HBAcceptor': 3, 'UNL:ASN:VdWContact': 3, 'UNL:ASP:HBDonor': 1, 'UNL:ASP:VdWContact': 1, 'UNL:GLU:VdWContact': 1, 'UNL:GLY:VdWContact': 2, 'UNL:ILE:Hydrophobic': 1, 'UNL:ILE:VdWContact': 1, 'UNL:LEU:VdWContact': 2, 'UNL:LYS:VdWContact': 2, 'UNL:PHE:VdWContact': 1, 'UNL:SER:HBAcceptor': 1, 'UNL:SER:HBDonor': 1, 'UNL:SER:VdWContact': 4, 'UNL:TRP:VdWContact': 1, 'UNL:TYR:HBAcceptor': 1, 'UNL:TYR:VdWContact': 1}","{'UNL:ARG:HBAcceptor': 1, 'UNL:ARG:Hydrophobic': 1, 'UNL:ARG:VdWContact': 1, 'UNL:ASN:HBAcceptor': 3, 'UNL:ASN:VdWContact': 3, 'UNL:ASP:VdWContact': 1, 'UNL:GLU:VdWContact': 1, 'UNL:GLY:VdWContact': 2, 'UNL:ILE:Hydrophobic': 1, 'UNL:LEU:VdWContact': 3, 'UNL:LYS:VdWContact': 2, 'UNL:PHE:VdWContact': 1, 'UNL:SER:HBAcceptor': 1, 'UNL:SER:VdWContact': 3, 'UNL:TYR:VdWContact': 1}"
392,AF3,5k45_2_GLU_1,0.5,0.33333333333333326,"{'UNL:ASP:HBAcceptor': 1, 'UNL:ASP:HBDonor': 1, 'UNL:ASP:VdWContact': 1, 'UNL:GLN:VdWContact': 1, 'UNL:GLU:HBDonor': 1, 'UNL:GLU:VdWContact': 1, 'UNL:GLY:VdWContact': 1, 'UNL:SER:HBAcceptor': 1, 'UNL:SER:HBDonor': 1, 'UNL:SER:VdWContact': 1, 'UNL:THR:HBAcceptor': 1, 'UNL:THR:VdWContact': 1}","{'UNL:ASP:HBAcceptor': 1, 'UNL:ASP:VdWContact': 1, 'UNL:GLU:VdWContact': 1, 'UNL:GLY:VdWContact': 2, 'UNL:SER:HBAcceptor': 1, 'UNL:SER:VdWContact': 1, 'UNL:THR:HBAcceptor': 1, 'UNL:THR:VdWContact': 1}"
393,AF3,2zcz_2_TRP_3,0.6,0.29999999999999993,"{'UNL:ARG:VdWContact': 1, 'UNL:GLN:HBDonor': 1, 'UNL:GLN:VdWContact': 1, 'UNL:GLY:HBAcceptor': 1, 'UNL:GLY:VdWContact': 1, 'UNL:HIS:Hydrophobic': 1, 'UNL:HIS:VdWContact': 1, 'UNL:ILE:Hydrophobic': 1, 'UNL:SER:HBAcceptor': 1, 'UNL:SER:VdWContact': 1, 'UNL:THR:HBAcceptor': 1, 'UNL:THR:HBDonor': 1, 'UNL:THR:VdWContact': 4}","{'UNL:ALA:Hydrophobic': 1, 'UNL:ARG:VdWContact': 1, 'UNL:ASP:VdWContact': 1, 'UNL:GLN:VdWContact': 1, 'UNL:GLY:HBAcceptor': 1, 'UNL:GLY:VdWContact': 1, 'UNL:SER:VdWContact': 1, 'UNL:THR:HBAcceptor': 1, 'UNL:THR:VdWContact': 6}"
394,AF3,5k3o_2_ASP_0,0.5,0.7142857142857144,"{'UNL:ASP:HBAcceptor': 1, 'UNL:ASP:VdWContact': 1, 'UNL:GLN:VdWContact': 1, 'UNL:GLU:HBDonor': 1, 'UNL:GLU:VdWContact': 1, 'UNL:GLY:VdWContact': 1, 'UNL:SER:HBAcceptor': 1, 'UNL:SER:VdWContact': 1, 'UNL:THR:HBAcceptor': 1, 'UNL:THR:VdWContact': 1}","{'UNL:ALA:VdWContact': 1, 'UNL:ASP:HBAcceptor': 1, 'UNL:ASP:VdWContact': 1, 'UNL:GLU:VdWContact': 1, 'UNL:GLY:VdWContact': 4, 'UNL:SER:HBAcceptor': 1, 'UNL:SER:VdWContact': 2, 'UNL:THR:HBAcceptor': 2, 'UNL:THR:VdWContact': 2}"
395,AF3,5ida_1_BMA_0,0.5,0.19999999999999996,"{'UNL:ALA:HBAcceptor': 1, 'UNL:ALA:VdWContact': 1, 'UNL:GLU:VdWContact': 2, 'UNL:HIS:VdWContact': 1, 'UNL:LYS:HBAcceptor': 1, 'UNL:LYS:VdWContact': 1}","{'UNL:ALA:HBAcceptor': 1, 'UNL:ALA:VdWContact': 1, 'UNL:ASP:VdWContact': 1, 'UNL:GLU:VdWContact': 1, 'UNL:LYS:VdWContact': 1}"
396,AF3,1tke_1_SER_0,0.6666666666666667,0.6000000000000001,"{'UNL:CYS:VdWContact': 1, 'UNL:GLY:HBAcceptor': 1, 'UNL:GLY:VdWContact': 1, 'UNL:HIS:HBAcceptor': 1, 'UNL:HIS:HBDonor': 1, 'UNL:HIS:VdWContact': 2, 'UNL:LYS:VdWContact': 1, 'UNL:MET:VdWContact': 1}","{'UNL:CYS:VdWContact': 2, 'UNL:GLY:HBAcceptor': 1, 'UNL:GLY:VdWContact': 1, 'UNL:HIS:HBAcceptor': 2, 'UNL:HIS:VdWContact': 3, 'UNL:MET:VdWContact': 1}"
397,AF3,6paa_1_ASP_2,0.2,0.3333333333333333,"{'UNL:ALA:VdWContact': 1, 'UNL:ASP:HBAcceptor': 1, 'UNL:ASP:HBDonor': 1, 'UNL:ASP:VdWContact': 1, 'UNL:GLN:VdWContact': 1, 'UNL:GLU:VdWContact': 1, 'UNL:GLY:VdWContact': 3, 'UNL:SER:HBAcceptor': 1, 'UNL:SER:VdWContact': 1, 'UNL:THR:HBAcceptor': 1, 'UNL:THR:VdWContact': 1, 'UNL:VAL:HBAcceptor': 1, 'UNL:VAL:Hydrophobic': 1, 'UNL:VAL:VdWContact': 1}","{'UNL:ASP:HBAcceptor': 1, 'UNL:ASP:VdWContact': 1, 'UNL:GLU:VdWContact': 1, 'UNL:GLY:VdWContact': 3, 'UNL:SER:HBAcceptor': 1, 'UNL:SER:VdWContact': 1, 'UNL:THR:HBAcceptor': 1, 'UNL:THR:VdWContact': 1, 'UNL:VAL:HBAcceptor': 1, 'UNL:VAL:VdWContact': 1}"
398,AF3,3wrb_1_GDE_0,0.0,0.125,"{'UNL:ASN:VdWContact': 1, 'UNL:GLU:HBDonor': 1, 'UNL:GLU:VdWContact': 1, 'UNL:HIS:VdWContact': 2, 'UNL:PHE:VdWContact': 1, 'UNL:THR:VdWContact': 1, 'UNL:TYR:VdWContact': 1}","{'UNL:ASN:HBAcceptor': 1, 'UNL:ASN:VdWContact': 1, 'UNL:GLU:VdWContact': 1, 'UNL:PRO:Hydrophobic': 1, 'UNL:THR:VdWContact': 1, 'UNL:TYR:VdWContact': 1, 'UNL:VAL:Hydrophobic': 1}"
399,AF3,6ep5_1_ADP_1,0.25,0.0,"{'UNL:ARG:HBAcceptor': 2, 'UNL:ARG:VdWContact': 2, 'UNL:ASN:HBAcceptor': 2, 'UNL:ASN:VdWContact': 2, 'UNL:GLU:VdWContact': 2, 'UNL:GLY:HBAcceptor': 2, 'UNL:GLY:VdWContact': 2, 'UNL:HIS:VdWContact': 1, 'UNL:LYS:HBAcceptor': 1, 'UNL:LYS:VdWContact': 1, 'UNL:MET:VdWContact': 1, 'UNL:TYR:VdWContact': 1}","{'UNL:ARG:HBAcceptor': 2, 'UNL:ARG:VdWContact': 2, 'UNL:ASN:HBAcceptor': 2, 'UNL:ASN:VdWContact': 2, 'UNL:GLU:VdWContact': 2, 'UNL:GLY:HBAcceptor': 2, 'UNL:GLY:VdWContact': 2, 'UNL:HIS:VdWContact': 1, 'UNL:LYS:VdWContact': 1, 'UNL:MET:VdWContact': 1, 'UNL:TYR:VdWContact': 1}"
400,AF3,2vfu_1_MTL_0,0.19999999999999996,0.25,"{'UNL:ARG:VdWContact': 1, 'UNL:GLU:VdWContact': 2, 'UNL:HIS:VdWContact': 1, 'UNL:LYS:HBAcceptor': 1, 'UNL:LYS:VdWContact': 1, 'UNL:SER:HBDonor': 1, 'UNL:SER:VdWContact': 2, 'UNL:THR:VdWContact': 1}","{'UNL:ARG:HBAcceptor': 1, 'UNL:ARG:VdWContact': 1, 'UNL:GLU:VdWContact': 1, 'UNL:HIS:VdWContact': 2, 'UNL:LYS:VdWContact': 2, 'UNL:PHE:VdWContact': 1, 'UNL:PRO:VdWContact': 1, 'UNL:SER:HBAcceptor': 1, 'UNL:SER:VdWContact': 1, 'UNL:THR:HBAcceptor': 1, 'UNL:THR:VdWContact': 1}"
401,AF3,2hs3_1_FGR_0,0.4285714285714286,0.19999999999999998,"{'UNL:ALA:HBAcceptor': 1, 'UNL:ALA:VdWContact': 2, 'UNL:ASN:HBAcceptor': 1, 'UNL:ASN:VdWContact': 1, 'UNL:GLN:HBAcceptor': 1, 'UNL:GLN:VdWContact': 2, 'UNL:GLU:VdWContact': 1, 'UNL:GLY:VdWContact': 1, 'UNL:HIS:HBAcceptor': 1, 'UNL:HIS:HBDonor': 1, 'UNL:HIS:VdWContact': 3, 'UNL:PRO:VdWContact': 1, 'UNL:SER:HBDonor': 1, 'UNL:SER:VdWContact': 2}","{'UNL:ALA:HBAcceptor': 1, 'UNL:ALA:VdWContact': 1, 'UNL:ARG:VdWContact': 1, 'UNL:ASN:HBAcceptor': 1, 'UNL:ASN:VdWContact': 1, 'UNL:GLN:VdWContact': 2, 'UNL:GLU:VdWContact': 1, 'UNL:GLY:VdWContact': 1, 'UNL:HIS:HBAcceptor': 2, 'UNL:HIS:VdWContact': 3, 'UNL:SER:HBAcceptor': 1, 'UNL:SER:VdWContact': 2, 'UNL:THR:VdWContact': 1}"
402,AF3,3jqm_1_GTP_5,1.2,1.5,"{'UNL:ARG:HBAcceptor': 1, 'UNL:ARG:VdWContact': 1, 'UNL:GLU:HBDonor': 1, 'UNL:GLU:VdWContact': 2, 'UNL:GLY:HBAcceptor': 1, 'UNL:GLY:HBDonor': 1, 'UNL:GLY:VdWContact': 2, 'UNL:HIS:HBAcceptor': 1, 'UNL:HIS:HBDonor': 1, 'UNL:HIS:VdWContact': 1, 'UNL:LEU:VdWContact': 1, 'UNL:LYS:HBAcceptor': 4, 'UNL:LYS:VdWContact': 5, 'UNL:MET:HBAcceptor': 1, 'UNL:MET:VdWContact': 1, 'UNL:SER:HBAcceptor': 1, 'UNL:SER:VdWContact': 1, 'UNL:THR:VdWContact': 1, 'UNL:VAL:HBAcceptor': 1, 'UNL:VAL:VdWContact': 2}","{'UNL:HIS:HBAcceptor': 1, 'UNL:HIS:VdWContact': 1, 'UNL:VAL:VdWContact': 1}"
403,AF3,3eca_1_ASP_3,0.2857142857142857,0.5714285714285715,"{'UNL:ALA:HBDonor': 1, 'UNL:ALA:VdWContact': 1, 'UNL:ASP:HBAcceptor': 1, 'UNL:ASP:VdWContact': 1, 'UNL:GLN:HBDonor': 1, 'UNL:GLN:VdWContact': 1, 'UNL:GLU:HBDonor': 1, 'UNL:GLU:VdWContact': 1, 'UNL:GLY:VdWContact': 3, 'UNL:SER:HBAcceptor': 1, 'UNL:SER:VdWContact': 1, 'UNL:THR:HBAcceptor': 2, 'UNL:THR:VdWContact': 2}","{'UNL:ASP:HBAcceptor': 1, 'UNL:ASP:VdWContact': 2, 'UNL:GLN:HBAcceptor': 1, 'UNL:GLN:VdWContact': 1, 'UNL:GLU:VdWContact': 1, 'UNL:GLY:VdWContact': 2, 'UNL:SER:HBAcceptor': 1, 'UNL:SER:VdWContact': 2, 'UNL:THR:HBAcceptor': 2, 'UNL:THR:VdWContact': 2}"
404,AF3,2ze9_1_PD7_0,0.5,0.125,"{'UNL:ALA:VdWContact': 1, 'UNL:ASN:HBAcceptor': 2, 'UNL:ASN:VdWContact': 2, 'UNL:HIS:VdWContact': 1, 'UNL:LEU:VdWContact': 1, 'UNL:LYS:HBAcceptor': 1, 'UNL:LYS:HBDonor': 1, 'UNL:LYS:VdWContact': 2, 'UNL:TRP:HBAcceptor': 1, 'UNL:TRP:VdWContact': 1, 'UNL:TYR:Hydrophobic': 1, 'UNL:TYR:VdWContact': 1}","{'UNL:ALA:VdWContact': 1, 'UNL:ASN:HBAcceptor': 2, 'UNL:ASN:VdWContact': 2, 'UNL:HIS:VdWContact': 1, 'UNL:LEU:VdWContact': 1, 'UNL:LYS:VdWContact': 2, 'UNL:TRP:HBAcceptor': 1, 'UNL:TRP:VdWContact': 1, 'UNL:TYR:VdWContact': 1}"
405,AF3,4fyv_1_DCP_2,0.5,0.5555555555555556,"{'UNL:ASN:VdWContact': 1, 'UNL:ASP:VdWContact': 1, 'UNL:HIS:VdWContact': 1, 'UNL:ILE:HBDonor': 1, 'UNL:ILE:Hydrophobic': 1, 'UNL:ILE:VdWContact': 2, 'UNL:LYS:HBAcceptor': 1, 'UNL:LYS:VdWContact': 2, 'UNL:TYR:HBDonor': 1, 'UNL:TYR:VdWContact': 1, 'UNL:VAL:VdWContact': 1}","{'UNL:ALA:VdWContact': 1, 'UNL:ILE:HBAcceptor': 1, 'UNL:ILE:VdWContact': 1, 'UNL:LYS:VdWContact': 1, 'UNL:TYR:VdWContact': 1, 'UNL:VAL:VdWContact': 1}"
406,AF3,2hk9_1_SKM_0,0.75,0.25,"{'UNL:ASN:HBAcceptor': 1, 'UNL:ASN:HBDonor': 1, 'UNL:ASN:VdWContact': 2, 'UNL:ASP:VdWContact': 1, 'UNL:GLN:VdWContact': 1, 'UNL:LYS:HBAcceptor': 1, 'UNL:LYS:HBDonor': 1, 'UNL:LYS:VdWContact': 1, 'UNL:SER:VdWContact': 2, 'UNL:THR:VdWContact': 1, 'UNL:TYR:VdWContact': 1}","{'UNL:ASN:HBAcceptor': 1, 'UNL:ASN:VdWContact': 2, 'UNL:ASP:VdWContact': 1, 'UNL:LEU:Hydrophobic': 1, 'UNL:LYS:VdWContact': 2, 'UNL:SER:VdWContact': 2, 'UNL:TYR:VdWContact': 1}"
407,AF3,2wr8_1_SAH_1,0.4,0.14285714285714285,"{'UNL:ASN:HBAcceptor': 1, 'UNL:ASN:HBDonor': 1, 'UNL:ASN:VdWContact': 1, 'UNL:GLU:VdWContact': 1, 'UNL:MET:HBAcceptor': 1, 'UNL:MET:VdWContact': 1, 'UNL:PHE:VdWContact': 1, 'UNL:SER:HBAcceptor': 1, 'UNL:SER:VdWContact': 1, 'UNL:TYR:VdWContact': 1, 'UNL:VAL:HBDonor': 1, 'UNL:VAL:VdWContact': 1}","{'UNL:ASN:HBAcceptor': 1, 'UNL:ASN:VdWContact': 1, 'UNL:GLU:VdWContact': 1, 'UNL:MET:HBAcceptor': 1, 'UNL:MET:VdWContact': 1, 'UNL:SER:HBAcceptor': 1, 'UNL:SER:VdWContact': 1, 'UNL:TYR:VdWContact': 1, 'UNL:VAL:VdWContact': 1}"
408,AF3,3gf4_1_FAD_1,0.3,0.20000000000000007,"{'UNL:ARG:HBAcceptor': 1, 'UNL:ARG:VdWContact': 2, 'UNL:ASN:HBAcceptor': 1, 'UNL:ASN:VdWContact': 1, 'UNL:ASP:HBDonor': 1, 'UNL:ASP:VdWContact': 1, 'UNL:GLN:HBAcceptor': 1, 'UNL:GLN:VdWContact': 1, 'UNL:GLY:VdWContact': 1, 'UNL:HIS:VdWContact': 1, 'UNL:ILE:HBAcceptor': 1, 'UNL:ILE:HBDonor': 1, 'UNL:ILE:VdWContact': 1, 'UNL:LEU:VdWContact': 1, 'UNL:MET:HBAcceptor': 1, 'UNL:MET:VdWContact': 1, 'UNL:PHE:HBAcceptor': 1, 'UNL:PHE:VdWContact': 1, 'UNL:PRO:VdWContact': 1, 'UNL:SER:HBAcceptor': 1, 'UNL:SER:HBDonor': 1, 'UNL:SER:VdWContact': 1, 'UNL:THR:VdWContact': 1, 'UNL:TYR:VdWContact': 2}","{'UNL:ARG:HBAcceptor': 1, 'UNL:ARG:VdWContact': 1, 'UNL:ASN:HBAcceptor': 1, 'UNL:ASN:VdWContact': 1, 'UNL:ASP:VdWContact': 2, 'UNL:GLN:HBAcceptor': 1, 'UNL:GLN:VdWContact': 1, 'UNL:GLY:VdWContact': 1, 'UNL:HIS:VdWContact': 1, 'UNL:ILE:HBAcceptor': 1, 'UNL:ILE:VdWContact': 1, 'UNL:LEU:VdWContact': 1, 'UNL:MET:HBAcceptor': 1, 'UNL:MET:VdWContact': 1, 'UNL:PHE:HBAcceptor': 1, 'UNL:PHE:VdWContact': 1, 'UNL:SER:HBAcceptor': 1, 'UNL:SER:VdWContact': 2, 'UNL:TYR:Hydrophobic': 2, 'UNL:TYR:VdWContact': 2}"
409,AF3,2xta_1_ACO_0,0.0,0.5714285714285714,"{'UNL:ARG:HBAcceptor': 1, 'UNL:ARG:HBDonor': 2, 'UNL:ARG:VdWContact': 5, 'UNL:GLN:VdWContact': 1, 'UNL:GLU:VdWContact': 2, 'UNL:PRO:VdWContact': 1, 'UNL:SER:VdWContact': 1, 'UNL:VAL:VdWContact': 1}","{'UNL:ARG:HBAcceptor': 2, 'UNL:ARG:VdWContact': 3, 'UNL:GLN:HBAcceptor': 1, 'UNL:GLN:VdWContact': 1, 'UNL:LYS:VdWContact': 1, 'UNL:PRO:VdWContact': 1, 'UNL:SER:VdWContact': 1}"
410,AF3,6uqy_2_AT3_0,0.0,0.22222222222222232,"{'UNL:ASN:HBAcceptor': 1, 'UNL:ASN:VdWContact': 1, 'UNL:ASP:VdWContact': 1, 'UNL:GLY:HBAcceptor': 1, 'UNL:GLY:VdWContact': 1, 'UNL:SER:HBAcceptor': 1, 'UNL:SER:VdWContact': 1, 'UNL:TRP:Hydrophobic': 1, 'UNL:TRP:VdWContact': 1, 'UNL:TYR:VdWContact': 3}","{'UNL:ASN:HBAcceptor': 1, 'UNL:ASN:VdWContact': 1, 'UNL:GLY:HBAcceptor': 1, 'UNL:GLY:VdWContact': 1, 'UNL:PHE:Hydrophobic': 1, 'UNL:SER:HBAcceptor': 1, 'UNL:SER:VdWContact': 1, 'UNL:TRP:Hydrophobic': 1, 'UNL:TYR:Hydrophobic': 1, 'UNL:TYR:VdWContact': 1}"
411,AF3,6o70_1_ACK_1,0.5,0.0,"{'UNL:ALA:HBAcceptor': 1, 'UNL:ALA:VdWContact': 1, 'UNL:HIS:VdWContact': 1, 'UNL:LEU:HBDonor': 1, 'UNL:LEU:VdWContact': 1, 'UNL:LYS:VdWContact': 2, 'UNL:VAL:VdWContact': 1}","{'UNL:ALA:HBAcceptor': 1, 'UNL:ALA:VdWContact': 1, 'UNL:GLU:VdWContact': 2, 'UNL:HIS:VdWContact': 1, 'UNL:LEU:VdWContact': 1, 'UNL:LYS:VdWContact': 1}"
412,AF3,1uf5_1_CDT_0,0.6,0.29999999999999993,"{'UNL:ALA:VdWContact': 1, 'UNL:ARG:HBAcceptor': 2, 'UNL:ARG:VdWContact': 2, 'UNL:ASN:HBAcceptor': 1, 'UNL:ASN:HBDonor': 1, 'UNL:ASN:VdWContact': 2, 'UNL:GLU:HBDonor': 1, 'UNL:GLU:VdWContact': 1, 'UNL:HIS:VdWContact': 1, 'UNL:LYS:HBAcceptor': 1, 'UNL:LYS:VdWContact': 1, 'UNL:PRO:VdWContact': 1, 'UNL:THR:VdWContact': 1}","{'UNL:ALA:VdWContact': 1, 'UNL:ARG:HBAcceptor': 2, 'UNL:ARG:VdWContact': 3, 'UNL:ASN:HBAcceptor': 1, 'UNL:ASN:VdWContact': 3, 'UNL:GLU:VdWContact': 1, 'UNL:ILE:Hydrophobic': 1, 'UNL:LYS:VdWContact': 1, 'UNL:PRO:Hydrophobic': 1, 'UNL:PRO:VdWContact': 1, 'UNL:THR:VdWContact': 1}"
413,AF3,3ad9_1_NAD_0,0.375,0.46153846153846156,"{'UNL:ALA:HBAcceptor': 2, 'UNL:ALA:VdWContact': 4, 'UNL:ARG:HBAcceptor': 1, 'UNL:ARG:HBDonor': 1, 'UNL:ARG:VdWContact': 1, 'UNL:ASP:VdWContact': 1, 'UNL:GLU:HBAcceptor': 1, 'UNL:GLU:VdWContact': 1, 'UNL:GLY:VdWContact': 3, 'UNL:LEU:Hydrophobic': 1, 'UNL:LEU:VdWContact': 1, 'UNL:PHE:Hydrophobic': 1, 'UNL:PHE:VdWContact': 1, 'UNL:PRO:VdWContact': 1, 'UNL:SER:VdWContact': 1, 'UNL:THR:HBAcceptor': 1, 'UNL:THR:HBDonor': 1, 'UNL:THR:VdWContact': 4, 'UNL:VAL:HBAcceptor': 1, 'UNL:VAL:HBDonor': 1, 'UNL:VAL:VdWContact': 1}","{'UNL:ALA:HBAcceptor': 2, 'UNL:ALA:VdWContact': 3, 'UNL:ARG:HBAcceptor': 1, 'UNL:ARG:VdWContact': 1, 'UNL:ASP:VdWContact': 1, 'UNL:GLU:HBAcceptor': 1, 'UNL:GLU:VdWContact': 1, 'UNL:GLY:VdWContact': 2, 'UNL:LEU:Hydrophobic': 1, 'UNL:LEU:VdWContact': 1, 'UNL:PHE:Hydrophobic': 1, 'UNL:PRO:VdWContact': 1, 'UNL:THR:HBAcceptor': 1, 'UNL:THR:VdWContact': 2, 'UNL:VAL:HBAcceptor': 1, 'UNL:VAL:VdWContact': 1}"
414,AF3,4pfx_1_UDP_0,0.3333333333333333,0.1,"{'UNL:ALA:HBAcceptor': 1, 'UNL:ALA:VdWContact': 1, 'UNL:ARG:HBAcceptor': 2, 'UNL:ARG:HBDonor': 1, 'UNL:ARG:VdWContact': 2, 'UNL:GLY:HBAcceptor': 1, 'UNL:GLY:VdWContact': 3, 'UNL:HIS:HBAcceptor': 1, 'UNL:HIS:HBDonor': 1, 'UNL:HIS:VdWContact': 1, 'UNL:LYS:HBAcceptor': 1, 'UNL:PRO:HBDonor': 1, 'UNL:PRO:VdWContact': 1, 'UNL:SER:VdWContact': 3, 'UNL:TYR:Hydrophobic': 1, 'UNL:TYR:VdWContact': 1}","{'UNL:ALA:HBAcceptor': 1, 'UNL:ALA:VdWContact': 1, 'UNL:ARG:HBAcceptor': 2, 'UNL:ARG:VdWContact': 3, 'UNL:GLY:HBAcceptor': 1, 'UNL:GLY:VdWContact': 2, 'UNL:HIS:HBAcceptor': 1, 'UNL:HIS:VdWContact': 1, 'UNL:LEU:VdWContact': 1, 'UNL:LYS:VdWContact': 1, 'UNL:PRO:VdWContact': 1, 'UNL:SER:HBAcceptor': 1, 'UNL:SER:VdWContact': 3, 'UNL:TYR:VdWContact': 1}"
415,AF3,2gah_1_NAD_0,0.2857142857142857,0.23076923076923073,"{'UNL:ALA:HBAcceptor': 2, 'UNL:ALA:VdWContact': 3, 'UNL:ARG:HBAcceptor': 1, 'UNL:ARG:VdWContact': 1, 'UNL:ASP:VdWContact': 1, 'UNL:GLU:HBAcceptor': 1, 'UNL:GLU:VdWContact': 1, 'UNL:GLY:VdWContact': 2, 'UNL:LEU:Hydrophobic': 1, 'UNL:LEU:VdWContact': 1, 'UNL:PHE:Hydrophobic': 1, 'UNL:PHE:VdWContact': 1, 'UNL:PRO:VdWContact': 1, 'UNL:SER:VdWContact': 1, 'UNL:THR:HBAcceptor': 1, 'UNL:THR:HBDonor': 1, 'UNL:THR:VdWContact': 4, 'UNL:VAL:HBAcceptor': 1, 'UNL:VAL:HBDonor': 1, 'UNL:VAL:VdWContact': 1}","{'UNL:ALA:HBAcceptor': 2, 'UNL:ALA:VdWContact': 3, 'UNL:ARG:HBAcceptor': 1, 'UNL:ARG:VdWContact': 1, 'UNL:ASP:VdWContact': 1, 'UNL:GLU:HBAcceptor': 1, 'UNL:GLU:VdWContact': 1, 'UNL:GLY:VdWContact': 3, 'UNL:LEU:Hydrophobic': 1, 'UNL:LEU:VdWContact': 1, 'UNL:PHE:Hydrophobic': 1, 'UNL:PRO:VdWContact': 1, 'UNL:THR:HBAcceptor': 1, 'UNL:THR:VdWContact': 4, 'UNL:VAL:HBAcceptor': 1, 'UNL:VAL:VdWContact': 1}"
416,AF3,4h2f_1_ADN_0,0.5,0.39999999999999997,"{'UNL:ARG:VdWContact': 1, 'UNL:ASN:HBAcceptor': 1, 'UNL:ASN:VdWContact': 1, 'UNL:ASP:VdWContact': 1, 'UNL:GLY:VdWContact': 2}","{'UNL:ARG:HBAcceptor': 1, 'UNL:ARG:VdWContact': 1, 'UNL:ASN:HBAcceptor': 1, 'UNL:ASN:VdWContact': 1, 'UNL:ASP:VdWContact': 1, 'UNL:GLY:VdWContact': 1, 'UNL:PHE:VdWContact': 1}"
417,AF3,5fiu_1_Y3J_3,0.5714285714285714,0.10000000000000009,"{'UNL:ALA:HBAcceptor': 1, 'UNL:ALA:VdWContact': 1, 'UNL:ARG:HBDonor': 1, 'UNL:ARG:VdWContact': 1, 'UNL:ASN:HBAcceptor': 1, 'UNL:ASN:HBDonor': 1, 'UNL:ASN:VdWContact': 1, 'UNL:ASP:HBDonor': 1, 'UNL:ASP:VdWContact': 1, 'UNL:PHE:VdWContact': 2, 'UNL:PRO:VdWContact': 1, 'UNL:SER:VdWContact': 1, 'UNL:THR:VdWContact': 1, 'UNL:TRP:HBDonor': 1, 'UNL:TRP:VdWContact': 1, 'UNL:TYR:HBAcceptor': 1, 'UNL:TYR:VdWContact': 2}","{'UNL:ALA:HBAcceptor': 1, 'UNL:ALA:VdWContact': 1, 'UNL:ARG:VdWContact': 1, 'UNL:ASN:HBAcceptor': 1, 'UNL:ASN:VdWContact': 1, 'UNL:ASP:VdWContact': 1, 'UNL:PHE:VdWContact': 2, 'UNL:PRO:VdWContact': 1, 'UNL:SER:VdWContact': 1, 'UNL:THR:VdWContact': 1, 'UNL:TRP:VdWContact': 2, 'UNL:TYR:HBAcceptor': 1, 'UNL:TYR:VdWContact': 2}"
418,AF3,4uoc_1_NCN_1,0.14285714285714285,0.16666666666666663,"{'UNL:ALA:HBAcceptor': 1, 'UNL:ALA:HBDonor': 1, 'UNL:ALA:VdWContact': 2, 'UNL:ARG:HBAcceptor': 1, 'UNL:ARG:VdWContact': 1, 'UNL:ASP:HBDonor': 1, 'UNL:ASP:VdWContact': 1, 'UNL:GLY:HBAcceptor': 3, 'UNL:GLY:VdWContact': 3, 'UNL:LEU:Hydrophobic': 1, 'UNL:LEU:VdWContact': 1, 'UNL:LYS:VdWContact': 1, 'UNL:SER:HBAcceptor': 1, 'UNL:SER:VdWContact': 2, 'UNL:TYR:Hydrophobic': 1, 'UNL:TYR:VdWContact': 1}","{'UNL:ALA:HBAcceptor': 1, 'UNL:ALA:VdWContact': 1, 'UNL:ARG:HBAcceptor': 1, 'UNL:ARG:VdWContact': 1, 'UNL:ASP:VdWContact': 1, 'UNL:GLY:HBAcceptor': 3, 'UNL:GLY:VdWContact': 3, 'UNL:LEU:HBAcceptor': 1, 'UNL:LEU:Hydrophobic': 2, 'UNL:LEU:VdWContact': 1, 'UNL:PRO:VdWContact': 1, 'UNL:SER:HBAcceptor': 1, 'UNL:SER:VdWContact': 3, 'UNL:THR:VdWContact': 2, 'UNL:TYR:VdWContact': 1}"
419,AF3,3o7j_1_2AL_0,0.6,0.42857142857142855,"{'UNL:ALA:HBAcceptor': 1, 'UNL:ALA:VdWContact': 1, 'UNL:GLU:HBDonor': 1, 'UNL:GLU:VdWContact': 1, 'UNL:ILE:HBAcceptor': 1, 'UNL:ILE:VdWContact': 1, 'UNL:LEU:VdWContact': 1, 'UNL:PHE:HBDonor': 1, 'UNL:PHE:VdWContact': 1, 'UNL:PRO:HBDonor': 1, 'UNL:PRO:VdWContact': 1, 'UNL:SER:VdWContact': 1}","{'UNL:ALA:HBAcceptor': 1, 'UNL:ALA:VdWContact': 1, 'UNL:GLU:VdWContact': 1, 'UNL:ILE:HBAcceptor': 1, 'UNL:ILE:VdWContact': 2, 'UNL:LEU:VdWContact': 2, 'UNL:PHE:VdWContact': 1, 'UNL:PRO:VdWContact': 1}"
420,AF3,4rhe_1_FMN_6,0.3333333333333333,0.4999999999999999,"{'UNL:ALA:VdWContact': 2, 'UNL:ARG:HBAcceptor': 1, 'UNL:ARG:HBDonor': 1, 'UNL:ARG:VdWContact': 1, 'UNL:GLY:HBAcceptor': 1, 'UNL:GLY:VdWContact': 1, 'UNL:SER:HBAcceptor': 2, 'UNL:SER:HBDonor': 1, 'UNL:SER:VdWContact': 3, 'UNL:THR:HBAcceptor': 1, 'UNL:THR:VdWContact': 2, 'UNL:TRP:VdWContact': 1, 'UNL:TYR:Hydrophobic': 1}","{'UNL:ALA:VdWContact': 1, 'UNL:ARG:HBAcceptor': 1, 'UNL:ARG:VdWContact': 1, 'UNL:GLY:HBAcceptor': 1, 'UNL:GLY:VdWContact': 2, 'UNL:SER:HBAcceptor': 2, 'UNL:SER:VdWContact': 4, 'UNL:THR:HBAcceptor': 1, 'UNL:THR:VdWContact': 4, 'UNL:TRP:Hydrophobic': 1, 'UNL:TRP:VdWContact': 1, 'UNL:VAL:Hydrophobic': 1, 'UNL:VAL:VdWContact': 1}"
421,AF3,6qkr_1_FAD_0,0.3,0.21428571428571422,"{'UNL:ALA:HBAcceptor': 1, 'UNL:ALA:HBDonor': 1, 'UNL:ALA:VdWContact': 2, 'UNL:ASP:HBAcceptor': 1, 'UNL:ASP:VdWContact': 1, 'UNL:GLN:HBAcceptor': 1, 'UNL:GLN:VdWContact': 1, 'UNL:GLU:HBAcceptor': 1, 'UNL:GLU:HBDonor': 1, 'UNL:GLU:Hydrophobic': 1, 'UNL:GLU:VdWContact': 2, 'UNL:GLY:VdWContact': 3, 'UNL:ILE:Hydrophobic': 1, 'UNL:ILE:VdWContact': 1, 'UNL:LEU:HBAcceptor': 1, 'UNL:LEU:VdWContact': 2, 'UNL:LYS:HBAcceptor': 1, 'UNL:LYS:VdWContact': 2, 'UNL:PRO:VdWContact': 1, 'UNL:SER:HBAcceptor': 1, 'UNL:SER:HBDonor': 1, 'UNL:SER:VdWContact': 1, 'UNL:THR:VdWContact': 1, 'UNL:TRP:VdWContact': 1}","{'UNL:ALA:HBAcceptor': 1, 'UNL:ALA:VdWContact': 1, 'UNL:ASP:HBAcceptor': 1, 'UNL:ASP:VdWContact': 2, 'UNL:GLN:HBAcceptor': 1, 'UNL:GLU:HBAcceptor': 1, 'UNL:GLU:Hydrophobic': 1, 'UNL:GLU:VdWContact': 2, 'UNL:GLY:VdWContact': 4, 'UNL:ILE:Hydrophobic': 1, 'UNL:ILE:VdWContact': 1, 'UNL:LEU:HBAcceptor': 1, 'UNL:LEU:VdWContact': 1, 'UNL:LYS:HBAcceptor': 1, 'UNL:LYS:VdWContact': 2, 'UNL:PRO:VdWContact': 1, 'UNL:SER:HBAcceptor': 1, 'UNL:SER:VdWContact': 1, 'UNL:THR:VdWContact': 1, 'UNL:TRP:VdWContact': 1}"
422,AF3,3inr_1_GDU_0,0.8333333333333333,0.6666666666666667,"{'UNL:ARG:HBAcceptor': 1, 'UNL:ARG:VdWContact': 1, 'UNL:ASN:HBAcceptor': 2, 'UNL:ASN:VdWContact': 2, 'UNL:GLN:VdWContact': 1, 'UNL:HIS:HBAcceptor': 1, 'UNL:HIS:VdWContact': 1, 'UNL:ILE:VdWContact': 1, 'UNL:LEU:VdWContact': 1, 'UNL:PHE:HBDonor': 1, 'UNL:PHE:VdWContact': 3, 'UNL:THR:VdWContact': 1, 'UNL:TRP:HBAcceptor': 1, 'UNL:TRP:VdWContact': 1, 'UNL:TYR:HBAcceptor': 1, 'UNL:TYR:Hydrophobic': 1, 'UNL:TYR:VdWContact': 4}","{'UNL:ASN:HBAcceptor': 1, 'UNL:ASN:VdWContact': 1, 'UNL:ASP:VdWContact': 1, 'UNL:LEU:VdWContact': 1, 'UNL:PHE:VdWContact': 2, 'UNL:THR:VdWContact': 1, 'UNL:TRP:HBAcceptor': 1, 'UNL:TRP:VdWContact': 1, 'UNL:TYR:VdWContact': 2}"
423,AF3,6wyz_1_DGL_1,0.25,0.6,"{'UNL:ASP:HBAcceptor': 1, 'UNL:ASP:VdWContact': 1, 'UNL:GLU:HBDonor': 1, 'UNL:GLU:VdWContact': 2, 'UNL:GLY:VdWContact': 1, 'UNL:SER:HBAcceptor': 1, 'UNL:SER:VdWContact': 2, 'UNL:THR:HBAcceptor': 2, 'UNL:THR:VdWContact': 2}","{'UNL:ASP:HBAcceptor': 1, 'UNL:ASP:VdWContact': 1, 'UNL:GLU:VdWContact': 1, 'UNL:GLY:VdWContact': 3, 'UNL:SER:HBAcceptor': 1, 'UNL:SER:VdWContact': 3, 'UNL:THR:HBAcceptor': 2, 'UNL:THR:VdWContact': 3}"
424,AF3,2v7t_1_SAH_4,0.6666666666666667,0.18181818181818185,"{'UNL:ALA:HBAcceptor': 1, 'UNL:ALA:VdWContact': 1, 'UNL:ARG:HBAcceptor': 1, 'UNL:ARG:HBDonor': 2, 'UNL:ARG:VdWContact': 2, 'UNL:ASN:HBAcceptor': 1, 'UNL:ASN:HBDonor': 1, 'UNL:ASN:VdWContact': 1, 'UNL:ASP:VdWContact': 3, 'UNL:PHE:Hydrophobic': 1, 'UNL:PHE:VdWContact': 2, 'UNL:PRO:VdWContact': 1, 'UNL:SER:HBAcceptor': 1, 'UNL:SER:HBDonor': 1, 'UNL:SER:VdWContact': 2, 'UNL:THR:VdWContact': 1, 'UNL:TRP:VdWContact': 2, 'UNL:TYR:HBAcceptor': 1, 'UNL:TYR:HBDonor': 1, 'UNL:TYR:VdWContact': 1}","{'UNL:ALA:HBAcceptor': 1, 'UNL:ALA:VdWContact': 1, 'UNL:ARG:HBAcceptor': 1, 'UNL:ARG:VdWContact': 2, 'UNL:ASN:HBAcceptor': 1, 'UNL:ASN:VdWContact': 1, 'UNL:ASP:VdWContact': 2, 'UNL:PHE:Hydrophobic': 1, 'UNL:PRO:VdWContact': 1, 'UNL:SER:VdWContact': 2, 'UNL:THR:VdWContact': 1, 'UNL:TRP:VdWContact': 3, 'UNL:TYR:HBAcceptor': 1, 'UNL:TYR:VdWContact': 1}"
425,AF3,3ad7_1_NAD_0,0.2857142857142857,0.6153846153846153,"{'UNL:ALA:HBAcceptor': 2, 'UNL:ALA:VdWContact': 4, 'UNL:ARG:HBAcceptor': 1, 'UNL:ARG:HBDonor': 1, 'UNL:ARG:VdWContact': 1, 'UNL:ASP:VdWContact': 1, 'UNL:GLU:HBAcceptor': 1, 'UNL:GLU:VdWContact': 1, 'UNL:GLY:VdWContact': 4, 'UNL:LEU:Hydrophobic': 1, 'UNL:LEU:VdWContact': 1, 'UNL:PHE:Hydrophobic': 1, 'UNL:PHE:VdWContact': 1, 'UNL:PRO:VdWContact': 1, 'UNL:SER:VdWContact': 1, 'UNL:THR:HBAcceptor': 1, 'UNL:THR:VdWContact': 4, 'UNL:VAL:HBAcceptor': 1, 'UNL:VAL:HBDonor': 1, 'UNL:VAL:VdWContact': 1}","{'UNL:ALA:HBAcceptor': 2, 'UNL:ALA:VdWContact': 3, 'UNL:ARG:HBAcceptor': 1, 'UNL:ARG:VdWContact': 1, 'UNL:ASP:VdWContact': 1, 'UNL:GLU:HBAcceptor': 1, 'UNL:GLU:VdWContact': 1, 'UNL:GLY:VdWContact': 1, 'UNL:LEU:Hydrophobic': 1, 'UNL:LEU:VdWContact': 1, 'UNL:PHE:Hydrophobic': 1, 'UNL:PRO:VdWContact': 1, 'UNL:THR:HBAcceptor': 1, 'UNL:THR:VdWContact': 2, 'UNL:VAL:HBAcceptor': 1, 'UNL:VAL:VdWContact': 1}"
426,AF3,5hw0_1_GLU_2,0.4,0.16666666666666666,"{'UNL:ALA:VdWContact': 2, 'UNL:ASP:HBAcceptor': 1, 'UNL:ASP:VdWContact': 1, 'UNL:GLU:HBDonor': 1, 'UNL:GLU:VdWContact': 1, 'UNL:GLY:VdWContact': 2, 'UNL:SER:HBAcceptor': 1, 'UNL:SER:HBDonor': 1, 'UNL:SER:VdWContact': 1, 'UNL:THR:HBAcceptor': 2, 'UNL:THR:VdWContact': 2}","{'UNL:ASP:HBAcceptor': 1, 'UNL:ASP:VdWContact': 1, 'UNL:GLU:VdWContact': 1, 'UNL:GLY:VdWContact': 2, 'UNL:SER:HBAcceptor': 1, 'UNL:SER:VdWContact': 2, 'UNL:THR:HBAcceptor': 2, 'UNL:THR:VdWContact': 2}"
427,AF3,2q37_1_3AL_0,0.6666666666666666,0.33333333333333326,"{'UNL:ALA:HBAcceptor': 1, 'UNL:ALA:VdWContact': 1, 'UNL:GLU:HBDonor': 1, 'UNL:GLU:VdWContact': 1, 'UNL:HIS:VdWContact': 1, 'UNL:ILE:HBAcceptor': 1, 'UNL:ILE:HBDonor': 1, 'UNL:ILE:VdWContact': 2, 'UNL:PHE:HBDonor': 1, 'UNL:PHE:VdWContact': 1, 'UNL:PRO:HBDonor': 1, 'UNL:PRO:VdWContact': 1}","{'UNL:ALA:HBAcceptor': 1, 'UNL:ALA:VdWContact': 1, 'UNL:GLU:VdWContact': 1, 'UNL:HIS:VdWContact': 1, 'UNL:ILE:HBAcceptor': 1, 'UNL:ILE:VdWContact': 4, 'UNL:PHE:VdWContact': 1, 'UNL:PRO:VdWContact': 1}"
428,AF3,4phs_1_UDP_0,0.42857142857142855,0.19999999999999998,"{'UNL:ALA:HBAcceptor': 1, 'UNL:ALA:VdWContact': 1, 'UNL:ARG:HBAcceptor': 2, 'UNL:ARG:VdWContact': 2, 'UNL:GLY:HBAcceptor': 1, 'UNL:GLY:VdWContact': 2, 'UNL:HIS:HBAcceptor': 1, 'UNL:HIS:VdWContact': 1, 'UNL:LYS:HBAcceptor': 1, 'UNL:PRO:HBDonor': 1, 'UNL:PRO:VdWContact': 1, 'UNL:SER:HBAcceptor': 1, 'UNL:SER:VdWContact': 3, 'UNL:TYR:Hydrophobic': 1, 'UNL:TYR:VdWContact': 1}","{'UNL:ALA:HBAcceptor': 1, 'UNL:ALA:VdWContact': 1, 'UNL:ARG:HBAcceptor': 2, 'UNL:ARG:VdWContact': 2, 'UNL:GLY:HBAcceptor': 1, 'UNL:GLY:VdWContact': 3, 'UNL:HIS:HBAcceptor': 1, 'UNL:HIS:VdWContact': 1, 'UNL:LEU:VdWContact': 1, 'UNL:LYS:VdWContact': 1, 'UNL:PRO:VdWContact': 1, 'UNL:SER:VdWContact': 3, 'UNL:TYR:VdWContact': 1}"
429,AF3,4xfm_1_THE_0,0.6,0.25,"{'UNL:ARG:HBAcceptor': 1, 'UNL:ARG:HBDonor': 1, 'UNL:ARG:VdWContact': 1, 'UNL:ASP:HBDonor': 1, 'UNL:ASP:VdWContact': 3, 'UNL:LYS:HBAcceptor': 1, 'UNL:LYS:VdWContact': 1, 'UNL:SER:HBAcceptor': 1, 'UNL:SER:VdWContact': 1}","{'UNL:ARG:HBAcceptor': 1, 'UNL:ARG:VdWContact': 1, 'UNL:ASP:VdWContact': 2, 'UNL:LYS:VdWContact': 1, 'UNL:SER:HBAcceptor': 1, 'UNL:SER:VdWContact': 1}"
430,AF3,6xb3_3_9BG_1,0.4444444444444445,0.375,"{'UNL:ARG:HBAcceptor': 4, 'UNL:ARG:HBDonor': 1, 'UNL:ARG:VdWContact': 4, 'UNL:GLN:HBDonor': 1, 'UNL:GLN:VdWContact': 1, 'UNL:HIS:VdWContact': 1, 'UNL:ILE:VdWContact': 1, 'UNL:LYS:HBAcceptor': 1, 'UNL:LYS:VdWContact': 1, 'UNL:SER:HBAcceptor': 1, 'UNL:SER:HBDonor': 1, 'UNL:SER:VdWContact': 3, 'UNL:TYR:HBAcceptor': 1, 'UNL:TYR:VdWContact': 2, 'UNL:VAL:HBAcceptor': 1, 'UNL:VAL:VdWContact': 1}","{'UNL:ARG:HBAcceptor': 4, 'UNL:ARG:VdWContact': 5, 'UNL:GLN:HBAcceptor': 1, 'UNL:GLN:VdWContact': 1, 'UNL:HIS:VdWContact': 3, 'UNL:ILE:VdWContact': 2, 'UNL:LYS:VdWContact': 1, 'UNL:SER:HBAcceptor': 1, 'UNL:SER:VdWContact': 2, 'UNL:TYR:VdWContact': 1, 'UNL:VAL:HBAcceptor': 1, 'UNL:VAL:VdWContact': 2}"
431,AF3,3se5_1_ANP_2,0.39999999999999997,0.0,"{'UNL:ARG:HBAcceptor': 2, 'UNL:ARG:VdWContact': 2, 'UNL:ASN:HBAcceptor': 2, 'UNL:ASN:HBDonor': 1, 'UNL:ASN:VdWContact': 2, 'UNL:GLU:VdWContact': 2, 'UNL:GLY:HBDonor': 1, 'UNL:GLY:VdWContact': 2, 'UNL:HIS:VdWContact': 1, 'UNL:LYS:VdWContact': 1, 'UNL:MET:VdWContact': 1, 'UNL:TYR:VdWContact': 1}","{'UNL:ARG:HBAcceptor': 2, 'UNL:ARG:VdWContact': 2, 'UNL:ASN:HBAcceptor': 2, 'UNL:ASN:VdWContact': 2, 'UNL:GLY:HBAcceptor': 2, 'UNL:GLY:VdWContact': 2, 'UNL:HIS:VdWContact': 1, 'UNL:LYS:VdWContact': 2, 'UNL:MET:VdWContact': 1, 'UNL:PHE:VdWContact': 1, 'UNL:TYR:VdWContact': 1}"
432,AF3,2v7u_1_SAM_2,0.5555555555555556,0.27272727272727276,"{'UNL:ALA:HBAcceptor': 1, 'UNL:ALA:VdWContact': 1, 'UNL:ARG:HBAcceptor': 1, 'UNL:ARG:HBDonor': 1, 'UNL:ARG:VdWContact': 2, 'UNL:ASN:HBAcceptor': 1, 'UNL:ASN:HBDonor': 1, 'UNL:ASN:VdWContact': 1, 'UNL:ASP:VdWContact': 3, 'UNL:PHE:Hydrophobic': 1, 'UNL:PHE:VdWContact': 2, 'UNL:PRO:VdWContact': 1, 'UNL:SER:HBAcceptor': 1, 'UNL:SER:HBDonor': 1, 'UNL:SER:VdWContact': 2, 'UNL:THR:VdWContact': 1, 'UNL:TRP:VdWContact': 1, 'UNL:TYR:HBAcceptor': 1, 'UNL:TYR:HBDonor': 1, 'UNL:TYR:VdWContact': 1}","{'UNL:ALA:HBAcceptor': 1, 'UNL:ALA:VdWContact': 1, 'UNL:ARG:HBAcceptor': 1, 'UNL:ARG:VdWContact': 2, 'UNL:ASN:HBAcceptor': 1, 'UNL:ASN:VdWContact': 1, 'UNL:ASP:VdWContact': 2, 'UNL:PRO:VdWContact': 1, 'UNL:SER:VdWContact': 1, 'UNL:THR:VdWContact': 1, 'UNL:TRP:VdWContact': 3, 'UNL:TYR:HBAcceptor': 1, 'UNL:TYR:VdWContact': 1}"
433,AF3,2gag_1_FOA_0,0.0,0.3999999999999999,"{'UNL:ARG:HBAcceptor': 1, 'UNL:ARG:VdWContact': 1, 'UNL:GLN:VdWContact': 1}","{'UNL:ASN:VdWContact': 2, 'UNL:GLY:VdWContact': 1, 'UNL:THR:HBAcceptor': 1, 'UNL:THR:VdWContact': 1}"
434,AF3,4uuw_1_AMP_0,0.7999999999999999,1.0,"{'UNL:ASN:HBAcceptor': 1, 'UNL:ASN:VdWContact': 1, 'UNL:ASP:HBDonor': 1, 'UNL:ASP:VdWContact': 2, 'UNL:GLY:HBAcceptor': 2, 'UNL:GLY:VdWContact': 2, 'UNL:LYS:HBDonor': 1, 'UNL:LYS:VdWContact': 1, 'UNL:PRO:VdWContact': 2, 'UNL:THR:HBAcceptor': 1, 'UNL:THR:VdWContact': 2}","{'UNL:ASN:HBAcceptor': 1, 'UNL:ASN:VdWContact': 1, 'UNL:ASP:VdWContact': 1, 'UNL:THR:HBAcceptor': 1, 'UNL:THR:VdWContact': 2}"
435,AF3,4phr_1_UDP_0,0.5714285714285714,0.22222222222222215,"{'UNL:ALA:HBAcceptor': 1, 'UNL:ALA:VdWContact': 1, 'UNL:ARG:HBAcceptor': 1, 'UNL:ARG:VdWContact': 2, 'UNL:GLY:HBAcceptor': 1, 'UNL:GLY:VdWContact': 3, 'UNL:HIS:HBAcceptor': 1, 'UNL:HIS:VdWContact': 1, 'UNL:LYS:HBAcceptor': 1, 'UNL:PRO:HBDonor': 1, 'UNL:PRO:VdWContact': 1, 'UNL:SER:HBAcceptor': 1, 'UNL:SER:VdWContact': 3, 'UNL:TYR:Hydrophobic': 1, 'UNL:TYR:VdWContact': 1}","{'UNL:ALA:HBAcceptor': 1, 'UNL:ALA:VdWContact': 1, 'UNL:ARG:HBAcceptor': 2, 'UNL:ARG:VdWContact': 3, 'UNL:GLY:HBAcceptor': 1, 'UNL:GLY:VdWContact': 2, 'UNL:HIS:HBAcceptor': 1, 'UNL:HIS:VdWContact': 1, 'UNL:LYS:VdWContact': 1, 'UNL:PRO:VdWContact': 1, 'UNL:SER:VdWContact': 2}"
436,AF3,1o72_2_PC_0,0.3333333333333333,0.8,"{'UNL:GLY:HBAcceptor': 1, 'UNL:GLY:VdWContact': 1, 'UNL:PHE:HBAcceptor': 1, 'UNL:PHE:VdWContact': 1, 'UNL:PRO:VdWContact': 1, 'UNL:SER:VdWContact': 1, 'UNL:TYR:VdWContact': 2}","{'UNL:TYR:HBAcceptor': 1, 'UNL:TYR:VdWContact': 2}"
437,AF3,1qaw_1_TRP_7,0.4,0.11111111111111116,"{'UNL:ARG:VdWContact': 1, 'UNL:GLN:HBDonor': 1, 'UNL:GLN:VdWContact': 1, 'UNL:GLY:HBAcceptor': 1, 'UNL:GLY:VdWContact': 1, 'UNL:HIS:Hydrophobic': 1, 'UNL:ILE:Hydrophobic': 1, 'UNL:SER:HBAcceptor': 1, 'UNL:SER:VdWContact': 1, 'UNL:THR:HBAcceptor': 1, 'UNL:THR:HBDonor': 1, 'UNL:THR:VdWContact': 4}","{'UNL:ALA:Hydrophobic': 1, 'UNL:ARG:VdWContact': 1, 'UNL:GLN:VdWContact': 1, 'UNL:GLY:HBAcceptor': 1, 'UNL:GLY:VdWContact': 1, 'UNL:HIS:VdWContact': 1, 'UNL:SER:HBAcceptor': 1, 'UNL:SER:VdWContact': 1, 'UNL:THR:HBAcceptor': 1, 'UNL:THR:VdWContact': 3}"
