,Category,Target,Structured_EMD,Unstructured_EMD,Method_Histogram,Reference_Histogram
0,P2Rank-Vina,7UAW_MF6,1.0,0.9090909090909092,"{'UNL:ARG:HBAcceptor': 1, 'UNL:ARG:VdWContact': 2, 'UNL:ASP:VdWContact': 1, 'UNL:GLY:HBAcceptor': 1, 'UNL:GLY:VdWContact': 2, 'UNL:PHE:VdWContact': 1, 'UNL:THR:HBDonor': 1, 'UNL:THR:VdWContact': 1}","{'UNL:ALA:VdWContact': 1, 'UNL:ARG:HBAcceptor': 4, 'UNL:ARG:HBDonor': 1, 'UNL:ARG:VdWContact': 4, 'UNL:ASN:HBAcceptor': 1, 'UNL:ASN:HBDonor': 1, 'UNL:ASN:VdWContact': 2, 'UNL:GLN:VdWContact': 1, 'UNL:GLY:HBAcceptor': 2, 'UNL:GLY:VdWContact': 2, 'UNL:HIS:HBAcceptor': 1, 'UNL:HIS:VdWContact': 1, 'UNL:PHE:Hydrophobic': 2, 'UNL:PHE:VdWContact': 2, 'UNL:PRO:VdWContact': 1, 'UNL:THR:VdWContact': 1}"
1,P2Rank-Vina,8C3N_ADP,0.4444444444444445,0.33333333333333337,"{'UNL:ASN:HBAcceptor': 1, 'UNL:ASN:VdWContact': 2, 'UNL:LEU:HBAcceptor': 1, 'UNL:MET:VdWContact': 1, 'UNL:SER:HBDonor': 1, 'UNL:SER:VdWContact': 2, 'UNL:THR:VdWContact': 1, 'UNL:TYR:VdWContact': 1}","{'UNL:ARG:VdWContact': 2, 'UNL:GLN:HBAcceptor': 1, 'UNL:GLN:Hydrophobic': 1, 'UNL:GLN:VdWContact': 1, 'UNL:GLU:HBDonor': 1, 'UNL:GLU:VdWContact': 1, 'UNL:GLY:HBAcceptor': 2, 'UNL:GLY:VdWContact': 2, 'UNL:ILE:Hydrophobic': 1, 'UNL:LYS:HBAcceptor': 1, 'UNL:LYS:VdWContact': 1, 'UNL:SER:HBAcceptor': 1, 'UNL:SER:VdWContact': 1, 'UNL:THR:HBAcceptor': 1, 'UNL:THR:VdWContact': 1}"
2,P2Rank-Vina,7XQZ_FPF,0.5,0.5,"{'UNL:ARG:HBAcceptor': 2, 'UNL:ARG:VdWContact': 2, 'UNL:GLN:HBAcceptor': 1, 'UNL:GLN:VdWContact': 1, 'UNL:GLY:VdWContact': 1, 'UNL:LYS:VdWContact': 1, 'UNL:PHE:Hydrophobic': 1, 'UNL:PHE:VdWContact': 3, 'UNL:PRO:VdWContact': 1, 'UNL:TRP:Hydrophobic': 1, 'UNL:TRP:VdWContact': 2}","{'UNL:ALA:Hydrophobic': 1, 'UNL:ARG:HBAcceptor': 2, 'UNL:ARG:VdWContact': 2, 'UNL:GLN:HBAcceptor': 1, 'UNL:GLN:HBDonor': 1, 'UNL:GLN:VdWContact': 2, 'UNL:ILE:Hydrophobic': 1, 'UNL:ILE:VdWContact': 1, 'UNL:LYS:VdWContact': 1, 'UNL:MET:Hydrophobic': 1, 'UNL:PHE:Hydrophobic': 4, 'UNL:PHE:VdWContact': 1, 'UNL:PRO:VdWContact': 1, 'UNL:THR:Hydrophobic': 1, 'UNL:TRP:HBAcceptor': 1, 'UNL:TRP:Hydrophobic': 2, 'UNL:TRP:VdWContact': 1, 'UNL:TYR:Hydrophobic': 1, 'UNL:TYR:VdWContact': 1}"
3,P2Rank-Vina,7R59_I5F,0.3333333333333333,0.39999999999999997,"{'UNL:ALA:HBDonor': 1, 'UNL:ALA:VdWContact': 1, 'UNL:ASN:HBAcceptor': 1, 'UNL:ASN:VdWContact': 1, 'UNL:GLU:Hydrophobic': 1, 'UNL:GLY:VdWContact': 1, 'UNL:SER:VdWContact': 1}","{'UNL:ALA:Hydrophobic': 1, 'UNL:GLU:Hydrophobic': 1, 'UNL:GLU:VdWContact': 1, 'UNL:GLY:HBAcceptor': 1, 'UNL:GLY:VdWContact': 1, 'UNL:LYS:Hydrophobic': 1, 'UNL:SER:VdWContact': 1, 'UNL:TYR:Hydrophobic': 2, 'UNL:TYR:VdWContact': 1}"
4,P2Rank-Vina,7XBV_APC,0.8,0.8333333333333333,"{'UNL:ARG:VdWContact': 1, 'UNL:ASP:VdWContact': 1, 'UNL:THR:HBAcceptor': 1, 'UNL:THR:VdWContact': 1, 'UNL:TYR:VdWContact': 1}","{'UNL:ASP:HBDonor': 1, 'UNL:ASP:VdWContact': 1, 'UNL:GLY:HBAcceptor': 1, 'UNL:GLY:VdWContact': 2, 'UNL:ILE:HBDonor': 1, 'UNL:ILE:Hydrophobic': 1, 'UNL:ILE:VdWContact': 1, 'UNL:PHE:Hydrophobic': 2, 'UNL:PHE:VdWContact': 1, 'UNL:PRO:VdWContact': 1, 'UNL:SER:HBAcceptor': 1, 'UNL:SER:VdWContact': 1, 'UNL:THR:HBAcceptor': 1, 'UNL:THR:VdWContact': 2, 'UNL:TYR:Hydrophobic': 1, 'UNL:TYR:VdWContact': 1}"
5,P2Rank-Vina,7THI_PGA,0.4999999999999999,0.25,"{'UNL:ARG:HBAcceptor': 1, 'UNL:ARG:VdWContact': 1, 'UNL:ASN:HBAcceptor': 1, 'UNL:ASN:VdWContact': 1, 'UNL:GLU:VdWContact': 1, 'UNL:GLY:HBAcceptor': 1, 'UNL:GLY:VdWContact': 1, 'UNL:HIS:VdWContact': 1, 'UNL:SER:HBAcceptor': 1, 'UNL:SER:VdWContact': 1}","{'UNL:ARG:HBAcceptor': 3, 'UNL:ARG:VdWContact': 3, 'UNL:ASN:HBAcceptor': 1, 'UNL:ASN:VdWContact': 1, 'UNL:CYS:HBAcceptor': 1, 'UNL:CYS:HBDonor': 1, 'UNL:CYS:VdWContact': 1, 'UNL:GLU:VdWContact': 1, 'UNL:SER:HBAcceptor': 1, 'UNL:SER:VdWContact': 1, 'UNL:TYR:VdWContact': 1}"
6,P2Rank-Vina,7TE8_P0T,0.0,0.5,"{'UNL:GLN:Hydrophobic': 1, 'UNL:GLU:HBDonor': 1, 'UNL:GLU:Hydrophobic': 3, 'UNL:GLU:VdWContact': 3, 'UNL:GLY:VdWContact': 1, 'UNL:LYS:Hydrophobic': 1, 'UNL:LYS:VdWContact': 1, 'UNL:PRO:VdWContact': 1, 'UNL:THR:VdWContact': 1}","{'UNL:ALA:Hydrophobic': 3, 'UNL:ALA:VdWContact': 1, 'UNL:ASP:HBDonor': 1, 'UNL:ASP:Hydrophobic': 1, 'UNL:ASP:VdWContact': 1, 'UNL:GLN:Hydrophobic': 1, 'UNL:GLU:Hydrophobic': 1, 'UNL:HIS:Hydrophobic': 1, 'UNL:HIS:VdWContact': 1, 'UNL:LYS:Hydrophobic': 1, 'UNL:LYS:VdWContact': 1, 'UNL:MET:Hydrophobic': 1, 'UNL:PHE:Hydrophobic': 4, 'UNL:PHE:VdWContact': 1, 'UNL:TRP:VdWContact': 1, 'UNL:TYR:Hydrophobic': 2, 'UNL:TYR:VdWContact': 1}"
7,P2Rank-Vina,7QF4_RBF,0.8,0.588235294117647,"{'UNL:ARG:Hydrophobic': 1, 'UNL:ARG:VdWContact': 1, 'UNL:GLN:HBAcceptor': 1, 'UNL:GLN:Hydrophobic': 1, 'UNL:GLN:VdWContact': 3, 'UNL:GLY:VdWContact': 2, 'UNL:ILE:VdWContact': 1, 'UNL:LEU:VdWContact': 2, 'UNL:THR:HBAcceptor': 1, 'UNL:THR:VdWContact': 1, 'UNL:VAL:VdWContact': 1}","{'UNL:ARG:HBAcceptor': 1, 'UNL:ARG:VdWContact': 1, 'UNL:ASN:HBAcceptor': 2, 'UNL:ASN:HBDonor': 1, 'UNL:ASN:Hydrophobic': 1, 'UNL:ASN:VdWContact': 3, 'UNL:GLN:HBAcceptor': 2, 'UNL:GLN:Hydrophobic': 1, 'UNL:GLN:VdWContact': 2, 'UNL:GLY:VdWContact': 1, 'UNL:ILE:Hydrophobic': 1, 'UNL:ILE:VdWContact': 2, 'UNL:LEU:Hydrophobic': 4, 'UNL:PHE:Hydrophobic': 1, 'UNL:PHE:VdWContact': 1, 'UNL:THR:Hydrophobic': 1, 'UNL:THR:VdWContact': 1, 'UNL:VAL:Hydrophobic': 1, 'UNL:VAL:VdWContact': 2}"
8,P2Rank-Vina,7YZU_DO7,0.0,0.5454545454545454,"{'UNL:ARG:HBAcceptor': 1, 'UNL:ARG:VdWContact': 1, 'UNL:ASP:VdWContact': 1, 'UNL:GLU:VdWContact': 1, 'UNL:GLY:HBAcceptor': 1, 'UNL:GLY:VdWContact': 1, 'UNL:HIS:HBAcceptor': 1, 'UNL:HIS:VdWContact': 1, 'UNL:SER:HBAcceptor': 1, 'UNL:SER:VdWContact': 1, 'UNL:THR:VdWContact': 1, 'UNL:TRP:HBAcceptor': 1, 'UNL:TRP:VdWContact': 2}","{'UNL:ARG:HBAcceptor': 1, 'UNL:ARG:VdWContact': 1, 'UNL:ASP:HBDonor': 1, 'UNL:ASP:VdWContact': 2, 'UNL:GLN:VdWContact': 1, 'UNL:GLU:Hydrophobic': 1, 'UNL:GLU:VdWContact': 1, 'UNL:GLY:HBAcceptor': 1, 'UNL:GLY:VdWContact': 3, 'UNL:HIS:VdWContact': 1, 'UNL:ILE:VdWContact': 1, 'UNL:SER:HBAcceptor': 1, 'UNL:SER:VdWContact': 1, 'UNL:THR:VdWContact': 1, 'UNL:TRP:HBAcceptor': 1, 'UNL:TRP:VdWContact': 2}"
9,P2Rank-Vina,7T3E_SLB,0.7142857142857143,0.7000000000000001,"{'UNL:ASN:VdWContact': 1, 'UNL:GLN:HBAcceptor': 1, 'UNL:GLN:VdWContact': 1, 'UNL:GLU:VdWContact': 1, 'UNL:THR:VdWContact': 2, 'UNL:VAL:HBAcceptor': 1, 'UNL:VAL:VdWContact': 1}","{'UNL:ARG:HBAcceptor': 2, 'UNL:ARG:HBDonor': 1, 'UNL:ARG:VdWContact': 3, 'UNL:ASN:HBAcceptor': 1, 'UNL:ASN:VdWContact': 1, 'UNL:ASP:HBDonor': 1, 'UNL:ASP:Hydrophobic': 1, 'UNL:ASP:VdWContact': 1, 'UNL:GLN:HBAcceptor': 1, 'UNL:GLN:VdWContact': 2, 'UNL:GLU:HBDonor': 1, 'UNL:GLU:VdWContact': 1, 'UNL:PHE:Hydrophobic': 2, 'UNL:PHE:VdWContact': 2}"
10,P2Rank-Vina,8HFN_XGC,0.6666666666666667,0.5263157894736843,"{'UNL:ARG:Hydrophobic': 1, 'UNL:ASP:VdWContact': 3, 'UNL:CYS:VdWContact': 1, 'UNL:GLY:HBDonor': 1, 'UNL:GLY:VdWContact': 1, 'UNL:HIS:VdWContact': 1, 'UNL:LEU:VdWContact': 1, 'UNL:THR:VdWContact': 1, 'UNL:TRP:Hydrophobic': 1}","{'UNL:ASN:HBDonor': 1, 'UNL:ASN:VdWContact': 1, 'UNL:CYS:Hydrophobic': 1, 'UNL:CYS:VdWContact': 2, 'UNL:GLY:VdWContact': 2, 'UNL:HIS:HBAcceptor': 1, 'UNL:HIS:VdWContact': 1, 'UNL:ILE:VdWContact': 1, 'UNL:LEU:Hydrophobic': 1, 'UNL:LYS:Hydrophobic': 1, 'UNL:LYS:VdWContact': 1, 'UNL:MET:HBAcceptor': 1, 'UNL:MET:VdWContact': 1, 'UNL:THR:HBAcceptor': 1, 'UNL:THR:HBDonor': 1, 'UNL:THR:Hydrophobic': 1, 'UNL:THR:VdWContact': 3, 'UNL:TRP:Hydrophobic': 1, 'UNL:TRP:VdWContact': 1, 'UNL:TYR:Hydrophobic': 1, 'UNL:TYR:VdWContact': 1}"
11,P2Rank-Vina,7W06_ITN,0.8333333333333334,0.39999999999999997,"{'UNL:ALA:HBAcceptor': 1, 'UNL:ALA:VdWContact': 1, 'UNL:ASN:Hydrophobic': 1, 'UNL:LEU:VdWContact': 1, 'UNL:SER:HBAcceptor': 1, 'UNL:SER:VdWContact': 1, 'UNL:THR:VdWContact': 1}","{'UNL:ARG:HBAcceptor': 1, 'UNL:ARG:VdWContact': 1, 'UNL:ASN:HBAcceptor': 1, 'UNL:ASN:VdWContact': 1, 'UNL:ILE:Hydrophobic': 2, 'UNL:LEU:Hydrophobic': 1, 'UNL:PHE:Hydrophobic': 1, 'UNL:SER:HBAcceptor': 1, 'UNL:SER:VdWContact': 1, 'UNL:THR:HBAcceptor': 2, 'UNL:THR:HBDonor': 2, 'UNL:THR:VdWContact': 2}"
12,P2Rank-Vina,8GFD_ZHR,0.3333333333333333,0.21428571428571436,"{'UNL:ASN:Hydrophobic': 1, 'UNL:HIS:VdWContact': 1, 'UNL:LEU:VdWContact': 1, 'UNL:LYS:Hydrophobic': 1, 'UNL:LYS:VdWContact': 1, 'UNL:PHE:VdWContact': 1, 'UNL:SER:HBDonor': 1, 'UNL:SER:VdWContact': 3}","{'UNL:ALA:Hydrophobic': 1, 'UNL:ARG:Hydrophobic': 1, 'UNL:GLN:HBAcceptor': 1, 'UNL:GLN:VdWContact': 2, 'UNL:GLU:HBDonor': 1, 'UNL:GLU:VdWContact': 1, 'UNL:SER:VdWContact': 2, 'UNL:TRP:Hydrophobic': 1, 'UNL:TYR:Hydrophobic': 1, 'UNL:TYR:VdWContact': 1}"
13,P2Rank-Vina,7UQ3_O2U,0.5,0.8461538461538461,"{'UNL:GLU:VdWContact': 1, 'UNL:THR:HBAcceptor': 1, 'UNL:THR:VdWContact': 1}","{'UNL:ASN:HBAcceptor': 1, 'UNL:ASN:VdWContact': 1, 'UNL:ASP:VdWContact': 1, 'UNL:HIS:HBAcceptor': 1, 'UNL:HIS:HBDonor': 1, 'UNL:HIS:VdWContact': 2, 'UNL:LEU:Hydrophobic': 1, 'UNL:LEU:VdWContact': 1, 'UNL:LYS:VdWContact': 1, 'UNL:SER:VdWContact': 2, 'UNL:TRP:Hydrophobic': 1, 'UNL:TRP:VdWContact': 1, 'UNL:TYR:VdWContact': 1, 'UNL:VAL:Hydrophobic': 1}"
14,P2Rank-Vina,7XG5_PLP,0.49999999999999994,0.45454545454545453,"{'UNL:ASN:HBAcceptor': 1, 'UNL:ASN:VdWContact': 1, 'UNL:CYS:VdWContact': 1, 'UNL:GLU:VdWContact': 1, 'UNL:GLY:VdWContact': 1, 'UNL:LEU:Hydrophobic': 1, 'UNL:LYS:HBAcceptor': 1, 'UNL:LYS:VdWContact': 1, 'UNL:PHE:VdWContact': 1, 'UNL:THR:VdWContact': 1}","{'UNL:ARG:HBAcceptor': 1, 'UNL:ARG:VdWContact': 1, 'UNL:ASN:VdWContact': 1, 'UNL:GLU:VdWContact': 1, 'UNL:GLY:VdWContact': 2, 'UNL:LEU:Hydrophobic': 2, 'UNL:LEU:VdWContact': 1, 'UNL:LYS:VdWContact': 1, 'UNL:THR:HBAcceptor': 2, 'UNL:THR:VdWContact': 3, 'UNL:VAL:HBAcceptor': 1, 'UNL:VAL:HBDonor': 1, 'UNL:VAL:VdWContact': 1}"
15,P2Rank-Vina,7ULC_56B,0.5,0.7058823529411764,"{'UNL:ALA:VdWContact': 2, 'UNL:ARG:HBAcceptor': 1, 'UNL:ARG:VdWContact': 2, 'UNL:ASP:VdWContact': 1, 'UNL:GLY:VdWContact': 1, 'UNL:THR:HBDonor': 1, 'UNL:THR:VdWContact': 1}","{'UNL:ASN:HBAcceptor': 1, 'UNL:ASN:HBDonor': 1, 'UNL:ASN:VdWContact': 2, 'UNL:ASP:HBDonor': 1, 'UNL:ASP:VdWContact': 2, 'UNL:GLN:HBAcceptor': 1, 'UNL:GLN:VdWContact': 1, 'UNL:ILE:Hydrophobic': 1, 'UNL:ILE:VdWContact': 1, 'UNL:LYS:VdWContact': 2, 'UNL:PHE:Hydrophobic': 1, 'UNL:PHE:VdWContact': 1, 'UNL:TRP:HBAcceptor': 1, 'UNL:TRP:Hydrophobic': 2, 'UNL:TRP:VdWContact': 2, 'UNL:TYR:HBAcceptor': 1, 'UNL:TYR:Hydrophobic': 1, 'UNL:TYR:VdWContact': 2, 'UNL:VAL:Hydrophobic': 1}"
16,P2Rank-Vina,7SFO_98L,0.3333333333333333,0.6842105263157897,"{'UNL:ALA:VdWContact': 1, 'UNL:ARG:Hydrophobic': 1, 'UNL:ARG:VdWContact': 1, 'UNL:GLY:VdWContact': 1, 'UNL:HIS:Hydrophobic': 1, 'UNL:HIS:VdWContact': 1, 'UNL:ILE:Hydrophobic': 1, 'UNL:ILE:VdWContact': 1, 'UNL:MET:Hydrophobic': 2, 'UNL:MET:VdWContact': 1, 'UNL:THR:VdWContact': 1, 'UNL:TYR:HBAcceptor': 1, 'UNL:TYR:VdWContact': 1}","{'UNL:ALA:Hydrophobic': 1, 'UNL:ARG:HBAcceptor': 1, 'UNL:ARG:VdWContact': 1, 'UNL:GLU:VdWContact': 1, 'UNL:GLY:VdWContact': 1, 'UNL:HIS:Hydrophobic': 1, 'UNL:HIS:VdWContact': 1, 'UNL:ILE:Hydrophobic': 1, 'UNL:LEU:HBDonor': 1, 'UNL:LEU:Hydrophobic': 7, 'UNL:LEU:VdWContact': 4, 'UNL:MET:Hydrophobic': 4, 'UNL:MET:VdWContact': 1, 'UNL:PHE:Hydrophobic': 1, 'UNL:THR:Hydrophobic': 1, 'UNL:TRP:Hydrophobic': 1}"
17,P2Rank-Vina,7XFA_D9J,0.0,0.09090909090909094,"{'UNL:ARG:HBAcceptor': 1, 'UNL:ARG:HBDonor': 1, 'UNL:ARG:Hydrophobic': 1, 'UNL:ARG:VdWContact': 2, 'UNL:ASN:Hydrophobic': 1, 'UNL:GLU:Hydrophobic': 1, 'UNL:GLU:VdWContact': 1, 'UNL:TRP:Hydrophobic': 1, 'UNL:TRP:VdWContact': 1}","{'UNL:ALA:Hydrophobic': 1, 'UNL:ARG:HBAcceptor': 1, 'UNL:ARG:Hydrophobic': 1, 'UNL:ARG:VdWContact': 1, 'UNL:ASN:HBAcceptor': 1, 'UNL:ASN:VdWContact': 2, 'UNL:GLU:VdWContact': 1, 'UNL:GLY:VdWContact': 1, 'UNL:HIS:VdWContact': 1, 'UNL:TRP:Hydrophobic': 1}"
18,P2Rank-Vina,7W05_GMP,0.5,0.7777777777777777,"{'UNL:GLN:HBDonor': 1, 'UNL:GLN:VdWContact': 1, 'UNL:GLU:HBDonor': 1, 'UNL:GLU:VdWContact': 1, 'UNL:GLY:VdWContact': 1, 'UNL:HIS:HBAcceptor': 1, 'UNL:HIS:VdWContact': 2, 'UNL:TYR:VdWContact': 1}","{'UNL:ASN:HBDonor': 1, 'UNL:ASN:VdWContact': 2, 'UNL:GLN:VdWContact': 1, 'UNL:GLU:HBDonor': 2, 'UNL:GLU:VdWContact': 2, 'UNL:HIS:HBAcceptor': 1, 'UNL:HIS:HBDonor': 1, 'UNL:HIS:Hydrophobic': 1, 'UNL:HIS:VdWContact': 2, 'UNL:PHE:Hydrophobic': 1, 'UNL:TYR:HBAcceptor': 1, 'UNL:TYR:Hydrophobic': 2, 'UNL:TYR:VdWContact': 2}"
19,P2Rank-Vina,8AIE_M7L,1.4000000000000001,0.8181818181818182,"{'UNL:ARG:VdWContact': 1, 'UNL:GLU:VdWContact': 1, 'UNL:HIS:Hydrophobic': 1, 'UNL:HIS:VdWContact': 1, 'UNL:LYS:HBAcceptor': 1, 'UNL:LYS:VdWContact': 1, 'UNL:VAL:VdWContact': 1}","{'UNL:ARG:HBAcceptor': 2, 'UNL:ARG:VdWContact': 1, 'UNL:GLU:VdWContact': 1, 'UNL:HIS:VdWContact': 1, 'UNL:LEU:Hydrophobic': 1, 'UNL:LYS:VdWContact': 2, 'UNL:SER:VdWContact': 2, 'UNL:THR:HBAcceptor': 3, 'UNL:THR:HBDonor': 2, 'UNL:THR:VdWContact': 4, 'UNL:TYR:Hydrophobic': 1, 'UNL:TYR:VdWContact': 1, 'UNL:VAL:HBAcceptor': 1, 'UNL:VAL:VdWContact': 1}"
20,P2Rank-Vina,7WQQ_5Z6,0.0,0.357142857142857,"{'UNL:ARG:Hydrophobic': 2, 'UNL:ARG:VdWContact': 2, 'UNL:CYS:VdWContact': 1, 'UNL:GLY:VdWContact': 1, 'UNL:ILE:Hydrophobic': 2, 'UNL:ILE:VdWContact': 4, 'UNL:LEU:Hydrophobic': 1, 'UNL:LEU:VdWContact': 4, 'UNL:PHE:Hydrophobic': 1, 'UNL:PHE:VdWContact': 4, 'UNL:SER:HBAcceptor': 1, 'UNL:SER:VdWContact': 2}","{'UNL:ARG:Hydrophobic': 2, 'UNL:CYS:Hydrophobic': 1, 'UNL:GLY:VdWContact': 1, 'UNL:ILE:Hydrophobic': 3, 'UNL:ILE:VdWContact': 1, 'UNL:LEU:Hydrophobic': 6, 'UNL:LEU:VdWContact': 1, 'UNL:PHE:Hydrophobic': 4, 'UNL:PHE:VdWContact': 4, 'UNL:SER:HBAcceptor': 1, 'UNL:SER:VdWContact': 2, 'UNL:TRP:Hydrophobic': 1, 'UNL:VAL:Hydrophobic': 1}"
21,P2Rank-Vina,7WL4_JFU,0.0,0.4210526315789474,"{'UNL:ASP:HBAcceptor': 1, 'UNL:ASP:Hydrophobic': 2, 'UNL:ASP:VdWContact': 1, 'UNL:ILE:Hydrophobic': 1, 'UNL:ILE:VdWContact': 1, 'UNL:LEU:VdWContact': 2, 'UNL:PRO:VdWContact': 1, 'UNL:TRP:VdWContact': 1, 'UNL:TYR:VdWContact': 1, 'UNL:VAL:VdWContact': 1}","{'UNL:ASN:HBAcceptor': 1, 'UNL:ASN:VdWContact': 1, 'UNL:ASP:Hydrophobic': 1, 'UNL:ASP:VdWContact': 1, 'UNL:ILE:Hydrophobic': 1, 'UNL:ILE:VdWContact': 1, 'UNL:LEU:Hydrophobic': 2, 'UNL:LEU:VdWContact': 2, 'UNL:MET:Hydrophobic': 2, 'UNL:MET:VdWContact': 1, 'UNL:PHE:Hydrophobic': 1, 'UNL:PHE:VdWContact': 1, 'UNL:PRO:Hydrophobic': 1, 'UNL:PRO:VdWContact': 1, 'UNL:TRP:Hydrophobic': 1, 'UNL:TYR:Hydrophobic': 1, 'UNL:VAL:Hydrophobic': 1}"
22,P2Rank-Vina,7Z2O_IAJ,0.0,0.3125,"{'UNL:ASN:VdWContact': 1, 'UNL:GLN:HBAcceptor': 1, 'UNL:GLN:Hydrophobic': 1, 'UNL:GLN:VdWContact': 1, 'UNL:LEU:Hydrophobic': 1, 'UNL:LYS:VdWContact': 2, 'UNL:PHE:Hydrophobic': 1, 'UNL:PHE:VdWContact': 1}","{'UNL:ALA:Hydrophobic': 1, 'UNL:ASN:Hydrophobic': 1, 'UNL:GLY:HBAcceptor': 1, 'UNL:GLY:VdWContact': 1, 'UNL:HIS:VdWContact': 1, 'UNL:LEU:VdWContact': 1, 'UNL:SER:VdWContact': 1, 'UNL:TYR:Hydrophobic': 3, 'UNL:TYR:VdWContact': 3, 'UNL:VAL:Hydrophobic': 1}"
23,P2Rank-Vina,7TUO_KL9,0.3333333333333333,0.40909090909090917,"{'UNL:ASN:HBDonor': 1, 'UNL:ASN:VdWContact': 1, 'UNL:ASP:Hydrophobic': 1, 'UNL:ASP:VdWContact': 1, 'UNL:GLU:VdWContact': 1, 'UNL:SER:VdWContact': 1, 'UNL:TRP:VdWContact': 1, 'UNL:TYR:VdWContact': 1, 'UNL:VAL:Hydrophobic': 1, 'UNL:VAL:VdWContact': 1}","{'UNL:ALA:Hydrophobic': 1, 'UNL:ALA:VdWContact': 1, 'UNL:GLN:HBAcceptor': 1, 'UNL:GLN:Hydrophobic': 1, 'UNL:GLN:VdWContact': 1, 'UNL:GLU:HBDonor': 1, 'UNL:GLU:Hydrophobic': 1, 'UNL:GLU:VdWContact': 1, 'UNL:HIS:Hydrophobic': 1, 'UNL:HIS:VdWContact': 1, 'UNL:LEU:Hydrophobic': 1, 'UNL:LEU:VdWContact': 1, 'UNL:PHE:Hydrophobic': 1, 'UNL:PHE:VdWContact': 1, 'UNL:THR:Hydrophobic': 2, 'UNL:TYR:Hydrophobic': 2, 'UNL:TYR:VdWContact': 1, 'UNL:VAL:Hydrophobic': 1}"
24,P2Rank-Vina,8F8E_XJI,0.3333333333333333,0.7058823529411764,"{'UNL:ARG:VdWContact': 1, 'UNL:LYS:HBDonor': 1, 'UNL:LYS:VdWContact': 1, 'UNL:PRO:VdWContact': 1, 'UNL:THR:VdWContact': 1}","{'UNL:ALA:Hydrophobic': 1, 'UNL:ALA:VdWContact': 1, 'UNL:ARG:HBAcceptor': 1, 'UNL:ARG:Hydrophobic': 1, 'UNL:ARG:VdWContact': 2, 'UNL:ASP:HBDonor': 1, 'UNL:ASP:Hydrophobic': 1, 'UNL:ASP:VdWContact': 1, 'UNL:CYS:VdWContact': 1, 'UNL:HIS:VdWContact': 1, 'UNL:LEU:Hydrophobic': 2, 'UNL:LEU:VdWContact': 1, 'UNL:PHE:Hydrophobic': 1, 'UNL:PHE:VdWContact': 1, 'UNL:TYR:Hydrophobic': 1, 'UNL:VAL:Hydrophobic': 1}"
25,P2Rank-Vina,7Q2B_M6H,0.0,0.27272727272727265,"{'UNL:GLU:Hydrophobic': 1, 'UNL:LEU:Hydrophobic': 1, 'UNL:LEU:VdWContact': 1, 'UNL:PHE:Hydrophobic': 1, 'UNL:PHE:VdWContact': 1, 'UNL:SER:VdWContact': 1, 'UNL:TYR:HBDonor': 1, 'UNL:TYR:VdWContact': 2}","{'UNL:GLU:HBDonor': 1, 'UNL:GLU:Hydrophobic': 2, 'UNL:GLU:VdWContact': 2, 'UNL:HIS:VdWContact': 1, 'UNL:ILE:Hydrophobic': 1, 'UNL:LEU:Hydrophobic': 1, 'UNL:PHE:Hydrophobic': 1, 'UNL:PHE:VdWContact': 1, 'UNL:TYR:VdWContact': 1, 'UNL:VAL:Hydrophobic': 1}"
26,P2Rank-Vina,7ZOC_T8E,0.3333333333333333,0.46153846153846145,"{'UNL:ASN:Hydrophobic': 1, 'UNL:GLY:HBAcceptor': 1, 'UNL:GLY:VdWContact': 1, 'UNL:HIS:VdWContact': 1, 'UNL:MET:Hydrophobic': 1, 'UNL:MET:VdWContact': 1, 'UNL:PHE:VdWContact': 1, 'UNL:TYR:HBAcceptor': 1, 'UNL:TYR:VdWContact': 1}","{'UNL:ASN:Hydrophobic': 1, 'UNL:GLN:Hydrophobic': 1, 'UNL:GLU:HBDonor': 1, 'UNL:GLU:VdWContact': 4, 'UNL:HIS:Hydrophobic': 1, 'UNL:MET:VdWContact': 1, 'UNL:TRP:Hydrophobic': 1, 'UNL:TRP:VdWContact': 1, 'UNL:TYR:Hydrophobic': 1, 'UNL:TYR:VdWContact': 2}"
27,P2Rank-Vina,7WCF_ACP,0.6,0.4444444444444444,"{'UNL:ARG:VdWContact': 1, 'UNL:ASN:VdWContact': 1, 'UNL:ASP:Hydrophobic': 1, 'UNL:ASP:VdWContact': 1, 'UNL:GLN:HBAcceptor': 1, 'UNL:GLN:VdWContact': 1, 'UNL:GLY:VdWContact': 1, 'UNL:HIS:VdWContact': 1, 'UNL:LEU:VdWContact': 1, 'UNL:LYS:VdWContact': 1, 'UNL:TYR:VdWContact': 1, 'UNL:VAL:HBAcceptor': 1, 'UNL:VAL:VdWContact': 1}","{'UNL:ARG:Hydrophobic': 1, 'UNL:ARG:VdWContact': 1, 'UNL:ASP:VdWContact': 2, 'UNL:GLN:HBAcceptor': 1, 'UNL:GLN:Hydrophobic': 1, 'UNL:GLN:VdWContact': 2, 'UNL:GLY:VdWContact': 1, 'UNL:HIS:HBAcceptor': 1, 'UNL:HIS:VdWContact': 1, 'UNL:ILE:Hydrophobic': 1, 'UNL:ILE:VdWContact': 1, 'UNL:LYS:HBDonor': 1, 'UNL:LYS:VdWContact': 3, 'UNL:PHE:HBAcceptor': 1, 'UNL:PHE:Hydrophobic': 1, 'UNL:PHE:VdWContact': 1, 'UNL:TYR:Hydrophobic': 1, 'UNL:TYR:VdWContact': 1, 'UNL:VAL:HBAcceptor': 1, 'UNL:VAL:VdWContact': 1}"
28,P2Rank-Vina,8BOM_QU6,0.75,0.6521739130434782,"{'UNL:ARG:VdWContact': 1, 'UNL:ASP:HBAcceptor': 1, 'UNL:ASP:VdWContact': 1, 'UNL:GLY:VdWContact': 2, 'UNL:ILE:Hydrophobic': 1, 'UNL:ILE:VdWContact': 1, 'UNL:LYS:Hydrophobic': 1, 'UNL:MET:Hydrophobic': 1, 'UNL:MET:VdWContact': 1, 'UNL:VAL:Hydrophobic': 1, 'UNL:VAL:VdWContact': 1}","{'UNL:ALA:Hydrophobic': 1, 'UNL:ALA:VdWContact': 1, 'UNL:ASP:HBAcceptor': 1, 'UNL:ASP:Hydrophobic': 1, 'UNL:ASP:VdWContact': 1, 'UNL:GLU:HBDonor': 1, 'UNL:GLU:Hydrophobic': 1, 'UNL:GLU:VdWContact': 2, 'UNL:ILE:Hydrophobic': 3, 'UNL:ILE:VdWContact': 2, 'UNL:LEU:Hydrophobic': 1, 'UNL:LYS:Hydrophobic': 1, 'UNL:MET:HBAcceptor': 1, 'UNL:MET:Hydrophobic': 1, 'UNL:MET:VdWContact': 1, 'UNL:PHE:Hydrophobic': 2, 'UNL:PHE:VdWContact': 1, 'UNL:SER:VdWContact': 1, 'UNL:THR:HBDonor': 1, 'UNL:THR:Hydrophobic': 1, 'UNL:THR:VdWContact': 1, 'UNL:TYR:Hydrophobic': 2, 'UNL:TYR:VdWContact': 1, 'UNL:VAL:Hydrophobic': 1}"
29,P2Rank-Vina,5SIS_JSM,0.0,0.55,"{'UNL:ASN:HBAcceptor': 1, 'UNL:ASN:VdWContact': 1, 'UNL:GLN:VdWContact': 1, 'UNL:GLU:VdWContact': 1, 'UNL:LEU:VdWContact': 1, 'UNL:PHE:Hydrophobic': 1, 'UNL:SER:VdWContact': 1, 'UNL:VAL:VdWContact': 1}","{'UNL:GLN:HBAcceptor': 1, 'UNL:GLN:VdWContact': 1, 'UNL:GLU:Hydrophobic': 1, 'UNL:GLU:VdWContact': 1, 'UNL:GLY:VdWContact': 1, 'UNL:ILE:Hydrophobic': 1, 'UNL:ILE:VdWContact': 1, 'UNL:LEU:Hydrophobic': 1, 'UNL:LYS:Hydrophobic': 1, 'UNL:MET:Hydrophobic': 1, 'UNL:MET:VdWContact': 1, 'UNL:PHE:Hydrophobic': 2, 'UNL:PHE:VdWContact': 1, 'UNL:PRO:Hydrophobic': 1, 'UNL:TYR:Hydrophobic': 1, 'UNL:TYR:VdWContact': 1, 'UNL:VAL:Hydrophobic': 1, 'UNL:VAL:VdWContact': 1}"
30,P2Rank-Vina,7QPP_VDX,0.0,0.9375,"{'UNL:ARG:HBAcceptor': 1, 'UNL:ARG:VdWContact': 1, 'UNL:HIS:VdWContact': 2, 'UNL:ILE:VdWContact': 1, 'UNL:LEU:VdWContact': 3, 'UNL:SER:VdWContact': 2, 'UNL:TRP:Hydrophobic': 1, 'UNL:TYR:HBAcceptor': 1, 'UNL:TYR:HBDonor': 1, 'UNL:TYR:VdWContact': 2, 'UNL:VAL:VdWContact': 2}","{'UNL:ARG:HBAcceptor': 1, 'UNL:ARG:VdWContact': 1, 'UNL:CYS:VdWContact': 1, 'UNL:HIS:HBAcceptor': 1, 'UNL:HIS:HBDonor': 1, 'UNL:HIS:VdWContact': 2, 'UNL:ILE:Hydrophobic': 2, 'UNL:LEU:Hydrophobic': 6, 'UNL:LEU:VdWContact': 1, 'UNL:MET:Hydrophobic': 1, 'UNL:PHE:Hydrophobic': 1, 'UNL:SER:VdWContact': 3, 'UNL:TRP:Hydrophobic': 1, 'UNL:TRP:VdWContact': 1, 'UNL:TYR:Hydrophobic': 3, 'UNL:TYR:VdWContact': 2, 'UNL:VAL:Hydrophobic': 3, 'UNL:VAL:VdWContact': 1}"
31,P2Rank-Vina,7SIU_9ID,0.19999999999999996,0.33333333333333337,"{'UNL:ALA:VdWContact': 2, 'UNL:ARG:HBAcceptor': 1, 'UNL:ARG:VdWContact': 1, 'UNL:GLN:Hydrophobic': 1, 'UNL:GLN:VdWContact': 1, 'UNL:MET:VdWContact': 1, 'UNL:PHE:VdWContact': 1, 'UNL:TYR:VdWContact': 2, 'UNL:VAL:HBDonor': 1, 'UNL:VAL:VdWContact': 2}","{'UNL:ALA:HBDonor': 1, 'UNL:ALA:Hydrophobic': 2, 'UNL:ALA:VdWContact': 1, 'UNL:ASP:Hydrophobic': 1, 'UNL:CYS:HBAcceptor': 1, 'UNL:CYS:VdWContact': 1, 'UNL:GLU:HBDonor': 1, 'UNL:GLU:VdWContact': 1, 'UNL:LEU:Hydrophobic': 3, 'UNL:LYS:VdWContact': 1, 'UNL:MET:Hydrophobic': 1, 'UNL:PHE:Hydrophobic': 1, 'UNL:PHE:VdWContact': 1, 'UNL:TYR:Hydrophobic': 1, 'UNL:VAL:Hydrophobic': 2, 'UNL:VAL:VdWContact': 1}"
32,DiffDock-L,8AAU_LH0,0.5,0.2666666666666668,"{'UNL:ALA:VdWContact': 2, 'UNL:GLU:VdWContact': 1, 'UNL:HIS:VdWContact': 1, 'UNL:ILE:HBAcceptor': 1, 'UNL:ILE:VdWContact': 1, 'UNL:LEU:Hydrophobic': 2, 'UNL:LEU:VdWContact': 3, 'UNL:LYS:Hydrophobic': 1, 'UNL:LYS:VdWContact': 2, 'UNL:TYR:VdWContact': 1}","{'UNL:ALA:VdWContact': 2, 'UNL:GLY:VdWContact': 1, 'UNL:ILE:HBAcceptor': 1, 'UNL:ILE:HBDonor': 1, 'UNL:ILE:Hydrophobic': 1, 'UNL:ILE:VdWContact': 1, 'UNL:LEU:Hydrophobic': 2, 'UNL:LEU:VdWContact': 1, 'UNL:THR:VdWContact': 1, 'UNL:TYR:Hydrophobic': 1, 'UNL:VAL:Hydrophobic': 1, 'UNL:VAL:VdWContact': 1}"
33,DiffDock-L,7UAW_MF6,0.875,0.5384615384615383,"{'UNL:ARG:VdWContact': 2, 'UNL:ASN:VdWContact': 1, 'UNL:ASP:VdWContact': 1, 'UNL:GLN:VdWContact': 1, 'UNL:GLY:HBAcceptor': 1, 'UNL:GLY:VdWContact': 1, 'UNL:HIS:VdWContact': 1, 'UNL:MET:HBDonor': 1, 'UNL:MET:VdWContact': 1, 'UNL:THR:HBDonor': 1, 'UNL:THR:VdWContact': 1, 'UNL:VAL:VdWContact': 1}","{'UNL:ALA:VdWContact': 1, 'UNL:ARG:HBAcceptor': 4, 'UNL:ARG:HBDonor': 1, 'UNL:ARG:VdWContact': 4, 'UNL:ASN:HBAcceptor': 1, 'UNL:ASN:HBDonor': 1, 'UNL:ASN:VdWContact': 2, 'UNL:GLN:VdWContact': 1, 'UNL:GLY:HBAcceptor': 2, 'UNL:GLY:VdWContact': 2, 'UNL:HIS:HBAcceptor': 1, 'UNL:HIS:VdWContact': 1, 'UNL:PHE:Hydrophobic': 2, 'UNL:PHE:VdWContact': 2, 'UNL:PRO:VdWContact': 1, 'UNL:THR:VdWContact': 1}"
34,DiffDock-L,8EX2_Q2Q,0.0,0.18181818181818188,"{'UNL:GLY:VdWContact': 1, 'UNL:ILE:Hydrophobic': 1, 'UNL:ILE:VdWContact': 1, 'UNL:LEU:Hydrophobic': 1, 'UNL:LEU:VdWContact': 2, 'UNL:LYS:Hydrophobic': 1, 'UNL:LYS:VdWContact': 2, 'UNL:PHE:VdWContact': 1, 'UNL:VAL:HBAcceptor': 1, 'UNL:VAL:VdWContact': 1}","{'UNL:GLY:VdWContact': 1, 'UNL:ILE:Hydrophobic': 1, 'UNL:LEU:Hydrophobic': 3, 'UNL:LEU:VdWContact': 2, 'UNL:LYS:VdWContact': 2, 'UNL:PHE:Hydrophobic': 1, 'UNL:PHE:VdWContact': 1, 'UNL:SER:VdWContact': 1, 'UNL:VAL:HBAcceptor': 1, 'UNL:VAL:VdWContact': 1}"
35,DiffDock-L,7UYB_OK0,0.5,0.23076923076923084,"{'UNL:ASN:HBAcceptor': 1, 'UNL:ASN:Hydrophobic': 1, 'UNL:ASN:VdWContact': 1, 'UNL:ASP:VdWContact': 1, 'UNL:HIS:Hydrophobic': 1, 'UNL:HIS:VdWContact': 3, 'UNL:PHE:Hydrophobic': 1, 'UNL:PHE:VdWContact': 1, 'UNL:TRP:VdWContact': 1, 'UNL:TYR:Hydrophobic': 1, 'UNL:TYR:VdWContact': 1}","{'UNL:ASN:HBAcceptor': 1, 'UNL:ASN:Hydrophobic': 1, 'UNL:ASN:VdWContact': 1, 'UNL:ASP:HBDonor': 1, 'UNL:ASP:VdWContact': 1, 'UNL:CYS:VdWContact': 1, 'UNL:HIS:Hydrophobic': 1, 'UNL:HIS:VdWContact': 3, 'UNL:PHE:Hydrophobic': 1, 'UNL:PHE:VdWContact': 1, 'UNL:SER:VdWContact': 2, 'UNL:TRP:Hydrophobic': 1, 'UNL:TRP:VdWContact': 1, 'UNL:TYR:Hydrophobic': 1}"
36,DiffDock-L,7U0U_FK5,0.0,0.48275862068965514,"{'UNL:ARG:HBAcceptor': 1, 'UNL:ARG:VdWContact': 1, 'UNL:ASN:Hydrophobic': 1, 'UNL:ASN:VdWContact': 1, 'UNL:GLN:HBAcceptor': 1, 'UNL:GLN:Hydrophobic': 1, 'UNL:GLN:VdWContact': 2, 'UNL:GLU:VdWContact': 1, 'UNL:LEU:Hydrophobic': 1, 'UNL:LEU:VdWContact': 1, 'UNL:MET:VdWContact': 1, 'UNL:PHE:VdWContact': 3, 'UNL:THR:VdWContact': 1, 'UNL:TRP:VdWContact': 1, 'UNL:TYR:VdWContact': 1}","{'UNL:ASN:Hydrophobic': 1, 'UNL:ASP:VdWContact': 1, 'UNL:GLU-:Hydrophobic': 1, 'UNL:GLU-:VdWContact': 1, 'UNL:ILE:HBAcceptor': 1, 'UNL:ILE:Hydrophobic': 2, 'UNL:ILE:VdWContact': 1, 'UNL:LEU:Hydrophobic': 1, 'UNL:MET:Hydrophobic': 1, 'UNL:PHE-:Hydrophobic': 1, 'UNL:PHE-:VdWContact': 1, 'UNL:PHE:Hydrophobic': 3, 'UNL:PHE:VdWContact': 3, 'UNL:PRO-:Hydrophobic': 1, 'UNL:TRP-:HBAcceptor': 1, 'UNL:TRP-:Hydrophobic': 1, 'UNL:TRP-:VdWContact': 1, 'UNL:TRP:Hydrophobic': 1, 'UNL:TRP:VdWContact': 1, 'UNL:TYR:Hydrophobic': 2, 'UNL:TYR:VdWContact': 2, 'UNL:VAL:Hydrophobic': 3, 'UNL:VAL:VdWContact': 1}"
37,DiffDock-L,8C3N_ADP,0.4285714285714286,0.5555555555555555,"{'UNL:GLN:VdWContact': 1, 'UNL:GLY:HBAcceptor': 1, 'UNL:GLY:VdWContact': 2, 'UNL:LYS:HBAcceptor': 1, 'UNL:LYS:HBDonor': 1, 'UNL:LYS:VdWContact': 1, 'UNL:SER:VdWContact': 1, 'UNL:THR:HBAcceptor': 1, 'UNL:THR:VdWContact': 1}","{'UNL:ARG:VdWContact': 2, 'UNL:GLN:HBAcceptor': 1, 'UNL:GLN:Hydrophobic': 1, 'UNL:GLN:VdWContact': 1, 'UNL:GLU:HBDonor': 1, 'UNL:GLU:VdWContact': 1, 'UNL:GLY:HBAcceptor': 2, 'UNL:GLY:VdWContact': 2, 'UNL:ILE:Hydrophobic': 1, 'UNL:LYS:HBAcceptor': 1, 'UNL:LYS:VdWContact': 1, 'UNL:SER:HBAcceptor': 1, 'UNL:SER:VdWContact': 1, 'UNL:THR:HBAcceptor': 1, 'UNL:THR:VdWContact': 1}"
38,DiffDock-L,8A1H_DLZ,0.16666666666666666,0.4375,"{'UNL:ALA:HBDonor': 1, 'UNL:ALA:VdWContact': 1, 'UNL:ARG:VdWContact': 1, 'UNL:ASP:HBAcceptor': 1, 'UNL:ASP:HBDonor': 1, 'UNL:ASP:VdWContact': 2, 'UNL:GLN:VdWContact': 1, 'UNL:GLU:VdWContact': 3, 'UNL:GLY:HBAcceptor': 1, 'UNL:GLY:VdWContact': 1, 'UNL:ILE:VdWContact': 1, 'UNL:LEU:HBAcceptor': 1, 'UNL:LEU:VdWContact': 2, 'UNL:PHE:VdWContact': 1}","{'UNL:ALA:HBDonor': 1, 'UNL:ALA:VdWContact': 1, 'UNL:ASP:HBAcceptor': 1, 'UNL:ASP:HBDonor': 1, 'UNL:ASP:VdWContact': 2, 'UNL:GLN:HBAcceptor': 1, 'UNL:GLN:Hydrophobic': 1, 'UNL:GLN:VdWContact': 1, 'UNL:GLU:Hydrophobic': 1, 'UNL:GLU:VdWContact': 3, 'UNL:GLY:HBAcceptor': 1, 'UNL:GLY:VdWContact': 1, 'UNL:ILE:Hydrophobic': 1, 'UNL:LEU:HBAcceptor': 1, 'UNL:LEU:Hydrophobic': 2, 'UNL:LEU:VdWContact': 1, 'UNL:MET:Hydrophobic': 1, 'UNL:PHE:Hydrophobic': 2, 'UNL:PHE:VdWContact': 2, 'UNL:TYR:VdWContact': 1}"
39,DiffDock-L,7XQZ_FPF,0.0,0.5294117647058824,"{'UNL:ALA:VdWContact': 1, 'UNL:ARG:HBAcceptor': 2, 'UNL:ARG:VdWContact': 1, 'UNL:ASP:VdWContact': 1, 'UNL:GLN:HBAcceptor': 1, 'UNL:GLN:VdWContact': 2, 'UNL:LYS:HBAcceptor': 1, 'UNL:LYS:VdWContact': 1, 'UNL:PHE:VdWContact': 3, 'UNL:TRP:HBAcceptor': 1, 'UNL:TRP:Hydrophobic': 1, 'UNL:TRP:VdWContact': 2}","{'UNL:ALA:Hydrophobic': 1, 'UNL:ARG:HBAcceptor': 2, 'UNL:ARG:VdWContact': 2, 'UNL:GLN:HBAcceptor': 1, 'UNL:GLN:HBDonor': 1, 'UNL:GLN:VdWContact': 2, 'UNL:ILE:Hydrophobic': 1, 'UNL:ILE:VdWContact': 1, 'UNL:LYS:VdWContact': 1, 'UNL:MET:Hydrophobic': 1, 'UNL:PHE:Hydrophobic': 4, 'UNL:PHE:VdWContact': 1, 'UNL:PRO:VdWContact': 1, 'UNL:THR:Hydrophobic': 1, 'UNL:TRP:HBAcceptor': 1, 'UNL:TRP:Hydrophobic': 2, 'UNL:TRP:VdWContact': 1, 'UNL:TYR:Hydrophobic': 1, 'UNL:TYR:VdWContact': 1}"
40,DiffDock-L,7TXK_LW8,0.3333333333333333,0.46153846153846145,"{'UNL:ASN:VdWContact': 1, 'UNL:LYS:HBAcceptor': 1, 'UNL:LYS:VdWContact': 1, 'UNL:PHE:Hydrophobic': 1, 'UNL:PHE:VdWContact': 1, 'UNL:THR:VdWContact': 1, 'UNL:TYR:VdWContact': 1}","{'UNL:ARG:HBAcceptor': 1, 'UNL:ARG:VdWContact': 1, 'UNL:ASN:VdWContact': 1, 'UNL:GLU:HBDonor': 1, 'UNL:GLU:VdWContact': 1, 'UNL:ILE:Hydrophobic': 1, 'UNL:ILE:VdWContact': 1, 'UNL:LYS:Hydrophobic': 1, 'UNL:LYS:VdWContact': 1, 'UNL:THR:Hydrophobic': 1, 'UNL:THR:VdWContact': 1, 'UNL:TYR:Hydrophobic': 1, 'UNL:TYR:VdWContact': 2}"
41,DiffDock-L,7R59_I5F,0.5,0.1111111111111111,"{'UNL:GLU:HBDonor': 1, 'UNL:GLU:Hydrophobic': 1, 'UNL:GLU:VdWContact': 1, 'UNL:GLY:HBAcceptor': 1, 'UNL:GLY:VdWContact': 1, 'UNL:HIS:VdWContact': 1, 'UNL:SER:VdWContact': 1, 'UNL:TYR:Hydrophobic': 2, 'UNL:TYR:VdWContact': 1}","{'UNL:ALA:Hydrophobic': 1, 'UNL:GLU:Hydrophobic': 1, 'UNL:GLU:VdWContact': 1, 'UNL:GLY:HBAcceptor': 1, 'UNL:GLY:VdWContact': 1, 'UNL:LYS:Hydrophobic': 1, 'UNL:SER:VdWContact': 1, 'UNL:TYR:Hydrophobic': 2, 'UNL:TYR:VdWContact': 1}"
42,DiffDock-L,7QFM_AY3,0.25,0.33333333333333326,"{'UNL:ARG:Hydrophobic': 1, 'UNL:ARG:VdWContact': 1, 'UNL:ASP:Hydrophobic': 1, 'UNL:ASP:VdWContact': 1, 'UNL:GLU:HBDonor': 2, 'UNL:GLU:VdWContact': 2, 'UNL:ILE:Hydrophobic': 1, 'UNL:LEU:Hydrophobic': 1, 'UNL:LEU:VdWContact': 1, 'UNL:LYS:HBAcceptor': 1, 'UNL:LYS:Hydrophobic': 1, 'UNL:LYS:VdWContact': 1, 'UNL:PRO:VdWContact': 1, 'UNL:VAL:Hydrophobic': 2, 'UNL:VAL:VdWContact': 1}","{'UNL:ALA:Hydrophobic': 1, 'UNL:ARG:VdWContact': 1, 'UNL:ASP:HBAcceptor': 1, 'UNL:ASP:Hydrophobic': 1, 'UNL:ASP:VdWContact': 2, 'UNL:ILE:Hydrophobic': 2, 'UNL:ILE:VdWContact': 1, 'UNL:LEU:Hydrophobic': 3, 'UNL:LEU:VdWContact': 1, 'UNL:LYS:HBDonor': 1, 'UNL:LYS:VdWContact': 1, 'UNL:VAL:Hydrophobic': 1}"
43,DiffDock-L,7QTA_URI,1.0,0.3999999999999999,"{'UNL:ASN:VdWContact': 1, 'UNL:ASP:Hydrophobic': 1, 'UNL:ASP:VdWContact': 3, 'UNL:HIS:HBAcceptor': 2, 'UNL:HIS:HBDonor': 2, 'UNL:HIS:VdWContact': 3, 'UNL:LYS:HBAcceptor': 1, 'UNL:LYS:VdWContact': 1, 'UNL:TRP:VdWContact': 1, 'UNL:TYR:VdWContact': 1}","{'UNL:ALA:Hydrophobic': 1, 'UNL:ASN:HBAcceptor': 1, 'UNL:ASN:VdWContact': 1, 'UNL:ASP:VdWContact': 1, 'UNL:HIS:VdWContact': 1, 'UNL:LYS:VdWContact': 1, 'UNL:PHE:Hydrophobic': 1, 'UNL:PHE:VdWContact': 1}"
44,DiffDock-L,7XBV_APC,0.0,0.3846153846153845,"{'UNL:ARG:HBAcceptor': 1, 'UNL:ARG:HBDonor': 1, 'UNL:ARG:VdWContact': 1, 'UNL:ASP:HBDonor': 1, 'UNL:ASP:VdWContact': 1, 'UNL:GLU:VdWContact': 1, 'UNL:GLY:HBAcceptor': 1, 'UNL:GLY:VdWContact': 2, 'UNL:PHE:VdWContact': 1, 'UNL:PRO:VdWContact': 1, 'UNL:THR:HBAcceptor': 1, 'UNL:THR:VdWContact': 3, 'UNL:TYR:VdWContact': 1}","{'UNL:ASP:HBDonor': 1, 'UNL:ASP:VdWContact': 1, 'UNL:GLY:HBAcceptor': 1, 'UNL:GLY:VdWContact': 2, 'UNL:ILE:HBDonor': 1, 'UNL:ILE:Hydrophobic': 1, 'UNL:ILE:VdWContact': 1, 'UNL:PHE:Hydrophobic': 2, 'UNL:PHE:VdWContact': 1, 'UNL:PRO:VdWContact': 1, 'UNL:SER:HBAcceptor': 1, 'UNL:SER:VdWContact': 1, 'UNL:THR:HBAcceptor': 1, 'UNL:THR:VdWContact': 2, 'UNL:TYR:Hydrophobic': 1, 'UNL:TYR:VdWContact': 1}"
45,DiffDock-L,7V14_ORU,0.0,0.06666666666666665,"{'UNL:CYS:VdWContact': 1, 'UNL:GLY:HBAcceptor': 1, 'UNL:GLY:VdWContact': 3, 'UNL:HIS:VdWContact': 1, 'UNL:ILE:Hydrophobic': 1, 'UNL:ILE:VdWContact': 1, 'UNL:LYS:Hydrophobic': 1, 'UNL:LYS:VdWContact': 1, 'UNL:SER:HBAcceptor': 1, 'UNL:SER:VdWContact': 2, 'UNL:THR:VdWContact': 1, 'UNL:TRP:VdWContact': 1, 'UNL:TYR:VdWContact': 1, 'UNL:VAL:VdWContact': 1}","{'UNL:ALA:Hydrophobic': 1, 'UNL:CYS:VdWContact': 2, 'UNL:GLY:HBAcceptor': 1, 'UNL:GLY:VdWContact': 3, 'UNL:ILE:Hydrophobic': 1, 'UNL:LYS:Hydrophobic': 1, 'UNL:LYS:VdWContact': 1, 'UNL:SER:HBAcceptor': 1, 'UNL:SER:VdWContact': 1, 'UNL:THR:Hydrophobic': 1, 'UNL:THR:VdWContact': 1, 'UNL:TYR:Hydrophobic': 1, 'UNL:TYR:VdWContact': 1}"
46,DiffDock-L,7Q27_8KC,0.75,0.5333333333333334,"{'UNL:ALA:VdWContact': 1, 'UNL:GLN:HBAcceptor': 1, 'UNL:GLN:VdWContact': 1, 'UNL:GLU:VdWContact': 2, 'UNL:HIS:HBDonor': 3, 'UNL:HIS:VdWContact': 3, 'UNL:LYS:VdWContact': 1, 'UNL:PHE:VdWContact': 1, 'UNL:SER:VdWContact': 1, 'UNL:TYR:Hydrophobic': 1, 'UNL:TYR:VdWContact': 2, 'UNL:VAL:VdWContact': 1}","{'UNL:ALA:Hydrophobic': 1, 'UNL:ALA:VdWContact': 1, 'UNL:ASP:VdWContact': 1, 'UNL:GLN:HBAcceptor': 1, 'UNL:GLN:VdWContact': 1, 'UNL:GLU:VdWContact': 1, 'UNL:HIS:HBAcceptor': 1, 'UNL:HIS:HBDonor': 2, 'UNL:HIS:Hydrophobic': 1, 'UNL:HIS:VdWContact': 4, 'UNL:LYS:HBDonor': 1, 'UNL:LYS:VdWContact': 1, 'UNL:PHE:Hydrophobic': 3, 'UNL:PHE:VdWContact': 1, 'UNL:TYR:Hydrophobic': 1, 'UNL:TYR:VdWContact': 2, 'UNL:VAL:Hydrophobic': 3, 'UNL:VAL:VdWContact': 1}"
47,DiffDock-L,7THI_PGA,0.7142857142857144,0.6666666666666666,"{'UNL:ARG:VdWContact': 2, 'UNL:ASN:VdWContact': 1, 'UNL:TYR:HBAcceptor': 1, 'UNL:TYR:HBDonor': 1, 'UNL:TYR:VdWContact': 1}","{'UNL:ARG:HBAcceptor': 3, 'UNL:ARG:VdWContact': 3, 'UNL:ASN:HBAcceptor': 1, 'UNL:ASN:VdWContact': 1, 'UNL:CYS:HBAcceptor': 1, 'UNL:CYS:HBDonor': 1, 'UNL:CYS:VdWContact': 1, 'UNL:GLU:VdWContact': 1, 'UNL:SER:HBAcceptor': 1, 'UNL:SER:VdWContact': 1, 'UNL:TYR:VdWContact': 1}"
48,DiffDock-L,7XPO_UPG,0.0,0.36363636363636365,"{'UNL:ARG:HBAcceptor': 2, 'UNL:ARG:VdWContact': 2, 'UNL:ASN:HBAcceptor': 1, 'UNL:ASN:VdWContact': 1, 'UNL:ASP:HBDonor': 1, 'UNL:ASP:VdWContact': 1, 'UNL:GLY:VdWContact': 1, 'UNL:LEU:HBAcceptor': 1, 'UNL:LEU:VdWContact': 1, 'UNL:THR:HBDonor': 2, 'UNL:THR:VdWContact': 2, 'UNL:TYR:HBAcceptor': 1, 'UNL:TYR:VdWContact': 1, 'UNL:VAL:VdWContact': 3}","{'UNL:ARG:HBAcceptor': 2, 'UNL:ARG:VdWContact': 2, 'UNL:ASN:HBAcceptor': 2, 'UNL:ASN:VdWContact': 2, 'UNL:ASP:HBDonor': 1, 'UNL:ASP:VdWContact': 1, 'UNL:LEU:HBAcceptor': 1, 'UNL:LEU:Hydrophobic': 2, 'UNL:LEU:VdWContact': 1, 'UNL:PHE:VdWContact': 1, 'UNL:SER:HBDonor': 1, 'UNL:SER:VdWContact': 1, 'UNL:THR:HBDonor': 1, 'UNL:THR:VdWContact': 2, 'UNL:TYR:VdWContact': 1, 'UNL:VAL:VdWContact': 1}"
49,DiffDock-L,7TE8_P0T,0.3333333333333333,0.23809523809523808,"{'UNL:ALA:VdWContact': 3, 'UNL:ASN:Hydrophobic': 2, 'UNL:ASN:VdWContact': 2, 'UNL:ASP:Hydrophobic': 1, 'UNL:ASP:VdWContact': 1, 'UNL:GLU:VdWContact': 1, 'UNL:GLY:HBAcceptor': 1, 'UNL:GLY:VdWContact': 3, 'UNL:HIS:HBAcceptor': 1, 'UNL:HIS:Hydrophobic': 1, 'UNL:HIS:VdWContact': 1, 'UNL:LYS:Hydrophobic': 1, 'UNL:LYS:VdWContact': 1, 'UNL:MET:Hydrophobic': 1, 'UNL:MET:VdWContact': 2, 'UNL:PHE:Hydrophobic': 1, 'UNL:PHE:VdWContact': 2}","{'UNL:ALA:Hydrophobic': 3, 'UNL:ALA:VdWContact': 1, 'UNL:ASP:HBDonor': 1, 'UNL:ASP:Hydrophobic': 1, 'UNL:ASP:VdWContact': 1, 'UNL:GLN:Hydrophobic': 1, 'UNL:GLU:Hydrophobic': 1, 'UNL:HIS:Hydrophobic': 1, 'UNL:HIS:VdWContact': 1, 'UNL:LYS:Hydrophobic': 1, 'UNL:LYS:VdWContact': 1, 'UNL:MET:Hydrophobic': 1, 'UNL:PHE:Hydrophobic': 4, 'UNL:PHE:VdWContact': 1, 'UNL:TRP:VdWContact': 1, 'UNL:TYR:Hydrophobic': 2, 'UNL:TYR:VdWContact': 1}"
50,DiffDock-L,7QF4_RBF,0.5,0.4375,"{'UNL:ASN:HBAcceptor': 1, 'UNL:ASN:HBDonor': 1, 'UNL:ASN:VdWContact': 3, 'UNL:GLN:HBAcceptor': 2, 'UNL:GLN:VdWContact': 2, 'UNL:GLY:VdWContact': 1, 'UNL:ILE:VdWContact': 3, 'UNL:LEU:Hydrophobic': 1, 'UNL:LEU:VdWContact': 2, 'UNL:PHE:VdWContact': 1, 'UNL:THR:VdWContact': 1, 'UNL:VAL:VdWContact': 2}","{'UNL:ARG:HBAcceptor': 1, 'UNL:ARG:VdWContact': 1, 'UNL:ASN:HBAcceptor': 2, 'UNL:ASN:HBDonor': 1, 'UNL:ASN:Hydrophobic': 1, 'UNL:ASN:VdWContact': 3, 'UNL:GLN:HBAcceptor': 2, 'UNL:GLN:Hydrophobic': 1, 'UNL:GLN:VdWContact': 2, 'UNL:GLY:VdWContact': 1, 'UNL:ILE:Hydrophobic': 1, 'UNL:ILE:VdWContact': 2, 'UNL:LEU:Hydrophobic': 4, 'UNL:PHE:Hydrophobic': 1, 'UNL:PHE:VdWContact': 1, 'UNL:THR:Hydrophobic': 1, 'UNL:THR:VdWContact': 1, 'UNL:VAL:Hydrophobic': 1, 'UNL:VAL:VdWContact': 2}"
51,DiffDock-L,8EAB_VN2,0.6666666666666667,0.75,"{'UNL:ASP:Hydrophobic': 1, 'UNL:ASP:VdWContact': 1, 'UNL:GLN:VdWContact': 1, 'UNL:HIS:VdWContact': 1, 'UNL:ILE:Hydrophobic': 1, 'UNL:ILE:VdWContact': 1, 'UNL:LEU:Hydrophobic': 2, 'UNL:LEU:VdWContact': 4, 'UNL:LYS:Hydrophobic': 1, 'UNL:LYS:VdWContact': 1, 'UNL:PHE:HBDonor': 1, 'UNL:PHE:Hydrophobic': 1, 'UNL:PHE:VdWContact': 1, 'UNL:TYR:Hydrophobic': 2, 'UNL:TYR:VdWContact': 2, 'UNL:VAL:Hydrophobic': 1, 'UNL:VAL:VdWContact': 1}","{'UNL:ILE:Hydrophobic': 4, 'UNL:ILE:VdWContact': 2, 'UNL:LEU:HBDonor': 1, 'UNL:LEU:Hydrophobic': 2, 'UNL:LEU:VdWContact': 2, 'UNL:LYS:HBAcceptor': 2, 'UNL:LYS:Hydrophobic': 2, 'UNL:LYS:VdWContact': 2, 'UNL:PHE:Hydrophobic': 2, 'UNL:PHE:VdWContact': 2, 'UNL:VAL:Hydrophobic': 2, 'UNL:VAL:VdWContact': 2}"
52,DiffDock-L,7TH4_FFO,0.1428571428571429,0.2666666666666668,"{'UNL:ALA:HBAcceptor': 1, 'UNL:ALA:HBDonor': 1, 'UNL:ALA:VdWContact': 2, 'UNL:ARG:HBAcceptor': 1, 'UNL:ARG:VdWContact': 2, 'UNL:ASP:VdWContact': 1, 'UNL:GLY:VdWContact': 1, 'UNL:HIS:VdWContact': 2, 'UNL:LEU:VdWContact': 1, 'UNL:LYS:VdWContact': 1, 'UNL:THR:VdWContact': 1, 'UNL:TYR:HBDonor': 1, 'UNL:TYR:Hydrophobic': 1, 'UNL:TYR:VdWContact': 3}","{'UNL:ARG:HBAcceptor': 1, 'UNL:ARG:VdWContact': 2, 'UNL:ASP:HBDonor': 1, 'UNL:ASP:VdWContact': 1, 'UNL:GLN:HBAcceptor': 2, 'UNL:GLN:HBDonor': 1, 'UNL:GLN:VdWContact': 2, 'UNL:LEU:Hydrophobic': 1, 'UNL:MET:Hydrophobic': 1, 'UNL:PHE:Hydrophobic': 2, 'UNL:TYR:VdWContact': 1, 'UNL:VAL:Hydrophobic': 1}"
53,DiffDock-L,7YZU_DO7,0.14285714285714285,0.5000000000000001,"{'UNL:ARG:HBAcceptor': 1, 'UNL:ARG:VdWContact': 1, 'UNL:ASP:HBDonor': 1, 'UNL:ASP:VdWContact': 2, 'UNL:GLY:HBAcceptor': 1, 'UNL:GLY:HBDonor': 1, 'UNL:GLY:VdWContact': 1, 'UNL:HIS:HBAcceptor': 1, 'UNL:HIS:VdWContact': 1, 'UNL:THR:VdWContact': 1, 'UNL:TRP:HBAcceptor': 1, 'UNL:TRP:Hydrophobic': 1, 'UNL:TRP:VdWContact': 2}","{'UNL:ARG:HBAcceptor': 1, 'UNL:ARG:VdWContact': 1, 'UNL:ASP:HBDonor': 1, 'UNL:ASP:VdWContact': 2, 'UNL:GLN:VdWContact': 1, 'UNL:GLU:Hydrophobic': 1, 'UNL:GLU:VdWContact': 1, 'UNL:GLY:HBAcceptor': 1, 'UNL:GLY:VdWContact': 3, 'UNL:HIS:VdWContact': 1, 'UNL:ILE:VdWContact': 1, 'UNL:SER:HBAcceptor': 1, 'UNL:SER:VdWContact': 1, 'UNL:THR:VdWContact': 1, 'UNL:TRP:HBAcceptor': 1, 'UNL:TRP:VdWContact': 2}"
54,DiffDock-L,7TOM_5AD,0.39999999999999997,0.42105263157894735,"{'UNL:ASN:HBDonor': 1, 'UNL:ASN:VdWContact': 1, 'UNL:GLN:HBAcceptor': 2, 'UNL:GLN:VdWContact': 2, 'UNL:ILE:VdWContact': 1, 'UNL:LEU:VdWContact': 1, 'UNL:MET:VdWContact': 1, 'UNL:PHE:VdWContact': 1, 'UNL:TYR:VdWContact': 1}","{'UNL:ALA:Hydrophobic': 1, 'UNL:ARG:VdWContact': 1, 'UNL:GLN:HBAcceptor': 2, 'UNL:GLN:Hydrophobic': 1, 'UNL:GLN:VdWContact': 2, 'UNL:ILE:Hydrophobic': 1, 'UNL:MET:Hydrophobic': 1, 'UNL:MET:VdWContact': 1, 'UNL:PHE:HBAcceptor': 1, 'UNL:PHE:Hydrophobic': 1, 'UNL:PHE:VdWContact': 1, 'UNL:SER:HBAcceptor': 1, 'UNL:SER:HBDonor': 1, 'UNL:SER:VdWContact': 1, 'UNL:THR:Hydrophobic': 1, 'UNL:THR:VdWContact': 1, 'UNL:TYR:Hydrophobic': 1, 'UNL:VAL:Hydrophobic': 1, 'UNL:VAL:VdWContact': 1}"
55,DiffDock-L,7VWF_K55,0.3333333333333333,0.5000000000000001,"{'UNL:ARG:Hydrophobic': 1, 'UNL:ARG:VdWContact': 1, 'UNL:CYS:Hydrophobic': 1, 'UNL:CYS:VdWContact': 1, 'UNL:HIS:VdWContact': 2, 'UNL:ILE:Hydrophobic': 2, 'UNL:ILE:VdWContact': 1, 'UNL:LEU:Hydrophobic': 1, 'UNL:LEU:VdWContact': 2, 'UNL:MET:VdWContact': 1, 'UNL:THR:HBAcceptor': 1, 'UNL:THR:VdWContact': 3, 'UNL:VAL:Hydrophobic': 2, 'UNL:VAL:VdWContact': 2}","{'UNL:ARG:Hydrophobic': 1, 'UNL:CYS:Hydrophobic': 1, 'UNL:CYS:VdWContact': 1, 'UNL:GLN:Hydrophobic': 1, 'UNL:HIS:HBAcceptor': 1, 'UNL:HIS:VdWContact': 2, 'UNL:ILE:Hydrophobic': 2, 'UNL:ILE:VdWContact': 1, 'UNL:LEU:Hydrophobic': 4, 'UNL:LYS:Hydrophobic': 1, 'UNL:MET:Hydrophobic': 1, 'UNL:MET:VdWContact': 1, 'UNL:PHE:Hydrophobic': 3, 'UNL:PHE:VdWContact': 1, 'UNL:THR:HBDonor': 1, 'UNL:THR:Hydrophobic': 1, 'UNL:THR:VdWContact': 2, 'UNL:TRP:Hydrophobic': 1, 'UNL:TRP:VdWContact': 1, 'UNL:TYR:VdWContact': 1, 'UNL:VAL:Hydrophobic': 4, 'UNL:VAL:VdWContact': 1}"
56,DiffDock-L,7XI7_4RI,0.0,0.30000000000000004,"{'UNL:GLU:HBDonor': 1, 'UNL:GLU:VdWContact': 1, 'UNL:ILE:HBDonor': 1, 'UNL:ILE:Hydrophobic': 1, 'UNL:ILE:VdWContact': 1, 'UNL:PHE:Hydrophobic': 2, 'UNL:PHE:VdWContact': 2, 'UNL:VAL:Hydrophobic': 1}","{'UNL:ALA:Hydrophobic': 1, 'UNL:GLU:HBDonor': 1, 'UNL:GLU:VdWContact': 1, 'UNL:ILE:HBDonor': 1, 'UNL:ILE:Hydrophobic': 2, 'UNL:ILE:VdWContact': 1, 'UNL:LEU:Hydrophobic': 1, 'UNL:PHE:Hydrophobic': 2, 'UNL:PHE:VdWContact': 1, 'UNL:THR:Hydrophobic': 1, 'UNL:VAL:VdWContact': 1}"
57,DiffDock-L,7WPW_F15,0.3333333333333333,0.4375,"{'UNL:ALA:VdWContact': 2, 'UNL:ARG:VdWContact': 1, 'UNL:ASP:Hydrophobic': 1, 'UNL:ASP:VdWContact': 1, 'UNL:LYS:Hydrophobic': 1, 'UNL:MET:Hydrophobic': 1, 'UNL:MET:VdWContact': 1, 'UNL:PHE:VdWContact': 1, 'UNL:TYR:HBDonor': 1, 'UNL:TYR:VdWContact': 1}","{'UNL:ALA:Hydrophobic': 2, 'UNL:ARG:HBAcceptor': 1, 'UNL:ARG:HBDonor': 1, 'UNL:ARG:VdWContact': 1, 'UNL:ASP:Hydrophobic': 1, 'UNL:LEU:Hydrophobic': 3, 'UNL:LYS:Hydrophobic': 1, 'UNL:MET:Hydrophobic': 1, 'UNL:PHE:Hydrophobic': 2, 'UNL:PRO:Hydrophobic': 1, 'UNL:THR:Hydrophobic': 2, 'UNL:TYR:Hydrophobic': 1, 'UNL:TYR:VdWContact': 1, 'UNL:VAL:Hydrophobic': 1}"
58,DiffDock-L,7T3E_SLB,0.8333333333333333,1.1111111111111112,"{'UNL:ARG:HBAcceptor': 1, 'UNL:ARG:HBDonor': 1, 'UNL:ARG:VdWContact': 1, 'UNL:GLU:VdWContact': 1, 'UNL:PRO:VdWContact': 1}","{'UNL:ARG:HBAcceptor': 2, 'UNL:ARG:HBDonor': 1, 'UNL:ARG:VdWContact': 3, 'UNL:ASN:HBAcceptor': 1, 'UNL:ASN:VdWContact': 1, 'UNL:ASP:HBDonor': 1, 'UNL:ASP:Hydrophobic': 1, 'UNL:ASP:VdWContact': 1, 'UNL:GLN:HBAcceptor': 1, 'UNL:GLN:VdWContact': 2, 'UNL:GLU:HBDonor': 1, 'UNL:GLU:VdWContact': 1, 'UNL:PHE:Hydrophobic': 2, 'UNL:PHE:VdWContact': 2}"
59,DiffDock-L,8CNH_V6U,0.3333333333333333,0.2857142857142857,"{'UNL:ALA:VdWContact': 2, 'UNL:ARG:HBAcceptor': 1, 'UNL:ARG:HBDonor': 1, 'UNL:ARG:VdWContact': 1, 'UNL:ASP:VdWContact': 1, 'UNL:LEU:Hydrophobic': 1, 'UNL:LEU:VdWContact': 2, 'UNL:LYS:Hydrophobic': 1, 'UNL:LYS:VdWContact': 1, 'UNL:MET:VdWContact': 1, 'UNL:PHE:Hydrophobic': 2, 'UNL:PHE:VdWContact': 5, 'UNL:VAL:VdWContact': 2}","{'UNL:ARG:Hydrophobic': 1, 'UNL:ARG:VdWContact': 1, 'UNL:LEU:Hydrophobic': 2, 'UNL:LYS:Hydrophobic': 1, 'UNL:LYS:VdWContact': 1, 'UNL:MET:HBAcceptor': 1, 'UNL:MET:HBDonor': 1, 'UNL:MET:Hydrophobic': 1, 'UNL:MET:VdWContact': 1, 'UNL:PHE:Hydrophobic': 3, 'UNL:PHE:VdWContact': 3, 'UNL:VAL:HBAcceptor': 1, 'UNL:VAL:HBDonor': 1, 'UNL:VAL:Hydrophobic': 3, 'UNL:VAL:VdWContact': 2}"
60,DiffDock-L,7Z1Q_NIO,0.3333333333333333,0.18181818181818182,"{'UNL:ILE:VdWContact': 1, 'UNL:LEU:VdWContact': 1, 'UNL:LYS:HBAcceptor': 1, 'UNL:LYS:VdWContact': 1, 'UNL:PHE:VdWContact': 1, 'UNL:TYR:HBDonor': 1, 'UNL:TYR:VdWContact': 1, 'UNL:VAL:VdWContact': 1}","{'UNL:ALA:Hydrophobic': 1, 'UNL:LEU:Hydrophobic': 1, 'UNL:LYS:HBDonor': 1, 'UNL:LYS:VdWContact': 1, 'UNL:PHE:Hydrophobic': 1, 'UNL:TYR:Hydrophobic': 1, 'UNL:TYR:VdWContact': 1, 'UNL:VAL:Hydrophobic': 2}"
61,DiffDock-L,7VQ9_ISY,0.5,0.3846153846153846,"{'UNL:ARG:HBAcceptor': 3, 'UNL:ARG:HBDonor': 1, 'UNL:ARG:VdWContact': 3, 'UNL:ASN:VdWContact': 1, 'UNL:ASP:Hydrophobic': 1, 'UNL:ASP:VdWContact': 1, 'UNL:GLY:HBAcceptor': 1, 'UNL:GLY:VdWContact': 1, 'UNL:PRO:VdWContact': 1, 'UNL:TYR:VdWContact': 1}","{'UNL:ARG:HBAcceptor': 1, 'UNL:ARG:HBDonor': 1, 'UNL:ARG:VdWContact': 2, 'UNL:ASN:VdWContact': 1, 'UNL:ASP:Hydrophobic': 1, 'UNL:GLY:VdWContact': 1, 'UNL:ILE:Hydrophobic': 1, 'UNL:PHE:Hydrophobic': 1, 'UNL:PHE:VdWContact': 1, 'UNL:PRO:Hydrophobic': 1, 'UNL:PRO:VdWContact': 1, 'UNL:SER:HBAcceptor': 1, 'UNL:SER:VdWContact': 1, 'UNL:THR:Hydrophobic': 1}"
62,DiffDock-L,7TYP_KUR,0.0,0.409090909090909,"{'UNL:CYS:VdWContact': 2, 'UNL:GLN:HBAcceptor': 1, 'UNL:GLN:VdWContact': 1, 'UNL:GLU:VdWContact': 1, 'UNL:ILE:Hydrophobic': 1, 'UNL:ILE:VdWContact': 2, 'UNL:LEU:VdWContact': 3, 'UNL:LYS:VdWContact': 1, 'UNL:PHE:Hydrophobic': 1, 'UNL:PHE:VdWContact': 2, 'UNL:SER:VdWContact': 2, 'UNL:THR:VdWContact': 1, 'UNL:TYR:Hydrophobic': 1, 'UNL:TYR:VdWContact': 1, 'UNL:VAL:Hydrophobic': 1, 'UNL:VAL:VdWContact': 3}","{'UNL:ALA:Hydrophobic': 2, 'UNL:CYS:HBAcceptor': 1, 'UNL:CYS:Hydrophobic': 2, 'UNL:CYS:VdWContact': 1, 'UNL:GLU:Hydrophobic': 1, 'UNL:GLU:VdWContact': 1, 'UNL:ILE:Hydrophobic': 1, 'UNL:ILE:VdWContact': 1, 'UNL:LEU:Hydrophobic': 6, 'UNL:LYS:Hydrophobic': 1, 'UNL:LYS:VdWContact': 1, 'UNL:MET:Hydrophobic': 1, 'UNL:MET:VdWContact': 1, 'UNL:PHE:Hydrophobic': 4, 'UNL:PHE:VdWContact': 1, 'UNL:SER:VdWContact': 1, 'UNL:TYR:Hydrophobic': 1, 'UNL:TYR:VdWContact': 1, 'UNL:VAL:Hydrophobic': 2, 'UNL:VAL:VdWContact': 1}"
63,DiffDock-L,8HFN_XGC,0.7999999999999999,0.44444444444444453,"{'UNL:ASN:HBDonor': 1, 'UNL:ASN:VdWContact': 1, 'UNL:CYS:Hydrophobic': 1, 'UNL:CYS:VdWContact': 2, 'UNL:GLY:VdWContact': 4, 'UNL:ILE:VdWContact': 2, 'UNL:LEU:Hydrophobic': 1, 'UNL:LEU:VdWContact': 1, 'UNL:MET:Hydrophobic': 1, 'UNL:MET:VdWContact': 1, 'UNL:THR:HBAcceptor': 2, 'UNL:THR:VdWContact': 3, 'UNL:TRP:VdWContact': 1}","{'UNL:ASN:HBDonor': 1, 'UNL:ASN:VdWContact': 1, 'UNL:CYS:Hydrophobic': 1, 'UNL:CYS:VdWContact': 2, 'UNL:GLY:VdWContact': 2, 'UNL:HIS:HBAcceptor': 1, 'UNL:HIS:VdWContact': 1, 'UNL:ILE:VdWContact': 1, 'UNL:LEU:Hydrophobic': 1, 'UNL:LYS:Hydrophobic': 1, 'UNL:LYS:VdWContact': 1, 'UNL:MET:HBAcceptor': 1, 'UNL:MET:VdWContact': 1, 'UNL:THR:HBAcceptor': 1, 'UNL:THR:HBDonor': 1, 'UNL:THR:Hydrophobic': 1, 'UNL:THR:VdWContact': 3, 'UNL:TRP:Hydrophobic': 1, 'UNL:TRP:VdWContact': 1, 'UNL:TYR:Hydrophobic': 1, 'UNL:TYR:VdWContact': 1}"
64,DiffDock-L,7W06_ITN,0.8333333333333334,0.09999999999999998,"{'UNL:ARG:Hydrophobic': 1, 'UNL:ARG:VdWContact': 1, 'UNL:GLY:VdWContact': 1, 'UNL:LEU:HBAcceptor': 1, 'UNL:LEU:Hydrophobic': 1, 'UNL:LEU:VdWContact': 1, 'UNL:SER:VdWContact': 1, 'UNL:THR:HBDonor': 1, 'UNL:THR:VdWContact': 2}","{'UNL:ARG:HBAcceptor': 1, 'UNL:ARG:VdWContact': 1, 'UNL:ASN:HBAcceptor': 1, 'UNL:ASN:VdWContact': 1, 'UNL:ILE:Hydrophobic': 2, 'UNL:LEU:Hydrophobic': 1, 'UNL:PHE:Hydrophobic': 1, 'UNL:SER:HBAcceptor': 1, 'UNL:SER:VdWContact': 1, 'UNL:THR:HBAcceptor': 2, 'UNL:THR:HBDonor': 2, 'UNL:THR:VdWContact': 2}"
65,DiffDock-L,7UAS_MBU,0.0,0.3125,"{'UNL:ALA:VdWContact': 2, 'UNL:ASP:VdWContact': 1, 'UNL:CYS:Hydrophobic': 1, 'UNL:CYS:VdWContact': 1, 'UNL:GLY:VdWContact': 1, 'UNL:ILE:Hydrophobic': 1, 'UNL:LYS:VdWContact': 2, 'UNL:PHE:VdWContact': 2, 'UNL:SER:VdWContact': 4, 'UNL:TYR:HBAcceptor': 1, 'UNL:TYR:VdWContact': 3}","{'UNL:ASP:Hydrophobic': 2, 'UNL:CYS:HBAcceptor': 1, 'UNL:CYS:Hydrophobic': 1, 'UNL:CYS:VdWContact': 1, 'UNL:GLY:VdWContact': 1, 'UNL:ILE:Hydrophobic': 1, 'UNL:ILE:VdWContact': 1, 'UNL:LYS:Hydrophobic': 1, 'UNL:PHE:Hydrophobic': 4, 'UNL:PHE:VdWContact': 2, 'UNL:PRO:Hydrophobic': 1, 'UNL:SER:VdWContact': 2, 'UNL:TYR:Hydrophobic': 2, 'UNL:TYR:VdWContact': 2}"
66,DiffDock-L,7UQ3_O2U,0.2,0.08333333333333333,"{'UNL:ASN:VdWContact': 1, 'UNL:ASP:VdWContact': 1, 'UNL:HIS:HBAcceptor': 1, 'UNL:HIS:HBDonor': 1, 'UNL:HIS:VdWContact': 2, 'UNL:LEU:VdWContact': 1, 'UNL:LYS:HBAcceptor': 1, 'UNL:LYS:VdWContact': 1, 'UNL:TRP:HBAcceptor': 1, 'UNL:TRP:Hydrophobic': 1, 'UNL:TRP:VdWContact': 2, 'UNL:TYR:VdWContact': 1, 'UNL:VAL:Hydrophobic': 1, 'UNL:VAL:VdWContact': 1}","{'UNL:ASN:HBAcceptor': 1, 'UNL:ASN:VdWContact': 1, 'UNL:ASP:VdWContact': 1, 'UNL:HIS:HBAcceptor': 1, 'UNL:HIS:HBDonor': 1, 'UNL:HIS:VdWContact': 2, 'UNL:LEU:Hydrophobic': 1, 'UNL:LEU:VdWContact': 1, 'UNL:LYS:VdWContact': 1, 'UNL:SER:VdWContact': 2, 'UNL:TRP:Hydrophobic': 1, 'UNL:TRP:VdWContact': 1, 'UNL:TYR:VdWContact': 1, 'UNL:VAL:Hydrophobic': 1}"
67,DiffDock-L,7USH_82V,0.0,0.7499999999999999,"{'UNL:ASN:HBAcceptor': 1, 'UNL:ASN:VdWContact': 1, 'UNL:PRO:VdWContact': 1, 'UNL:TRP:VdWContact': 1, 'UNL:VAL:VdWContact': 1}","{'UNL:ASN:HBAcceptor': 1, 'UNL:ASN:VdWContact': 1, 'UNL:HIS:VdWContact': 1, 'UNL:LEU:Hydrophobic': 2, 'UNL:LEU:VdWContact': 1, 'UNL:PHE:Hydrophobic': 1, 'UNL:PRO:Hydrophobic': 1, 'UNL:PRO:VdWContact': 1, 'UNL:TRP:Hydrophobic': 1, 'UNL:TRP:VdWContact': 1, 'UNL:TYR:Hydrophobic': 1, 'UNL:VAL:Hydrophobic': 2}"
68,DiffDock-L,7XG5_PLP,0.3333333333333333,0.3333333333333334,"{'UNL:ALA:VdWContact': 1, 'UNL:ARG:HBAcceptor': 1, 'UNL:ARG:HBDonor': 1, 'UNL:ARG:VdWContact': 2, 'UNL:GLY:VdWContact': 1, 'UNL:LYS:HBAcceptor': 1, 'UNL:LYS:VdWContact': 1, 'UNL:SER:VdWContact': 1, 'UNL:THR:VdWContact': 2, 'UNL:TRP:VdWContact': 1}","{'UNL:ARG:HBAcceptor': 1, 'UNL:ARG:VdWContact': 1, 'UNL:ASN:VdWContact': 1, 'UNL:GLU:VdWContact': 1, 'UNL:GLY:VdWContact': 2, 'UNL:LEU:Hydrophobic': 2, 'UNL:LEU:VdWContact': 1, 'UNL:LYS:VdWContact': 1, 'UNL:THR:HBAcceptor': 2, 'UNL:THR:VdWContact': 3, 'UNL:VAL:HBAcceptor': 1, 'UNL:VAL:HBDonor': 1, 'UNL:VAL:VdWContact': 1}"
69,DiffDock-L,8G6P_API,0.5555555555555556,0.39999999999999997,"{'UNL:HIS:HBDonor': 1, 'UNL:HIS:VdWContact': 1, 'UNL:LYS:HBAcceptor': 1, 'UNL:LYS:VdWContact': 1, 'UNL:SER:HBAcceptor': 1, 'UNL:SER:VdWContact': 1, 'UNL:THR:VdWContact': 2}","{'UNL:ARG:HBAcceptor': 2, 'UNL:ARG:HBDonor': 2, 'UNL:ARG:VdWContact': 2, 'UNL:ASN:HBAcceptor': 1, 'UNL:ASN:VdWContact': 1, 'UNL:ASP:HBDonor': 1, 'UNL:ASP:VdWContact': 1, 'UNL:GLU:HBDonor': 1, 'UNL:GLU:VdWContact': 1, 'UNL:GLY:HBDonor': 1, 'UNL:GLY:VdWContact': 2, 'UNL:HIS:Hydrophobic': 1, 'UNL:HIS:VdWContact': 1}"
70,DiffDock-L,7ULC_56B,0.8333333333333334,0.5714285714285715,"{'UNL:ASN:VdWContact': 3, 'UNL:ASP:HBDonor': 1, 'UNL:ASP:VdWContact': 2, 'UNL:GLN:VdWContact': 1, 'UNL:HIS:VdWContact': 1, 'UNL:ILE:VdWContact': 1, 'UNL:LYS:VdWContact': 1, 'UNL:PHE:VdWContact': 1, 'UNL:TRP:VdWContact': 4, 'UNL:TYR:Hydrophobic': 1, 'UNL:TYR:VdWContact': 2}","{'UNL:ASN:HBAcceptor': 1, 'UNL:ASN:HBDonor': 1, 'UNL:ASN:VdWContact': 2, 'UNL:ASP:HBDonor': 1, 'UNL:ASP:VdWContact': 2, 'UNL:GLN:HBAcceptor': 1, 'UNL:GLN:VdWContact': 1, 'UNL:ILE:Hydrophobic': 1, 'UNL:ILE:VdWContact': 1, 'UNL:LYS:VdWContact': 2, 'UNL:PHE:Hydrophobic': 1, 'UNL:PHE:VdWContact': 1, 'UNL:TRP:HBAcceptor': 1, 'UNL:TRP:Hydrophobic': 2, 'UNL:TRP:VdWContact': 2, 'UNL:TYR:HBAcceptor': 1, 'UNL:TYR:Hydrophobic': 1, 'UNL:TYR:VdWContact': 2, 'UNL:VAL:Hydrophobic': 1}"
71,DiffDock-L,8DP2_UMA,0.625,0.19999999999999998,"{'UNL:ARG:VdWContact': 1, 'UNL:ASN:HBAcceptor': 1, 'UNL:ASN:VdWContact': 1, 'UNL:ASP:VdWContact': 1, 'UNL:GLY:VdWContact': 1, 'UNL:HIS:VdWContact': 1, 'UNL:LEU:Hydrophobic': 1, 'UNL:LEU:VdWContact': 1, 'UNL:LYS:VdWContact': 1, 'UNL:PRO:VdWContact': 1, 'UNL:SER:HBAcceptor': 1, 'UNL:SER:VdWContact': 2, 'UNL:THR:HBDonor': 1, 'UNL:THR:VdWContact': 1}","{'UNL:ARG:Hydrophobic': 1, 'UNL:ARG:VdWContact': 1, 'UNL:ASN:HBAcceptor': 1, 'UNL:ASN:HBDonor': 1, 'UNL:ASN:VdWContact': 1, 'UNL:GLN:VdWContact': 1, 'UNL:GLY:HBAcceptor': 1, 'UNL:GLY:VdWContact': 2, 'UNL:HIS:VdWContact': 1, 'UNL:LEU:Hydrophobic': 1, 'UNL:LYS:HBAcceptor': 1, 'UNL:LYS:VdWContact': 1, 'UNL:PHE:Hydrophobic': 1, 'UNL:PRO:VdWContact': 1, 'UNL:SER:HBAcceptor': 1, 'UNL:SER:HBDonor': 1, 'UNL:SER:VdWContact': 2, 'UNL:THR:HBAcceptor': 1, 'UNL:THR:HBDonor': 1, 'UNL:THR:Hydrophobic': 1, 'UNL:THR:VdWContact': 1}"
72,DiffDock-L,7XFA_D9J,0.0,0.30000000000000004,"{'UNL:ALA:VdWContact': 1, 'UNL:ARG:HBAcceptor': 1, 'UNL:ARG:Hydrophobic': 1, 'UNL:ARG:VdWContact': 2, 'UNL:ASN:HBAcceptor': 1, 'UNL:ASN:VdWContact': 2, 'UNL:GLU:VdWContact': 1, 'UNL:GLY:VdWContact': 2, 'UNL:HIS:VdWContact': 1, 'UNL:TRP:Hydrophobic': 1, 'UNL:TRP:VdWContact': 1}","{'UNL:ALA:Hydrophobic': 1, 'UNL:ARG:HBAcceptor': 1, 'UNL:ARG:Hydrophobic': 1, 'UNL:ARG:VdWContact': 1, 'UNL:ASN:HBAcceptor': 1, 'UNL:ASN:VdWContact': 2, 'UNL:GLU:VdWContact': 1, 'UNL:GLY:VdWContact': 1, 'UNL:HIS:VdWContact': 1, 'UNL:TRP:Hydrophobic': 1}"
73,DiffDock-L,8AEM_LVF,0.0,0.8,"{'UNL:ASP:HBAcceptor': 1, 'UNL:ASP:VdWContact': 1, 'UNL:ILE:VdWContact': 1, 'UNL:MET:Hydrophobic': 1, 'UNL:VAL:Hydrophobic': 2, 'UNL:VAL:VdWContact': 1}","{'UNL:ILE:Hydrophobic': 2, 'UNL:ILE:VdWContact': 1, 'UNL:LEU:Hydrophobic': 3, 'UNL:MET:Hydrophobic': 2, 'UNL:PHE:Hydrophobic': 1, 'UNL:PRO:Hydrophobic': 1, 'UNL:TYR:Hydrophobic': 2, 'UNL:VAL:HBDonor': 1, 'UNL:VAL:Hydrophobic': 1, 'UNL:VAL:VdWContact': 1}"
74,DiffDock-L,7ZHP_IQY,0.0,0.2000000000000001,"{'UNL:ALA:VdWContact': 1, 'UNL:ASP:Hydrophobic': 1, 'UNL:ASP:VdWContact': 1, 'UNL:GLN:HBAcceptor': 1, 'UNL:GLN:HBDonor': 1, 'UNL:GLN:VdWContact': 2, 'UNL:GLU:Hydrophobic': 1, 'UNL:GLU:VdWContact': 1, 'UNL:ILE:Hydrophobic': 1, 'UNL:ILE:VdWContact': 1, 'UNL:LEU:VdWContact': 2, 'UNL:LYS:Hydrophobic': 1, 'UNL:LYS:VdWContact': 1, 'UNL:MET:Hydrophobic': 1, 'UNL:MET:VdWContact': 1, 'UNL:PHE:HBAcceptor': 1, 'UNL:PHE:VdWContact': 1, 'UNL:VAL:VdWContact': 1}","{'UNL:ALA:Hydrophobic': 1, 'UNL:ASP:Hydrophobic': 1, 'UNL:ASP:VdWContact': 1, 'UNL:GLN:HBAcceptor': 1, 'UNL:GLN:HBDonor': 1, 'UNL:GLN:Hydrophobic': 1, 'UNL:GLN:VdWContact': 2, 'UNL:GLU:Hydrophobic': 1, 'UNL:GLU:VdWContact': 1, 'UNL:ILE:Hydrophobic': 2, 'UNL:ILE:VdWContact': 1, 'UNL:LEU:Hydrophobic': 3, 'UNL:LEU:VdWContact': 1, 'UNL:LYS:Hydrophobic': 1, 'UNL:MET:Hydrophobic': 1, 'UNL:MET:VdWContact': 1, 'UNL:PHE:HBAcceptor': 1, 'UNL:PHE:Hydrophobic': 1, 'UNL:PHE:VdWContact': 1, 'UNL:VAL:Hydrophobic': 1}"
75,DiffDock-L,7W05_GMP,0.6,1.0,"{'UNL:ASN:HBDonor': 1, 'UNL:GLU:HBDonor': 1, 'UNL:GLU:VdWContact': 1, 'UNL:GLY:VdWContact': 1, 'UNL:HIS:HBAcceptor': 1, 'UNL:HIS:VdWContact': 1, 'UNL:TYR:VdWContact': 1}","{'UNL:ASN:HBDonor': 1, 'UNL:ASN:VdWContact': 2, 'UNL:GLN:VdWContact': 1, 'UNL:GLU:HBDonor': 2, 'UNL:GLU:VdWContact': 2, 'UNL:HIS:HBAcceptor': 1, 'UNL:HIS:HBDonor': 1, 'UNL:HIS:Hydrophobic': 1, 'UNL:HIS:VdWContact': 2, 'UNL:PHE:Hydrophobic': 1, 'UNL:TYR:HBAcceptor': 1, 'UNL:TYR:Hydrophobic': 2, 'UNL:TYR:VdWContact': 2}"
76,DiffDock-L,8AIE_M7L,0.4,0.1538461538461538,"{'UNL:ARG:HBAcceptor': 1, 'UNL:ARG:VdWContact': 2, 'UNL:GLU:VdWContact': 1, 'UNL:GLY:VdWContact': 1, 'UNL:HIS:VdWContact': 1, 'UNL:LEU:VdWContact': 1, 'UNL:LYS:HBAcceptor': 1, 'UNL:LYS:VdWContact': 1, 'UNL:PHE:VdWContact': 1, 'UNL:THR:HBAcceptor': 3, 'UNL:THR:HBDonor': 1, 'UNL:THR:VdWContact': 4, 'UNL:TYR:VdWContact': 1}","{'UNL:ARG:HBAcceptor': 2, 'UNL:ARG:VdWContact': 1, 'UNL:GLU:VdWContact': 1, 'UNL:HIS:VdWContact': 1, 'UNL:LEU:Hydrophobic': 1, 'UNL:LYS:VdWContact': 2, 'UNL:SER:VdWContact': 2, 'UNL:THR:HBAcceptor': 3, 'UNL:THR:HBDonor': 2, 'UNL:THR:VdWContact': 4, 'UNL:TYR:Hydrophobic': 1, 'UNL:TYR:VdWContact': 1, 'UNL:VAL:HBAcceptor': 1, 'UNL:VAL:VdWContact': 1}"
77,DiffDock-L,7UY4_SMI,0.0,0.7777777777777778,"{'UNL:ASN:HBAcceptor': 1, 'UNL:ASN:VdWContact': 1, 'UNL:ASP:VdWContact': 3, 'UNL:GLU:HBDonor': 1, 'UNL:GLU:VdWContact': 1}","{'UNL:ALA:Hydrophobic': 1, 'UNL:ASN:HBAcceptor': 1, 'UNL:ASN:HBDonor': 1, 'UNL:ASN:VdWContact': 1, 'UNL:ASP:VdWContact': 1, 'UNL:GLU:Hydrophobic': 1, 'UNL:GLU:VdWContact': 2, 'UNL:PRO:Hydrophobic': 1, 'UNL:PRO:VdWContact': 1, 'UNL:TRP:Hydrophobic': 1, 'UNL:TRP:VdWContact': 1}"
78,DiffDock-L,7UMW_NAD,0.42857142857142855,0.3500000000000001,"{'UNL:ALA:VdWContact': 3, 'UNL:ASP:VdWContact': 1, 'UNL:CYS:VdWContact': 1, 'UNL:GLN:VdWContact': 1, 'UNL:GLY:HBDonor': 1, 'UNL:GLY:VdWContact': 2, 'UNL:ILE:HBAcceptor': 1, 'UNL:ILE:HBDonor': 1, 'UNL:ILE:VdWContact': 2, 'UNL:LEU:VdWContact': 1, 'UNL:LYS:HBAcceptor': 1, 'UNL:LYS:VdWContact': 1, 'UNL:SER:VdWContact': 3, 'UNL:THR:HBAcceptor': 1, 'UNL:THR:VdWContact': 1, 'UNL:TYR:Hydrophobic': 1, 'UNL:TYR:VdWContact': 1, 'UNL:VAL:HBAcceptor': 1, 'UNL:VAL:VdWContact': 1}","{'UNL:ALA:Hydrophobic': 1, 'UNL:ALA:VdWContact': 2, 'UNL:ASP:HBDonor': 1, 'UNL:ASP:VdWContact': 1, 'UNL:CYS:VdWContact': 1, 'UNL:GLN:Hydrophobic': 1, 'UNL:GLN:VdWContact': 1, 'UNL:GLY:VdWContact': 2, 'UNL:ILE:HBAcceptor': 2, 'UNL:ILE:HBDonor': 2, 'UNL:ILE:Hydrophobic': 3, 'UNL:ILE:VdWContact': 3, 'UNL:LEU:Hydrophobic': 1, 'UNL:LYS:VdWContact': 1, 'UNL:PHE:Hydrophobic': 1, 'UNL:PRO:VdWContact': 1, 'UNL:SER:VdWContact': 3, 'UNL:THR:HBAcceptor': 1, 'UNL:THR:VdWContact': 1, 'UNL:TYR:Hydrophobic': 1, 'UNL:VAL:HBAcceptor': 1, 'UNL:VAL:Hydrophobic': 1, 'UNL:VAL:VdWContact': 1}"
79,DiffDock-L,7U3J_L6U,0.5,0.5,"{'UNL:ASN:Hydrophobic': 1, 'UNL:ASN:VdWContact': 1, 'UNL:GLN:HBAcceptor': 1, 'UNL:GLN:Hydrophobic': 1, 'UNL:GLN:VdWContact': 2, 'UNL:GLU:Hydrophobic': 1, 'UNL:GLU:VdWContact': 2, 'UNL:LEU:HBDonor': 1, 'UNL:LEU:Hydrophobic': 1, 'UNL:LEU:VdWContact': 1, 'UNL:PHE:Hydrophobic': 1, 'UNL:SER:VdWContact': 1, 'UNL:THR:VdWContact': 1, 'UNL:TYR:VdWContact': 2}","{'UNL:ALA:Hydrophobic': 1, 'UNL:ALA:VdWContact': 1, 'UNL:GLN:HBDonor': 1, 'UNL:GLN:Hydrophobic': 1, 'UNL:GLN:VdWContact': 2, 'UNL:GLU:HBDonor': 1, 'UNL:GLU:VdWContact': 1, 'UNL:GLY:HBDonor': 1, 'UNL:GLY:VdWContact': 1, 'UNL:ILE:Hydrophobic': 1, 'UNL:LEU:Hydrophobic': 3, 'UNL:LEU:VdWContact': 2, 'UNL:PHE:Hydrophobic': 1, 'UNL:PHE:VdWContact': 1, 'UNL:SER:HBAcceptor': 1, 'UNL:SER:HBDonor': 1, 'UNL:SER:VdWContact': 3, 'UNL:THR:Hydrophobic': 1, 'UNL:THR:VdWContact': 1, 'UNL:TRP:Hydrophobic': 1, 'UNL:TYR:HBAcceptor': 1, 'UNL:TYR:Hydrophobic': 1, 'UNL:TYR:VdWContact': 3}"
80,DiffDock-L,7QGP_DJ8,0.5,0.3999999999999999,"{'UNL:ALA:VdWContact': 1, 'UNL:ASP:VdWContact': 1, 'UNL:CYS:HBAcceptor': 1, 'UNL:CYS:VdWContact': 1, 'UNL:GLU:Hydrophobic': 1, 'UNL:GLU:VdWContact': 1, 'UNL:ILE:Hydrophobic': 2, 'UNL:ILE:VdWContact': 3, 'UNL:LEU:Hydrophobic': 1, 'UNL:LEU:VdWContact': 3, 'UNL:LYS:Hydrophobic': 1, 'UNL:LYS:VdWContact': 1, 'UNL:PHE:VdWContact': 1, 'UNL:TYR:Hydrophobic': 1, 'UNL:TYR:VdWContact': 1}","{'UNL:ALA:Hydrophobic': 2, 'UNL:ALA:VdWContact': 1, 'UNL:ASP:HBAcceptor': 1, 'UNL:ASP:Hydrophobic': 1, 'UNL:ASP:VdWContact': 1, 'UNL:CYS:HBAcceptor': 1, 'UNL:CYS:Hydrophobic': 1, 'UNL:CYS:VdWContact': 1, 'UNL:GLU:Hydrophobic': 1, 'UNL:GLU:VdWContact': 2, 'UNL:ILE:Hydrophobic': 3, 'UNL:ILE:VdWContact': 2, 'UNL:LEU:Hydrophobic': 2, 'UNL:LEU:VdWContact': 1, 'UNL:LYS:Hydrophobic': 1, 'UNL:PHE:Hydrophobic': 2, 'UNL:TYR:VdWContact': 1, 'UNL:VAL:Hydrophobic': 2, 'UNL:VAL:VdWContact': 1}"
81,DiffDock-L,7WQQ_5Z6,0.5,0.7333333333333334,"{'UNL:ARG:HBAcceptor': 1, 'UNL:ARG:Hydrophobic': 1, 'UNL:ARG:VdWContact': 1, 'UNL:CYS:Hydrophobic': 1, 'UNL:CYS:VdWContact': 1, 'UNL:GLY:VdWContact': 1, 'UNL:ILE:Hydrophobic': 1, 'UNL:ILE:VdWContact': 1, 'UNL:LEU:Hydrophobic': 1, 'UNL:LEU:VdWContact': 3, 'UNL:PHE:Hydrophobic': 1, 'UNL:PHE:VdWContact': 3, 'UNL:SER:HBAcceptor': 1, 'UNL:SER:VdWContact': 2, 'UNL:VAL:VdWContact': 1}","{'UNL:ARG:Hydrophobic': 2, 'UNL:CYS:Hydrophobic': 1, 'UNL:GLY:VdWContact': 1, 'UNL:ILE:Hydrophobic': 3, 'UNL:ILE:VdWContact': 1, 'UNL:LEU:Hydrophobic': 6, 'UNL:LEU:VdWContact': 1, 'UNL:PHE:Hydrophobic': 4, 'UNL:PHE:VdWContact': 4, 'UNL:SER:HBAcceptor': 1, 'UNL:SER:VdWContact': 2, 'UNL:TRP:Hydrophobic': 1, 'UNL:VAL:Hydrophobic': 1}"
82,DiffDock-L,7WL4_JFU,0.0,0.47058823529411764,"{'UNL:ASN:HBAcceptor': 1, 'UNL:ASN:VdWContact': 1, 'UNL:ASP:VdWContact': 1, 'UNL:ILE:Hydrophobic': 1, 'UNL:ILE:VdWContact': 1, 'UNL:LEU:VdWContact': 2, 'UNL:MET:Hydrophobic': 1, 'UNL:MET:VdWContact': 1, 'UNL:PHE:VdWContact': 1, 'UNL:PRO:VdWContact': 1, 'UNL:TRP:VdWContact': 1}","{'UNL:ASN:HBAcceptor': 1, 'UNL:ASN:VdWContact': 1, 'UNL:ASP:Hydrophobic': 1, 'UNL:ASP:VdWContact': 1, 'UNL:ILE:Hydrophobic': 1, 'UNL:ILE:VdWContact': 1, 'UNL:LEU:Hydrophobic': 2, 'UNL:LEU:VdWContact': 2, 'UNL:MET:Hydrophobic': 2, 'UNL:MET:VdWContact': 1, 'UNL:PHE:Hydrophobic': 1, 'UNL:PHE:VdWContact': 1, 'UNL:PRO:Hydrophobic': 1, 'UNL:PRO:VdWContact': 1, 'UNL:TRP:Hydrophobic': 1, 'UNL:TYR:Hydrophobic': 1, 'UNL:VAL:Hydrophobic': 1}"
83,DiffDock-L,7Z2O_IAJ,0.0,0.1818181818181817,"{'UNL:ALA:VdWContact': 1, 'UNL:GLY:HBAcceptor': 1, 'UNL:GLY:VdWContact': 1, 'UNL:HIS:VdWContact': 1, 'UNL:LEU:Hydrophobic': 1, 'UNL:LEU:VdWContact': 1, 'UNL:SER:VdWContact': 1, 'UNL:TYR:Hydrophobic': 2, 'UNL:TYR:VdWContact': 3}","{'UNL:ALA:Hydrophobic': 1, 'UNL:ASN:Hydrophobic': 1, 'UNL:GLY:HBAcceptor': 1, 'UNL:GLY:VdWContact': 1, 'UNL:HIS:VdWContact': 1, 'UNL:LEU:VdWContact': 1, 'UNL:SER:VdWContact': 1, 'UNL:TYR:Hydrophobic': 3, 'UNL:TYR:VdWContact': 3, 'UNL:VAL:Hydrophobic': 1}"
84,DiffDock-L,8FLV_ZB9,0.3333333333333333,0.17391304347826092,"{'UNL:ALA:VdWContact': 1, 'UNL:ASN:VdWContact': 1, 'UNL:ASP:Hydrophobic': 1, 'UNL:ASP:VdWContact': 2, 'UNL:GLN:Hydrophobic': 1, 'UNL:GLU:HBDonor': 1, 'UNL:GLU:VdWContact': 1, 'UNL:LEU:Hydrophobic': 1, 'UNL:LEU:VdWContact': 2, 'UNL:MET:HBAcceptor': 1, 'UNL:MET:VdWContact': 1, 'UNL:PHE:Hydrophobic': 1, 'UNL:PHE:VdWContact': 1, 'UNL:TYR:VdWContact': 1, 'UNL:VAL:VdWContact': 1}","{'UNL:ALA:Hydrophobic': 1, 'UNL:ASP:HBDonor': 1, 'UNL:ASP:VdWContact': 1, 'UNL:CYS:Hydrophobic': 1, 'UNL:GLU:HBDonor': 1, 'UNL:GLU:VdWContact': 1, 'UNL:GLY:VdWContact': 1, 'UNL:ILE:Hydrophobic': 1, 'UNL:ILE:VdWContact': 1, 'UNL:LEU:Hydrophobic': 3, 'UNL:LYS:Hydrophobic': 1, 'UNL:LYS:VdWContact': 1, 'UNL:MET:HBAcceptor': 1, 'UNL:MET:Hydrophobic': 1, 'UNL:MET:VdWContact': 1, 'UNL:PHE:Hydrophobic': 1, 'UNL:TYR:Hydrophobic': 1, 'UNL:VAL:Hydrophobic': 1}"
85,DiffDock-L,8C5M_MTA,0.3333333333333333,0.6666666666666667,"{'UNL:ASP:VdWContact': 2, 'UNL:CYS:HBAcceptor': 1, 'UNL:CYS:VdWContact': 1, 'UNL:GLY:VdWContact': 1, 'UNL:MET:VdWContact': 1, 'UNL:TYR:HBAcceptor': 1, 'UNL:TYR:VdWContact': 1}","{'UNL:ASP:Hydrophobic': 1, 'UNL:ASP:VdWContact': 3, 'UNL:CYS:HBAcceptor': 1, 'UNL:CYS:Hydrophobic': 1, 'UNL:CYS:VdWContact': 1, 'UNL:GLY:VdWContact': 1, 'UNL:LEU:HBAcceptor': 1, 'UNL:LEU:Hydrophobic': 1, 'UNL:LEU:VdWContact': 1, 'UNL:MET:Hydrophobic': 1, 'UNL:MET:VdWContact': 1, 'UNL:PHE:Hydrophobic': 1, 'UNL:TYR:HBAcceptor': 1, 'UNL:TYR:Hydrophobic': 1, 'UNL:TYR:VdWContact': 1}"
86,DiffDock-L,7Z7F_IF3,0.0,0.5555555555555556,"{'UNL:ASP:HBDonor': 1, 'UNL:ASP:VdWContact': 1, 'UNL:CYS:VdWContact': 1, 'UNL:GLN:HBDonor': 1, 'UNL:GLN:VdWContact': 1, 'UNL:LYS:VdWContact': 1, 'UNL:TRP:VdWContact': 2, 'UNL:TYR:VdWContact': 1}","{'UNL:ASP:Hydrophobic': 1, 'UNL:ASP:VdWContact': 2, 'UNL:CYS:HBDonor': 1, 'UNL:CYS:VdWContact': 1, 'UNL:GLN:VdWContact': 1, 'UNL:LYS:VdWContact': 1, 'UNL:SER:VdWContact': 2, 'UNL:TRP:Hydrophobic': 2, 'UNL:TRP:VdWContact': 1, 'UNL:TYR:HBAcceptor': 1, 'UNL:TYR:VdWContact': 1}"
87,DiffDock-L,7ZL5_IWE,0.0,0.6666666666666667,"{'UNL:ALA:VdWContact': 1, 'UNL:HIS:VdWContact': 5, 'UNL:LEU:Hydrophobic': 2, 'UNL:LEU:VdWContact': 2, 'UNL:THR:HBAcceptor': 1, 'UNL:THR:HBDonor': 1, 'UNL:THR:VdWContact': 1, 'UNL:VAL:VdWContact': 1}","{'UNL:ALA:Hydrophobic': 1, 'UNL:ALA:VdWContact': 1, 'UNL:HIS:Hydrophobic': 1, 'UNL:HIS:VdWContact': 1, 'UNL:LEU:Hydrophobic': 3, 'UNL:LEU:VdWContact': 1, 'UNL:PHE:Hydrophobic': 1, 'UNL:THR:HBAcceptor': 1, 'UNL:THR:HBDonor': 1, 'UNL:THR:VdWContact': 1}"
88,DiffDock-L,7ZOC_T8E,0.5,0.29999999999999993,"{'UNL:GLU:HBDonor': 1, 'UNL:GLU:VdWContact': 3, 'UNL:HIS:Hydrophobic': 1, 'UNL:HIS:VdWContact': 1, 'UNL:MET:VdWContact': 1, 'UNL:TRP:Hydrophobic': 1, 'UNL:TRP:VdWContact': 1, 'UNL:TYR:HBAcceptor': 1, 'UNL:TYR:Hydrophobic': 1, 'UNL:TYR:VdWContact': 1}","{'UNL:ASN:Hydrophobic': 1, 'UNL:GLN:Hydrophobic': 1, 'UNL:GLU:HBDonor': 1, 'UNL:GLU:VdWContact': 4, 'UNL:HIS:Hydrophobic': 1, 'UNL:MET:VdWContact': 1, 'UNL:TRP:Hydrophobic': 1, 'UNL:TRP:VdWContact': 1, 'UNL:TYR:Hydrophobic': 1, 'UNL:TYR:VdWContact': 2}"
89,DiffDock-L,7WCF_ACP,0.0,0.2941176470588236,"{'UNL:ARG:VdWContact': 1, 'UNL:ASN:VdWContact': 1, 'UNL:ASP:VdWContact': 2, 'UNL:GLN:HBAcceptor': 1, 'UNL:GLN:Hydrophobic': 1, 'UNL:GLN:VdWContact': 2, 'UNL:GLY:VdWContact': 1, 'UNL:LYS:HBAcceptor': 1, 'UNL:LYS:VdWContact': 2, 'UNL:PHE:HBAcceptor': 1, 'UNL:PHE:HBDonor': 1, 'UNL:PHE:VdWContact': 1, 'UNL:PRO:VdWContact': 1, 'UNL:TYR:VdWContact': 1, 'UNL:VAL:HBAcceptor': 1, 'UNL:VAL:VdWContact': 1}","{'UNL:ARG:Hydrophobic': 1, 'UNL:ARG:VdWContact': 1, 'UNL:ASP:VdWContact': 2, 'UNL:GLN:HBAcceptor': 1, 'UNL:GLN:Hydrophobic': 1, 'UNL:GLN:VdWContact': 2, 'UNL:GLY:VdWContact': 1, 'UNL:HIS:HBAcceptor': 1, 'UNL:HIS:VdWContact': 1, 'UNL:ILE:Hydrophobic': 1, 'UNL:ILE:VdWContact': 1, 'UNL:LYS:HBDonor': 1, 'UNL:LYS:VdWContact': 3, 'UNL:PHE:HBAcceptor': 1, 'UNL:PHE:Hydrophobic': 1, 'UNL:PHE:VdWContact': 1, 'UNL:TYR:Hydrophobic': 1, 'UNL:TYR:VdWContact': 1, 'UNL:VAL:HBAcceptor': 1, 'UNL:VAL:VdWContact': 1}"
90,DiffDock-L,7QE4_NGA,0.5,0.6000000000000001,"{'UNL:ASP:VdWContact': 1, 'UNL:GLY:HBAcceptor': 1, 'UNL:GLY:VdWContact': 2, 'UNL:HIS:VdWContact': 2}","{'UNL:ARG:HBAcceptor': 1, 'UNL:ARG:VdWContact': 1, 'UNL:ASP:VdWContact': 1, 'UNL:GLY:HBDonor': 1, 'UNL:GLY:VdWContact': 2, 'UNL:HIS:HBDonor': 1, 'UNL:HIS:VdWContact': 1, 'UNL:PRO:VdWContact': 1}"
91,DiffDock-L,8AP0_PRP,1.1428571428571428,0.4285714285714286,"{'UNL:ARG:VdWContact': 2, 'UNL:LYS:HBAcceptor': 1, 'UNL:LYS:VdWContact': 1, 'UNL:SER:VdWContact': 2, 'UNL:THR:VdWContact': 1, 'UNL:VAL:VdWContact': 1}","{'UNL:ARG:HBAcceptor': 1, 'UNL:ARG:HBDonor': 1, 'UNL:ARG:VdWContact': 1, 'UNL:GLY:HBAcceptor': 2, 'UNL:GLY:HBDonor': 1, 'UNL:GLY:VdWContact': 2, 'UNL:HIS:HBAcceptor': 1, 'UNL:HIS:VdWContact': 1, 'UNL:LYS:HBAcceptor': 1, 'UNL:LYS:VdWContact': 1, 'UNL:SER:HBAcceptor': 2, 'UNL:SER:VdWContact': 3, 'UNL:THR:VdWContact': 1, 'UNL:VAL:VdWContact': 1}"
92,DiffDock-L,8BOM_QU6,0.5,0.380952380952381,"{'UNL:ALA:VdWContact': 1, 'UNL:ASP:HBAcceptor': 1, 'UNL:ASP:VdWContact': 1, 'UNL:GLU:Hydrophobic': 1, 'UNL:GLU:VdWContact': 2, 'UNL:ILE:Hydrophobic': 1, 'UNL:ILE:VdWContact': 2, 'UNL:LYS:Hydrophobic': 1, 'UNL:LYS:VdWContact': 1, 'UNL:MET:HBAcceptor': 1, 'UNL:MET:Hydrophobic': 1, 'UNL:MET:VdWContact': 2, 'UNL:PHE:Hydrophobic': 1, 'UNL:PHE:VdWContact': 1, 'UNL:SER:VdWContact': 1, 'UNL:THR:VdWContact': 1, 'UNL:VAL:Hydrophobic': 1}","{'UNL:ALA:Hydrophobic': 1, 'UNL:ALA:VdWContact': 1, 'UNL:ASP:HBAcceptor': 1, 'UNL:ASP:Hydrophobic': 1, 'UNL:ASP:VdWContact': 1, 'UNL:GLU:HBDonor': 1, 'UNL:GLU:Hydrophobic': 1, 'UNL:GLU:VdWContact': 2, 'UNL:ILE:Hydrophobic': 3, 'UNL:ILE:VdWContact': 2, 'UNL:LEU:Hydrophobic': 1, 'UNL:LYS:Hydrophobic': 1, 'UNL:MET:HBAcceptor': 1, 'UNL:MET:Hydrophobic': 1, 'UNL:MET:VdWContact': 1, 'UNL:PHE:Hydrophobic': 2, 'UNL:PHE:VdWContact': 1, 'UNL:SER:VdWContact': 1, 'UNL:THR:HBDonor': 1, 'UNL:THR:Hydrophobic': 1, 'UNL:THR:VdWContact': 1, 'UNL:TYR:Hydrophobic': 2, 'UNL:TYR:VdWContact': 1, 'UNL:VAL:Hydrophobic': 1}"
93,DiffDock-L,5SIS_JSM,0.5,0.19999999999999993,"{'UNL:GLN:HBAcceptor': 1, 'UNL:GLN:VdWContact': 1, 'UNL:GLU:Hydrophobic': 1, 'UNL:GLU:VdWContact': 1, 'UNL:GLY:VdWContact': 1, 'UNL:HIS:HBDonor': 1, 'UNL:HIS:VdWContact': 1, 'UNL:LEU:VdWContact': 1, 'UNL:MET:Hydrophobic': 1, 'UNL:MET:VdWContact': 1, 'UNL:PHE:Hydrophobic': 1, 'UNL:PHE:VdWContact': 2, 'UNL:PRO:VdWContact': 1, 'UNL:TYR:VdWContact': 1, 'UNL:VAL:Hydrophobic': 1, 'UNL:VAL:VdWContact': 2}","{'UNL:GLN:HBAcceptor': 1, 'UNL:GLN:VdWContact': 1, 'UNL:GLU:Hydrophobic': 1, 'UNL:GLU:VdWContact': 1, 'UNL:GLY:VdWContact': 1, 'UNL:ILE:Hydrophobic': 1, 'UNL:ILE:VdWContact': 1, 'UNL:LEU:Hydrophobic': 1, 'UNL:LYS:Hydrophobic': 1, 'UNL:MET:Hydrophobic': 1, 'UNL:MET:VdWContact': 1, 'UNL:PHE:Hydrophobic': 2, 'UNL:PHE:VdWContact': 1, 'UNL:PRO:Hydrophobic': 1, 'UNL:TYR:Hydrophobic': 1, 'UNL:TYR:VdWContact': 1, 'UNL:VAL:Hydrophobic': 1, 'UNL:VAL:VdWContact': 1}"
94,DiffDock-L,5SD5_HWI,0.75,0.33333333333333337,"{'UNL:ASP:HBDonor': 1, 'UNL:ASP:VdWContact': 2, 'UNL:GLN:Hydrophobic': 1, 'UNL:GLN:VdWContact': 1, 'UNL:ILE:HBDonor': 2, 'UNL:ILE:VdWContact': 2, 'UNL:LEU:VdWContact': 1, 'UNL:PHE:Hydrophobic': 1, 'UNL:PHE:VdWContact': 1, 'UNL:PRO:VdWContact': 1, 'UNL:TRP:VdWContact': 1, 'UNL:VAL:VdWContact': 1}","{'UNL:ALA:Hydrophobic': 1, 'UNL:ARG:HBAcceptor': 2, 'UNL:ARG:HBDonor': 1, 'UNL:ARG:VdWContact': 3, 'UNL:ASP:HBDonor': 1, 'UNL:ASP:VdWContact': 1, 'UNL:GLN:Hydrophobic': 1, 'UNL:ILE:HBDonor': 2, 'UNL:ILE:Hydrophobic': 3, 'UNL:ILE:VdWContact': 2, 'UNL:LEU:Hydrophobic': 2, 'UNL:PHE:Hydrophobic': 1, 'UNL:PHE:VdWContact': 1, 'UNL:THR:Hydrophobic': 1, 'UNL:TRP:VdWContact': 1}"
95,DiffDock-L,8A2D_KXY,0.5,0.2727272727272728,"{'UNL:ALA:VdWContact': 1, 'UNL:ASP:VdWContact': 1, 'UNL:GLN:VdWContact': 1, 'UNL:GLU:Hydrophobic': 1, 'UNL:GLU:VdWContact': 1, 'UNL:LEU:Hydrophobic': 1, 'UNL:LEU:VdWContact': 3, 'UNL:LYS:HBAcceptor': 1, 'UNL:LYS:Hydrophobic': 1, 'UNL:LYS:VdWContact': 1, 'UNL:MET:Hydrophobic': 2, 'UNL:MET:VdWContact': 2, 'UNL:PRO:VdWContact': 1, 'UNL:THR:VdWContact': 1}","{'UNL:ALA:Hydrophobic': 1, 'UNL:ALA:VdWContact': 1, 'UNL:ARG:HBAcceptor': 1, 'UNL:ARG:VdWContact': 1, 'UNL:ASP:HBDonor': 1, 'UNL:ASP:VdWContact': 1, 'UNL:CYS:Hydrophobic': 1, 'UNL:CYS:VdWContact': 1, 'UNL:GLU:VdWContact': 1, 'UNL:ILE:Hydrophobic': 1, 'UNL:LEU:Hydrophobic': 3, 'UNL:LYS:Hydrophobic': 1, 'UNL:MET:Hydrophobic': 1, 'UNL:MET:VdWContact': 1, 'UNL:PHE:HBAcceptor': 1, 'UNL:PHE:Hydrophobic': 2, 'UNL:PHE:VdWContact': 1, 'UNL:THR:Hydrophobic': 2, 'UNL:THR:VdWContact': 1, 'UNL:VAL:Hydrophobic': 3}"
96,DiffDock-L,7QPP_VDX,0.4,0.75,"{'UNL:ARG:HBAcceptor': 1, 'UNL:ARG:HBDonor': 1, 'UNL:ARG:VdWContact': 1, 'UNL:HIS:HBAcceptor': 1, 'UNL:HIS:HBDonor': 1, 'UNL:HIS:VdWContact': 1, 'UNL:LEU:Hydrophobic': 1, 'UNL:LEU:VdWContact': 3, 'UNL:PHE:VdWContact': 1, 'UNL:SER:VdWContact': 3, 'UNL:TRP:Hydrophobic': 1, 'UNL:TRP:VdWContact': 1, 'UNL:TYR:HBAcceptor': 1, 'UNL:TYR:VdWContact': 2, 'UNL:VAL:Hydrophobic': 1, 'UNL:VAL:VdWContact': 2}","{'UNL:ARG:HBAcceptor': 1, 'UNL:ARG:VdWContact': 1, 'UNL:CYS:VdWContact': 1, 'UNL:HIS:HBAcceptor': 1, 'UNL:HIS:HBDonor': 1, 'UNL:HIS:VdWContact': 2, 'UNL:ILE:Hydrophobic': 2, 'UNL:LEU:Hydrophobic': 6, 'UNL:LEU:VdWContact': 1, 'UNL:MET:Hydrophobic': 1, 'UNL:PHE:Hydrophobic': 1, 'UNL:SER:VdWContact': 3, 'UNL:TRP:Hydrophobic': 1, 'UNL:TRP:VdWContact': 1, 'UNL:TYR:Hydrophobic': 3, 'UNL:TYR:VdWContact': 2, 'UNL:VAL:Hydrophobic': 3, 'UNL:VAL:VdWContact': 1}"
97,DiffDock-L,8FAV_4Y5,0.6000000000000001,0.49999999999999994,"{'UNL:CYS:Hydrophobic': 1, 'UNL:CYS:VdWContact': 1, 'UNL:HIS:Hydrophobic': 1, 'UNL:HIS:VdWContact': 2, 'UNL:ILE:VdWContact': 1, 'UNL:LEU:Hydrophobic': 1, 'UNL:LEU:VdWContact': 1, 'UNL:MET:Hydrophobic': 1, 'UNL:MET:VdWContact': 1, 'UNL:PHE:HBDonor': 1, 'UNL:PHE:Hydrophobic': 2, 'UNL:PHE:VdWContact': 2, 'UNL:TYR:VdWContact': 1, 'UNL:VAL:VdWContact': 1}","{'UNL:ALA:HBAcceptor': 1, 'UNL:ALA:HBDonor': 1, 'UNL:ALA:Hydrophobic': 2, 'UNL:ALA:VdWContact': 1, 'UNL:GLN:HBAcceptor': 1, 'UNL:GLN:Hydrophobic': 2, 'UNL:GLN:VdWContact': 3, 'UNL:ILE:Hydrophobic': 2, 'UNL:ILE:VdWContact': 1, 'UNL:LEU:Hydrophobic': 3, 'UNL:LEU:VdWContact': 4, 'UNL:LYS:VdWContact': 1, 'UNL:MET:Hydrophobic': 1, 'UNL:PHE:HBAcceptor': 1, 'UNL:PHE:Hydrophobic': 1, 'UNL:PHE:VdWContact': 1, 'UNL:THR:Hydrophobic': 1, 'UNL:THR:VdWContact': 1, 'UNL:TRP:Hydrophobic': 1, 'UNL:TYR:Hydrophobic': 1, 'UNL:TYR:VdWContact': 1, 'UNL:VAL:Hydrophobic': 1}"
98,DiffDock-L,7SIU_9ID,0.2,0.3333333333333334,"{'UNL:ALA:VdWContact': 1, 'UNL:ASP:HBDonor': 1, 'UNL:ASP:Hydrophobic': 1, 'UNL:ASP:VdWContact': 1, 'UNL:CYS:HBAcceptor': 1, 'UNL:CYS:VdWContact': 1, 'UNL:GLU:HBDonor': 1, 'UNL:GLU:VdWContact': 1, 'UNL:GLY:VdWContact': 1, 'UNL:ILE:Hydrophobic': 1, 'UNL:ILE:VdWContact': 1, 'UNL:LEU:Hydrophobic': 1, 'UNL:LEU:VdWContact': 2, 'UNL:LYS:HBDonor': 1, 'UNL:LYS:Hydrophobic': 1, 'UNL:LYS:VdWContact': 1, 'UNL:MET:Hydrophobic': 1, 'UNL:MET:VdWContact': 1, 'UNL:PHE:Hydrophobic': 1, 'UNL:PHE:VdWContact': 2, 'UNL:SER:VdWContact': 1, 'UNL:VAL:VdWContact': 1}","{'UNL:ALA:HBDonor': 1, 'UNL:ALA:Hydrophobic': 2, 'UNL:ALA:VdWContact': 1, 'UNL:ASP:Hydrophobic': 1, 'UNL:CYS:HBAcceptor': 1, 'UNL:CYS:VdWContact': 1, 'UNL:GLU:HBDonor': 1, 'UNL:GLU:VdWContact': 1, 'UNL:LEU:Hydrophobic': 3, 'UNL:LYS:VdWContact': 1, 'UNL:MET:Hydrophobic': 1, 'UNL:PHE:Hydrophobic': 1, 'UNL:PHE:VdWContact': 1, 'UNL:TYR:Hydrophobic': 1, 'UNL:VAL:Hydrophobic': 2, 'UNL:VAL:VdWContact': 1}"
99,DiffDock-L,7QHG_T3B,0.4,0.39130434782608686,"{'UNL:ALA:VdWContact': 1, 'UNL:ARG:Hydrophobic': 1, 'UNL:ARG:VdWContact': 1, 'UNL:ASP:HBAcceptor': 1, 'UNL:ASP:Hydrophobic': 1, 'UNL:ASP:VdWContact': 1, 'UNL:GLY:VdWContact': 1, 'UNL:HIS:VdWContact': 1, 'UNL:ILE:HBAcceptor': 1, 'UNL:ILE:HBDonor': 1, 'UNL:ILE:VdWContact': 1, 'UNL:LEU:Hydrophobic': 3, 'UNL:LEU:VdWContact': 4, 'UNL:LYS:Hydrophobic': 1, 'UNL:LYS:VdWContact': 1, 'UNL:MET:Hydrophobic': 1, 'UNL:MET:VdWContact': 2, 'UNL:PHE:Hydrophobic': 1, 'UNL:PHE:VdWContact': 2, 'UNL:THR:VdWContact': 1, 'UNL:VAL:Hydrophobic': 3, 'UNL:VAL:VdWContact': 2}","{'UNL:ARG:HBAcceptor': 1, 'UNL:ARG:Hydrophobic': 1, 'UNL:ARG:VdWContact': 1, 'UNL:ASP:HBAcceptor': 1, 'UNL:ASP:Hydrophobic': 1, 'UNL:ASP:VdWContact': 1, 'UNL:GLU:VdWContact': 1, 'UNL:GLY:VdWContact': 2, 'UNL:HIS:VdWContact': 1, 'UNL:ILE:HBAcceptor': 1, 'UNL:ILE:HBDonor': 1, 'UNL:ILE:Hydrophobic': 3, 'UNL:ILE:VdWContact': 2, 'UNL:LEU:Hydrophobic': 7, 'UNL:LEU:VdWContact': 4, 'UNL:LYS:Hydrophobic': 1, 'UNL:LYS:VdWContact': 1, 'UNL:MET:Hydrophobic': 1, 'UNL:MET:VdWContact': 1, 'UNL:PHE:Hydrophobic': 2, 'UNL:THR:HBDonor': 1, 'UNL:THR:Hydrophobic': 1, 'UNL:THR:VdWContact': 1, 'UNL:TYR:Hydrophobic': 1, 'UNL:VAL:Hydrophobic': 3, 'UNL:VAL:VdWContact': 2}"
100,DynamicBind,7UAW_MF6,1.2857142857142856,0.375,"{'UNL:ALA:VdWContact': 1, 'UNL:ARG:VdWContact': 3, 'UNL:ASN:VdWContact': 1, 'UNL:ASP:HBAcceptor': 1, 'UNL:ASP:VdWContact': 1, 'UNL:GLN:VdWContact': 1, 'UNL:ILE:VdWContact': 1, 'UNL:LEU:VdWContact': 1, 'UNL:MET:VdWContact': 1, 'UNL:PHE:VdWContact': 1, 'UNL:SER:VdWContact': 1, 'UNL:VAL:VdWContact': 1}","{'UNL:ALA:VdWContact': 1, 'UNL:ARG:HBAcceptor': 4, 'UNL:ARG:HBDonor': 1, 'UNL:ARG:VdWContact': 4, 'UNL:ASN:HBAcceptor': 1, 'UNL:ASN:HBDonor': 1, 'UNL:ASN:VdWContact': 2, 'UNL:GLN:VdWContact': 1, 'UNL:GLY:HBAcceptor': 2, 'UNL:GLY:VdWContact': 2, 'UNL:HIS:HBAcceptor': 1, 'UNL:HIS:VdWContact': 1, 'UNL:PHE:Hydrophobic': 2, 'UNL:PHE:VdWContact': 2, 'UNL:PRO:VdWContact': 1, 'UNL:THR:VdWContact': 1}"
101,DynamicBind,8EX2_Q2Q,0.0,0.18181818181818177,"{'UNL:GLU:VdWContact': 1, 'UNL:GLY:VdWContact': 1, 'UNL:LEU:Hydrophobic': 3, 'UNL:LEU:VdWContact': 3, 'UNL:LYS:Hydrophobic': 1, 'UNL:LYS:VdWContact': 1, 'UNL:PHE:VdWContact': 1, 'UNL:SER:VdWContact': 1, 'UNL:VAL:HBAcceptor': 1, 'UNL:VAL:VdWContact': 1}","{'UNL:GLY:VdWContact': 1, 'UNL:ILE:Hydrophobic': 1, 'UNL:LEU:Hydrophobic': 3, 'UNL:LEU:VdWContact': 2, 'UNL:LYS:VdWContact': 2, 'UNL:PHE:Hydrophobic': 1, 'UNL:PHE:VdWContact': 1, 'UNL:SER:VdWContact': 1, 'UNL:VAL:HBAcceptor': 1, 'UNL:VAL:VdWContact': 1}"
102,DynamicBind,8C3N_ADP,0.625,0.19999999999999996,"{'UNL:ALA:HBDonor': 1, 'UNL:ALA:VdWContact': 4, 'UNL:HIS:VdWContact': 1, 'UNL:LEU:VdWContact': 2, 'UNL:MET:VdWContact': 1, 'UNL:PHE:VdWContact': 1, 'UNL:SER:HBDonor': 1, 'UNL:SER:VdWContact': 1, 'UNL:THR:VdWContact': 1, 'UNL:TYR:VdWContact': 1}","{'UNL:ARG:VdWContact': 2, 'UNL:GLN:HBAcceptor': 1, 'UNL:GLN:Hydrophobic': 1, 'UNL:GLN:VdWContact': 1, 'UNL:GLU:HBDonor': 1, 'UNL:GLU:VdWContact': 1, 'UNL:GLY:HBAcceptor': 2, 'UNL:GLY:VdWContact': 2, 'UNL:ILE:Hydrophobic': 1, 'UNL:LYS:HBAcceptor': 1, 'UNL:LYS:VdWContact': 1, 'UNL:SER:HBAcceptor': 1, 'UNL:SER:VdWContact': 1, 'UNL:THR:HBAcceptor': 1, 'UNL:THR:VdWContact': 1}"
103,DynamicBind,7R59_I5F,0.0,0.3333333333333333,"{'UNL:GLU:Hydrophobic': 1, 'UNL:GLY:HBAcceptor': 1, 'UNL:GLY:VdWContact': 1, 'UNL:HIS:VdWContact': 1, 'UNL:TYR:Hydrophobic': 2, 'UNL:TYR:VdWContact': 1}","{'UNL:ALA:Hydrophobic': 1, 'UNL:GLU:Hydrophobic': 1, 'UNL:GLU:VdWContact': 1, 'UNL:GLY:HBAcceptor': 1, 'UNL:GLY:VdWContact': 1, 'UNL:LYS:Hydrophobic': 1, 'UNL:SER:VdWContact': 1, 'UNL:TYR:Hydrophobic': 2, 'UNL:TYR:VdWContact': 1}"
104,DynamicBind,7QFM_AY3,0.3333333333333333,0.1666666666666667,"{'UNL:ARG:VdWContact': 1, 'UNL:ASP:VdWContact': 1, 'UNL:GLU:VdWContact': 1, 'UNL:ILE:Hydrophobic': 2, 'UNL:ILE:VdWContact': 2, 'UNL:LEU:Hydrophobic': 1, 'UNL:LEU:VdWContact': 2, 'UNL:LYS:HBAcceptor': 1, 'UNL:LYS:VdWContact': 1, 'UNL:PRO:VdWContact': 1}","{'UNL:ALA:Hydrophobic': 1, 'UNL:ARG:VdWContact': 1, 'UNL:ASP:HBAcceptor': 1, 'UNL:ASP:Hydrophobic': 1, 'UNL:ASP:VdWContact': 2, 'UNL:ILE:Hydrophobic': 2, 'UNL:ILE:VdWContact': 1, 'UNL:LEU:Hydrophobic': 3, 'UNL:LEU:VdWContact': 1, 'UNL:LYS:HBDonor': 1, 'UNL:LYS:VdWContact': 1, 'UNL:VAL:Hydrophobic': 1}"
105,DynamicBind,7V14_ORU,0.0,0.2857142857142858,"{'UNL:CYS:VdWContact': 3, 'UNL:GLY:HBAcceptor': 1, 'UNL:GLY:VdWContact': 3, 'UNL:HIS:VdWContact': 1, 'UNL:ILE:VdWContact': 1, 'UNL:LYS:Hydrophobic': 1, 'UNL:LYS:VdWContact': 1, 'UNL:SER:HBAcceptor': 1, 'UNL:SER:VdWContact': 2, 'UNL:TRP:VdWContact': 1, 'UNL:TYR:VdWContact': 1}","{'UNL:ALA:Hydrophobic': 1, 'UNL:CYS:VdWContact': 2, 'UNL:GLY:HBAcceptor': 1, 'UNL:GLY:VdWContact': 3, 'UNL:ILE:Hydrophobic': 1, 'UNL:LYS:Hydrophobic': 1, 'UNL:LYS:VdWContact': 1, 'UNL:SER:HBAcceptor': 1, 'UNL:SER:VdWContact': 1, 'UNL:THR:Hydrophobic': 1, 'UNL:THR:VdWContact': 1, 'UNL:TYR:Hydrophobic': 1, 'UNL:TYR:VdWContact': 1}"
106,DynamicBind,7Q27_8KC,0.39999999999999997,0.5714285714285714,"{'UNL:ALA:VdWContact': 1, 'UNL:GLN:VdWContact': 1, 'UNL:GLU:HBDonor': 1, 'UNL:GLU:VdWContact': 1, 'UNL:HIS:HBAcceptor': 2, 'UNL:HIS:VdWContact': 3, 'UNL:LYS:VdWContact': 1, 'UNL:PHE:VdWContact': 2, 'UNL:TYR:Hydrophobic': 1, 'UNL:TYR:VdWContact': 2, 'UNL:VAL:Hydrophobic': 2, 'UNL:VAL:VdWContact': 2}","{'UNL:ALA:Hydrophobic': 1, 'UNL:ALA:VdWContact': 1, 'UNL:ASP:VdWContact': 1, 'UNL:GLN:HBAcceptor': 1, 'UNL:GLN:VdWContact': 1, 'UNL:GLU:VdWContact': 1, 'UNL:HIS:HBAcceptor': 1, 'UNL:HIS:HBDonor': 2, 'UNL:HIS:Hydrophobic': 1, 'UNL:HIS:VdWContact': 4, 'UNL:LYS:HBDonor': 1, 'UNL:LYS:VdWContact': 1, 'UNL:PHE:Hydrophobic': 3, 'UNL:PHE:VdWContact': 1, 'UNL:TYR:Hydrophobic': 1, 'UNL:TYR:VdWContact': 2, 'UNL:VAL:Hydrophobic': 3, 'UNL:VAL:VdWContact': 1}"
107,DynamicBind,8DHG_T78,0.6666666666666667,0.7199999999999999,"{'UNL:ARG:HBAcceptor': 2, 'UNL:ARG:VdWContact': 3, 'UNL:ASN:HBAcceptor': 1, 'UNL:ASN:Hydrophobic': 1, 'UNL:ASN:VdWContact': 1, 'UNL:GLU:VdWContact': 1, 'UNL:GLY:VdWContact': 1, 'UNL:HIS:VdWContact': 1, 'UNL:LYS:Hydrophobic': 1, 'UNL:LYS:VdWContact': 1, 'UNL:TYR:Hydrophobic': 1, 'UNL:TYR:VdWContact': 1, 'UNL:VAL:VdWContact': 1}","{'UNL:ALA:Hydrophobic': 2, 'UNL:ALA:VdWContact': 2, 'UNL:ARG:VdWContact': 1, 'UNL:GLN:HBAcceptor': 1, 'UNL:GLN:VdWContact': 1, 'UNL:HIS:Hydrophobic': 1, 'UNL:HIS:VdWContact': 1, 'UNL:LEU:Hydrophobic': 4, 'UNL:LEU:VdWContact': 4, 'UNL:MET:Hydrophobic': 2, 'UNL:MET:VdWContact': 1, 'UNL:PHE:Hydrophobic': 2, 'UNL:PRO:Hydrophobic': 1, 'UNL:PRO:VdWContact': 1, 'UNL:THR:Hydrophobic': 1, 'UNL:THR:VdWContact': 2, 'UNL:TYR:Hydrophobic': 2, 'UNL:TYR:VdWContact': 1, 'UNL:VAL:Hydrophobic': 2}"
108,DynamicBind,7THI_PGA,1.2,0.5714285714285715,"{'UNL:ARG:HBAcceptor': 1, 'UNL:ARG:VdWContact': 1, 'UNL:GLU:VdWContact': 1, 'UNL:GLY:VdWContact': 1, 'UNL:TYR:VdWContact': 1}","{'UNL:ARG:HBAcceptor': 3, 'UNL:ARG:VdWContact': 3, 'UNL:ASN:HBAcceptor': 1, 'UNL:ASN:VdWContact': 1, 'UNL:CYS:HBAcceptor': 1, 'UNL:CYS:HBDonor': 1, 'UNL:CYS:VdWContact': 1, 'UNL:GLU:VdWContact': 1, 'UNL:SER:HBAcceptor': 1, 'UNL:SER:VdWContact': 1, 'UNL:TYR:VdWContact': 1}"
109,DynamicBind,7XPO_UPG,0.75,0.14285714285714285,"{'UNL:ALA:VdWContact': 2, 'UNL:ASN:VdWContact': 2, 'UNL:ASP:VdWContact': 1, 'UNL:GLY:VdWContact': 3, 'UNL:LEU:VdWContact': 1, 'UNL:LYS:HBAcceptor': 1, 'UNL:LYS:HBDonor': 1, 'UNL:LYS:VdWContact': 1, 'UNL:PRO:VdWContact': 1, 'UNL:SER:VdWContact': 1, 'UNL:TYR:VdWContact': 2}","{'UNL:ARG:HBAcceptor': 2, 'UNL:ARG:VdWContact': 2, 'UNL:ASN:HBAcceptor': 2, 'UNL:ASN:VdWContact': 2, 'UNL:ASP:HBDonor': 1, 'UNL:ASP:VdWContact': 1, 'UNL:LEU:HBAcceptor': 1, 'UNL:LEU:Hydrophobic': 2, 'UNL:LEU:VdWContact': 1, 'UNL:PHE:VdWContact': 1, 'UNL:SER:HBDonor': 1, 'UNL:SER:VdWContact': 1, 'UNL:THR:HBDonor': 1, 'UNL:THR:VdWContact': 2, 'UNL:TYR:VdWContact': 1, 'UNL:VAL:VdWContact': 1}"
110,DynamicBind,7TE8_P0T,0.3333333333333333,0.33333333333333337,"{'UNL:ASN:Hydrophobic': 1, 'UNL:ASN:VdWContact': 1, 'UNL:ASP:Hydrophobic': 1, 'UNL:ASP:VdWContact': 1, 'UNL:GLN:VdWContact': 1, 'UNL:GLY:VdWContact': 1, 'UNL:HIS:HBAcceptor': 1, 'UNL:HIS:HBDonor': 1, 'UNL:HIS:VdWContact': 2, 'UNL:LEU:Hydrophobic': 1, 'UNL:LEU:VdWContact': 1, 'UNL:PHE:Hydrophobic': 1, 'UNL:PHE:VdWContact': 1, 'UNL:SER:VdWContact': 1, 'UNL:THR:VdWContact': 1}","{'UNL:ALA:Hydrophobic': 3, 'UNL:ALA:VdWContact': 1, 'UNL:ASP:HBDonor': 1, 'UNL:ASP:Hydrophobic': 1, 'UNL:ASP:VdWContact': 1, 'UNL:GLN:Hydrophobic': 1, 'UNL:GLU:Hydrophobic': 1, 'UNL:HIS:Hydrophobic': 1, 'UNL:HIS:VdWContact': 1, 'UNL:LYS:Hydrophobic': 1, 'UNL:LYS:VdWContact': 1, 'UNL:MET:Hydrophobic': 1, 'UNL:PHE:Hydrophobic': 4, 'UNL:PHE:VdWContact': 1, 'UNL:TRP:VdWContact': 1, 'UNL:TYR:Hydrophobic': 2, 'UNL:TYR:VdWContact': 1}"
111,DynamicBind,7QF4_RBF,1.25,0.625,"{'UNL:ASN:HBDonor': 1, 'UNL:ASN:VdWContact': 3, 'UNL:GLN:Hydrophobic': 1, 'UNL:GLN:VdWContact': 1, 'UNL:ILE:VdWContact': 2, 'UNL:LEU:VdWContact': 3, 'UNL:PHE:VdWContact': 1, 'UNL:THR:VdWContact': 1, 'UNL:VAL:VdWContact': 1}","{'UNL:ARG:HBAcceptor': 1, 'UNL:ARG:VdWContact': 1, 'UNL:ASN:HBAcceptor': 2, 'UNL:ASN:HBDonor': 1, 'UNL:ASN:Hydrophobic': 1, 'UNL:ASN:VdWContact': 3, 'UNL:GLN:HBAcceptor': 2, 'UNL:GLN:Hydrophobic': 1, 'UNL:GLN:VdWContact': 2, 'UNL:GLY:VdWContact': 1, 'UNL:ILE:Hydrophobic': 1, 'UNL:ILE:VdWContact': 2, 'UNL:LEU:Hydrophobic': 4, 'UNL:PHE:Hydrophobic': 1, 'UNL:PHE:VdWContact': 1, 'UNL:THR:Hydrophobic': 1, 'UNL:THR:VdWContact': 1, 'UNL:VAL:Hydrophobic': 1, 'UNL:VAL:VdWContact': 2}"
112,DynamicBind,7YZU_DO7,0.6666666666666667,0.7272727272727272,"{'UNL:ARG:VdWContact': 1, 'UNL:ASP:VdWContact': 1, 'UNL:GLN:VdWContact': 1, 'UNL:HIS:HBAcceptor': 1, 'UNL:HIS:VdWContact': 1, 'UNL:THR:VdWContact': 1, 'UNL:TRP:VdWContact': 2}","{'UNL:ARG:HBAcceptor': 1, 'UNL:ARG:VdWContact': 1, 'UNL:ASP:HBDonor': 1, 'UNL:ASP:VdWContact': 2, 'UNL:GLN:VdWContact': 1, 'UNL:GLU:Hydrophobic': 1, 'UNL:GLU:VdWContact': 1, 'UNL:GLY:HBAcceptor': 1, 'UNL:GLY:VdWContact': 3, 'UNL:HIS:VdWContact': 1, 'UNL:ILE:VdWContact': 1, 'UNL:SER:HBAcceptor': 1, 'UNL:SER:VdWContact': 1, 'UNL:THR:VdWContact': 1, 'UNL:TRP:HBAcceptor': 1, 'UNL:TRP:VdWContact': 2}"
113,DynamicBind,7TOM_5AD,0.49999999999999994,0.42105263157894735,"{'UNL:ARG:VdWContact': 1, 'UNL:ASN:VdWContact': 1, 'UNL:ASP:HBAcceptor': 1, 'UNL:ASP:HBDonor': 1, 'UNL:ASP:VdWContact': 2, 'UNL:HIS:VdWContact': 2, 'UNL:MET:VdWContact': 1, 'UNL:PHE:VdWContact': 1, 'UNL:TYR:VdWContact': 1, 'UNL:VAL:VdWContact': 1}","{'UNL:ALA:Hydrophobic': 1, 'UNL:ARG:VdWContact': 1, 'UNL:GLN:HBAcceptor': 2, 'UNL:GLN:Hydrophobic': 1, 'UNL:GLN:VdWContact': 2, 'UNL:ILE:Hydrophobic': 1, 'UNL:MET:Hydrophobic': 1, 'UNL:MET:VdWContact': 1, 'UNL:PHE:HBAcceptor': 1, 'UNL:PHE:Hydrophobic': 1, 'UNL:PHE:VdWContact': 1, 'UNL:SER:HBAcceptor': 1, 'UNL:SER:HBDonor': 1, 'UNL:SER:VdWContact': 1, 'UNL:THR:Hydrophobic': 1, 'UNL:THR:VdWContact': 1, 'UNL:TYR:Hydrophobic': 1, 'UNL:VAL:Hydrophobic': 1, 'UNL:VAL:VdWContact': 1}"
114,DynamicBind,7VWF_K55,0.5,0.5,"{'UNL:ARG:Hydrophobic': 1, 'UNL:ARG:VdWContact': 2, 'UNL:CYS:Hydrophobic': 1, 'UNL:CYS:VdWContact': 1, 'UNL:GLN:Hydrophobic': 1, 'UNL:HIS:HBAcceptor': 1, 'UNL:HIS:VdWContact': 2, 'UNL:ILE:Hydrophobic': 1, 'UNL:ILE:VdWContact': 3, 'UNL:LEU:Hydrophobic': 2, 'UNL:LEU:VdWContact': 2, 'UNL:MET:Hydrophobic': 1, 'UNL:THR:VdWContact': 2, 'UNL:VAL:Hydrophobic': 2, 'UNL:VAL:VdWContact': 3}","{'UNL:ARG:Hydrophobic': 1, 'UNL:CYS:Hydrophobic': 1, 'UNL:CYS:VdWContact': 1, 'UNL:GLN:Hydrophobic': 1, 'UNL:HIS:HBAcceptor': 1, 'UNL:HIS:VdWContact': 2, 'UNL:ILE:Hydrophobic': 2, 'UNL:ILE:VdWContact': 1, 'UNL:LEU:Hydrophobic': 4, 'UNL:LYS:Hydrophobic': 1, 'UNL:MET:Hydrophobic': 1, 'UNL:MET:VdWContact': 1, 'UNL:PHE:Hydrophobic': 3, 'UNL:PHE:VdWContact': 1, 'UNL:THR:HBDonor': 1, 'UNL:THR:Hydrophobic': 1, 'UNL:THR:VdWContact': 2, 'UNL:TRP:Hydrophobic': 1, 'UNL:TRP:VdWContact': 1, 'UNL:TYR:VdWContact': 1, 'UNL:VAL:Hydrophobic': 4, 'UNL:VAL:VdWContact': 1}"
115,DynamicBind,7XI7_4RI,0.0,0.18181818181818182,"{'UNL:GLU:HBDonor': 1, 'UNL:GLU:VdWContact': 1, 'UNL:ILE:HBDonor': 1, 'UNL:ILE:Hydrophobic': 1, 'UNL:ILE:VdWContact': 2, 'UNL:LEU:Hydrophobic': 1, 'UNL:LEU:VdWContact': 1, 'UNL:PHE:Hydrophobic': 2, 'UNL:PHE:VdWContact': 2, 'UNL:THR:VdWContact': 1}","{'UNL:ALA:Hydrophobic': 1, 'UNL:GLU:HBDonor': 1, 'UNL:GLU:VdWContact': 1, 'UNL:ILE:HBDonor': 1, 'UNL:ILE:Hydrophobic': 2, 'UNL:ILE:VdWContact': 1, 'UNL:LEU:Hydrophobic': 1, 'UNL:PHE:Hydrophobic': 2, 'UNL:PHE:VdWContact': 1, 'UNL:THR:Hydrophobic': 1, 'UNL:VAL:VdWContact': 1}"
116,DynamicBind,7ZF0_DHR,0.0,0.3999999999999999,"{'UNL:GLN:HBAcceptor': 1, 'UNL:GLN:VdWContact': 1, 'UNL:GLU:VdWContact': 1, 'UNL:PHE:VdWContact': 1, 'UNL:TYR:VdWContact': 1, 'UNL:VAL:VdWContact': 1}","{'UNL:GLN:HBAcceptor': 1, 'UNL:GLN:VdWContact': 1, 'UNL:HIS:VdWContact': 1, 'UNL:MET:Hydrophobic': 1, 'UNL:MET:VdWContact': 1, 'UNL:PHE:Hydrophobic': 2, 'UNL:VAL:Hydrophobic': 3}"
117,DynamicBind,7VQ9_ISY,0.25,0.5,"{'UNL:ARG:HBAcceptor': 2, 'UNL:ARG:HBDonor': 1, 'UNL:ARG:VdWContact': 2, 'UNL:ASN:VdWContact': 1, 'UNL:ASP:Hydrophobic': 1, 'UNL:ASP:VdWContact': 1, 'UNL:GLY:HBAcceptor': 1, 'UNL:GLY:VdWContact': 2, 'UNL:PHE:VdWContact': 2, 'UNL:PRO:VdWContact': 1}","{'UNL:ARG:HBAcceptor': 1, 'UNL:ARG:HBDonor': 1, 'UNL:ARG:VdWContact': 2, 'UNL:ASN:VdWContact': 1, 'UNL:ASP:Hydrophobic': 1, 'UNL:GLY:VdWContact': 1, 'UNL:ILE:Hydrophobic': 1, 'UNL:PHE:Hydrophobic': 1, 'UNL:PHE:VdWContact': 1, 'UNL:PRO:Hydrophobic': 1, 'UNL:PRO:VdWContact': 1, 'UNL:SER:HBAcceptor': 1, 'UNL:SER:VdWContact': 1, 'UNL:THR:Hydrophobic': 1}"
118,DynamicBind,7TYP_KUR,0.0,0.3749999999999999,"{'UNL:CYS:HBAcceptor': 1, 'UNL:CYS:VdWContact': 1, 'UNL:GLN:Hydrophobic': 1, 'UNL:GLN:VdWContact': 1, 'UNL:ILE:Hydrophobic': 2, 'UNL:ILE:VdWContact': 3, 'UNL:LEU:VdWContact': 3, 'UNL:LYS:VdWContact': 1, 'UNL:MET:VdWContact': 1, 'UNL:PHE:Hydrophobic': 1, 'UNL:PHE:VdWContact': 3, 'UNL:PRO:VdWContact': 1, 'UNL:THR:VdWContact': 1, 'UNL:TYR:Hydrophobic': 1, 'UNL:TYR:VdWContact': 1, 'UNL:VAL:Hydrophobic': 2, 'UNL:VAL:VdWContact': 2}","{'UNL:ALA:Hydrophobic': 2, 'UNL:CYS:HBAcceptor': 1, 'UNL:CYS:Hydrophobic': 2, 'UNL:CYS:VdWContact': 1, 'UNL:GLU:Hydrophobic': 1, 'UNL:GLU:VdWContact': 1, 'UNL:ILE:Hydrophobic': 1, 'UNL:ILE:VdWContact': 1, 'UNL:LEU:Hydrophobic': 6, 'UNL:LYS:Hydrophobic': 1, 'UNL:LYS:VdWContact': 1, 'UNL:MET:Hydrophobic': 1, 'UNL:MET:VdWContact': 1, 'UNL:PHE:Hydrophobic': 4, 'UNL:PHE:VdWContact': 1, 'UNL:SER:VdWContact': 1, 'UNL:TYR:Hydrophobic': 1, 'UNL:TYR:VdWContact': 1, 'UNL:VAL:Hydrophobic': 2, 'UNL:VAL:VdWContact': 1}"
119,DynamicBind,8HFN_XGC,0.2857142857142857,0.23809523809523808,"{'UNL:ASP:Hydrophobic': 1, 'UNL:ASP:VdWContact': 2, 'UNL:CYS:HBDonor': 1, 'UNL:CYS:Hydrophobic': 1, 'UNL:CYS:VdWContact': 2, 'UNL:GLU:VdWContact': 1, 'UNL:GLY:VdWContact': 3, 'UNL:HIS:HBAcceptor': 1, 'UNL:HIS:HBDonor': 1, 'UNL:HIS:VdWContact': 2, 'UNL:LEU:Hydrophobic': 1, 'UNL:LEU:VdWContact': 1, 'UNL:THR:VdWContact': 2, 'UNL:TRP:Hydrophobic': 1, 'UNL:TRP:VdWContact': 1, 'UNL:VAL:VdWContact': 1}","{'UNL:ASN:HBDonor': 1, 'UNL:ASN:VdWContact': 1, 'UNL:CYS:Hydrophobic': 1, 'UNL:CYS:VdWContact': 2, 'UNL:GLY:VdWContact': 2, 'UNL:HIS:HBAcceptor': 1, 'UNL:HIS:VdWContact': 1, 'UNL:ILE:VdWContact': 1, 'UNL:LEU:Hydrophobic': 1, 'UNL:LYS:Hydrophobic': 1, 'UNL:LYS:VdWContact': 1, 'UNL:MET:HBAcceptor': 1, 'UNL:MET:VdWContact': 1, 'UNL:THR:HBAcceptor': 1, 'UNL:THR:HBDonor': 1, 'UNL:THR:Hydrophobic': 1, 'UNL:THR:VdWContact': 3, 'UNL:TRP:Hydrophobic': 1, 'UNL:TRP:VdWContact': 1, 'UNL:TYR:Hydrophobic': 1, 'UNL:TYR:VdWContact': 1}"
120,DynamicBind,7W06_ITN,1.0,0.2727272727272727,"{'UNL:ARG:HBDonor': 1, 'UNL:ARG:VdWContact': 1, 'UNL:ILE:Hydrophobic': 1, 'UNL:ILE:VdWContact': 1, 'UNL:LEU:Hydrophobic': 1, 'UNL:LEU:VdWContact': 1, 'UNL:PHE:VdWContact': 1, 'UNL:PRO:VdWContact': 1, 'UNL:SER:VdWContact': 1}","{'UNL:ARG:HBAcceptor': 1, 'UNL:ARG:VdWContact': 1, 'UNL:ASN:HBAcceptor': 1, 'UNL:ASN:VdWContact': 1, 'UNL:ILE:Hydrophobic': 2, 'UNL:LEU:Hydrophobic': 1, 'UNL:PHE:Hydrophobic': 1, 'UNL:SER:HBAcceptor': 1, 'UNL:SER:VdWContact': 1, 'UNL:THR:HBAcceptor': 2, 'UNL:THR:HBDonor': 2, 'UNL:THR:VdWContact': 2}"
121,DynamicBind,8GFD_ZHR,0.0,0.39999999999999997,"{'UNL:ALA:VdWContact': 1, 'UNL:ASN:HBAcceptor': 1, 'UNL:ASN:HBDonor': 1, 'UNL:ASN:VdWContact': 1, 'UNL:GLU:VdWContact': 2, 'UNL:SER:VdWContact': 2}","{'UNL:ALA:Hydrophobic': 1, 'UNL:ARG:Hydrophobic': 1, 'UNL:GLN:HBAcceptor': 1, 'UNL:GLN:VdWContact': 2, 'UNL:GLU:HBDonor': 1, 'UNL:GLU:VdWContact': 1, 'UNL:SER:VdWContact': 2, 'UNL:TRP:Hydrophobic': 1, 'UNL:TYR:Hydrophobic': 1, 'UNL:TYR:VdWContact': 1}"
122,DynamicBind,7UQ3_O2U,0.6666666666666666,0.08333333333333326,"{'UNL:ASN:VdWContact': 1, 'UNL:ASP:VdWContact': 1, 'UNL:HIS:HBDonor': 1, 'UNL:HIS:VdWContact': 2, 'UNL:LEU:Hydrophobic': 1, 'UNL:LEU:VdWContact': 1, 'UNL:LYS:VdWContact': 1, 'UNL:TRP:Hydrophobic': 1, 'UNL:TRP:VdWContact': 1, 'UNL:TYR:VdWContact': 1, 'UNL:VAL:Hydrophobic': 1, 'UNL:VAL:VdWContact': 1}","{'UNL:ASN:HBAcceptor': 1, 'UNL:ASN:VdWContact': 1, 'UNL:ASP:VdWContact': 1, 'UNL:HIS:HBAcceptor': 1, 'UNL:HIS:HBDonor': 1, 'UNL:HIS:VdWContact': 2, 'UNL:LEU:Hydrophobic': 1, 'UNL:LEU:VdWContact': 1, 'UNL:LYS:VdWContact': 1, 'UNL:SER:VdWContact': 2, 'UNL:TRP:Hydrophobic': 1, 'UNL:TRP:VdWContact': 1, 'UNL:TYR:VdWContact': 1, 'UNL:VAL:Hydrophobic': 1}"
123,DynamicBind,7USH_82V,0.0,0.49999999999999994,"{'UNL:ASN:HBAcceptor': 1, 'UNL:ASN:VdWContact': 1, 'UNL:LEU:VdWContact': 1, 'UNL:PRO:VdWContact': 1, 'UNL:TRP:VdWContact': 1, 'UNL:VAL:Hydrophobic': 1, 'UNL:VAL:VdWContact': 2}","{'UNL:ASN:HBAcceptor': 1, 'UNL:ASN:VdWContact': 1, 'UNL:HIS:VdWContact': 1, 'UNL:LEU:Hydrophobic': 2, 'UNL:LEU:VdWContact': 1, 'UNL:PHE:Hydrophobic': 1, 'UNL:PRO:Hydrophobic': 1, 'UNL:PRO:VdWContact': 1, 'UNL:TRP:Hydrophobic': 1, 'UNL:TRP:VdWContact': 1, 'UNL:TYR:Hydrophobic': 1, 'UNL:VAL:Hydrophobic': 2}"
124,DynamicBind,7XG5_PLP,0.5999999999999999,0.45454545454545453,"{'UNL:ARG:HBAcceptor': 1, 'UNL:ARG:VdWContact': 2, 'UNL:GLY:VdWContact': 1, 'UNL:LEU:VdWContact': 1, 'UNL:LYS:HBAcceptor': 1, 'UNL:LYS:VdWContact': 1, 'UNL:TRP:VdWContact': 1, 'UNL:TYR:VdWContact': 1, 'UNL:VAL:VdWContact': 1}","{'UNL:ARG:HBAcceptor': 1, 'UNL:ARG:VdWContact': 1, 'UNL:ASN:VdWContact': 1, 'UNL:GLU:VdWContact': 1, 'UNL:GLY:VdWContact': 2, 'UNL:LEU:Hydrophobic': 2, 'UNL:LEU:VdWContact': 1, 'UNL:LYS:VdWContact': 1, 'UNL:THR:HBAcceptor': 2, 'UNL:THR:VdWContact': 3, 'UNL:VAL:HBAcceptor': 1, 'UNL:VAL:HBDonor': 1, 'UNL:VAL:VdWContact': 1}"
125,DynamicBind,8G6P_API,0.625,0.2,"{'UNL:ARG:HBDonor': 1, 'UNL:ARG:VdWContact': 1, 'UNL:HIS:HBDonor': 1, 'UNL:HIS:VdWContact': 2, 'UNL:LYS:HBAcceptor': 1, 'UNL:LYS:VdWContact': 1, 'UNL:THR:VdWContact': 2, 'UNL:TYR:VdWContact': 1}","{'UNL:ARG:HBAcceptor': 2, 'UNL:ARG:HBDonor': 2, 'UNL:ARG:VdWContact': 2, 'UNL:ASN:HBAcceptor': 1, 'UNL:ASN:VdWContact': 1, 'UNL:ASP:HBDonor': 1, 'UNL:ASP:VdWContact': 1, 'UNL:GLU:HBDonor': 1, 'UNL:GLU:VdWContact': 1, 'UNL:GLY:HBDonor': 1, 'UNL:GLY:VdWContact': 2, 'UNL:HIS:Hydrophobic': 1, 'UNL:HIS:VdWContact': 1}"
126,DynamicBind,7ULC_56B,0.8333333333333334,0.4375,"{'UNL:ALA:VdWContact': 1, 'UNL:ASN:HBAcceptor': 1, 'UNL:ASN:VdWContact': 2, 'UNL:HIS:VdWContact': 1, 'UNL:ILE:Hydrophobic': 1, 'UNL:ILE:VdWContact': 1, 'UNL:LEU:VdWContact': 1, 'UNL:LYS:VdWContact': 1, 'UNL:PHE:VdWContact': 1, 'UNL:TRP:VdWContact': 4, 'UNL:TYR:Hydrophobic': 1, 'UNL:TYR:VdWContact': 2}","{'UNL:ASN:HBAcceptor': 1, 'UNL:ASN:HBDonor': 1, 'UNL:ASN:VdWContact': 2, 'UNL:ASP:HBDonor': 1, 'UNL:ASP:VdWContact': 2, 'UNL:GLN:HBAcceptor': 1, 'UNL:GLN:VdWContact': 1, 'UNL:ILE:Hydrophobic': 1, 'UNL:ILE:VdWContact': 1, 'UNL:LYS:VdWContact': 2, 'UNL:PHE:Hydrophobic': 1, 'UNL:PHE:VdWContact': 1, 'UNL:TRP:HBAcceptor': 1, 'UNL:TRP:Hydrophobic': 2, 'UNL:TRP:VdWContact': 2, 'UNL:TYR:HBAcceptor': 1, 'UNL:TYR:Hydrophobic': 1, 'UNL:TYR:VdWContact': 2, 'UNL:VAL:Hydrophobic': 1}"
127,DynamicBind,8DP2_UMA,0.6666666666666667,0.4117647058823529,"{'UNL:ALA:VdWContact': 1, 'UNL:ARG:HBAcceptor': 1, 'UNL:ARG:Hydrophobic': 1, 'UNL:ARG:VdWContact': 2, 'UNL:ASN:VdWContact': 1, 'UNL:ASP:VdWContact': 1, 'UNL:GLY:HBAcceptor': 2, 'UNL:GLY:VdWContact': 2, 'UNL:LEU:VdWContact': 2, 'UNL:LYS:VdWContact': 1, 'UNL:PHE:VdWContact': 2, 'UNL:SER:VdWContact': 3, 'UNL:THR:HBDonor': 1, 'UNL:THR:VdWContact': 2}","{'UNL:ARG:Hydrophobic': 1, 'UNL:ARG:VdWContact': 1, 'UNL:ASN:HBAcceptor': 1, 'UNL:ASN:HBDonor': 1, 'UNL:ASN:VdWContact': 1, 'UNL:GLN:VdWContact': 1, 'UNL:GLY:HBAcceptor': 1, 'UNL:GLY:VdWContact': 2, 'UNL:HIS:VdWContact': 1, 'UNL:LEU:Hydrophobic': 1, 'UNL:LYS:HBAcceptor': 1, 'UNL:LYS:VdWContact': 1, 'UNL:PHE:Hydrophobic': 1, 'UNL:PRO:VdWContact': 1, 'UNL:SER:HBAcceptor': 1, 'UNL:SER:HBDonor': 1, 'UNL:SER:VdWContact': 2, 'UNL:THR:HBAcceptor': 1, 'UNL:THR:HBDonor': 1, 'UNL:THR:Hydrophobic': 1, 'UNL:THR:VdWContact': 1}"
128,DynamicBind,7XFA_D9J,0.0,0.2222222222222222,"{'UNL:ARG:HBAcceptor': 1, 'UNL:ARG:Hydrophobic': 1, 'UNL:ARG:VdWContact': 2, 'UNL:ASN:HBAcceptor': 1, 'UNL:ASN:VdWContact': 1, 'UNL:GLU:VdWContact': 1, 'UNL:GLY:VdWContact': 1, 'UNL:VAL:VdWContact': 1}","{'UNL:ALA:Hydrophobic': 1, 'UNL:ARG:HBAcceptor': 1, 'UNL:ARG:Hydrophobic': 1, 'UNL:ARG:VdWContact': 1, 'UNL:ASN:HBAcceptor': 1, 'UNL:ASN:VdWContact': 2, 'UNL:GLU:VdWContact': 1, 'UNL:GLY:VdWContact': 1, 'UNL:HIS:VdWContact': 1, 'UNL:TRP:Hydrophobic': 1}"
129,DynamicBind,8AEM_LVF,0.0,0.41666666666666674,"{'UNL:ASP:HBAcceptor': 1, 'UNL:ASP:VdWContact': 1, 'UNL:ILE:Hydrophobic': 1, 'UNL:ILE:VdWContact': 1, 'UNL:LYS:VdWContact': 1, 'UNL:MET:Hydrophobic': 1, 'UNL:PHE:Hydrophobic': 1, 'UNL:PHE:VdWContact': 1, 'UNL:VAL:Hydrophobic': 1, 'UNL:VAL:VdWContact': 1}","{'UNL:ILE:Hydrophobic': 2, 'UNL:ILE:VdWContact': 1, 'UNL:LEU:Hydrophobic': 3, 'UNL:MET:Hydrophobic': 2, 'UNL:PHE:Hydrophobic': 1, 'UNL:PRO:Hydrophobic': 1, 'UNL:TYR:Hydrophobic': 2, 'UNL:VAL:HBDonor': 1, 'UNL:VAL:Hydrophobic': 1, 'UNL:VAL:VdWContact': 1}"
130,DynamicBind,7ZHP_IQY,0.3333333333333333,0.5263157894736843,"{'UNL:ALA:VdWContact': 1, 'UNL:ASP:VdWContact': 2, 'UNL:GLN:HBAcceptor': 1, 'UNL:GLN:HBDonor': 1, 'UNL:GLN:VdWContact': 1, 'UNL:GLY:VdWContact': 1, 'UNL:ILE:VdWContact': 2, 'UNL:LEU:Hydrophobic': 1, 'UNL:LEU:VdWContact': 2, 'UNL:MET:VdWContact': 1}","{'UNL:ALA:Hydrophobic': 1, 'UNL:ASP:Hydrophobic': 1, 'UNL:ASP:VdWContact': 1, 'UNL:GLN:HBAcceptor': 1, 'UNL:GLN:HBDonor': 1, 'UNL:GLN:Hydrophobic': 1, 'UNL:GLN:VdWContact': 2, 'UNL:GLU:Hydrophobic': 1, 'UNL:GLU:VdWContact': 1, 'UNL:ILE:Hydrophobic': 2, 'UNL:ILE:VdWContact': 1, 'UNL:LEU:Hydrophobic': 3, 'UNL:LEU:VdWContact': 1, 'UNL:LYS:Hydrophobic': 1, 'UNL:MET:Hydrophobic': 1, 'UNL:MET:VdWContact': 1, 'UNL:PHE:HBAcceptor': 1, 'UNL:PHE:Hydrophobic': 1, 'UNL:PHE:VdWContact': 1, 'UNL:VAL:Hydrophobic': 1}"
131,DynamicBind,8AIE_M7L,1.2,0.3076923076923076,"{'UNL:ARG:HBAcceptor': 1, 'UNL:ARG:VdWContact': 2, 'UNL:GLU:VdWContact': 1, 'UNL:GLY:VdWContact': 1, 'UNL:HIS:VdWContact': 1, 'UNL:LEU:Hydrophobic': 1, 'UNL:LEU:VdWContact': 1, 'UNL:LYS:HBAcceptor': 1, 'UNL:LYS:VdWContact': 1, 'UNL:PHE:VdWContact': 1, 'UNL:SER:VdWContact': 1, 'UNL:TYR:VdWContact': 1}","{'UNL:ARG:HBAcceptor': 2, 'UNL:ARG:VdWContact': 1, 'UNL:GLU:VdWContact': 1, 'UNL:HIS:VdWContact': 1, 'UNL:LEU:Hydrophobic': 1, 'UNL:LYS:VdWContact': 2, 'UNL:SER:VdWContact': 2, 'UNL:THR:HBAcceptor': 3, 'UNL:THR:HBDonor': 2, 'UNL:THR:VdWContact': 4, 'UNL:TYR:Hydrophobic': 1, 'UNL:TYR:VdWContact': 1, 'UNL:VAL:HBAcceptor': 1, 'UNL:VAL:VdWContact': 1}"
132,DynamicBind,7UMW_NAD,0.5714285714285714,0.6666666666666666,"{'UNL:ALA:HBAcceptor': 2, 'UNL:ALA:HBDonor': 1, 'UNL:ALA:VdWContact': 3, 'UNL:GLY:VdWContact': 1, 'UNL:ILE:VdWContact': 1, 'UNL:LEU:VdWContact': 2, 'UNL:PHE:Hydrophobic': 1, 'UNL:PHE:VdWContact': 1, 'UNL:SER:VdWContact': 1, 'UNL:THR:VdWContact': 1, 'UNL:TYR:VdWContact': 1}","{'UNL:ALA:Hydrophobic': 1, 'UNL:ALA:VdWContact': 2, 'UNL:ASP:HBDonor': 1, 'UNL:ASP:VdWContact': 1, 'UNL:CYS:VdWContact': 1, 'UNL:GLN:Hydrophobic': 1, 'UNL:GLN:VdWContact': 1, 'UNL:GLY:VdWContact': 2, 'UNL:ILE:HBAcceptor': 2, 'UNL:ILE:HBDonor': 2, 'UNL:ILE:Hydrophobic': 3, 'UNL:ILE:VdWContact': 3, 'UNL:LEU:Hydrophobic': 1, 'UNL:LYS:VdWContact': 1, 'UNL:PHE:Hydrophobic': 1, 'UNL:PRO:VdWContact': 1, 'UNL:SER:VdWContact': 3, 'UNL:THR:HBAcceptor': 1, 'UNL:THR:VdWContact': 1, 'UNL:TYR:Hydrophobic': 1, 'UNL:VAL:HBAcceptor': 1, 'UNL:VAL:Hydrophobic': 1, 'UNL:VAL:VdWContact': 1}"
133,DynamicBind,7WQQ_5Z6,0.0,0.625,"{'UNL:ARG:VdWContact': 1, 'UNL:CYS:Hydrophobic': 1, 'UNL:CYS:VdWContact': 1, 'UNL:GLY:VdWContact': 1, 'UNL:ILE:Hydrophobic': 1, 'UNL:ILE:VdWContact': 2, 'UNL:LEU:Hydrophobic': 1, 'UNL:LEU:VdWContact': 2, 'UNL:PHE:VdWContact': 3, 'UNL:SER:HBDonor': 1, 'UNL:SER:VdWContact': 2, 'UNL:TRP:VdWContact': 1, 'UNL:VAL:VdWContact': 1}","{'UNL:ARG:Hydrophobic': 2, 'UNL:CYS:Hydrophobic': 1, 'UNL:GLY:VdWContact': 1, 'UNL:ILE:Hydrophobic': 3, 'UNL:ILE:VdWContact': 1, 'UNL:LEU:Hydrophobic': 6, 'UNL:LEU:VdWContact': 1, 'UNL:PHE:Hydrophobic': 4, 'UNL:PHE:VdWContact': 4, 'UNL:SER:HBAcceptor': 1, 'UNL:SER:VdWContact': 2, 'UNL:TRP:Hydrophobic': 1, 'UNL:VAL:Hydrophobic': 1}"
134,DynamicBind,7WL4_JFU,0.0,0.5555555555555556,"{'UNL:ASN:HBAcceptor': 1, 'UNL:ASN:VdWContact': 1, 'UNL:ILE:Hydrophobic': 1, 'UNL:ILE:VdWContact': 1, 'UNL:LEU:Hydrophobic': 1, 'UNL:LEU:VdWContact': 1, 'UNL:PRO:VdWContact': 1, 'UNL:TRP:Hydrophobic': 1, 'UNL:TRP:VdWContact': 1, 'UNL:VAL:VdWContact': 1}","{'UNL:ASN:HBAcceptor': 1, 'UNL:ASN:VdWContact': 1, 'UNL:ASP:Hydrophobic': 1, 'UNL:ASP:VdWContact': 1, 'UNL:ILE:Hydrophobic': 1, 'UNL:ILE:VdWContact': 1, 'UNL:LEU:Hydrophobic': 2, 'UNL:LEU:VdWContact': 2, 'UNL:MET:Hydrophobic': 2, 'UNL:MET:VdWContact': 1, 'UNL:PHE:Hydrophobic': 1, 'UNL:PHE:VdWContact': 1, 'UNL:PRO:Hydrophobic': 1, 'UNL:PRO:VdWContact': 1, 'UNL:TRP:Hydrophobic': 1, 'UNL:TYR:Hydrophobic': 1, 'UNL:VAL:Hydrophobic': 1}"
135,DynamicBind,7Z2O_IAJ,0.0,0.5,"{'UNL:GLY:HBAcceptor': 1, 'UNL:GLY:VdWContact': 1, 'UNL:LEU:Hydrophobic': 1, 'UNL:LEU:VdWContact': 1, 'UNL:SER:VdWContact': 1, 'UNL:TYR:Hydrophobic': 2, 'UNL:TYR:VdWContact': 2}","{'UNL:ALA:Hydrophobic': 1, 'UNL:ASN:Hydrophobic': 1, 'UNL:GLY:HBAcceptor': 1, 'UNL:GLY:VdWContact': 1, 'UNL:HIS:VdWContact': 1, 'UNL:LEU:VdWContact': 1, 'UNL:SER:VdWContact': 1, 'UNL:TYR:Hydrophobic': 3, 'UNL:TYR:VdWContact': 3, 'UNL:VAL:Hydrophobic': 1}"
136,DynamicBind,7Z7F_IF3,0.0,0.5555555555555556,"{'UNL:ASP:HBDonor': 1, 'UNL:ASP:VdWContact': 2, 'UNL:CYS:VdWContact': 1, 'UNL:LYS:VdWContact': 1, 'UNL:SER:VdWContact': 1, 'UNL:TRP:HBDonor': 1, 'UNL:TRP:VdWContact': 3, 'UNL:TYR:VdWContact': 1}","{'UNL:ASP:Hydrophobic': 1, 'UNL:ASP:VdWContact': 2, 'UNL:CYS:HBDonor': 1, 'UNL:CYS:VdWContact': 1, 'UNL:GLN:VdWContact': 1, 'UNL:LYS:VdWContact': 1, 'UNL:SER:VdWContact': 2, 'UNL:TRP:Hydrophobic': 2, 'UNL:TRP:VdWContact': 1, 'UNL:TYR:HBAcceptor': 1, 'UNL:TYR:VdWContact': 1}"
137,DynamicBind,7ZL5_IWE,0.3333333333333333,0.18181818181818177,"{'UNL:ALA:VdWContact': 1, 'UNL:HIS:HBDonor': 1, 'UNL:HIS:VdWContact': 2, 'UNL:LEU:Hydrophobic': 2, 'UNL:LEU:VdWContact': 3, 'UNL:PRO:VdWContact': 1, 'UNL:THR:HBAcceptor': 1, 'UNL:THR:HBDonor': 1, 'UNL:THR:VdWContact': 1, 'UNL:TYR:VdWContact': 1, 'UNL:VAL:VdWContact': 1}","{'UNL:ALA:Hydrophobic': 1, 'UNL:ALA:VdWContact': 1, 'UNL:HIS:Hydrophobic': 1, 'UNL:HIS:VdWContact': 1, 'UNL:LEU:Hydrophobic': 3, 'UNL:LEU:VdWContact': 1, 'UNL:PHE:Hydrophobic': 1, 'UNL:THR:HBAcceptor': 1, 'UNL:THR:HBDonor': 1, 'UNL:THR:VdWContact': 1}"
138,DynamicBind,7ZOC_T8E,0.0,0.1666666666666667,"{'UNL:GLU:Hydrophobic': 1, 'UNL:GLU:VdWContact': 4, 'UNL:GLY:HBDonor': 1, 'UNL:GLY:VdWContact': 2, 'UNL:HIS:Hydrophobic': 1, 'UNL:HIS:VdWContact': 1, 'UNL:MET:VdWContact': 1, 'UNL:TRP:Hydrophobic': 1, 'UNL:TRP:VdWContact': 1, 'UNL:TYR:Hydrophobic': 1, 'UNL:TYR:VdWContact': 2}","{'UNL:ASN:Hydrophobic': 1, 'UNL:GLN:Hydrophobic': 1, 'UNL:GLU:HBDonor': 1, 'UNL:GLU:VdWContact': 4, 'UNL:HIS:Hydrophobic': 1, 'UNL:MET:VdWContact': 1, 'UNL:TRP:Hydrophobic': 1, 'UNL:TRP:VdWContact': 1, 'UNL:TYR:Hydrophobic': 1, 'UNL:TYR:VdWContact': 2}"
139,DynamicBind,7WCF_ACP,0.2857142857142857,0.21052631578947367,"{'UNL:ARG:VdWContact': 1, 'UNL:ASP:Hydrophobic': 1, 'UNL:ASP:VdWContact': 2, 'UNL:GLN:VdWContact': 2, 'UNL:GLU:VdWContact': 1, 'UNL:ILE:VdWContact': 1, 'UNL:LYS:HBAcceptor': 1, 'UNL:LYS:VdWContact': 3, 'UNL:PHE:HBAcceptor': 1, 'UNL:PHE:VdWContact': 1, 'UNL:PRO:VdWContact': 1, 'UNL:SER:HBDonor': 1, 'UNL:SER:VdWContact': 1, 'UNL:TYR:VdWContact': 1}","{'UNL:ARG:Hydrophobic': 1, 'UNL:ARG:VdWContact': 1, 'UNL:ASP:VdWContact': 2, 'UNL:GLN:HBAcceptor': 1, 'UNL:GLN:Hydrophobic': 1, 'UNL:GLN:VdWContact': 2, 'UNL:GLY:VdWContact': 1, 'UNL:HIS:HBAcceptor': 1, 'UNL:HIS:VdWContact': 1, 'UNL:ILE:Hydrophobic': 1, 'UNL:ILE:VdWContact': 1, 'UNL:LYS:HBDonor': 1, 'UNL:LYS:VdWContact': 3, 'UNL:PHE:HBAcceptor': 1, 'UNL:PHE:Hydrophobic': 1, 'UNL:PHE:VdWContact': 1, 'UNL:TYR:Hydrophobic': 1, 'UNL:TYR:VdWContact': 1, 'UNL:VAL:HBAcceptor': 1, 'UNL:VAL:VdWContact': 1}"
140,DynamicBind,7QE4_NGA,0.6666666666666666,0.33333333333333326,"{'UNL:GLY:VdWContact': 1, 'UNL:HIS:HBDonor': 1, 'UNL:HIS:VdWContact': 1, 'UNL:PRO:VdWContact': 1, 'UNL:TYR:VdWContact': 1}","{'UNL:ARG:HBAcceptor': 1, 'UNL:ARG:VdWContact': 1, 'UNL:ASP:VdWContact': 1, 'UNL:GLY:HBDonor': 1, 'UNL:GLY:VdWContact': 2, 'UNL:HIS:HBDonor': 1, 'UNL:HIS:VdWContact': 1, 'UNL:PRO:VdWContact': 1}"
141,DynamicBind,8BOM_QU6,0.75,0.5454545454545455,"{'UNL:ALA:VdWContact': 1, 'UNL:ASP:VdWContact': 1, 'UNL:GLU:Hydrophobic': 1, 'UNL:GLU:VdWContact': 1, 'UNL:LYS:Hydrophobic': 1, 'UNL:LYS:VdWContact': 1, 'UNL:MET:Hydrophobic': 1, 'UNL:MET:VdWContact': 2, 'UNL:PHE:VdWContact': 1, 'UNL:SER:VdWContact': 1, 'UNL:THR:HBDonor': 1, 'UNL:THR:VdWContact': 1, 'UNL:TYR:VdWContact': 1, 'UNL:VAL:VdWContact': 1}","{'UNL:ALA:Hydrophobic': 1, 'UNL:ALA:VdWContact': 1, 'UNL:ASP:HBAcceptor': 1, 'UNL:ASP:Hydrophobic': 1, 'UNL:ASP:VdWContact': 1, 'UNL:GLU:HBDonor': 1, 'UNL:GLU:Hydrophobic': 1, 'UNL:GLU:VdWContact': 2, 'UNL:ILE:Hydrophobic': 3, 'UNL:ILE:VdWContact': 2, 'UNL:LEU:Hydrophobic': 1, 'UNL:LYS:Hydrophobic': 1, 'UNL:MET:HBAcceptor': 1, 'UNL:MET:Hydrophobic': 1, 'UNL:MET:VdWContact': 1, 'UNL:PHE:Hydrophobic': 2, 'UNL:PHE:VdWContact': 1, 'UNL:SER:VdWContact': 1, 'UNL:THR:HBDonor': 1, 'UNL:THR:Hydrophobic': 1, 'UNL:THR:VdWContact': 1, 'UNL:TYR:Hydrophobic': 2, 'UNL:TYR:VdWContact': 1, 'UNL:VAL:Hydrophobic': 1}"
142,DynamicBind,5SIS_JSM,0.0,0.2777777777777777,"{'UNL:GLN:HBAcceptor': 1, 'UNL:GLN:VdWContact': 1, 'UNL:GLU:Hydrophobic': 1, 'UNL:GLU:VdWContact': 1, 'UNL:GLY:VdWContact': 1, 'UNL:ILE:Hydrophobic': 1, 'UNL:ILE:VdWContact': 1, 'UNL:MET:Hydrophobic': 1, 'UNL:MET:VdWContact': 1, 'UNL:PHE:Hydrophobic': 1, 'UNL:PHE:VdWContact': 2, 'UNL:SER:VdWContact': 1, 'UNL:TYR:VdWContact': 2, 'UNL:VAL:Hydrophobic': 1, 'UNL:VAL:VdWContact': 2}","{'UNL:GLN:HBAcceptor': 1, 'UNL:GLN:VdWContact': 1, 'UNL:GLU:Hydrophobic': 1, 'UNL:GLU:VdWContact': 1, 'UNL:GLY:VdWContact': 1, 'UNL:ILE:Hydrophobic': 1, 'UNL:ILE:VdWContact': 1, 'UNL:LEU:Hydrophobic': 1, 'UNL:LYS:Hydrophobic': 1, 'UNL:MET:Hydrophobic': 1, 'UNL:MET:VdWContact': 1, 'UNL:PHE:Hydrophobic': 2, 'UNL:PHE:VdWContact': 1, 'UNL:PRO:Hydrophobic': 1, 'UNL:TYR:Hydrophobic': 1, 'UNL:TYR:VdWContact': 1, 'UNL:VAL:Hydrophobic': 1, 'UNL:VAL:VdWContact': 1}"
143,DynamicBind,5SD5_HWI,1.0,0.46666666666666673,"{'UNL:ASP:VdWContact': 1, 'UNL:GLN:Hydrophobic': 1, 'UNL:GLN:VdWContact': 1, 'UNL:ILE:HBDonor': 2, 'UNL:ILE:Hydrophobic': 1, 'UNL:ILE:VdWContact': 2, 'UNL:LEU:VdWContact': 1, 'UNL:PHE:VdWContact': 1, 'UNL:PRO:VdWContact': 1, 'UNL:TYR:VdWContact': 1}","{'UNL:ALA:Hydrophobic': 1, 'UNL:ARG:HBAcceptor': 2, 'UNL:ARG:HBDonor': 1, 'UNL:ARG:VdWContact': 3, 'UNL:ASP:HBDonor': 1, 'UNL:ASP:VdWContact': 1, 'UNL:GLN:Hydrophobic': 1, 'UNL:ILE:HBDonor': 2, 'UNL:ILE:Hydrophobic': 3, 'UNL:ILE:VdWContact': 2, 'UNL:LEU:Hydrophobic': 2, 'UNL:PHE:Hydrophobic': 1, 'UNL:PHE:VdWContact': 1, 'UNL:THR:Hydrophobic': 1, 'UNL:TRP:VdWContact': 1}"
144,DynamicBind,8A2D_KXY,0.6666666666666666,0.36363636363636376,"{'UNL:ARG:HBAcceptor': 1, 'UNL:ARG:Hydrophobic': 1, 'UNL:ARG:VdWContact': 1, 'UNL:CYS:VdWContact': 1, 'UNL:GLN:VdWContact': 1, 'UNL:GLY:VdWContact': 2, 'UNL:LEU:Hydrophobic': 2, 'UNL:LEU:VdWContact': 5, 'UNL:MET:Hydrophobic': 1, 'UNL:MET:VdWContact': 2, 'UNL:PHE:Hydrophobic': 1, 'UNL:PHE:VdWContact': 1, 'UNL:THR:VdWContact': 2, 'UNL:VAL:VdWContact': 1}","{'UNL:ALA:Hydrophobic': 1, 'UNL:ALA:VdWContact': 1, 'UNL:ARG:HBAcceptor': 1, 'UNL:ARG:VdWContact': 1, 'UNL:ASP:HBDonor': 1, 'UNL:ASP:VdWContact': 1, 'UNL:CYS:Hydrophobic': 1, 'UNL:CYS:VdWContact': 1, 'UNL:GLU:VdWContact': 1, 'UNL:ILE:Hydrophobic': 1, 'UNL:LEU:Hydrophobic': 3, 'UNL:LYS:Hydrophobic': 1, 'UNL:MET:Hydrophobic': 1, 'UNL:MET:VdWContact': 1, 'UNL:PHE:HBAcceptor': 1, 'UNL:PHE:Hydrophobic': 2, 'UNL:PHE:VdWContact': 1, 'UNL:THR:Hydrophobic': 2, 'UNL:THR:VdWContact': 1, 'UNL:VAL:Hydrophobic': 3}"
145,DynamicBind,7QPP_VDX,0.5,1.0625,"{'UNL:CYS:HBAcceptor': 1, 'UNL:CYS:VdWContact': 1, 'UNL:HIS:VdWContact': 2, 'UNL:LEU:VdWContact': 2, 'UNL:PHE:VdWContact': 2, 'UNL:SER:VdWContact': 1, 'UNL:TYR:VdWContact': 2, 'UNL:VAL:VdWContact': 2}","{'UNL:ARG:HBAcceptor': 1, 'UNL:ARG:VdWContact': 1, 'UNL:CYS:VdWContact': 1, 'UNL:HIS:HBAcceptor': 1, 'UNL:HIS:HBDonor': 1, 'UNL:HIS:VdWContact': 2, 'UNL:ILE:Hydrophobic': 2, 'UNL:LEU:Hydrophobic': 6, 'UNL:LEU:VdWContact': 1, 'UNL:MET:Hydrophobic': 1, 'UNL:PHE:Hydrophobic': 1, 'UNL:SER:VdWContact': 3, 'UNL:TRP:Hydrophobic': 1, 'UNL:TRP:VdWContact': 1, 'UNL:TYR:Hydrophobic': 3, 'UNL:TYR:VdWContact': 2, 'UNL:VAL:Hydrophobic': 3, 'UNL:VAL:VdWContact': 1}"
146,DynamicBind,7SIU_9ID,0.3333333333333333,0.5625,"{'UNL:ALA:VdWContact': 1, 'UNL:ASP:VdWContact': 1, 'UNL:CYS:HBAcceptor': 1, 'UNL:CYS:VdWContact': 1, 'UNL:GLU:HBDonor': 1, 'UNL:GLU:VdWContact': 1, 'UNL:GLY:VdWContact': 4, 'UNL:LEU:VdWContact': 1, 'UNL:LYS:VdWContact': 1}","{'UNL:ALA:HBDonor': 1, 'UNL:ALA:Hydrophobic': 2, 'UNL:ALA:VdWContact': 1, 'UNL:ASP:Hydrophobic': 1, 'UNL:CYS:HBAcceptor': 1, 'UNL:CYS:VdWContact': 1, 'UNL:GLU:HBDonor': 1, 'UNL:GLU:VdWContact': 1, 'UNL:LEU:Hydrophobic': 3, 'UNL:LYS:VdWContact': 1, 'UNL:MET:Hydrophobic': 1, 'UNL:PHE:Hydrophobic': 1, 'UNL:PHE:VdWContact': 1, 'UNL:TYR:Hydrophobic': 1, 'UNL:VAL:Hydrophobic': 2, 'UNL:VAL:VdWContact': 1}"
147,DynamicBind,7QHG_T3B,0.6,0.6818181818181817,"{'UNL:ARG:Hydrophobic': 1, 'UNL:ARG:VdWContact': 1, 'UNL:ASP:Hydrophobic': 1, 'UNL:ASP:VdWContact': 1, 'UNL:GLY:VdWContact': 1, 'UNL:ILE:HBAcceptor': 1, 'UNL:ILE:HBDonor': 1, 'UNL:ILE:VdWContact': 1, 'UNL:LEU:Hydrophobic': 2, 'UNL:LEU:VdWContact': 2, 'UNL:LYS:Hydrophobic': 1, 'UNL:LYS:VdWContact': 1, 'UNL:PHE:Hydrophobic': 3, 'UNL:PHE:VdWContact': 4, 'UNL:THR:VdWContact': 1, 'UNL:VAL:Hydrophobic': 1, 'UNL:VAL:VdWContact': 2}","{'UNL:ARG:HBAcceptor': 1, 'UNL:ARG:Hydrophobic': 1, 'UNL:ARG:VdWContact': 1, 'UNL:ASP:HBAcceptor': 1, 'UNL:ASP:Hydrophobic': 1, 'UNL:ASP:VdWContact': 1, 'UNL:GLU:VdWContact': 1, 'UNL:GLY:VdWContact': 2, 'UNL:HIS:VdWContact': 1, 'UNL:ILE:HBAcceptor': 1, 'UNL:ILE:HBDonor': 1, 'UNL:ILE:Hydrophobic': 3, 'UNL:ILE:VdWContact': 2, 'UNL:LEU:Hydrophobic': 7, 'UNL:LEU:VdWContact': 4, 'UNL:LYS:Hydrophobic': 1, 'UNL:LYS:VdWContact': 1, 'UNL:MET:Hydrophobic': 1, 'UNL:MET:VdWContact': 1, 'UNL:PHE:Hydrophobic': 2, 'UNL:THR:HBDonor': 1, 'UNL:THR:Hydrophobic': 1, 'UNL:THR:VdWContact': 1, 'UNL:TYR:Hydrophobic': 1, 'UNL:VAL:Hydrophobic': 3, 'UNL:VAL:VdWContact': 2}"
148,NeuralPLexer,8AAU_LH0,0.3333333333333333,0.14285714285714285,"{'UNL:ALA:VdWContact': 2, 'UNL:ASP:VdWContact': 1, 'UNL:GLU:VdWContact': 1, 'UNL:GLY:VdWContact': 2, 'UNL:LEU:Hydrophobic': 1, 'UNL:LEU:VdWContact': 2, 'UNL:LYS:HBAcceptor': 1, 'UNL:LYS:Hydrophobic': 1, 'UNL:LYS:VdWContact': 1, 'UNL:VAL:VdWContact': 1}","{'UNL:ALA:VdWContact': 2, 'UNL:GLY:VdWContact': 1, 'UNL:ILE:HBAcceptor': 1, 'UNL:ILE:HBDonor': 1, 'UNL:ILE:Hydrophobic': 1, 'UNL:ILE:VdWContact': 1, 'UNL:LEU:Hydrophobic': 2, 'UNL:LEU:VdWContact': 1, 'UNL:THR:VdWContact': 1, 'UNL:TYR:Hydrophobic': 1, 'UNL:VAL:Hydrophobic': 1, 'UNL:VAL:VdWContact': 1}"
149,NeuralPLexer,7UAW_MF6,1.2857142857142856,0.9166666666666667,"{'UNL:GLN:VdWContact': 2, 'UNL:GLU:VdWContact': 1, 'UNL:HIS:VdWContact': 1, 'UNL:LYS:HBAcceptor': 1, 'UNL:LYS:VdWContact': 1, 'UNL:PHE:VdWContact': 1}","{'UNL:ALA:VdWContact': 1, 'UNL:ARG:HBAcceptor': 4, 'UNL:ARG:HBDonor': 1, 'UNL:ARG:VdWContact': 4, 'UNL:ASN:HBAcceptor': 1, 'UNL:ASN:HBDonor': 1, 'UNL:ASN:VdWContact': 2, 'UNL:GLN:VdWContact': 1, 'UNL:GLY:HBAcceptor': 2, 'UNL:GLY:VdWContact': 2, 'UNL:HIS:HBAcceptor': 1, 'UNL:HIS:VdWContact': 1, 'UNL:PHE:Hydrophobic': 2, 'UNL:PHE:VdWContact': 2, 'UNL:PRO:VdWContact': 1, 'UNL:THR:VdWContact': 1}"
150,NeuralPLexer,7UYB_OK0,0.6666666666666667,0.49999999999999994,"{'UNL:ASN:Hydrophobic': 1, 'UNL:ASN:VdWContact': 1, 'UNL:ASP:VdWContact': 1, 'UNL:CYS:VdWContact': 1, 'UNL:HIS:HBAcceptor': 2, 'UNL:HIS:VdWContact': 2, 'UNL:PHE:Hydrophobic': 1, 'UNL:SER:VdWContact': 1, 'UNL:TYR:Hydrophobic': 1}","{'UNL:ASN:HBAcceptor': 1, 'UNL:ASN:Hydrophobic': 1, 'UNL:ASN:VdWContact': 1, 'UNL:ASP:HBDonor': 1, 'UNL:ASP:VdWContact': 1, 'UNL:CYS:VdWContact': 1, 'UNL:HIS:Hydrophobic': 1, 'UNL:HIS:VdWContact': 3, 'UNL:PHE:Hydrophobic': 1, 'UNL:PHE:VdWContact': 1, 'UNL:SER:VdWContact': 2, 'UNL:TRP:Hydrophobic': 1, 'UNL:TRP:VdWContact': 1, 'UNL:TYR:Hydrophobic': 1}"
151,NeuralPLexer,8C3N_ADP,0.4285714285714286,0.4,"{'UNL:ARG:HBAcceptor': 1, 'UNL:ARG:VdWContact': 1, 'UNL:GLN:HBAcceptor': 1, 'UNL:GLN:VdWContact': 1, 'UNL:GLY:HBAcceptor': 1, 'UNL:GLY:VdWContact': 2, 'UNL:LYS:HBAcceptor': 1, 'UNL:LYS:VdWContact': 1, 'UNL:PHE:VdWContact': 1, 'UNL:THR:VdWContact': 1}","{'UNL:ARG:VdWContact': 2, 'UNL:GLN:HBAcceptor': 1, 'UNL:GLN:Hydrophobic': 1, 'UNL:GLN:VdWContact': 1, 'UNL:GLU:HBDonor': 1, 'UNL:GLU:VdWContact': 1, 'UNL:GLY:HBAcceptor': 2, 'UNL:GLY:VdWContact': 2, 'UNL:ILE:Hydrophobic': 1, 'UNL:LYS:HBAcceptor': 1, 'UNL:LYS:VdWContact': 1, 'UNL:SER:HBAcceptor': 1, 'UNL:SER:VdWContact': 1, 'UNL:THR:HBAcceptor': 1, 'UNL:THR:VdWContact': 1}"
152,NeuralPLexer,7XQZ_FPF,1.0,0.5294117647058824,"{'UNL:ASP:VdWContact': 1, 'UNL:GLN:VdWContact': 1, 'UNL:LYS:VdWContact': 1, 'UNL:MET:VdWContact': 1, 'UNL:PHE:Hydrophobic': 1, 'UNL:PHE:VdWContact': 3, 'UNL:TRP:HBAcceptor': 1, 'UNL:TRP:Hydrophobic': 1, 'UNL:TRP:VdWContact': 2, 'UNL:TYR:VdWContact': 1}","{'UNL:ALA:Hydrophobic': 1, 'UNL:ARG:HBAcceptor': 2, 'UNL:ARG:VdWContact': 2, 'UNL:GLN:HBAcceptor': 1, 'UNL:GLN:HBDonor': 1, 'UNL:GLN:VdWContact': 2, 'UNL:ILE:Hydrophobic': 1, 'UNL:ILE:VdWContact': 1, 'UNL:LYS:VdWContact': 1, 'UNL:MET:Hydrophobic': 1, 'UNL:PHE:Hydrophobic': 4, 'UNL:PHE:VdWContact': 1, 'UNL:PRO:VdWContact': 1, 'UNL:THR:Hydrophobic': 1, 'UNL:TRP:HBAcceptor': 1, 'UNL:TRP:Hydrophobic': 2, 'UNL:TRP:VdWContact': 1, 'UNL:TYR:Hydrophobic': 1, 'UNL:TYR:VdWContact': 1}"
153,NeuralPLexer,7QFM_AY3,0.3333333333333333,0.33333333333333326,"{'UNL:ALA:VdWContact': 1, 'UNL:ARG:Hydrophobic': 1, 'UNL:ARG:VdWContact': 1, 'UNL:ASP:Hydrophobic': 1, 'UNL:ASP:VdWContact': 1, 'UNL:GLU:VdWContact': 1, 'UNL:LEU:Hydrophobic': 1, 'UNL:LEU:VdWContact': 2, 'UNL:LYS:HBAcceptor': 1, 'UNL:LYS:Hydrophobic': 1, 'UNL:LYS:VdWContact': 1, 'UNL:VAL:Hydrophobic': 1, 'UNL:VAL:VdWContact': 1}","{'UNL:ALA:Hydrophobic': 1, 'UNL:ARG:VdWContact': 1, 'UNL:ASP:HBAcceptor': 1, 'UNL:ASP:Hydrophobic': 1, 'UNL:ASP:VdWContact': 2, 'UNL:ILE:Hydrophobic': 2, 'UNL:ILE:VdWContact': 1, 'UNL:LEU:Hydrophobic': 3, 'UNL:LEU:VdWContact': 1, 'UNL:LYS:HBDonor': 1, 'UNL:LYS:VdWContact': 1, 'UNL:VAL:Hydrophobic': 1}"
154,NeuralPLexer,7XBV_APC,0.33333333333333337,0.46153846153846145,"{'UNL:ARG:VdWContact': 1, 'UNL:ASP:HBDonor': 1, 'UNL:ASP:VdWContact': 1, 'UNL:GLU:VdWContact': 1, 'UNL:GLY:HBDonor': 1, 'UNL:GLY:VdWContact': 3, 'UNL:PHE:VdWContact': 2, 'UNL:THR:HBAcceptor': 1, 'UNL:THR:VdWContact': 1, 'UNL:TYR:VdWContact': 1}","{'UNL:ASP:HBDonor': 1, 'UNL:ASP:VdWContact': 1, 'UNL:GLY:HBAcceptor': 1, 'UNL:GLY:VdWContact': 2, 'UNL:ILE:HBDonor': 1, 'UNL:ILE:Hydrophobic': 1, 'UNL:ILE:VdWContact': 1, 'UNL:PHE:Hydrophobic': 2, 'UNL:PHE:VdWContact': 1, 'UNL:PRO:VdWContact': 1, 'UNL:SER:HBAcceptor': 1, 'UNL:SER:VdWContact': 1, 'UNL:THR:HBAcceptor': 1, 'UNL:THR:VdWContact': 2, 'UNL:TYR:Hydrophobic': 1, 'UNL:TYR:VdWContact': 1}"
155,NeuralPLexer,7Q27_8KC,0.49999999999999994,0.2941176470588236,"{'UNL:ALA:VdWContact': 1, 'UNL:ARG:HBAcceptor': 1, 'UNL:ARG:VdWContact': 1, 'UNL:GLN:Hydrophobic': 1, 'UNL:GLN:VdWContact': 1, 'UNL:GLU:VdWContact': 2, 'UNL:HIS:Hydrophobic': 1, 'UNL:HIS:VdWContact': 2, 'UNL:LYS:VdWContact': 2, 'UNL:PHE:VdWContact': 1, 'UNL:SER:VdWContact': 1, 'UNL:TYR:HBAcceptor': 1, 'UNL:TYR:Hydrophobic': 1, 'UNL:TYR:VdWContact': 1, 'UNL:VAL:Hydrophobic': 1, 'UNL:VAL:VdWContact': 1}","{'UNL:ALA:Hydrophobic': 1, 'UNL:ALA:VdWContact': 1, 'UNL:ASP:VdWContact': 1, 'UNL:GLN:HBAcceptor': 1, 'UNL:GLN:VdWContact': 1, 'UNL:GLU:VdWContact': 1, 'UNL:HIS:HBAcceptor': 1, 'UNL:HIS:HBDonor': 2, 'UNL:HIS:Hydrophobic': 1, 'UNL:HIS:VdWContact': 4, 'UNL:LYS:HBDonor': 1, 'UNL:LYS:VdWContact': 1, 'UNL:PHE:Hydrophobic': 3, 'UNL:PHE:VdWContact': 1, 'UNL:TYR:Hydrophobic': 1, 'UNL:TYR:VdWContact': 2, 'UNL:VAL:Hydrophobic': 3, 'UNL:VAL:VdWContact': 1}"
156,NeuralPLexer,7THI_PGA,1.2,0.7142857142857144,"{'UNL:ASN:HBAcceptor': 1, 'UNL:ASN:VdWContact': 1, 'UNL:PHE:VdWContact': 1, 'UNL:TYR:VdWContact': 1}","{'UNL:ARG:HBAcceptor': 3, 'UNL:ARG:VdWContact': 3, 'UNL:ASN:HBAcceptor': 1, 'UNL:ASN:VdWContact': 1, 'UNL:CYS:HBAcceptor': 1, 'UNL:CYS:HBDonor': 1, 'UNL:CYS:VdWContact': 1, 'UNL:GLU:VdWContact': 1, 'UNL:SER:HBAcceptor': 1, 'UNL:SER:VdWContact': 1, 'UNL:TYR:VdWContact': 1}"
157,NeuralPLexer,7TE8_P0T,0.0,0.2608695652173913,"{'UNL:ALA:VdWContact': 1, 'UNL:ASN:VdWContact': 1, 'UNL:GLN:VdWContact': 2, 'UNL:GLY:VdWContact': 2, 'UNL:HIS:VdWContact': 2, 'UNL:LEU:Hydrophobic': 1, 'UNL:LEU:VdWContact': 1, 'UNL:LYS:HBAcceptor': 1, 'UNL:LYS:Hydrophobic': 1, 'UNL:LYS:VdWContact': 1, 'UNL:MET:VdWContact': 1, 'UNL:PHE:Hydrophobic': 1, 'UNL:PHE:VdWContact': 1, 'UNL:SER:VdWContact': 1}","{'UNL:ALA:Hydrophobic': 3, 'UNL:ALA:VdWContact': 1, 'UNL:ASP:HBDonor': 1, 'UNL:ASP:Hydrophobic': 1, 'UNL:ASP:VdWContact': 1, 'UNL:GLN:Hydrophobic': 1, 'UNL:GLU:Hydrophobic': 1, 'UNL:HIS:Hydrophobic': 1, 'UNL:HIS:VdWContact': 1, 'UNL:LYS:Hydrophobic': 1, 'UNL:LYS:VdWContact': 1, 'UNL:MET:Hydrophobic': 1, 'UNL:PHE:Hydrophobic': 4, 'UNL:PHE:VdWContact': 1, 'UNL:TRP:VdWContact': 1, 'UNL:TYR:Hydrophobic': 2, 'UNL:TYR:VdWContact': 1}"
158,NeuralPLexer,7QF4_RBF,0.75,0.5625,"{'UNL:ASN:HBAcceptor': 1, 'UNL:ASN:HBDonor': 1, 'UNL:ASN:VdWContact': 3, 'UNL:GLN:HBAcceptor': 1, 'UNL:GLN:VdWContact': 3, 'UNL:GLY:VdWContact': 1, 'UNL:ILE:VdWContact': 1, 'UNL:LEU:Hydrophobic': 1, 'UNL:LEU:VdWContact': 1, 'UNL:PHE:VdWContact': 1, 'UNL:THR:VdWContact': 1, 'UNL:VAL:VdWContact': 2}","{'UNL:ARG:HBAcceptor': 1, 'UNL:ARG:VdWContact': 1, 'UNL:ASN:HBAcceptor': 2, 'UNL:ASN:HBDonor': 1, 'UNL:ASN:Hydrophobic': 1, 'UNL:ASN:VdWContact': 3, 'UNL:GLN:HBAcceptor': 2, 'UNL:GLN:Hydrophobic': 1, 'UNL:GLN:VdWContact': 2, 'UNL:GLY:VdWContact': 1, 'UNL:ILE:Hydrophobic': 1, 'UNL:ILE:VdWContact': 2, 'UNL:LEU:Hydrophobic': 4, 'UNL:PHE:Hydrophobic': 1, 'UNL:PHE:VdWContact': 1, 'UNL:THR:Hydrophobic': 1, 'UNL:THR:VdWContact': 1, 'UNL:VAL:Hydrophobic': 1, 'UNL:VAL:VdWContact': 2}"
159,NeuralPLexer,8EAB_VN2,0.6666666666666667,0.6111111111111113,"{'UNL:ASN:Hydrophobic': 1, 'UNL:GLN:Hydrophobic': 1, 'UNL:GLN:VdWContact': 2, 'UNL:HIS:VdWContact': 1, 'UNL:ILE:VdWContact': 1, 'UNL:LEU:HBAcceptor': 1, 'UNL:LEU:Hydrophobic': 3, 'UNL:LEU:VdWContact': 7, 'UNL:MET:Hydrophobic': 1, 'UNL:MET:VdWContact': 1, 'UNL:PHE:Hydrophobic': 2, 'UNL:PHE:VdWContact': 2, 'UNL:TYR:Hydrophobic': 2, 'UNL:TYR:VdWContact': 2, 'UNL:VAL:Hydrophobic': 1, 'UNL:VAL:VdWContact': 2}","{'UNL:ILE:Hydrophobic': 4, 'UNL:ILE:VdWContact': 2, 'UNL:LEU:HBDonor': 1, 'UNL:LEU:Hydrophobic': 2, 'UNL:LEU:VdWContact': 2, 'UNL:LYS:HBAcceptor': 2, 'UNL:LYS:Hydrophobic': 2, 'UNL:LYS:VdWContact': 2, 'UNL:PHE:Hydrophobic': 2, 'UNL:PHE:VdWContact': 2, 'UNL:VAL:Hydrophobic': 2, 'UNL:VAL:VdWContact': 2}"
160,NeuralPLexer,7YZU_DO7,0.2,0.5454545454545454,"{'UNL:ARG:HBAcceptor': 1, 'UNL:ASP:HBDonor': 1, 'UNL:ASP:VdWContact': 2, 'UNL:GLN:VdWContact': 1, 'UNL:GLY:HBAcceptor': 1, 'UNL:GLY:VdWContact': 2, 'UNL:SER:HBAcceptor': 1, 'UNL:SER:VdWContact': 1, 'UNL:THR:VdWContact': 1, 'UNL:TRP:VdWContact': 2}","{'UNL:ARG:HBAcceptor': 1, 'UNL:ARG:VdWContact': 1, 'UNL:ASP:HBDonor': 1, 'UNL:ASP:VdWContact': 2, 'UNL:GLN:VdWContact': 1, 'UNL:GLU:Hydrophobic': 1, 'UNL:GLU:VdWContact': 1, 'UNL:GLY:HBAcceptor': 1, 'UNL:GLY:VdWContact': 3, 'UNL:HIS:VdWContact': 1, 'UNL:ILE:VdWContact': 1, 'UNL:SER:HBAcceptor': 1, 'UNL:SER:VdWContact': 1, 'UNL:THR:VdWContact': 1, 'UNL:TRP:HBAcceptor': 1, 'UNL:TRP:VdWContact': 2}"
161,NeuralPLexer,7TOM_5AD,0.8,0.6470588235294118,"{'UNL:ASN:HBAcceptor': 1, 'UNL:ASN:VdWContact': 1, 'UNL:GLN:VdWContact': 1, 'UNL:PHE:VdWContact': 3, 'UNL:TYR:VdWContact': 1, 'UNL:VAL:VdWContact': 1}","{'UNL:ALA:Hydrophobic': 1, 'UNL:ARG:VdWContact': 1, 'UNL:GLN:HBAcceptor': 2, 'UNL:GLN:Hydrophobic': 1, 'UNL:GLN:VdWContact': 2, 'UNL:ILE:Hydrophobic': 1, 'UNL:MET:Hydrophobic': 1, 'UNL:MET:VdWContact': 1, 'UNL:PHE:HBAcceptor': 1, 'UNL:PHE:Hydrophobic': 1, 'UNL:PHE:VdWContact': 1, 'UNL:SER:HBAcceptor': 1, 'UNL:SER:HBDonor': 1, 'UNL:SER:VdWContact': 1, 'UNL:THR:Hydrophobic': 1, 'UNL:THR:VdWContact': 1, 'UNL:TYR:Hydrophobic': 1, 'UNL:VAL:Hydrophobic': 1, 'UNL:VAL:VdWContact': 1}"
162,NeuralPLexer,7XI7_4RI,0.3333333333333333,0.0,"{'UNL:ALA:VdWContact': 1, 'UNL:GLU:VdWContact': 1, 'UNL:LEU:Hydrophobic': 1, 'UNL:LEU:VdWContact': 1, 'UNL:PHE:Hydrophobic': 1, 'UNL:PHE:VdWContact': 2, 'UNL:TYR:VdWContact': 1, 'UNL:VAL:HBDonor': 1, 'UNL:VAL:Hydrophobic': 1, 'UNL:VAL:VdWContact': 2}","{'UNL:ALA:Hydrophobic': 1, 'UNL:GLU:HBDonor': 1, 'UNL:GLU:VdWContact': 1, 'UNL:ILE:HBDonor': 1, 'UNL:ILE:Hydrophobic': 2, 'UNL:ILE:VdWContact': 1, 'UNL:LEU:Hydrophobic': 1, 'UNL:PHE:Hydrophobic': 2, 'UNL:PHE:VdWContact': 1, 'UNL:THR:Hydrophobic': 1, 'UNL:VAL:VdWContact': 1}"
163,NeuralPLexer,7WPW_F15,0.5,0.7857142857142856,"{'UNL:ALA:VdWContact': 1, 'UNL:ARG:HBAcceptor': 1, 'UNL:ARG:VdWContact': 1, 'UNL:ASP:Hydrophobic': 1, 'UNL:LYS:Hydrophobic': 1, 'UNL:MET:Hydrophobic': 1, 'UNL:MET:VdWContact': 1}","{'UNL:ALA:Hydrophobic': 2, 'UNL:ARG:HBAcceptor': 1, 'UNL:ARG:HBDonor': 1, 'UNL:ARG:VdWContact': 1, 'UNL:ASP:Hydrophobic': 1, 'UNL:LEU:Hydrophobic': 3, 'UNL:LYS:Hydrophobic': 1, 'UNL:MET:Hydrophobic': 1, 'UNL:PHE:Hydrophobic': 2, 'UNL:PRO:Hydrophobic': 1, 'UNL:THR:Hydrophobic': 2, 'UNL:TYR:Hydrophobic': 1, 'UNL:TYR:VdWContact': 1, 'UNL:VAL:Hydrophobic': 1}"
164,NeuralPLexer,7T3E_SLB,1.0,0.875,"{'UNL:ARG:HBAcceptor': 1, 'UNL:ARG:VdWContact': 2, 'UNL:ASN:VdWContact': 1, 'UNL:ASP:VdWContact': 1, 'UNL:GLU:VdWContact': 1, 'UNL:PHE:VdWContact': 1}","{'UNL:ARG:HBAcceptor': 2, 'UNL:ARG:HBDonor': 1, 'UNL:ARG:VdWContact': 3, 'UNL:ASN:HBAcceptor': 1, 'UNL:ASN:VdWContact': 1, 'UNL:ASP:HBDonor': 1, 'UNL:ASP:Hydrophobic': 1, 'UNL:ASP:VdWContact': 1, 'UNL:GLN:HBAcceptor': 1, 'UNL:GLN:VdWContact': 2, 'UNL:GLU:HBDonor': 1, 'UNL:GLU:VdWContact': 1, 'UNL:PHE:Hydrophobic': 2, 'UNL:PHE:VdWContact': 2}"
165,NeuralPLexer,7VQ9_ISY,1.0,0.7692307692307693,"{'UNL:ARG:HBAcceptor': 2, 'UNL:ARG:Hydrophobic': 2, 'UNL:ARG:VdWContact': 3, 'UNL:ASP:VdWContact': 1}","{'UNL:ARG:HBAcceptor': 1, 'UNL:ARG:HBDonor': 1, 'UNL:ARG:VdWContact': 2, 'UNL:ASN:VdWContact': 1, 'UNL:ASP:Hydrophobic': 1, 'UNL:GLY:VdWContact': 1, 'UNL:ILE:Hydrophobic': 1, 'UNL:PHE:Hydrophobic': 1, 'UNL:PHE:VdWContact': 1, 'UNL:PRO:Hydrophobic': 1, 'UNL:PRO:VdWContact': 1, 'UNL:SER:HBAcceptor': 1, 'UNL:SER:VdWContact': 1, 'UNL:THR:Hydrophobic': 1}"
166,NeuralPLexer,7W06_ITN,1.0,0.4444444444444444,"{'UNL:ARG:HBAcceptor': 1, 'UNL:ARG:Hydrophobic': 1, 'UNL:ARG:VdWContact': 1, 'UNL:PHE:VdWContact': 1, 'UNL:SER:HBAcceptor': 1, 'UNL:SER:VdWContact': 1, 'UNL:THR:VdWContact': 1}","{'UNL:ARG:HBAcceptor': 1, 'UNL:ARG:VdWContact': 1, 'UNL:ASN:HBAcceptor': 1, 'UNL:ASN:VdWContact': 1, 'UNL:ILE:Hydrophobic': 2, 'UNL:LEU:Hydrophobic': 1, 'UNL:PHE:Hydrophobic': 1, 'UNL:SER:HBAcceptor': 1, 'UNL:SER:VdWContact': 1, 'UNL:THR:HBAcceptor': 2, 'UNL:THR:HBDonor': 2, 'UNL:THR:VdWContact': 2}"
167,NeuralPLexer,7UAS_MBU,0.0,0.6000000000000001,"{'UNL:ASP:VdWContact': 1, 'UNL:CYS:VdWContact': 1, 'UNL:LYS:HBAcceptor': 1, 'UNL:LYS:Hydrophobic': 1, 'UNL:LYS:VdWContact': 2, 'UNL:PHE:VdWContact': 4, 'UNL:SER:VdWContact': 1, 'UNL:TYR:VdWContact': 2}","{'UNL:ASP:Hydrophobic': 2, 'UNL:CYS:HBAcceptor': 1, 'UNL:CYS:Hydrophobic': 1, 'UNL:CYS:VdWContact': 1, 'UNL:GLY:VdWContact': 1, 'UNL:ILE:Hydrophobic': 1, 'UNL:ILE:VdWContact': 1, 'UNL:LYS:Hydrophobic': 1, 'UNL:PHE:Hydrophobic': 4, 'UNL:PHE:VdWContact': 2, 'UNL:PRO:Hydrophobic': 1, 'UNL:SER:VdWContact': 2, 'UNL:TYR:Hydrophobic': 2, 'UNL:TYR:VdWContact': 2}"
168,NeuralPLexer,8GFD_ZHR,0.5,0.4545454545454545,"{'UNL:ALA:VdWContact': 1, 'UNL:ASN:VdWContact': 1, 'UNL:GLU:HBDonor': 1, 'UNL:GLU:VdWContact': 1, 'UNL:MET:VdWContact': 1, 'UNL:TYR:VdWContact': 1}","{'UNL:ALA:Hydrophobic': 1, 'UNL:ARG:Hydrophobic': 1, 'UNL:GLN:HBAcceptor': 1, 'UNL:GLN:VdWContact': 2, 'UNL:GLU:HBDonor': 1, 'UNL:GLU:VdWContact': 1, 'UNL:SER:VdWContact': 2, 'UNL:TRP:Hydrophobic': 1, 'UNL:TYR:Hydrophobic': 1, 'UNL:TYR:VdWContact': 1}"
169,NeuralPLexer,7UQ3_O2U,0.3333333333333333,0.6363636363636362,"{'UNL:HIS:HBAcceptor': 1, 'UNL:HIS:HBDonor': 1, 'UNL:HIS:VdWContact': 1, 'UNL:SER:VdWContact': 1, 'UNL:TRP:Hydrophobic': 1, 'UNL:TRP:VdWContact': 2, 'UNL:TYR:VdWContact': 1}","{'UNL:ASN:HBAcceptor': 1, 'UNL:ASN:VdWContact': 1, 'UNL:ASP:VdWContact': 1, 'UNL:HIS:HBAcceptor': 1, 'UNL:HIS:HBDonor': 1, 'UNL:HIS:VdWContact': 2, 'UNL:LEU:Hydrophobic': 1, 'UNL:LEU:VdWContact': 1, 'UNL:LYS:VdWContact': 1, 'UNL:SER:VdWContact': 2, 'UNL:TRP:Hydrophobic': 1, 'UNL:TRP:VdWContact': 1, 'UNL:TYR:VdWContact': 1, 'UNL:VAL:Hydrophobic': 1}"
170,NeuralPLexer,7USH_82V,0.0,0.6666666666666666,"{'UNL:ASN:HBAcceptor': 1, 'UNL:ASN:VdWContact': 1, 'UNL:ASP:VdWContact': 1, 'UNL:HIS:VdWContact': 1, 'UNL:PRO:VdWContact': 1, 'UNL:VAL:Hydrophobic': 1}","{'UNL:ASN:HBAcceptor': 1, 'UNL:ASN:VdWContact': 1, 'UNL:HIS:VdWContact': 1, 'UNL:LEU:Hydrophobic': 2, 'UNL:LEU:VdWContact': 1, 'UNL:PHE:Hydrophobic': 1, 'UNL:PRO:Hydrophobic': 1, 'UNL:PRO:VdWContact': 1, 'UNL:TRP:Hydrophobic': 1, 'UNL:TRP:VdWContact': 1, 'UNL:TYR:Hydrophobic': 1, 'UNL:VAL:Hydrophobic': 2}"
171,NeuralPLexer,7XG5_PLP,0.5999999999999999,0.3636363636363637,"{'UNL:GLU:VdWContact': 1, 'UNL:GLY:VdWContact': 2, 'UNL:LYS:HBAcceptor': 1, 'UNL:LYS:VdWContact': 1, 'UNL:PHE:VdWContact': 1, 'UNL:THR:VdWContact': 2, 'UNL:TRP:VdWContact': 1, 'UNL:VAL:HBAcceptor': 1, 'UNL:VAL:VdWContact': 1}","{'UNL:ARG:HBAcceptor': 1, 'UNL:ARG:VdWContact': 1, 'UNL:ASN:VdWContact': 1, 'UNL:GLU:VdWContact': 1, 'UNL:GLY:VdWContact': 2, 'UNL:LEU:Hydrophobic': 2, 'UNL:LEU:VdWContact': 1, 'UNL:LYS:VdWContact': 1, 'UNL:THR:HBAcceptor': 2, 'UNL:THR:VdWContact': 3, 'UNL:VAL:HBAcceptor': 1, 'UNL:VAL:HBDonor': 1, 'UNL:VAL:VdWContact': 1}"
172,NeuralPLexer,8G6P_API,0.6666666666666667,0.39999999999999997,"{'UNL:ARG:HBAcceptor': 1, 'UNL:ARG:HBDonor': 1, 'UNL:ARG:VdWContact': 1, 'UNL:ASN:HBAcceptor': 1, 'UNL:ASN:VdWContact': 1, 'UNL:ASP:HBDonor': 1, 'UNL:ASP:VdWContact': 1, 'UNL:GLU:VdWContact': 1, 'UNL:GLY:VdWContact': 1, 'UNL:HIS:Hydrophobic': 1, 'UNL:HIS:VdWContact': 2, 'UNL:LYS:VdWContact': 1, 'UNL:THR:VdWContact': 1, 'UNL:TYR:VdWContact': 1}","{'UNL:ARG:HBAcceptor': 2, 'UNL:ARG:HBDonor': 2, 'UNL:ARG:VdWContact': 2, 'UNL:ASN:HBAcceptor': 1, 'UNL:ASN:VdWContact': 1, 'UNL:ASP:HBDonor': 1, 'UNL:ASP:VdWContact': 1, 'UNL:GLU:HBDonor': 1, 'UNL:GLU:VdWContact': 1, 'UNL:GLY:HBDonor': 1, 'UNL:GLY:VdWContact': 2, 'UNL:HIS:Hydrophobic': 1, 'UNL:HIS:VdWContact': 1}"
173,NeuralPLexer,7ULC_56B,0.2857142857142857,0.5,"{'UNL:ASN:HBAcceptor': 1, 'UNL:ASN:VdWContact': 2, 'UNL:CYS:VdWContact': 1, 'UNL:LYS:HBAcceptor': 1, 'UNL:LYS:VdWContact': 2, 'UNL:PHE:VdWContact': 2, 'UNL:TRP:HBAcceptor': 1, 'UNL:TRP:Hydrophobic': 1, 'UNL:TRP:VdWContact': 1, 'UNL:TYR:HBAcceptor': 1, 'UNL:TYR:Hydrophobic': 1, 'UNL:TYR:VdWContact': 2}","{'UNL:ASN:HBAcceptor': 1, 'UNL:ASN:HBDonor': 1, 'UNL:ASN:VdWContact': 2, 'UNL:ASP:HBDonor': 1, 'UNL:ASP:VdWContact': 2, 'UNL:GLN:HBAcceptor': 1, 'UNL:GLN:VdWContact': 1, 'UNL:ILE:Hydrophobic': 1, 'UNL:ILE:VdWContact': 1, 'UNL:LYS:VdWContact': 2, 'UNL:PHE:Hydrophobic': 1, 'UNL:PHE:VdWContact': 1, 'UNL:TRP:HBAcceptor': 1, 'UNL:TRP:Hydrophobic': 2, 'UNL:TRP:VdWContact': 2, 'UNL:TYR:HBAcceptor': 1, 'UNL:TYR:Hydrophobic': 1, 'UNL:TYR:VdWContact': 2, 'UNL:VAL:Hydrophobic': 1}"
174,NeuralPLexer,7SFO_98L,0.5,0.8823529411764707,"{'UNL:ALA:VdWContact': 1, 'UNL:ILE:VdWContact': 1, 'UNL:LEU:HBDonor': 1, 'UNL:LEU:Hydrophobic': 3, 'UNL:LEU:VdWContact': 2, 'UNL:MET:Hydrophobic': 2, 'UNL:MET:VdWContact': 3, 'UNL:THR:VdWContact': 1}","{'UNL:ALA:Hydrophobic': 1, 'UNL:ARG:HBAcceptor': 1, 'UNL:ARG:VdWContact': 1, 'UNL:GLU:VdWContact': 1, 'UNL:GLY:VdWContact': 1, 'UNL:HIS:Hydrophobic': 1, 'UNL:HIS:VdWContact': 1, 'UNL:ILE:Hydrophobic': 1, 'UNL:LEU:HBDonor': 1, 'UNL:LEU:Hydrophobic': 7, 'UNL:LEU:VdWContact': 4, 'UNL:MET:Hydrophobic': 4, 'UNL:MET:VdWContact': 1, 'UNL:PHE:Hydrophobic': 1, 'UNL:THR:Hydrophobic': 1, 'UNL:TRP:Hydrophobic': 1}"
175,NeuralPLexer,8DP2_UMA,0.18181818181818182,0.33333333333333337,"{'UNL:ARG:HBAcceptor': 1, 'UNL:ARG:VdWContact': 1, 'UNL:ASN:VdWContact': 1, 'UNL:ASP:VdWContact': 1, 'UNL:GLN:VdWContact': 1, 'UNL:GLY:HBAcceptor': 1, 'UNL:GLY:VdWContact': 3, 'UNL:HIS:HBAcceptor': 1, 'UNL:HIS:HBDonor': 1, 'UNL:HIS:VdWContact': 1, 'UNL:LYS:HBAcceptor': 1, 'UNL:LYS:VdWContact': 1, 'UNL:PHE:VdWContact': 1, 'UNL:SER:HBAcceptor': 1, 'UNL:SER:VdWContact': 2}","{'UNL:ARG:Hydrophobic': 1, 'UNL:ARG:VdWContact': 1, 'UNL:ASN:HBAcceptor': 1, 'UNL:ASN:HBDonor': 1, 'UNL:ASN:VdWContact': 1, 'UNL:GLN:VdWContact': 1, 'UNL:GLY:HBAcceptor': 1, 'UNL:GLY:VdWContact': 2, 'UNL:HIS:VdWContact': 1, 'UNL:LEU:Hydrophobic': 1, 'UNL:LYS:HBAcceptor': 1, 'UNL:LYS:VdWContact': 1, 'UNL:PHE:Hydrophobic': 1, 'UNL:PRO:VdWContact': 1, 'UNL:SER:HBAcceptor': 1, 'UNL:SER:HBDonor': 1, 'UNL:SER:VdWContact': 2, 'UNL:THR:HBAcceptor': 1, 'UNL:THR:HBDonor': 1, 'UNL:THR:Hydrophobic': 1, 'UNL:THR:VdWContact': 1}"
176,NeuralPLexer,7W05_GMP,0.7999999999999999,1.25,"{'UNL:GLU:HBDonor': 1, 'UNL:GLU:VdWContact': 1, 'UNL:HIS:VdWContact': 1, 'UNL:TYR:HBAcceptor': 1, 'UNL:TYR:VdWContact': 1}","{'UNL:ASN:HBDonor': 1, 'UNL:ASN:VdWContact': 2, 'UNL:GLN:VdWContact': 1, 'UNL:GLU:HBDonor': 2, 'UNL:GLU:VdWContact': 2, 'UNL:HIS:HBAcceptor': 1, 'UNL:HIS:HBDonor': 1, 'UNL:HIS:Hydrophobic': 1, 'UNL:HIS:VdWContact': 2, 'UNL:PHE:Hydrophobic': 1, 'UNL:TYR:HBAcceptor': 1, 'UNL:TYR:Hydrophobic': 2, 'UNL:TYR:VdWContact': 2}"
177,NeuralPLexer,8AIE_M7L,1.25,0.36363636363636365,"{'UNL:ARG:HBAcceptor': 1, 'UNL:ARG:VdWContact': 2, 'UNL:GLU:VdWContact': 1, 'UNL:GLY:VdWContact': 1, 'UNL:HIS:VdWContact': 2, 'UNL:LYS:VdWContact': 1, 'UNL:SER:VdWContact': 1, 'UNL:THR:HBDonor': 2, 'UNL:THR:VdWContact': 3}","{'UNL:ARG:HBAcceptor': 2, 'UNL:ARG:VdWContact': 1, 'UNL:GLU:VdWContact': 1, 'UNL:HIS:VdWContact': 1, 'UNL:LEU:Hydrophobic': 1, 'UNL:LYS:VdWContact': 2, 'UNL:SER:VdWContact': 2, 'UNL:THR:HBAcceptor': 3, 'UNL:THR:HBDonor': 2, 'UNL:THR:VdWContact': 4, 'UNL:TYR:Hydrophobic': 1, 'UNL:TYR:VdWContact': 1, 'UNL:VAL:HBAcceptor': 1, 'UNL:VAL:VdWContact': 1}"
178,NeuralPLexer,7UY4_SMI,0.0,0.5,"{'UNL:ASN:VdWContact': 1, 'UNL:ASP:VdWContact': 1, 'UNL:LEU:VdWContact': 2, 'UNL:TRP:HBAcceptor': 1, 'UNL:TRP:HBDonor': 1, 'UNL:TRP:VdWContact': 1}","{'UNL:ALA:Hydrophobic': 1, 'UNL:ASN:HBAcceptor': 1, 'UNL:ASN:HBDonor': 1, 'UNL:ASN:VdWContact': 1, 'UNL:ASP:VdWContact': 1, 'UNL:GLU:Hydrophobic': 1, 'UNL:GLU:VdWContact': 2, 'UNL:PRO:Hydrophobic': 1, 'UNL:PRO:VdWContact': 1, 'UNL:TRP:Hydrophobic': 1, 'UNL:TRP:VdWContact': 1}"
179,NeuralPLexer,7UMW_NAD,0.375,0.5,"{'UNL:ALA:VdWContact': 3, 'UNL:ASP:HBDonor': 1, 'UNL:ASP:VdWContact': 1, 'UNL:GLN:HBDonor': 1, 'UNL:GLN:VdWContact': 1, 'UNL:ILE:VdWContact': 1, 'UNL:LEU:VdWContact': 1, 'UNL:LYS:HBAcceptor': 1, 'UNL:LYS:VdWContact': 1, 'UNL:SER:VdWContact': 3, 'UNL:THR:HBAcceptor': 1, 'UNL:THR:VdWContact': 1, 'UNL:TYR:HBDonor': 1, 'UNL:TYR:Hydrophobic': 1, 'UNL:TYR:VdWContact': 2, 'UNL:VAL:HBAcceptor': 1, 'UNL:VAL:VdWContact': 1}","{'UNL:ALA:Hydrophobic': 1, 'UNL:ALA:VdWContact': 2, 'UNL:ASP:HBDonor': 1, 'UNL:ASP:VdWContact': 1, 'UNL:CYS:VdWContact': 1, 'UNL:GLN:Hydrophobic': 1, 'UNL:GLN:VdWContact': 1, 'UNL:GLY:VdWContact': 2, 'UNL:ILE:HBAcceptor': 2, 'UNL:ILE:HBDonor': 2, 'UNL:ILE:Hydrophobic': 3, 'UNL:ILE:VdWContact': 3, 'UNL:LEU:Hydrophobic': 1, 'UNL:LYS:VdWContact': 1, 'UNL:PHE:Hydrophobic': 1, 'UNL:PRO:VdWContact': 1, 'UNL:SER:VdWContact': 3, 'UNL:THR:HBAcceptor': 1, 'UNL:THR:VdWContact': 1, 'UNL:TYR:Hydrophobic': 1, 'UNL:VAL:HBAcceptor': 1, 'UNL:VAL:Hydrophobic': 1, 'UNL:VAL:VdWContact': 1}"
180,NeuralPLexer,7U3J_L6U,0.7142857142857142,0.85,"{'UNL:LYS:HBAcceptor': 1, 'UNL:LYS:Hydrophobic': 1, 'UNL:LYS:VdWContact': 1, 'UNL:SER:VdWContact': 2, 'UNL:TRP:Hydrophobic': 1, 'UNL:TRP:VdWContact': 1, 'UNL:TYR:Hydrophobic': 1, 'UNL:TYR:VdWContact': 1}","{'UNL:ALA:Hydrophobic': 1, 'UNL:ALA:VdWContact': 1, 'UNL:GLN:HBDonor': 1, 'UNL:GLN:Hydrophobic': 1, 'UNL:GLN:VdWContact': 2, 'UNL:GLU:HBDonor': 1, 'UNL:GLU:VdWContact': 1, 'UNL:GLY:HBDonor': 1, 'UNL:GLY:VdWContact': 1, 'UNL:ILE:Hydrophobic': 1, 'UNL:LEU:Hydrophobic': 3, 'UNL:LEU:VdWContact': 2, 'UNL:PHE:Hydrophobic': 1, 'UNL:PHE:VdWContact': 1, 'UNL:SER:HBAcceptor': 1, 'UNL:SER:HBDonor': 1, 'UNL:SER:VdWContact': 3, 'UNL:THR:Hydrophobic': 1, 'UNL:THR:VdWContact': 1, 'UNL:TRP:Hydrophobic': 1, 'UNL:TYR:HBAcceptor': 1, 'UNL:TYR:Hydrophobic': 1, 'UNL:TYR:VdWContact': 3}"
181,NeuralPLexer,7WQQ_5Z6,0.0,0.6875,"{'UNL:ARG:Hydrophobic': 1, 'UNL:ARG:VdWContact': 1, 'UNL:CYS:Hydrophobic': 1, 'UNL:CYS:VdWContact': 1, 'UNL:GLY:VdWContact': 1, 'UNL:ILE:VdWContact': 1, 'UNL:LEU:VdWContact': 2, 'UNL:PHE:Hydrophobic': 1, 'UNL:PHE:VdWContact': 3, 'UNL:SER:HBAcceptor': 1, 'UNL:SER:VdWContact': 2, 'UNL:TRP:VdWContact': 1, 'UNL:VAL:VdWContact': 1}","{'UNL:ARG:Hydrophobic': 2, 'UNL:CYS:Hydrophobic': 1, 'UNL:GLY:VdWContact': 1, 'UNL:ILE:Hydrophobic': 3, 'UNL:ILE:VdWContact': 1, 'UNL:LEU:Hydrophobic': 6, 'UNL:LEU:VdWContact': 1, 'UNL:PHE:Hydrophobic': 4, 'UNL:PHE:VdWContact': 4, 'UNL:SER:HBAcceptor': 1, 'UNL:SER:VdWContact': 2, 'UNL:TRP:Hydrophobic': 1, 'UNL:VAL:Hydrophobic': 1}"
182,NeuralPLexer,7WL4_JFU,0.0,0.6875,"{'UNL:ASN:HBAcceptor': 1, 'UNL:ASN:VdWContact': 1, 'UNL:ASP:Hydrophobic': 1, 'UNL:ASP:VdWContact': 1, 'UNL:LEU:Hydrophobic': 1, 'UNL:LEU:VdWContact': 1, 'UNL:MET:Hydrophobic': 1, 'UNL:MET:VdWContact': 1, 'UNL:PRO:VdWContact': 1}","{'UNL:ASN:HBAcceptor': 1, 'UNL:ASN:VdWContact': 1, 'UNL:ASP:Hydrophobic': 1, 'UNL:ASP:VdWContact': 1, 'UNL:ILE:Hydrophobic': 1, 'UNL:ILE:VdWContact': 1, 'UNL:LEU:Hydrophobic': 2, 'UNL:LEU:VdWContact': 2, 'UNL:MET:Hydrophobic': 2, 'UNL:MET:VdWContact': 1, 'UNL:PHE:Hydrophobic': 1, 'UNL:PHE:VdWContact': 1, 'UNL:PRO:Hydrophobic': 1, 'UNL:PRO:VdWContact': 1, 'UNL:TRP:Hydrophobic': 1, 'UNL:TYR:Hydrophobic': 1, 'UNL:VAL:Hydrophobic': 1}"
183,NeuralPLexer,8C5M_MTA,0.5,0.5384615384615383,"{'UNL:ASN:VdWContact': 1, 'UNL:ASP:VdWContact': 2, 'UNL:CYS:HBDonor': 1, 'UNL:CYS:VdWContact': 1, 'UNL:GLY:VdWContact': 1, 'UNL:MET:VdWContact': 1, 'UNL:TYR:VdWContact': 1}","{'UNL:ASP:Hydrophobic': 1, 'UNL:ASP:VdWContact': 3, 'UNL:CYS:HBAcceptor': 1, 'UNL:CYS:Hydrophobic': 1, 'UNL:CYS:VdWContact': 1, 'UNL:GLY:VdWContact': 1, 'UNL:LEU:HBAcceptor': 1, 'UNL:LEU:Hydrophobic': 1, 'UNL:LEU:VdWContact': 1, 'UNL:MET:Hydrophobic': 1, 'UNL:MET:VdWContact': 1, 'UNL:PHE:Hydrophobic': 1, 'UNL:TYR:HBAcceptor': 1, 'UNL:TYR:Hydrophobic': 1, 'UNL:TYR:VdWContact': 1}"
184,NeuralPLexer,7Z7F_IF3,0.3333333333333333,0.7000000000000001,"{'UNL:ASP:VdWContact': 1, 'UNL:ILE:VdWContact': 1, 'UNL:LYS:VdWContact': 1, 'UNL:SER:HBAcceptor': 1, 'UNL:SER:VdWContact': 3, 'UNL:TRP:VdWContact': 3}","{'UNL:ASP:Hydrophobic': 1, 'UNL:ASP:VdWContact': 2, 'UNL:CYS:HBDonor': 1, 'UNL:CYS:VdWContact': 1, 'UNL:GLN:VdWContact': 1, 'UNL:LYS:VdWContact': 1, 'UNL:SER:VdWContact': 2, 'UNL:TRP:Hydrophobic': 2, 'UNL:TRP:VdWContact': 1, 'UNL:TYR:HBAcceptor': 1, 'UNL:TYR:VdWContact': 1}"
185,NeuralPLexer,7TUO_KL9,0.0,0.30434782608695654,"{'UNL:ASN:HBDonor': 1, 'UNL:ASN:Hydrophobic': 1, 'UNL:ASN:VdWContact': 1, 'UNL:CYS:VdWContact': 1, 'UNL:GLY:HBDonor': 1, 'UNL:GLY:VdWContact': 2, 'UNL:HIS:VdWContact': 1, 'UNL:LEU:Hydrophobic': 1, 'UNL:LEU:VdWContact': 1, 'UNL:TRP:Hydrophobic': 1, 'UNL:TRP:VdWContact': 1, 'UNL:VAL:VdWContact': 1}","{'UNL:ALA:Hydrophobic': 1, 'UNL:ALA:VdWContact': 1, 'UNL:GLN:HBAcceptor': 1, 'UNL:GLN:Hydrophobic': 1, 'UNL:GLN:VdWContact': 1, 'UNL:GLU:HBDonor': 1, 'UNL:GLU:Hydrophobic': 1, 'UNL:GLU:VdWContact': 1, 'UNL:HIS:Hydrophobic': 1, 'UNL:HIS:VdWContact': 1, 'UNL:LEU:Hydrophobic': 1, 'UNL:LEU:VdWContact': 1, 'UNL:PHE:Hydrophobic': 1, 'UNL:PHE:VdWContact': 1, 'UNL:THR:Hydrophobic': 2, 'UNL:TYR:Hydrophobic': 2, 'UNL:TYR:VdWContact': 1, 'UNL:VAL:Hydrophobic': 1}"
186,NeuralPLexer,7ZL5_IWE,0.3333333333333333,0.3846153846153846,"{'UNL:HIS:HBDonor': 1, 'UNL:HIS:VdWContact': 2, 'UNL:LEU:Hydrophobic': 1, 'UNL:LEU:VdWContact': 2, 'UNL:PRO:Hydrophobic': 1, 'UNL:PRO:VdWContact': 1, 'UNL:SER:VdWContact': 2, 'UNL:TYR:Hydrophobic': 2, 'UNL:TYR:VdWContact': 2}","{'UNL:ALA:Hydrophobic': 1, 'UNL:ALA:VdWContact': 1, 'UNL:HIS:Hydrophobic': 1, 'UNL:HIS:VdWContact': 1, 'UNL:LEU:Hydrophobic': 3, 'UNL:LEU:VdWContact': 1, 'UNL:PHE:Hydrophobic': 1, 'UNL:THR:HBAcceptor': 1, 'UNL:THR:HBDonor': 1, 'UNL:THR:VdWContact': 1}"
187,NeuralPLexer,8F8E_XJI,0.0,0.19047619047619052,"{'UNL:ARG:HBAcceptor': 1, 'UNL:ARG:Hydrophobic': 2, 'UNL:ARG:VdWContact': 3, 'UNL:ASN:Hydrophobic': 1, 'UNL:ASN:VdWContact': 1, 'UNL:GLN:VdWContact': 1, 'UNL:LEU:HBDonor': 1, 'UNL:LEU:Hydrophobic': 1, 'UNL:LEU:VdWContact': 1, 'UNL:LYS:VdWContact': 1, 'UNL:MET:VdWContact': 1, 'UNL:PHE:Hydrophobic': 1, 'UNL:PHE:VdWContact': 2, 'UNL:PRO:Hydrophobic': 1, 'UNL:PRO:VdWContact': 2}","{'UNL:ALA:Hydrophobic': 1, 'UNL:ALA:VdWContact': 1, 'UNL:ARG:HBAcceptor': 1, 'UNL:ARG:Hydrophobic': 1, 'UNL:ARG:VdWContact': 2, 'UNL:ASP:HBDonor': 1, 'UNL:ASP:Hydrophobic': 1, 'UNL:ASP:VdWContact': 1, 'UNL:CYS:VdWContact': 1, 'UNL:HIS:VdWContact': 1, 'UNL:LEU:Hydrophobic': 2, 'UNL:LEU:VdWContact': 1, 'UNL:PHE:Hydrophobic': 1, 'UNL:PHE:VdWContact': 1, 'UNL:TYR:Hydrophobic': 1, 'UNL:VAL:Hydrophobic': 1}"
188,NeuralPLexer,7Q2B_M6H,0.0,0.07692307692307693,"{'UNL:CYS:Hydrophobic': 1, 'UNL:CYS:VdWContact': 1, 'UNL:GLU:HBDonor': 1, 'UNL:GLU:VdWContact': 1, 'UNL:LEU:Hydrophobic': 1, 'UNL:LEU:VdWContact': 1, 'UNL:PHE:VdWContact': 2, 'UNL:TYR:Hydrophobic': 1, 'UNL:TYR:VdWContact': 2}","{'UNL:GLU:HBDonor': 1, 'UNL:GLU:Hydrophobic': 2, 'UNL:GLU:VdWContact': 2, 'UNL:HIS:VdWContact': 1, 'UNL:ILE:Hydrophobic': 1, 'UNL:LEU:Hydrophobic': 1, 'UNL:PHE:Hydrophobic': 1, 'UNL:PHE:VdWContact': 1, 'UNL:TYR:VdWContact': 1, 'UNL:VAL:Hydrophobic': 1}"
189,NeuralPLexer,7WCF_ACP,0.0,0.4375,"{'UNL:ASN:HBDonor': 1, 'UNL:ASN:VdWContact': 1, 'UNL:ASP:VdWContact': 1, 'UNL:GLN:HBDonor': 1, 'UNL:GLN:Hydrophobic': 1, 'UNL:GLN:VdWContact': 2, 'UNL:GLY:VdWContact': 1, 'UNL:ILE:VdWContact': 1, 'UNL:LYS:HBAcceptor': 1, 'UNL:LYS:VdWContact': 2, 'UNL:PHE:VdWContact': 1, 'UNL:TYR:HBDonor': 1, 'UNL:TYR:VdWContact': 1, 'UNL:VAL:HBAcceptor': 1, 'UNL:VAL:VdWContact': 1}","{'UNL:ARG:Hydrophobic': 1, 'UNL:ARG:VdWContact': 1, 'UNL:ASP:VdWContact': 2, 'UNL:GLN:HBAcceptor': 1, 'UNL:GLN:Hydrophobic': 1, 'UNL:GLN:VdWContact': 2, 'UNL:GLY:VdWContact': 1, 'UNL:HIS:HBAcceptor': 1, 'UNL:HIS:VdWContact': 1, 'UNL:ILE:Hydrophobic': 1, 'UNL:ILE:VdWContact': 1, 'UNL:LYS:HBDonor': 1, 'UNL:LYS:VdWContact': 3, 'UNL:PHE:HBAcceptor': 1, 'UNL:PHE:Hydrophobic': 1, 'UNL:PHE:VdWContact': 1, 'UNL:TYR:Hydrophobic': 1, 'UNL:TYR:VdWContact': 1, 'UNL:VAL:HBAcceptor': 1, 'UNL:VAL:VdWContact': 1}"
190,NeuralPLexer,8AP0_PRP,1.0,0.25,"{'UNL:ARG:HBAcceptor': 1, 'UNL:ARG:VdWContact': 2, 'UNL:GLU:VdWContact': 1, 'UNL:GLY:HBAcceptor': 1, 'UNL:GLY:VdWContact': 1, 'UNL:HIS:VdWContact': 1, 'UNL:SER:VdWContact': 2, 'UNL:VAL:VdWContact': 1}","{'UNL:ARG:HBAcceptor': 1, 'UNL:ARG:HBDonor': 1, 'UNL:ARG:VdWContact': 1, 'UNL:GLY:HBAcceptor': 2, 'UNL:GLY:HBDonor': 1, 'UNL:GLY:VdWContact': 2, 'UNL:HIS:HBAcceptor': 1, 'UNL:HIS:VdWContact': 1, 'UNL:LYS:HBAcceptor': 1, 'UNL:LYS:VdWContact': 1, 'UNL:SER:HBAcceptor': 2, 'UNL:SER:VdWContact': 3, 'UNL:THR:VdWContact': 1, 'UNL:VAL:VdWContact': 1}"
191,NeuralPLexer,7UXS_OJC,0.4285714285714286,0.4,"{'UNL:ALA:VdWContact': 1, 'UNL:ARG:VdWContact': 1, 'UNL:ASN:VdWContact': 1, 'UNL:GLN:HBAcceptor': 1, 'UNL:GLN:VdWContact': 1, 'UNL:GLY:HBDonor': 1, 'UNL:GLY:VdWContact': 3, 'UNL:LYS:VdWContact': 2, 'UNL:PHE:VdWContact': 1, 'UNL:SER:HBAcceptor': 1, 'UNL:SER:VdWContact': 1, 'UNL:VAL:VdWContact': 1}","{'UNL:ALA:VdWContact': 1, 'UNL:ARG:HBAcceptor': 1, 'UNL:ARG:VdWContact': 1, 'UNL:GLN:HBAcceptor': 1, 'UNL:GLN:Hydrophobic': 1, 'UNL:GLN:VdWContact': 1, 'UNL:GLU:HBDonor': 1, 'UNL:GLU:VdWContact': 1, 'UNL:GLY:HBAcceptor': 2, 'UNL:GLY:VdWContact': 2, 'UNL:LEU:HBAcceptor': 1, 'UNL:LEU:Hydrophobic': 1, 'UNL:LEU:VdWContact': 1, 'UNL:LYS:VdWContact': 1, 'UNL:PHE:Hydrophobic': 2, 'UNL:PHE:VdWContact': 2, 'UNL:SER:VdWContact': 1, 'UNL:TRP:VdWContact': 1}"
192,NeuralPLexer,7X9K_8OG,0.875,0.4285714285714286,"{'UNL:ARG:VdWContact': 1, 'UNL:GLU:VdWContact': 2, 'UNL:GLY:VdWContact': 1, 'UNL:LYS:VdWContact': 1, 'UNL:PHE:HBDonor': 1, 'UNL:PHE:VdWContact': 1}","{'UNL:ARG:HBAcceptor': 1, 'UNL:ARG:HBDonor': 1, 'UNL:ARG:VdWContact': 1, 'UNL:ASN:HBAcceptor': 1, 'UNL:ASN:HBDonor': 1, 'UNL:ASN:VdWContact': 1, 'UNL:GLU:Hydrophobic': 1, 'UNL:HIS:HBAcceptor': 1, 'UNL:HIS:HBDonor': 1, 'UNL:HIS:VdWContact': 1, 'UNL:ILE:Hydrophobic': 1, 'UNL:ILE:VdWContact': 1, 'UNL:LEU:Hydrophobic': 1, 'UNL:MET:Hydrophobic': 1, 'UNL:PHE:HBAcceptor': 1, 'UNL:PHE:HBDonor': 1, 'UNL:PHE:VdWContact': 2, 'UNL:PRO:Hydrophobic': 1, 'UNL:VAL:Hydrophobic': 1}"
193,NeuralPLexer,8A2D_KXY,0.5,0.5238095238095237,"{'UNL:ALA:VdWContact': 1, 'UNL:ARG:VdWContact': 1, 'UNL:ASP:VdWContact': 1, 'UNL:CYS:VdWContact': 1, 'UNL:GLN:VdWContact': 1, 'UNL:LEU:VdWContact': 1, 'UNL:LYS:HBAcceptor': 1, 'UNL:LYS:VdWContact': 1, 'UNL:MET:Hydrophobic': 1, 'UNL:MET:VdWContact': 1, 'UNL:PHE:Hydrophobic': 1, 'UNL:THR:VdWContact': 1, 'UNL:VAL:VdWContact': 1}","{'UNL:ALA:Hydrophobic': 1, 'UNL:ALA:VdWContact': 1, 'UNL:ARG:HBAcceptor': 1, 'UNL:ARG:VdWContact': 1, 'UNL:ASP:HBDonor': 1, 'UNL:ASP:VdWContact': 1, 'UNL:CYS:Hydrophobic': 1, 'UNL:CYS:VdWContact': 1, 'UNL:GLU:VdWContact': 1, 'UNL:ILE:Hydrophobic': 1, 'UNL:LEU:Hydrophobic': 3, 'UNL:LYS:Hydrophobic': 1, 'UNL:MET:Hydrophobic': 1, 'UNL:MET:VdWContact': 1, 'UNL:PHE:HBAcceptor': 1, 'UNL:PHE:Hydrophobic': 2, 'UNL:PHE:VdWContact': 1, 'UNL:THR:Hydrophobic': 2, 'UNL:THR:VdWContact': 1, 'UNL:VAL:Hydrophobic': 3}"
194,NeuralPLexer,7QHG_T3B,0.6666666666666667,1.4545454545454541,"{'UNL:ASP:VdWContact': 1, 'UNL:HIS:VdWContact': 1, 'UNL:LYS:HBDonor': 1, 'UNL:LYS:VdWContact': 1, 'UNL:PHE:Hydrophobic': 1, 'UNL:PHE:VdWContact': 2}","{'UNL:ARG:HBAcceptor': 1, 'UNL:ARG:Hydrophobic': 1, 'UNL:ARG:VdWContact': 1, 'UNL:ASP:HBAcceptor': 1, 'UNL:ASP:Hydrophobic': 1, 'UNL:ASP:VdWContact': 1, 'UNL:GLU:VdWContact': 1, 'UNL:GLY:VdWContact': 2, 'UNL:HIS:VdWContact': 1, 'UNL:ILE:HBAcceptor': 1, 'UNL:ILE:HBDonor': 1, 'UNL:ILE:Hydrophobic': 3, 'UNL:ILE:VdWContact': 2, 'UNL:LEU:Hydrophobic': 7, 'UNL:LEU:VdWContact': 4, 'UNL:LYS:Hydrophobic': 1, 'UNL:LYS:VdWContact': 1, 'UNL:MET:Hydrophobic': 1, 'UNL:MET:VdWContact': 1, 'UNL:PHE:Hydrophobic': 2, 'UNL:THR:HBDonor': 1, 'UNL:THR:Hydrophobic': 1, 'UNL:THR:VdWContact': 1, 'UNL:TYR:Hydrophobic': 1, 'UNL:VAL:Hydrophobic': 3, 'UNL:VAL:VdWContact': 2}"
195,RFAA,8AAU_LH0,0.0,0.07142857142857142,"{'UNL:ALA:VdWContact': 2, 'UNL:GLU:VdWContact': 1, 'UNL:GLY:VdWContact': 1, 'UNL:HIS:VdWContact': 1, 'UNL:ILE:HBAcceptor': 1, 'UNL:ILE:HBDonor': 1, 'UNL:ILE:VdWContact': 1, 'UNL:LEU:VdWContact': 2, 'UNL:PHE:VdWContact': 1, 'UNL:THR:VdWContact': 1, 'UNL:TYR:VdWContact': 1, 'UNL:VAL:Hydrophobic': 1, 'UNL:VAL:VdWContact': 1}","{'UNL:ALA:VdWContact': 2, 'UNL:GLY:VdWContact': 1, 'UNL:ILE:HBAcceptor': 1, 'UNL:ILE:HBDonor': 1, 'UNL:ILE:Hydrophobic': 1, 'UNL:ILE:VdWContact': 1, 'UNL:LEU:Hydrophobic': 2, 'UNL:LEU:VdWContact': 1, 'UNL:THR:VdWContact': 1, 'UNL:TYR:Hydrophobic': 1, 'UNL:VAL:Hydrophobic': 1, 'UNL:VAL:VdWContact': 1}"
196,RFAA,7UAW_MF6,0.8333333333333333,0.375,"{'UNL:ARG:HBAcceptor': 3, 'UNL:ARG:HBDonor': 2, 'UNL:ARG:VdWContact': 3, 'UNL:ASP:VdWContact': 1, 'UNL:ILE:VdWContact': 1, 'UNL:LEU:VdWContact': 1, 'UNL:MET:VdWContact': 1, 'UNL:PHE:VdWContact': 2, 'UNL:SER:VdWContact': 1, 'UNL:VAL:VdWContact': 1}","{'UNL:ALA:VdWContact': 1, 'UNL:ARG:HBAcceptor': 4, 'UNL:ARG:HBDonor': 1, 'UNL:ARG:VdWContact': 4, 'UNL:ASN:HBAcceptor': 1, 'UNL:ASN:HBDonor': 1, 'UNL:ASN:VdWContact': 2, 'UNL:GLN:VdWContact': 1, 'UNL:GLY:HBAcceptor': 2, 'UNL:GLY:VdWContact': 2, 'UNL:HIS:HBAcceptor': 1, 'UNL:HIS:VdWContact': 1, 'UNL:PHE:Hydrophobic': 2, 'UNL:PHE:VdWContact': 2, 'UNL:PRO:VdWContact': 1, 'UNL:THR:VdWContact': 1}"
197,RFAA,8EX2_Q2Q,0.0,0.24999999999999994,"{'UNL:ASN:VdWContact': 1, 'UNL:GLU:VdWContact': 1, 'UNL:GLY:VdWContact': 1, 'UNL:ILE:VdWContact': 1, 'UNL:LEU:VdWContact': 3, 'UNL:PHE:VdWContact': 1, 'UNL:SER:VdWContact': 1, 'UNL:VAL:HBAcceptor': 1, 'UNL:VAL:VdWContact': 1}","{'UNL:GLY:VdWContact': 1, 'UNL:ILE:Hydrophobic': 1, 'UNL:LEU:Hydrophobic': 3, 'UNL:LEU:VdWContact': 2, 'UNL:LYS:VdWContact': 2, 'UNL:PHE:Hydrophobic': 1, 'UNL:PHE:VdWContact': 1, 'UNL:SER:VdWContact': 1, 'UNL:VAL:HBAcceptor': 1, 'UNL:VAL:VdWContact': 1}"
198,RFAA,7U0U_FK5,0.5,0.3703703703703704,"{'UNL:ARG:VdWContact': 2, 'UNL:ASP:VdWContact': 1, 'UNL:GLN:VdWContact': 1, 'UNL:HIS:VdWContact': 1, 'UNL:ILE:HBAcceptor': 1, 'UNL:ILE:Hydrophobic': 1, 'UNL:ILE:VdWContact': 2, 'UNL:LEU:Hydrophobic': 1, 'UNL:LEU:VdWContact': 1, 'UNL:MET:VdWContact': 1, 'UNL:PHE:VdWContact': 1, 'UNL:PRO:VdWContact': 1, 'UNL:TRP:Hydrophobic': 1, 'UNL:TRP:VdWContact': 2, 'UNL:TYR:Hydrophobic': 1, 'UNL:TYR:VdWContact': 4, 'UNL:VAL:VdWContact': 1}","{'UNL:ASN:Hydrophobic': 1, 'UNL:ASP:VdWContact': 1, 'UNL:GLU-:Hydrophobic': 1, 'UNL:GLU-:VdWContact': 1, 'UNL:ILE:HBAcceptor': 1, 'UNL:ILE:Hydrophobic': 2, 'UNL:ILE:VdWContact': 1, 'UNL:LEU:Hydrophobic': 1, 'UNL:MET:Hydrophobic': 1, 'UNL:PHE-:Hydrophobic': 1, 'UNL:PHE-:VdWContact': 1, 'UNL:PHE:Hydrophobic': 3, 'UNL:PHE:VdWContact': 3, 'UNL:PRO-:Hydrophobic': 1, 'UNL:TRP-:HBAcceptor': 1, 'UNL:TRP-:Hydrophobic': 1, 'UNL:TRP-:VdWContact': 1, 'UNL:TRP:Hydrophobic': 1, 'UNL:TRP:VdWContact': 1, 'UNL:TYR:Hydrophobic': 2, 'UNL:TYR:VdWContact': 2, 'UNL:VAL:Hydrophobic': 3, 'UNL:VAL:VdWContact': 1}"
199,RFAA,8C3N_ADP,0.4285714285714286,0.5555555555555555,"{'UNL:ARG:VdWContact': 1, 'UNL:GLN:HBAcceptor': 1, 'UNL:GLN:VdWContact': 1, 'UNL:GLY:HBAcceptor': 1, 'UNL:GLY:VdWContact': 2, 'UNL:LYS:VdWContact': 1, 'UNL:THR:HBAcceptor': 1, 'UNL:THR:HBDonor': 1, 'UNL:THR:VdWContact': 1}","{'UNL:ARG:VdWContact': 2, 'UNL:GLN:HBAcceptor': 1, 'UNL:GLN:Hydrophobic': 1, 'UNL:GLN:VdWContact': 1, 'UNL:GLU:HBDonor': 1, 'UNL:GLU:VdWContact': 1, 'UNL:GLY:HBAcceptor': 2, 'UNL:GLY:VdWContact': 2, 'UNL:ILE:Hydrophobic': 1, 'UNL:LYS:HBAcceptor': 1, 'UNL:LYS:VdWContact': 1, 'UNL:SER:HBAcceptor': 1, 'UNL:SER:VdWContact': 1, 'UNL:THR:HBAcceptor': 1, 'UNL:THR:VdWContact': 1}"
200,RFAA,8A1H_DLZ,0.14285714285714285,0.4375,"{'UNL:ALA:HBDonor': 1, 'UNL:ALA:VdWContact': 1, 'UNL:ASP:HBAcceptor': 1, 'UNL:ASP:HBDonor': 1, 'UNL:ASP:VdWContact': 1, 'UNL:GLN:HBAcceptor': 1, 'UNL:GLN:VdWContact': 2, 'UNL:GLU:HBAcceptor': 1, 'UNL:GLU:VdWContact': 2, 'UNL:GLY:HBAcceptor': 1, 'UNL:GLY:VdWContact': 1, 'UNL:HIS:VdWContact': 1, 'UNL:LEU:HBAcceptor': 1, 'UNL:LEU:VdWContact': 1, 'UNL:LYS:VdWContact': 1, 'UNL:PHE:VdWContact': 2, 'UNL:TYR:VdWContact': 1}","{'UNL:ALA:HBDonor': 1, 'UNL:ALA:VdWContact': 1, 'UNL:ASP:HBAcceptor': 1, 'UNL:ASP:HBDonor': 1, 'UNL:ASP:VdWContact': 2, 'UNL:GLN:HBAcceptor': 1, 'UNL:GLN:Hydrophobic': 1, 'UNL:GLN:VdWContact': 1, 'UNL:GLU:Hydrophobic': 1, 'UNL:GLU:VdWContact': 3, 'UNL:GLY:HBAcceptor': 1, 'UNL:GLY:VdWContact': 1, 'UNL:ILE:Hydrophobic': 1, 'UNL:LEU:HBAcceptor': 1, 'UNL:LEU:Hydrophobic': 2, 'UNL:LEU:VdWContact': 1, 'UNL:MET:Hydrophobic': 1, 'UNL:PHE:Hydrophobic': 2, 'UNL:PHE:VdWContact': 2, 'UNL:TYR:VdWContact': 1}"
201,RFAA,7TXK_LW8,0.0,0.7857142857142858,"{'UNL:ARG:HBAcceptor': 1, 'UNL:ARG:VdWContact': 2, 'UNL:ASN:VdWContact': 2, 'UNL:GLU:VdWContact': 1, 'UNL:GLY:VdWContact': 1, 'UNL:ILE:VdWContact': 1, 'UNL:LYS:VdWContact': 2, 'UNL:PHE:Hydrophobic': 2, 'UNL:PHE:VdWContact': 2, 'UNL:THR:HBAcceptor': 1, 'UNL:THR:VdWContact': 4, 'UNL:TYR:Hydrophobic': 1, 'UNL:TYR:VdWContact': 5}","{'UNL:ARG:HBAcceptor': 1, 'UNL:ARG:VdWContact': 1, 'UNL:ASN:VdWContact': 1, 'UNL:GLU:HBDonor': 1, 'UNL:GLU:VdWContact': 1, 'UNL:ILE:Hydrophobic': 1, 'UNL:ILE:VdWContact': 1, 'UNL:LYS:Hydrophobic': 1, 'UNL:LYS:VdWContact': 1, 'UNL:THR:Hydrophobic': 1, 'UNL:THR:VdWContact': 1, 'UNL:TYR:Hydrophobic': 1, 'UNL:TYR:VdWContact': 2}"
202,RFAA,7R59_I5F,0.0,0.33333333333333326,"{'UNL:GLU:VdWContact': 1, 'UNL:GLY:HBAcceptor': 1, 'UNL:GLY:VdWContact': 1, 'UNL:HIS:VdWContact': 1, 'UNL:SER:VdWContact': 1, 'UNL:TYR:Hydrophobic': 2, 'UNL:TYR:VdWContact': 2}","{'UNL:ALA:Hydrophobic': 1, 'UNL:GLU:Hydrophobic': 1, 'UNL:GLU:VdWContact': 1, 'UNL:GLY:HBAcceptor': 1, 'UNL:GLY:VdWContact': 1, 'UNL:LYS:Hydrophobic': 1, 'UNL:SER:VdWContact': 1, 'UNL:TYR:Hydrophobic': 2, 'UNL:TYR:VdWContact': 1}"
203,RFAA,7QTA_URI,1.0,1.1538461538461537,"{'UNL:ALA:VdWContact': 1, 'UNL:ASN:VdWContact': 1, 'UNL:ASP:VdWContact': 4, 'UNL:GLN:VdWContact': 1, 'UNL:GLU:VdWContact': 2, 'UNL:GLY:HBDonor': 3, 'UNL:GLY:VdWContact': 3, 'UNL:HIS:HBAcceptor': 1, 'UNL:HIS:VdWContact': 4, 'UNL:LEU:HBDonor': 1, 'UNL:LEU:VdWContact': 3, 'UNL:PHE:VdWContact': 2, 'UNL:TRP:VdWContact': 1}","{'UNL:ALA:Hydrophobic': 1, 'UNL:ASN:HBAcceptor': 1, 'UNL:ASN:VdWContact': 1, 'UNL:ASP:VdWContact': 1, 'UNL:HIS:VdWContact': 1, 'UNL:LYS:VdWContact': 1, 'UNL:PHE:Hydrophobic': 1, 'UNL:PHE:VdWContact': 1}"
204,RFAA,7XBV_APC,0.33333333333333326,0.1538461538461538,"{'UNL:ARG:HBAcceptor': 1, 'UNL:ARG:VdWContact': 1, 'UNL:ASP:HBDonor': 1, 'UNL:ASP:VdWContact': 1, 'UNL:GLU:VdWContact': 1, 'UNL:GLY:HBAcceptor': 2, 'UNL:GLY:VdWContact': 2, 'UNL:ILE:HBDonor': 1, 'UNL:ILE:VdWContact': 1, 'UNL:PHE:VdWContact': 1, 'UNL:PRO:VdWContact': 1, 'UNL:SER:HBAcceptor': 1, 'UNL:SER:VdWContact': 1, 'UNL:THR:HBAcceptor': 1, 'UNL:THR:VdWContact': 2, 'UNL:TYR:VdWContact': 1}","{'UNL:ASP:HBDonor': 1, 'UNL:ASP:VdWContact': 1, 'UNL:GLY:HBAcceptor': 1, 'UNL:GLY:VdWContact': 2, 'UNL:ILE:HBDonor': 1, 'UNL:ILE:Hydrophobic': 1, 'UNL:ILE:VdWContact': 1, 'UNL:PHE:Hydrophobic': 2, 'UNL:PHE:VdWContact': 1, 'UNL:PRO:VdWContact': 1, 'UNL:SER:HBAcceptor': 1, 'UNL:SER:VdWContact': 1, 'UNL:THR:HBAcceptor': 1, 'UNL:THR:VdWContact': 2, 'UNL:TYR:Hydrophobic': 1, 'UNL:TYR:VdWContact': 1}"
205,RFAA,7Q27_8KC,0.5999999999999999,0.7142857142857142,"{'UNL:GLU:VdWContact': 1, 'UNL:HIS:VdWContact': 2, 'UNL:LYS:HBAcceptor': 1, 'UNL:LYS:HBDonor': 1, 'UNL:LYS:VdWContact': 1, 'UNL:PHE:Hydrophobic': 1, 'UNL:PHE:VdWContact': 3, 'UNL:TYR:Hydrophobic': 1, 'UNL:TYR:VdWContact': 1, 'UNL:VAL:Hydrophobic': 1, 'UNL:VAL:VdWContact': 1}","{'UNL:ALA:Hydrophobic': 1, 'UNL:ALA:VdWContact': 1, 'UNL:ASP:VdWContact': 1, 'UNL:GLN:HBAcceptor': 1, 'UNL:GLN:VdWContact': 1, 'UNL:GLU:VdWContact': 1, 'UNL:HIS:HBAcceptor': 1, 'UNL:HIS:HBDonor': 2, 'UNL:HIS:Hydrophobic': 1, 'UNL:HIS:VdWContact': 4, 'UNL:LYS:HBDonor': 1, 'UNL:LYS:VdWContact': 1, 'UNL:PHE:Hydrophobic': 3, 'UNL:PHE:VdWContact': 1, 'UNL:TYR:Hydrophobic': 1, 'UNL:TYR:VdWContact': 2, 'UNL:VAL:Hydrophobic': 3, 'UNL:VAL:VdWContact': 1}"
206,RFAA,7XPO_UPG,0.18181818181818177,0.4285714285714286,"{'UNL:ALA:VdWContact': 2, 'UNL:ARG:VdWContact': 2, 'UNL:ASN:VdWContact': 2, 'UNL:ASP:VdWContact': 1, 'UNL:GLU:HBDonor': 1, 'UNL:GLU:VdWContact': 1, 'UNL:GLY:VdWContact': 1, 'UNL:LEU:Hydrophobic': 1, 'UNL:LEU:VdWContact': 2, 'UNL:LYS:HBDonor': 1, 'UNL:LYS:VdWContact': 1, 'UNL:PHE:VdWContact': 1, 'UNL:SER:HBAcceptor': 1, 'UNL:SER:VdWContact': 1, 'UNL:THR:HBDonor': 1, 'UNL:THR:VdWContact': 2, 'UNL:TYR:HBAcceptor': 1, 'UNL:TYR:HBDonor': 1, 'UNL:TYR:VdWContact': 2, 'UNL:VAL:VdWContact': 1}","{'UNL:ARG:HBAcceptor': 2, 'UNL:ARG:VdWContact': 2, 'UNL:ASN:HBAcceptor': 2, 'UNL:ASN:VdWContact': 2, 'UNL:ASP:HBDonor': 1, 'UNL:ASP:VdWContact': 1, 'UNL:LEU:HBAcceptor': 1, 'UNL:LEU:Hydrophobic': 2, 'UNL:LEU:VdWContact': 1, 'UNL:PHE:VdWContact': 1, 'UNL:SER:HBDonor': 1, 'UNL:SER:VdWContact': 1, 'UNL:THR:HBDonor': 1, 'UNL:THR:VdWContact': 2, 'UNL:TYR:VdWContact': 1, 'UNL:VAL:VdWContact': 1}"
207,RFAA,7TE8_P0T,0.3333333333333333,0.43478260869565216,"{'UNL:ARG:VdWContact': 2, 'UNL:ASN:VdWContact': 1, 'UNL:ASP:VdWContact': 3, 'UNL:GLU:HBAcceptor': 1, 'UNL:GLU:HBDonor': 1, 'UNL:GLU:VdWContact': 1, 'UNL:HIS:VdWContact': 2, 'UNL:LEU:VdWContact': 2, 'UNL:LYS:VdWContact': 2, 'UNL:MET:Hydrophobic': 1, 'UNL:MET:VdWContact': 2, 'UNL:PHE:Hydrophobic': 1, 'UNL:PHE:VdWContact': 2, 'UNL:THR:VdWContact': 1, 'UNL:TRP:Hydrophobic': 2, 'UNL:TRP:VdWContact': 2}","{'UNL:ALA:Hydrophobic': 3, 'UNL:ALA:VdWContact': 1, 'UNL:ASP:HBDonor': 1, 'UNL:ASP:Hydrophobic': 1, 'UNL:ASP:VdWContact': 1, 'UNL:GLN:Hydrophobic': 1, 'UNL:GLU:Hydrophobic': 1, 'UNL:HIS:Hydrophobic': 1, 'UNL:HIS:VdWContact': 1, 'UNL:LYS:Hydrophobic': 1, 'UNL:LYS:VdWContact': 1, 'UNL:MET:Hydrophobic': 1, 'UNL:PHE:Hydrophobic': 4, 'UNL:PHE:VdWContact': 1, 'UNL:TRP:VdWContact': 1, 'UNL:TYR:Hydrophobic': 2, 'UNL:TYR:VdWContact': 1}"
208,RFAA,7TH4_FFO,0.39999999999999997,1.0,"{'UNL:ALA:VdWContact': 2, 'UNL:ARG:HBAcceptor': 1, 'UNL:ARG:VdWContact': 3, 'UNL:ASP:HBDonor': 1, 'UNL:ASP:VdWContact': 1, 'UNL:CYS:VdWContact': 2, 'UNL:GLN:VdWContact': 2, 'UNL:GLU:VdWContact': 2, 'UNL:GLY:VdWContact': 1, 'UNL:LEU:Hydrophobic': 1, 'UNL:LEU:VdWContact': 4, 'UNL:MET:VdWContact': 1, 'UNL:PHE:Hydrophobic': 1, 'UNL:PHE:VdWContact': 2, 'UNL:THR:VdWContact': 2, 'UNL:TYR:VdWContact': 1, 'UNL:VAL:HBAcceptor': 1, 'UNL:VAL:Hydrophobic': 1, 'UNL:VAL:VdWContact': 2}","{'UNL:ARG:HBAcceptor': 1, 'UNL:ARG:VdWContact': 2, 'UNL:ASP:HBDonor': 1, 'UNL:ASP:VdWContact': 1, 'UNL:GLN:HBAcceptor': 2, 'UNL:GLN:HBDonor': 1, 'UNL:GLN:VdWContact': 2, 'UNL:LEU:Hydrophobic': 1, 'UNL:MET:Hydrophobic': 1, 'UNL:PHE:Hydrophobic': 2, 'UNL:TYR:VdWContact': 1, 'UNL:VAL:Hydrophobic': 1}"
209,RFAA,7YZU_DO7,0.0,0.3846153846153846,"{'UNL:ARG:HBAcceptor': 1, 'UNL:ARG:VdWContact': 1, 'UNL:ASP:HBDonor': 1, 'UNL:ASP:VdWContact': 1, 'UNL:GLN:VdWContact': 1, 'UNL:GLY:HBAcceptor': 1, 'UNL:GLY:VdWContact': 2, 'UNL:ILE:VdWContact': 1, 'UNL:SER:HBAcceptor': 1, 'UNL:THR:HBAcceptor': 1, 'UNL:THR:VdWContact': 1, 'UNL:TRP:Hydrophobic': 1, 'UNL:TRP:VdWContact': 1, 'UNL:TYR:VdWContact': 1}","{'UNL:ARG:HBAcceptor': 1, 'UNL:ARG:VdWContact': 1, 'UNL:ASP:HBDonor': 1, 'UNL:ASP:VdWContact': 2, 'UNL:GLN:VdWContact': 1, 'UNL:GLU:Hydrophobic': 1, 'UNL:GLU:VdWContact': 1, 'UNL:GLY:HBAcceptor': 1, 'UNL:GLY:VdWContact': 3, 'UNL:HIS:VdWContact': 1, 'UNL:ILE:VdWContact': 1, 'UNL:SER:HBAcceptor': 1, 'UNL:SER:VdWContact': 1, 'UNL:THR:VdWContact': 1, 'UNL:TRP:HBAcceptor': 1, 'UNL:TRP:VdWContact': 2}"
210,RFAA,7TOM_5AD,0.39999999999999997,0.47058823529411764,"{'UNL:GLN:HBAcceptor': 1, 'UNL:GLN:VdWContact': 2, 'UNL:ILE:HBDonor': 1, 'UNL:ILE:VdWContact': 1, 'UNL:PHE:HBAcceptor': 1, 'UNL:PHE:VdWContact': 1, 'UNL:PRO:VdWContact': 1, 'UNL:SER:HBAcceptor': 1, 'UNL:SER:HBDonor': 1, 'UNL:SER:VdWContact': 1, 'UNL:THR:VdWContact': 1, 'UNL:VAL:VdWContact': 1}","{'UNL:ALA:Hydrophobic': 1, 'UNL:ARG:VdWContact': 1, 'UNL:GLN:HBAcceptor': 2, 'UNL:GLN:Hydrophobic': 1, 'UNL:GLN:VdWContact': 2, 'UNL:ILE:Hydrophobic': 1, 'UNL:MET:Hydrophobic': 1, 'UNL:MET:VdWContact': 1, 'UNL:PHE:HBAcceptor': 1, 'UNL:PHE:Hydrophobic': 1, 'UNL:PHE:VdWContact': 1, 'UNL:SER:HBAcceptor': 1, 'UNL:SER:HBDonor': 1, 'UNL:SER:VdWContact': 1, 'UNL:THR:Hydrophobic': 1, 'UNL:THR:VdWContact': 1, 'UNL:TYR:Hydrophobic': 1, 'UNL:VAL:Hydrophobic': 1, 'UNL:VAL:VdWContact': 1}"
211,RFAA,7VWF_K55,0.0,0.9166666666666665,"{'UNL:ALA:VdWContact': 1, 'UNL:CYS:VdWContact': 1, 'UNL:HIS:VdWContact': 1, 'UNL:ILE:Hydrophobic': 7, 'UNL:ILE:VdWContact': 7, 'UNL:LEU:Hydrophobic': 3, 'UNL:LEU:VdWContact': 7, 'UNL:LYS:HBAcceptor': 1, 'UNL:LYS:VdWContact': 2, 'UNL:MET:VdWContact': 1, 'UNL:PHE:VdWContact': 1, 'UNL:SER:VdWContact': 1, 'UNL:THR:VdWContact': 5, 'UNL:VAL:HBDonor': 1, 'UNL:VAL:VdWContact': 2}","{'UNL:ARG:Hydrophobic': 1, 'UNL:CYS:Hydrophobic': 1, 'UNL:CYS:VdWContact': 1, 'UNL:GLN:Hydrophobic': 1, 'UNL:HIS:HBAcceptor': 1, 'UNL:HIS:VdWContact': 2, 'UNL:ILE:Hydrophobic': 2, 'UNL:ILE:VdWContact': 1, 'UNL:LEU:Hydrophobic': 4, 'UNL:LYS:Hydrophobic': 1, 'UNL:MET:Hydrophobic': 1, 'UNL:MET:VdWContact': 1, 'UNL:PHE:Hydrophobic': 3, 'UNL:PHE:VdWContact': 1, 'UNL:THR:HBDonor': 1, 'UNL:THR:Hydrophobic': 1, 'UNL:THR:VdWContact': 2, 'UNL:TRP:Hydrophobic': 1, 'UNL:TRP:VdWContact': 1, 'UNL:TYR:VdWContact': 1, 'UNL:VAL:Hydrophobic': 4, 'UNL:VAL:VdWContact': 1}"
212,RFAA,7XI7_4RI,0.3333333333333333,0.16666666666666657,"{'UNL:GLU:HBDonor': 1, 'UNL:GLU:VdWContact': 1, 'UNL:ILE:HBDonor': 1, 'UNL:ILE:VdWContact': 1, 'UNL:LEU:VdWContact': 2, 'UNL:PHE:Hydrophobic': 1, 'UNL:PHE:VdWContact': 1, 'UNL:PRO:VdWContact': 1, 'UNL:TYR:HBDonor': 1, 'UNL:TYR:VdWContact': 1, 'UNL:VAL:VdWContact': 1}","{'UNL:ALA:Hydrophobic': 1, 'UNL:GLU:HBDonor': 1, 'UNL:GLU:VdWContact': 1, 'UNL:ILE:HBDonor': 1, 'UNL:ILE:Hydrophobic': 2, 'UNL:ILE:VdWContact': 1, 'UNL:LEU:Hydrophobic': 1, 'UNL:PHE:Hydrophobic': 2, 'UNL:PHE:VdWContact': 1, 'UNL:THR:Hydrophobic': 1, 'UNL:VAL:VdWContact': 1}"
213,RFAA,7WPW_F15,0.5,0.27777777777777773,"{'UNL:ALA:VdWContact': 2, 'UNL:ARG:HBAcceptor': 1, 'UNL:ARG:VdWContact': 1, 'UNL:ASP:VdWContact': 1, 'UNL:LEU:Hydrophobic': 1, 'UNL:LEU:VdWContact': 3, 'UNL:MET:Hydrophobic': 1, 'UNL:MET:VdWContact': 1, 'UNL:PHE:VdWContact': 1, 'UNL:THR:VdWContact': 1}","{'UNL:ALA:Hydrophobic': 2, 'UNL:ARG:HBAcceptor': 1, 'UNL:ARG:HBDonor': 1, 'UNL:ARG:VdWContact': 1, 'UNL:ASP:Hydrophobic': 1, 'UNL:LEU:Hydrophobic': 3, 'UNL:LYS:Hydrophobic': 1, 'UNL:MET:Hydrophobic': 1, 'UNL:PHE:Hydrophobic': 2, 'UNL:PRO:Hydrophobic': 1, 'UNL:THR:Hydrophobic': 2, 'UNL:TYR:Hydrophobic': 1, 'UNL:TYR:VdWContact': 1, 'UNL:VAL:Hydrophobic': 1}"
214,RFAA,7T3E_SLB,0.125,0.45454545454545453,"{'UNL:ARG:HBAcceptor': 2, 'UNL:ARG:HBDonor': 1, 'UNL:ARG:VdWContact': 4, 'UNL:ASN:VdWContact': 2, 'UNL:ASP:HBAcceptor': 1, 'UNL:ASP:VdWContact': 3, 'UNL:GLN:HBAcceptor': 1, 'UNL:GLN:HBDonor': 1, 'UNL:GLN:VdWContact': 3, 'UNL:GLU:VdWContact': 2, 'UNL:LEU:VdWContact': 1, 'UNL:MET:VdWContact': 1, 'UNL:PHE:VdWContact': 1, 'UNL:PRO:VdWContact': 1}","{'UNL:ARG:HBAcceptor': 2, 'UNL:ARG:HBDonor': 1, 'UNL:ARG:VdWContact': 3, 'UNL:ASN:HBAcceptor': 1, 'UNL:ASN:VdWContact': 1, 'UNL:ASP:HBDonor': 1, 'UNL:ASP:Hydrophobic': 1, 'UNL:ASP:VdWContact': 1, 'UNL:GLN:HBAcceptor': 1, 'UNL:GLN:VdWContact': 2, 'UNL:GLU:HBDonor': 1, 'UNL:GLU:VdWContact': 1, 'UNL:PHE:Hydrophobic': 2, 'UNL:PHE:VdWContact': 2}"
215,RFAA,8HFN_XGC,0.5,0.368421052631579,"{'UNL:ARG:VdWContact': 1, 'UNL:ASN:HBDonor': 1, 'UNL:ASN:VdWContact': 1, 'UNL:ASP:VdWContact': 1, 'UNL:CYS:VdWContact': 2, 'UNL:GLY:HBDonor': 1, 'UNL:GLY:VdWContact': 3, 'UNL:ILE:VdWContact': 1, 'UNL:LEU:Hydrophobic': 1, 'UNL:LEU:VdWContact': 1, 'UNL:TRP:Hydrophobic': 1, 'UNL:TRP:VdWContact': 1}","{'UNL:ASN:HBDonor': 1, 'UNL:ASN:VdWContact': 1, 'UNL:CYS:Hydrophobic': 1, 'UNL:CYS:VdWContact': 2, 'UNL:GLY:VdWContact': 2, 'UNL:HIS:HBAcceptor': 1, 'UNL:HIS:VdWContact': 1, 'UNL:ILE:VdWContact': 1, 'UNL:LEU:Hydrophobic': 1, 'UNL:LYS:Hydrophobic': 1, 'UNL:LYS:VdWContact': 1, 'UNL:MET:HBAcceptor': 1, 'UNL:MET:VdWContact': 1, 'UNL:THR:HBAcceptor': 1, 'UNL:THR:HBDonor': 1, 'UNL:THR:Hydrophobic': 1, 'UNL:THR:VdWContact': 3, 'UNL:TRP:Hydrophobic': 1, 'UNL:TRP:VdWContact': 1, 'UNL:TYR:Hydrophobic': 1, 'UNL:TYR:VdWContact': 1}"
216,RFAA,7W06_ITN,1.0,0.09090909090909083,"{'UNL:ALA:VdWContact': 1, 'UNL:ARG:VdWContact': 1, 'UNL:GLY:VdWContact': 1, 'UNL:LEU:VdWContact': 1, 'UNL:PHE:VdWContact': 1, 'UNL:SER:HBAcceptor': 1, 'UNL:SER:VdWContact': 1, 'UNL:THR:HBAcceptor': 1, 'UNL:THR:VdWContact': 2}","{'UNL:ARG:HBAcceptor': 1, 'UNL:ARG:VdWContact': 1, 'UNL:ASN:HBAcceptor': 1, 'UNL:ASN:VdWContact': 1, 'UNL:ILE:Hydrophobic': 2, 'UNL:LEU:Hydrophobic': 1, 'UNL:PHE:Hydrophobic': 1, 'UNL:SER:HBAcceptor': 1, 'UNL:SER:VdWContact': 1, 'UNL:THR:HBAcceptor': 2, 'UNL:THR:HBDonor': 2, 'UNL:THR:VdWContact': 2}"
217,RFAA,7UAS_MBU,0.0,0.8823529411764707,"{'UNL:ASP:VdWContact': 2, 'UNL:CYS:HBAcceptor': 1, 'UNL:CYS:VdWContact': 2, 'UNL:GLY:VdWContact': 1, 'UNL:ILE:VdWContact': 4, 'UNL:LYS:VdWContact': 1, 'UNL:PHE:Hydrophobic': 1, 'UNL:PHE:VdWContact': 5, 'UNL:PRO:VdWContact': 2, 'UNL:SER:VdWContact': 6, 'UNL:TYR:Hydrophobic': 3, 'UNL:TYR:VdWContact': 4, 'UNL:VAL:VdWContact': 3}","{'UNL:ASP:Hydrophobic': 2, 'UNL:CYS:HBAcceptor': 1, 'UNL:CYS:Hydrophobic': 1, 'UNL:CYS:VdWContact': 1, 'UNL:GLY:VdWContact': 1, 'UNL:ILE:Hydrophobic': 1, 'UNL:ILE:VdWContact': 1, 'UNL:LYS:Hydrophobic': 1, 'UNL:PHE:Hydrophobic': 4, 'UNL:PHE:VdWContact': 2, 'UNL:PRO:Hydrophobic': 1, 'UNL:SER:VdWContact': 2, 'UNL:TYR:Hydrophobic': 2, 'UNL:TYR:VdWContact': 2}"
218,RFAA,8GFD_ZHR,0.0,0.44444444444444436,"{'UNL:ARG:VdWContact': 1, 'UNL:GLN:HBAcceptor': 1, 'UNL:GLN:VdWContact': 1, 'UNL:GLU:HBDonor': 1, 'UNL:GLU:VdWContact': 2, 'UNL:SER:VdWContact': 1, 'UNL:TYR:VdWContact': 1}","{'UNL:ALA:Hydrophobic': 1, 'UNL:ARG:Hydrophobic': 1, 'UNL:GLN:HBAcceptor': 1, 'UNL:GLN:VdWContact': 2, 'UNL:GLU:HBDonor': 1, 'UNL:GLU:VdWContact': 1, 'UNL:SER:VdWContact': 2, 'UNL:TRP:Hydrophobic': 1, 'UNL:TYR:Hydrophobic': 1, 'UNL:TYR:VdWContact': 1}"
219,RFAA,7UQ3_O2U,0.0,0.36363636363636354,"{'UNL:ASN:HBAcceptor': 1, 'UNL:ASN:VdWContact': 1, 'UNL:HIS:HBDonor': 1, 'UNL:HIS:VdWContact': 2, 'UNL:LEU:VdWContact': 1, 'UNL:LYS:VdWContact': 1, 'UNL:SER:HBAcceptor': 1, 'UNL:SER:VdWContact': 1, 'UNL:TRP:Hydrophobic': 1, 'UNL:TRP:VdWContact': 1, 'UNL:TYR:VdWContact': 1}","{'UNL:ASN:HBAcceptor': 1, 'UNL:ASN:VdWContact': 1, 'UNL:ASP:VdWContact': 1, 'UNL:HIS:HBAcceptor': 1, 'UNL:HIS:HBDonor': 1, 'UNL:HIS:VdWContact': 2, 'UNL:LEU:Hydrophobic': 1, 'UNL:LEU:VdWContact': 1, 'UNL:LYS:VdWContact': 1, 'UNL:SER:VdWContact': 2, 'UNL:TRP:Hydrophobic': 1, 'UNL:TRP:VdWContact': 1, 'UNL:TYR:VdWContact': 1, 'UNL:VAL:Hydrophobic': 1}"
220,RFAA,7XG5_PLP,0.8,0.2857142857142857,"{'UNL:ASN:VdWContact': 1, 'UNL:GLN:VdWContact': 1, 'UNL:GLY:VdWContact': 1, 'UNL:LEU:VdWContact': 1, 'UNL:LYS:HBAcceptor': 1, 'UNL:LYS:VdWContact': 1, 'UNL:TRP:Hydrophobic': 1, 'UNL:TRP:VdWContact': 1, 'UNL:TYR:Hydrophobic': 1, 'UNL:TYR:VdWContact': 1}","{'UNL:ARG:HBAcceptor': 1, 'UNL:ARG:VdWContact': 1, 'UNL:ASN:VdWContact': 1, 'UNL:GLU:VdWContact': 1, 'UNL:GLY:VdWContact': 2, 'UNL:LEU:Hydrophobic': 2, 'UNL:LEU:VdWContact': 1, 'UNL:LYS:VdWContact': 1, 'UNL:THR:HBAcceptor': 2, 'UNL:THR:VdWContact': 3, 'UNL:VAL:HBAcceptor': 1, 'UNL:VAL:HBDonor': 1, 'UNL:VAL:VdWContact': 1}"
221,RFAA,8G6P_API,0.75,0.2,"{'UNL:ARG:VdWContact': 2, 'UNL:HIS:VdWContact': 1, 'UNL:LEU:VdWContact': 1, 'UNL:SER:HBAcceptor': 1, 'UNL:SER:VdWContact': 1, 'UNL:THR:HBAcceptor': 1, 'UNL:THR:VdWContact': 2}","{'UNL:ARG:HBAcceptor': 2, 'UNL:ARG:HBDonor': 2, 'UNL:ARG:VdWContact': 2, 'UNL:ASN:HBAcceptor': 1, 'UNL:ASN:VdWContact': 1, 'UNL:ASP:HBDonor': 1, 'UNL:ASP:VdWContact': 1, 'UNL:GLU:HBDonor': 1, 'UNL:GLU:VdWContact': 1, 'UNL:GLY:HBDonor': 1, 'UNL:GLY:VdWContact': 2, 'UNL:HIS:Hydrophobic': 1, 'UNL:HIS:VdWContact': 1}"
222,RFAA,7ULC_56B,0.8333333333333334,0.6153846153846153,"{'UNL:ASN:HBDonor': 1, 'UNL:ASN:VdWContact': 2, 'UNL:ASP:VdWContact': 3, 'UNL:GLN:VdWContact': 2, 'UNL:ILE:VdWContact': 1, 'UNL:LYS:VdWContact': 1, 'UNL:PHE:VdWContact': 2, 'UNL:TRP:Hydrophobic': 2, 'UNL:TRP:VdWContact': 5, 'UNL:TYR:VdWContact': 1}","{'UNL:ASN:HBAcceptor': 1, 'UNL:ASN:HBDonor': 1, 'UNL:ASN:VdWContact': 2, 'UNL:ASP:HBDonor': 1, 'UNL:ASP:VdWContact': 2, 'UNL:GLN:HBAcceptor': 1, 'UNL:GLN:VdWContact': 1, 'UNL:ILE:Hydrophobic': 1, 'UNL:ILE:VdWContact': 1, 'UNL:LYS:VdWContact': 2, 'UNL:PHE:Hydrophobic': 1, 'UNL:PHE:VdWContact': 1, 'UNL:TRP:HBAcceptor': 1, 'UNL:TRP:Hydrophobic': 2, 'UNL:TRP:VdWContact': 2, 'UNL:TYR:HBAcceptor': 1, 'UNL:TYR:Hydrophobic': 1, 'UNL:TYR:VdWContact': 2, 'UNL:VAL:Hydrophobic': 1}"
223,RFAA,8DP2_UMA,0.7777777777777779,0.4666666666666667,"{'UNL:ASN:VdWContact': 1, 'UNL:GLN:VdWContact': 1, 'UNL:GLY:HBDonor': 1, 'UNL:GLY:VdWContact': 3, 'UNL:HIS:VdWContact': 1, 'UNL:LEU:VdWContact': 1, 'UNL:PHE:VdWContact': 1, 'UNL:SER:HBAcceptor': 2, 'UNL:SER:VdWContact': 3, 'UNL:THR:VdWContact': 1}","{'UNL:ARG:Hydrophobic': 1, 'UNL:ARG:VdWContact': 1, 'UNL:ASN:HBAcceptor': 1, 'UNL:ASN:HBDonor': 1, 'UNL:ASN:VdWContact': 1, 'UNL:GLN:VdWContact': 1, 'UNL:GLY:HBAcceptor': 1, 'UNL:GLY:VdWContact': 2, 'UNL:HIS:VdWContact': 1, 'UNL:LEU:Hydrophobic': 1, 'UNL:LYS:HBAcceptor': 1, 'UNL:LYS:VdWContact': 1, 'UNL:PHE:Hydrophobic': 1, 'UNL:PRO:VdWContact': 1, 'UNL:SER:HBAcceptor': 1, 'UNL:SER:HBDonor': 1, 'UNL:SER:VdWContact': 2, 'UNL:THR:HBAcceptor': 1, 'UNL:THR:HBDonor': 1, 'UNL:THR:Hydrophobic': 1, 'UNL:THR:VdWContact': 1}"
224,RFAA,8AEM_LVF,0.0,0.5,"{'UNL:ASP:VdWContact': 1, 'UNL:ILE:Hydrophobic': 1, 'UNL:ILE:VdWContact': 1, 'UNL:LYS:HBDonor': 1, 'UNL:LYS:VdWContact': 1, 'UNL:MET:Hydrophobic': 1, 'UNL:MET:VdWContact': 1, 'UNL:PHE:Hydrophobic': 1, 'UNL:VAL:VdWContact': 1}","{'UNL:ILE:Hydrophobic': 2, 'UNL:ILE:VdWContact': 1, 'UNL:LEU:Hydrophobic': 3, 'UNL:MET:Hydrophobic': 2, 'UNL:PHE:Hydrophobic': 1, 'UNL:PRO:Hydrophobic': 1, 'UNL:TYR:Hydrophobic': 2, 'UNL:VAL:HBDonor': 1, 'UNL:VAL:Hydrophobic': 1, 'UNL:VAL:VdWContact': 1}"
225,RFAA,7ZHP_IQY,0.0,0.368421052631579,"{'UNL:ASP:VdWContact': 1, 'UNL:GLN:HBAcceptor': 1, 'UNL:GLN:HBDonor': 1, 'UNL:GLN:VdWContact': 2, 'UNL:GLU:VdWContact': 1, 'UNL:GLY:VdWContact': 1, 'UNL:ILE:VdWContact': 1, 'UNL:LEU:Hydrophobic': 2, 'UNL:LEU:VdWContact': 2, 'UNL:LYS:VdWContact': 1, 'UNL:MET:VdWContact': 1, 'UNL:PHE:HBAcceptor': 1, 'UNL:PHE:Hydrophobic': 1, 'UNL:PHE:VdWContact': 1}","{'UNL:ALA:Hydrophobic': 1, 'UNL:ASP:Hydrophobic': 1, 'UNL:ASP:VdWContact': 1, 'UNL:GLN:HBAcceptor': 1, 'UNL:GLN:HBDonor': 1, 'UNL:GLN:Hydrophobic': 1, 'UNL:GLN:VdWContact': 2, 'UNL:GLU:Hydrophobic': 1, 'UNL:GLU:VdWContact': 1, 'UNL:ILE:Hydrophobic': 2, 'UNL:ILE:VdWContact': 1, 'UNL:LEU:Hydrophobic': 3, 'UNL:LEU:VdWContact': 1, 'UNL:LYS:Hydrophobic': 1, 'UNL:MET:Hydrophobic': 1, 'UNL:MET:VdWContact': 1, 'UNL:PHE:HBAcceptor': 1, 'UNL:PHE:Hydrophobic': 1, 'UNL:PHE:VdWContact': 1, 'UNL:VAL:Hydrophobic': 1}"
226,RFAA,7W05_GMP,0.2,0.4444444444444445,"{'UNL:ASN:HBDonor': 1, 'UNL:ASN:VdWContact': 2, 'UNL:GLU:HBDonor': 1, 'UNL:GLU:VdWContact': 2, 'UNL:HIS:HBAcceptor': 1, 'UNL:HIS:VdWContact': 2, 'UNL:PHE:VdWContact': 1, 'UNL:TYR:HBAcceptor': 2, 'UNL:TYR:VdWContact': 2}","{'UNL:ASN:HBDonor': 1, 'UNL:ASN:VdWContact': 2, 'UNL:GLN:VdWContact': 1, 'UNL:GLU:HBDonor': 2, 'UNL:GLU:VdWContact': 2, 'UNL:HIS:HBAcceptor': 1, 'UNL:HIS:HBDonor': 1, 'UNL:HIS:Hydrophobic': 1, 'UNL:HIS:VdWContact': 2, 'UNL:PHE:Hydrophobic': 1, 'UNL:TYR:HBAcceptor': 1, 'UNL:TYR:Hydrophobic': 2, 'UNL:TYR:VdWContact': 2}"
227,RFAA,7UY4_SMI,0.25,0.4999999999999999,"{'UNL:ARG:VdWContact': 2, 'UNL:ASN:HBAcceptor': 1, 'UNL:ASN:VdWContact': 1, 'UNL:ASP:VdWContact': 5, 'UNL:GLN:VdWContact': 2, 'UNL:GLU:HBDonor': 1, 'UNL:GLU:VdWContact': 2, 'UNL:LEU:VdWContact': 1, 'UNL:LYS:VdWContact': 1, 'UNL:THR:HBAcceptor': 1, 'UNL:THR:VdWContact': 2, 'UNL:TRP:VdWContact': 1}","{'UNL:ALA:Hydrophobic': 1, 'UNL:ASN:HBAcceptor': 1, 'UNL:ASN:HBDonor': 1, 'UNL:ASN:VdWContact': 1, 'UNL:ASP:VdWContact': 1, 'UNL:GLU:Hydrophobic': 1, 'UNL:GLU:VdWContact': 2, 'UNL:PRO:Hydrophobic': 1, 'UNL:PRO:VdWContact': 1, 'UNL:TRP:Hydrophobic': 1, 'UNL:TRP:VdWContact': 1}"
228,RFAA,7QGP_DJ8,0.0,0.7368421052631579,"{'UNL:ALA:VdWContact': 1, 'UNL:ASP:HBDonor': 1, 'UNL:ASP:VdWContact': 1, 'UNL:CYS:HBAcceptor': 1, 'UNL:CYS:VdWContact': 1, 'UNL:GLU:VdWContact': 2, 'UNL:ILE:Hydrophobic': 1, 'UNL:ILE:VdWContact': 1, 'UNL:LEU:Hydrophobic': 1, 'UNL:LYS:VdWContact': 1, 'UNL:PHE:Hydrophobic': 1, 'UNL:PHE:VdWContact': 1}","{'UNL:ALA:Hydrophobic': 2, 'UNL:ALA:VdWContact': 1, 'UNL:ASP:HBAcceptor': 1, 'UNL:ASP:Hydrophobic': 1, 'UNL:ASP:VdWContact': 1, 'UNL:CYS:HBAcceptor': 1, 'UNL:CYS:Hydrophobic': 1, 'UNL:CYS:VdWContact': 1, 'UNL:GLU:Hydrophobic': 1, 'UNL:GLU:VdWContact': 2, 'UNL:ILE:Hydrophobic': 3, 'UNL:ILE:VdWContact': 2, 'UNL:LEU:Hydrophobic': 2, 'UNL:LEU:VdWContact': 1, 'UNL:LYS:Hydrophobic': 1, 'UNL:PHE:Hydrophobic': 2, 'UNL:TYR:VdWContact': 1, 'UNL:VAL:Hydrophobic': 2, 'UNL:VAL:VdWContact': 1}"
229,RFAA,8FLV_ZB9,0.3333333333333333,0.31578947368421045,"{'UNL:ARG:VdWContact': 1, 'UNL:ASP:VdWContact': 1, 'UNL:GLU:HBDonor': 1, 'UNL:GLU:VdWContact': 1, 'UNL:ILE:VdWContact': 1, 'UNL:LEU:Hydrophobic': 1, 'UNL:LEU:VdWContact': 3, 'UNL:MET:HBAcceptor': 1, 'UNL:MET:Hydrophobic': 1, 'UNL:MET:VdWContact': 2, 'UNL:PHE:VdWContact': 1, 'UNL:THR:VdWContact': 1}","{'UNL:ALA:Hydrophobic': 1, 'UNL:ASP:HBDonor': 1, 'UNL:ASP:VdWContact': 1, 'UNL:CYS:Hydrophobic': 1, 'UNL:GLU:HBDonor': 1, 'UNL:GLU:VdWContact': 1, 'UNL:GLY:VdWContact': 1, 'UNL:ILE:Hydrophobic': 1, 'UNL:ILE:VdWContact': 1, 'UNL:LEU:Hydrophobic': 3, 'UNL:LYS:Hydrophobic': 1, 'UNL:LYS:VdWContact': 1, 'UNL:MET:HBAcceptor': 1, 'UNL:MET:Hydrophobic': 1, 'UNL:MET:VdWContact': 1, 'UNL:PHE:Hydrophobic': 1, 'UNL:TYR:Hydrophobic': 1, 'UNL:VAL:Hydrophobic': 1}"
230,RFAA,8C5M_MTA,0.3333333333333333,0.39999999999999997,"{'UNL:ASP:VdWContact': 2, 'UNL:CYS:HBAcceptor': 1, 'UNL:CYS:VdWContact': 1, 'UNL:LEU:HBAcceptor': 1, 'UNL:MET:VdWContact': 1, 'UNL:PHE:VdWContact': 1, 'UNL:THR:VdWContact': 1, 'UNL:TYR:VdWContact': 1, 'UNL:VAL:VdWContact': 1}","{'UNL:ASP:Hydrophobic': 1, 'UNL:ASP:VdWContact': 3, 'UNL:CYS:HBAcceptor': 1, 'UNL:CYS:Hydrophobic': 1, 'UNL:CYS:VdWContact': 1, 'UNL:GLY:VdWContact': 1, 'UNL:LEU:HBAcceptor': 1, 'UNL:LEU:Hydrophobic': 1, 'UNL:LEU:VdWContact': 1, 'UNL:MET:Hydrophobic': 1, 'UNL:MET:VdWContact': 1, 'UNL:PHE:Hydrophobic': 1, 'UNL:TYR:HBAcceptor': 1, 'UNL:TYR:Hydrophobic': 1, 'UNL:TYR:VdWContact': 1}"
231,RFAA,7TUO_KL9,0.5,0.3500000000000001,"{'UNL:ALA:VdWContact': 1, 'UNL:CYS:VdWContact': 1, 'UNL:GLN:HBAcceptor': 1, 'UNL:GLN:VdWContact': 1, 'UNL:LEU:Hydrophobic': 1, 'UNL:LEU:VdWContact': 3, 'UNL:MET:VdWContact': 1, 'UNL:PHE:VdWContact': 2, 'UNL:THR:VdWContact': 2, 'UNL:TYR:Hydrophobic': 1, 'UNL:TYR:VdWContact': 1, 'UNL:VAL:VdWContact': 1}","{'UNL:ALA:Hydrophobic': 1, 'UNL:ALA:VdWContact': 1, 'UNL:GLN:HBAcceptor': 1, 'UNL:GLN:Hydrophobic': 1, 'UNL:GLN:VdWContact': 1, 'UNL:GLU:HBDonor': 1, 'UNL:GLU:Hydrophobic': 1, 'UNL:GLU:VdWContact': 1, 'UNL:HIS:Hydrophobic': 1, 'UNL:HIS:VdWContact': 1, 'UNL:LEU:Hydrophobic': 1, 'UNL:LEU:VdWContact': 1, 'UNL:PHE:Hydrophobic': 1, 'UNL:PHE:VdWContact': 1, 'UNL:THR:Hydrophobic': 2, 'UNL:TYR:Hydrophobic': 2, 'UNL:TYR:VdWContact': 1, 'UNL:VAL:Hydrophobic': 1}"
232,RFAA,8F8E_XJI,0.39999999999999997,0.5789473684210527,"{'UNL:ARG:VdWContact': 2, 'UNL:ASN:VdWContact': 1, 'UNL:ASP:HBDonor': 1, 'UNL:ASP:VdWContact': 2, 'UNL:CYS:VdWContact': 2, 'UNL:HIS:HBDonor': 1, 'UNL:HIS:VdWContact': 2, 'UNL:LEU:HBDonor': 1, 'UNL:LEU:VdWContact': 3, 'UNL:LYS:VdWContact': 1, 'UNL:PHE:VdWContact': 1, 'UNL:THR:VdWContact': 2, 'UNL:TYR:VdWContact': 1, 'UNL:VAL:HBDonor': 1, 'UNL:VAL:Hydrophobic': 2, 'UNL:VAL:VdWContact': 4}","{'UNL:ALA:Hydrophobic': 1, 'UNL:ALA:VdWContact': 1, 'UNL:ARG:HBAcceptor': 1, 'UNL:ARG:Hydrophobic': 1, 'UNL:ARG:VdWContact': 2, 'UNL:ASP:HBDonor': 1, 'UNL:ASP:Hydrophobic': 1, 'UNL:ASP:VdWContact': 1, 'UNL:CYS:VdWContact': 1, 'UNL:HIS:VdWContact': 1, 'UNL:LEU:Hydrophobic': 2, 'UNL:LEU:VdWContact': 1, 'UNL:PHE:Hydrophobic': 1, 'UNL:PHE:VdWContact': 1, 'UNL:TYR:Hydrophobic': 1, 'UNL:VAL:Hydrophobic': 1}"
233,RFAA,7WCF_ACP,0.28571428571428575,0.26315789473684215,"{'UNL:ARG:VdWContact': 1, 'UNL:ASN:VdWContact': 1, 'UNL:ASP:HBDonor': 1, 'UNL:ASP:VdWContact': 2, 'UNL:HIS:VdWContact': 1, 'UNL:ILE:VdWContact': 2, 'UNL:LEU:VdWContact': 1, 'UNL:LYS:HBAcceptor': 2, 'UNL:LYS:HBDonor': 1, 'UNL:LYS:VdWContact': 4, 'UNL:PHE:HBAcceptor': 1, 'UNL:PHE:VdWContact': 1, 'UNL:PRO:VdWContact': 1, 'UNL:SER:VdWContact': 1, 'UNL:TYR:VdWContact': 1}","{'UNL:ARG:Hydrophobic': 1, 'UNL:ARG:VdWContact': 1, 'UNL:ASP:VdWContact': 2, 'UNL:GLN:HBAcceptor': 1, 'UNL:GLN:Hydrophobic': 1, 'UNL:GLN:VdWContact': 2, 'UNL:GLY:VdWContact': 1, 'UNL:HIS:HBAcceptor': 1, 'UNL:HIS:VdWContact': 1, 'UNL:ILE:Hydrophobic': 1, 'UNL:ILE:VdWContact': 1, 'UNL:LYS:HBDonor': 1, 'UNL:LYS:VdWContact': 3, 'UNL:PHE:HBAcceptor': 1, 'UNL:PHE:Hydrophobic': 1, 'UNL:PHE:VdWContact': 1, 'UNL:TYR:Hydrophobic': 1, 'UNL:TYR:VdWContact': 1, 'UNL:VAL:HBAcceptor': 1, 'UNL:VAL:VdWContact': 1}"
234,RFAA,8AP0_PRP,0.3,0.3333333333333333,"{'UNL:ARG:VdWContact': 2, 'UNL:GLU:VdWContact': 1, 'UNL:GLY:HBAcceptor': 2, 'UNL:GLY:VdWContact': 3, 'UNL:HIS:VdWContact': 1, 'UNL:LYS:HBAcceptor': 1, 'UNL:LYS:HBDonor': 1, 'UNL:LYS:VdWContact': 1, 'UNL:PHE:VdWContact': 1, 'UNL:SER:HBDonor': 1, 'UNL:SER:VdWContact': 3, 'UNL:THR:HBAcceptor': 1, 'UNL:THR:VdWContact': 1}","{'UNL:ARG:HBAcceptor': 1, 'UNL:ARG:HBDonor': 1, 'UNL:ARG:VdWContact': 1, 'UNL:GLY:HBAcceptor': 2, 'UNL:GLY:HBDonor': 1, 'UNL:GLY:VdWContact': 2, 'UNL:HIS:HBAcceptor': 1, 'UNL:HIS:VdWContact': 1, 'UNL:LYS:HBAcceptor': 1, 'UNL:LYS:VdWContact': 1, 'UNL:SER:HBAcceptor': 2, 'UNL:SER:VdWContact': 3, 'UNL:THR:VdWContact': 1, 'UNL:VAL:VdWContact': 1}"
235,RFAA,7UXS_OJC,0.33333333333333337,0.6,"{'UNL:ARG:HBAcceptor': 1, 'UNL:ARG:VdWContact': 2, 'UNL:GLN:HBAcceptor': 1, 'UNL:GLN:VdWContact': 2, 'UNL:GLU:VdWContact': 1, 'UNL:GLY:HBDonor': 2, 'UNL:GLY:VdWContact': 4, 'UNL:LYS:VdWContact': 1, 'UNL:MET:VdWContact': 1, 'UNL:PHE:VdWContact': 4, 'UNL:PRO:VdWContact': 1, 'UNL:SER:VdWContact': 1, 'UNL:TRP:VdWContact': 2}","{'UNL:ALA:VdWContact': 1, 'UNL:ARG:HBAcceptor': 1, 'UNL:ARG:VdWContact': 1, 'UNL:GLN:HBAcceptor': 1, 'UNL:GLN:Hydrophobic': 1, 'UNL:GLN:VdWContact': 1, 'UNL:GLU:HBDonor': 1, 'UNL:GLU:VdWContact': 1, 'UNL:GLY:HBAcceptor': 2, 'UNL:GLY:VdWContact': 2, 'UNL:LEU:HBAcceptor': 1, 'UNL:LEU:Hydrophobic': 1, 'UNL:LEU:VdWContact': 1, 'UNL:LYS:VdWContact': 1, 'UNL:PHE:Hydrophobic': 2, 'UNL:PHE:VdWContact': 2, 'UNL:SER:VdWContact': 1, 'UNL:TRP:VdWContact': 1}"
236,RFAA,7X9K_8OG,0.5,0.6363636363636364,"{'UNL:ARG:VdWContact': 1, 'UNL:ASN:HBAcceptor': 1, 'UNL:ASN:HBDonor': 1, 'UNL:ASN:VdWContact': 1, 'UNL:HIS:VdWContact': 1, 'UNL:ILE:VdWContact': 1, 'UNL:PHE:HBAcceptor': 1, 'UNL:PHE:HBDonor': 1, 'UNL:PHE:VdWContact': 1}","{'UNL:ARG:HBAcceptor': 1, 'UNL:ARG:HBDonor': 1, 'UNL:ARG:VdWContact': 1, 'UNL:ASN:HBAcceptor': 1, 'UNL:ASN:HBDonor': 1, 'UNL:ASN:VdWContact': 1, 'UNL:GLU:Hydrophobic': 1, 'UNL:HIS:HBAcceptor': 1, 'UNL:HIS:HBDonor': 1, 'UNL:HIS:VdWContact': 1, 'UNL:ILE:Hydrophobic': 1, 'UNL:ILE:VdWContact': 1, 'UNL:LEU:Hydrophobic': 1, 'UNL:MET:Hydrophobic': 1, 'UNL:PHE:HBAcceptor': 1, 'UNL:PHE:HBDonor': 1, 'UNL:PHE:VdWContact': 2, 'UNL:PRO:Hydrophobic': 1, 'UNL:VAL:Hydrophobic': 1}"
237,RFAA,8BOM_QU6,0.25,0.34782608695652173,"{'UNL:ALA:VdWContact': 1, 'UNL:ASP:HBAcceptor': 1, 'UNL:ASP:VdWContact': 1, 'UNL:GLU:VdWContact': 2, 'UNL:HIS:VdWContact': 1, 'UNL:ILE:VdWContact': 1, 'UNL:LEU:VdWContact': 2, 'UNL:LYS:VdWContact': 1, 'UNL:MET:HBAcceptor': 1, 'UNL:MET:Hydrophobic': 1, 'UNL:MET:VdWContact': 2, 'UNL:PHE:Hydrophobic': 1, 'UNL:PHE:VdWContact': 1, 'UNL:SER:VdWContact': 1, 'UNL:THR:HBDonor': 1, 'UNL:THR:VdWContact': 1, 'UNL:TYR:VdWContact': 2}","{'UNL:ALA:Hydrophobic': 1, 'UNL:ALA:VdWContact': 1, 'UNL:ASP:HBAcceptor': 1, 'UNL:ASP:Hydrophobic': 1, 'UNL:ASP:VdWContact': 1, 'UNL:GLU:HBDonor': 1, 'UNL:GLU:Hydrophobic': 1, 'UNL:GLU:VdWContact': 2, 'UNL:ILE:Hydrophobic': 3, 'UNL:ILE:VdWContact': 2, 'UNL:LEU:Hydrophobic': 1, 'UNL:LYS:Hydrophobic': 1, 'UNL:MET:HBAcceptor': 1, 'UNL:MET:Hydrophobic': 1, 'UNL:MET:VdWContact': 1, 'UNL:PHE:Hydrophobic': 2, 'UNL:PHE:VdWContact': 1, 'UNL:SER:VdWContact': 1, 'UNL:THR:HBDonor': 1, 'UNL:THR:Hydrophobic': 1, 'UNL:THR:VdWContact': 1, 'UNL:TYR:Hydrophobic': 2, 'UNL:TYR:VdWContact': 1, 'UNL:VAL:Hydrophobic': 1}"
238,RFAA,5SIS_JSM,0.0,0.2727272727272727,"{'UNL:ASP:HBDonor': 1, 'UNL:ASP:VdWContact': 1, 'UNL:GLN:VdWContact': 1, 'UNL:GLY:VdWContact': 1, 'UNL:HIS:VdWContact': 1, 'UNL:ILE:VdWContact': 1, 'UNL:LEU:VdWContact': 1, 'UNL:MET:Hydrophobic': 1, 'UNL:PHE:Hydrophobic': 1, 'UNL:PHE:VdWContact': 1, 'UNL:SER:VdWContact': 1, 'UNL:THR:VdWContact': 1, 'UNL:TYR:VdWContact': 1}","{'UNL:GLN:HBAcceptor': 1, 'UNL:GLN:VdWContact': 1, 'UNL:GLU:Hydrophobic': 1, 'UNL:GLU:VdWContact': 1, 'UNL:GLY:VdWContact': 1, 'UNL:ILE:Hydrophobic': 1, 'UNL:ILE:VdWContact': 1, 'UNL:LEU:Hydrophobic': 1, 'UNL:LYS:Hydrophobic': 1, 'UNL:MET:Hydrophobic': 1, 'UNL:MET:VdWContact': 1, 'UNL:PHE:Hydrophobic': 2, 'UNL:PHE:VdWContact': 1, 'UNL:PRO:Hydrophobic': 1, 'UNL:TYR:Hydrophobic': 1, 'UNL:TYR:VdWContact': 1, 'UNL:VAL:Hydrophobic': 1, 'UNL:VAL:VdWContact': 1}"
239,RFAA,5SD5_HWI,0.4000000000000001,0.5384615384615385,"{'UNL:ARG:HBAcceptor': 2, 'UNL:ARG:HBDonor': 1, 'UNL:ARG:VdWContact': 2, 'UNL:ASP:HBDonor': 1, 'UNL:ILE:HBDonor': 1, 'UNL:ILE:VdWContact': 3, 'UNL:LEU:VdWContact': 2, 'UNL:PHE:VdWContact': 1, 'UNL:TRP:VdWContact': 1, 'UNL:TYR:HBDonor': 1, 'UNL:TYR:VdWContact': 1}","{'UNL:ALA:Hydrophobic': 1, 'UNL:ARG:HBAcceptor': 2, 'UNL:ARG:HBDonor': 1, 'UNL:ARG:VdWContact': 3, 'UNL:ASP:HBDonor': 1, 'UNL:ASP:VdWContact': 1, 'UNL:GLN:Hydrophobic': 1, 'UNL:ILE:HBDonor': 2, 'UNL:ILE:Hydrophobic': 3, 'UNL:ILE:VdWContact': 2, 'UNL:LEU:Hydrophobic': 2, 'UNL:PHE:Hydrophobic': 1, 'UNL:PHE:VdWContact': 1, 'UNL:THR:Hydrophobic': 1, 'UNL:TRP:VdWContact': 1}"
240,RFAA,8A2D_KXY,0.5,0.5,"{'UNL:ALA:VdWContact': 2, 'UNL:ARG:VdWContact': 2, 'UNL:ASP:VdWContact': 1, 'UNL:GLU:VdWContact': 3, 'UNL:GLY:VdWContact': 2, 'UNL:LEU:VdWContact': 2, 'UNL:LYS:HBAcceptor': 1, 'UNL:LYS:VdWContact': 1, 'UNL:MET:Hydrophobic': 1, 'UNL:MET:VdWContact': 2, 'UNL:THR:VdWContact': 1}","{'UNL:ALA:Hydrophobic': 1, 'UNL:ALA:VdWContact': 1, 'UNL:ARG:HBAcceptor': 1, 'UNL:ARG:VdWContact': 1, 'UNL:ASP:HBDonor': 1, 'UNL:ASP:VdWContact': 1, 'UNL:CYS:Hydrophobic': 1, 'UNL:CYS:VdWContact': 1, 'UNL:GLU:VdWContact': 1, 'UNL:ILE:Hydrophobic': 1, 'UNL:LEU:Hydrophobic': 3, 'UNL:LYS:Hydrophobic': 1, 'UNL:MET:Hydrophobic': 1, 'UNL:MET:VdWContact': 1, 'UNL:PHE:HBAcceptor': 1, 'UNL:PHE:Hydrophobic': 2, 'UNL:PHE:VdWContact': 1, 'UNL:THR:Hydrophobic': 2, 'UNL:THR:VdWContact': 1, 'UNL:VAL:Hydrophobic': 3}"
241,RFAA,7QPP_VDX,0.19999999999999996,1.1875,"{'UNL:ARG:HBDonor': 1, 'UNL:ARG:VdWContact': 1, 'UNL:CYS:VdWContact': 1, 'UNL:HIS:VdWContact': 1, 'UNL:ILE:VdWContact': 2, 'UNL:LEU:VdWContact': 1, 'UNL:SER:VdWContact': 2, 'UNL:TYR:HBAcceptor': 1, 'UNL:TYR:VdWContact': 1, 'UNL:VAL:VdWContact': 1}","{'UNL:ARG:HBAcceptor': 1, 'UNL:ARG:VdWContact': 1, 'UNL:CYS:VdWContact': 1, 'UNL:HIS:HBAcceptor': 1, 'UNL:HIS:HBDonor': 1, 'UNL:HIS:VdWContact': 2, 'UNL:ILE:Hydrophobic': 2, 'UNL:LEU:Hydrophobic': 6, 'UNL:LEU:VdWContact': 1, 'UNL:MET:Hydrophobic': 1, 'UNL:PHE:Hydrophobic': 1, 'UNL:SER:VdWContact': 3, 'UNL:TRP:Hydrophobic': 1, 'UNL:TRP:VdWContact': 1, 'UNL:TYR:Hydrophobic': 3, 'UNL:TYR:VdWContact': 2, 'UNL:VAL:Hydrophobic': 3, 'UNL:VAL:VdWContact': 1}"
242,RFAA,7SIU_9ID,0.5,0.7894736842105263,"{'UNL:ALA:VdWContact': 3, 'UNL:ASN:VdWContact': 2, 'UNL:ASP:VdWContact': 4, 'UNL:CYS:HBDonor': 1, 'UNL:CYS:VdWContact': 2, 'UNL:GLU:VdWContact': 2, 'UNL:GLY:VdWContact': 3, 'UNL:HIS:VdWContact': 2, 'UNL:LEU:VdWContact': 3, 'UNL:LYS:VdWContact': 2, 'UNL:MET:Hydrophobic': 2, 'UNL:MET:VdWContact': 2, 'UNL:PHE:VdWContact': 3, 'UNL:VAL:VdWContact': 2}","{'UNL:ALA:HBDonor': 1, 'UNL:ALA:Hydrophobic': 2, 'UNL:ALA:VdWContact': 1, 'UNL:ASP:Hydrophobic': 1, 'UNL:CYS:HBAcceptor': 1, 'UNL:CYS:VdWContact': 1, 'UNL:GLU:HBDonor': 1, 'UNL:GLU:VdWContact': 1, 'UNL:LEU:Hydrophobic': 3, 'UNL:LYS:VdWContact': 1, 'UNL:MET:Hydrophobic': 1, 'UNL:PHE:Hydrophobic': 1, 'UNL:PHE:VdWContact': 1, 'UNL:TYR:Hydrophobic': 1, 'UNL:VAL:Hydrophobic': 2, 'UNL:VAL:VdWContact': 1}"
243,RFAA,7QHG_T3B,0.125,0.56,"{'UNL:ALA:VdWContact': 3, 'UNL:ASN:VdWContact': 2, 'UNL:ASP:VdWContact': 2, 'UNL:CYS:HBDonor': 1, 'UNL:CYS:VdWContact': 2, 'UNL:GLU:HBDonor': 1, 'UNL:GLU:VdWContact': 2, 'UNL:GLY:VdWContact': 2, 'UNL:HIS:VdWContact': 2, 'UNL:ILE:HBAcceptor': 2, 'UNL:ILE:HBDonor': 1, 'UNL:ILE:Hydrophobic': 2, 'UNL:ILE:VdWContact': 2, 'UNL:LEU:Hydrophobic': 5, 'UNL:LEU:VdWContact': 6, 'UNL:LYS:VdWContact': 2, 'UNL:THR:VdWContact': 3, 'UNL:TYR:HBDonor': 1, 'UNL:TYR:Hydrophobic': 1, 'UNL:TYR:VdWContact': 2, 'UNL:VAL:Hydrophobic': 2, 'UNL:VAL:VdWContact': 2}","{'UNL:ARG:HBAcceptor': 1, 'UNL:ARG:Hydrophobic': 1, 'UNL:ARG:VdWContact': 1, 'UNL:ASP:HBAcceptor': 1, 'UNL:ASP:Hydrophobic': 1, 'UNL:ASP:VdWContact': 1, 'UNL:GLU:VdWContact': 1, 'UNL:GLY:VdWContact': 2, 'UNL:HIS:VdWContact': 1, 'UNL:ILE:HBAcceptor': 1, 'UNL:ILE:HBDonor': 1, 'UNL:ILE:Hydrophobic': 3, 'UNL:ILE:VdWContact': 2, 'UNL:LEU:Hydrophobic': 7, 'UNL:LEU:VdWContact': 4, 'UNL:LYS:Hydrophobic': 1, 'UNL:LYS:VdWContact': 1, 'UNL:MET:Hydrophobic': 1, 'UNL:MET:VdWContact': 1, 'UNL:PHE:Hydrophobic': 2, 'UNL:THR:HBDonor': 1, 'UNL:THR:Hydrophobic': 1, 'UNL:THR:VdWContact': 1, 'UNL:TYR:Hydrophobic': 1, 'UNL:VAL:Hydrophobic': 3, 'UNL:VAL:VdWContact': 2}"
244,Chai-1-Single-Seq,8AAU_LH0,0.0,0.1818181818181818,"{'UNL:ALA:VdWContact': 2, 'UNL:GLY:VdWContact': 1, 'UNL:HIS:VdWContact': 1, 'UNL:ILE:HBAcceptor': 1, 'UNL:ILE:HBDonor': 1, 'UNL:ILE:VdWContact': 1, 'UNL:LEU:Hydrophobic': 1, 'UNL:LEU:VdWContact': 2, 'UNL:VAL:Hydrophobic': 1, 'UNL:VAL:VdWContact': 1}","{'UNL:ALA:VdWContact': 2, 'UNL:GLY:VdWContact': 1, 'UNL:ILE:HBAcceptor': 1, 'UNL:ILE:HBDonor': 1, 'UNL:ILE:Hydrophobic': 1, 'UNL:ILE:VdWContact': 1, 'UNL:LEU:Hydrophobic': 2, 'UNL:LEU:VdWContact': 1, 'UNL:THR:VdWContact': 1, 'UNL:TYR:Hydrophobic': 1, 'UNL:VAL:Hydrophobic': 1, 'UNL:VAL:VdWContact': 1}"
245,Chai-1-Single-Seq,7UAW_MF6,0.75,0.46666666666666673,"{'UNL:ARG:VdWContact': 2, 'UNL:ASN:HBAcceptor': 1, 'UNL:ASN:HBDonor': 1, 'UNL:ASN:VdWContact': 1, 'UNL:ASP:VdWContact': 1, 'UNL:LYS:HBAcceptor': 1, 'UNL:LYS:HBDonor': 1, 'UNL:LYS:VdWContact': 1, 'UNL:MET:VdWContact': 1, 'UNL:PHE:VdWContact': 2, 'UNL:SER:VdWContact': 1, 'UNL:VAL:VdWContact': 1}","{'UNL:ALA:VdWContact': 1, 'UNL:ARG:HBAcceptor': 4, 'UNL:ARG:HBDonor': 1, 'UNL:ARG:VdWContact': 4, 'UNL:ASN:HBAcceptor': 1, 'UNL:ASN:HBDonor': 1, 'UNL:ASN:VdWContact': 2, 'UNL:GLN:VdWContact': 1, 'UNL:GLY:HBAcceptor': 2, 'UNL:GLY:VdWContact': 2, 'UNL:HIS:HBAcceptor': 1, 'UNL:HIS:VdWContact': 1, 'UNL:PHE:Hydrophobic': 2, 'UNL:PHE:VdWContact': 2, 'UNL:PRO:VdWContact': 1, 'UNL:THR:VdWContact': 1}"
246,Chai-1-Single-Seq,8EX2_Q2Q,0.0,0.5,"{'UNL:GLY:VdWContact': 1, 'UNL:ILE:VdWContact': 1, 'UNL:LEU:VdWContact': 2, 'UNL:LYS:VdWContact': 1, 'UNL:PHE:VdWContact': 1, 'UNL:SER:VdWContact': 1, 'UNL:VAL:HBAcceptor': 1, 'UNL:VAL:VdWContact': 1}","{'UNL:GLY:VdWContact': 1, 'UNL:ILE:Hydrophobic': 1, 'UNL:LEU:Hydrophobic': 3, 'UNL:LEU:VdWContact': 2, 'UNL:LYS:VdWContact': 2, 'UNL:PHE:Hydrophobic': 1, 'UNL:PHE:VdWContact': 1, 'UNL:SER:VdWContact': 1, 'UNL:VAL:HBAcceptor': 1, 'UNL:VAL:VdWContact': 1}"
247,Chai-1-Single-Seq,7UYB_OK0,0.0,0.3846153846153847,"{'UNL:ASN:HBAcceptor': 1, 'UNL:ASN:VdWContact': 1, 'UNL:ASP:HBDonor': 1, 'UNL:ASP:VdWContact': 1, 'UNL:GLU:VdWContact': 1, 'UNL:HIS:Hydrophobic': 1, 'UNL:HIS:VdWContact': 3, 'UNL:PHE:Hydrophobic': 1, 'UNL:TRP:VdWContact': 1, 'UNL:TYR:Hydrophobic': 1}","{'UNL:ASN:HBAcceptor': 1, 'UNL:ASN:Hydrophobic': 1, 'UNL:ASN:VdWContact': 1, 'UNL:ASP:HBDonor': 1, 'UNL:ASP:VdWContact': 1, 'UNL:CYS:VdWContact': 1, 'UNL:HIS:Hydrophobic': 1, 'UNL:HIS:VdWContact': 3, 'UNL:PHE:Hydrophobic': 1, 'UNL:PHE:VdWContact': 1, 'UNL:SER:VdWContact': 2, 'UNL:TRP:Hydrophobic': 1, 'UNL:TRP:VdWContact': 1, 'UNL:TYR:Hydrophobic': 1}"
248,Chai-1-Single-Seq,7U0U_FK5,0.5,0.64,"{'UNL:ARG:VdWContact': 1, 'UNL:ASN:VdWContact': 1, 'UNL:ASP:VdWContact': 1, 'UNL:GLN:VdWContact': 1, 'UNL:GLY:VdWContact': 1, 'UNL:ILE:HBAcceptor': 1, 'UNL:ILE:VdWContact': 1, 'UNL:PHE:Hydrophobic': 1, 'UNL:PHE:VdWContact': 4, 'UNL:TRP:VdWContact': 1, 'UNL:TYR:VdWContact': 2, 'UNL:VAL:VdWContact': 2}","{'UNL:ASN:Hydrophobic': 1, 'UNL:ASP:VdWContact': 1, 'UNL:GLU-:Hydrophobic': 1, 'UNL:GLU-:VdWContact': 1, 'UNL:ILE:HBAcceptor': 1, 'UNL:ILE:Hydrophobic': 2, 'UNL:ILE:VdWContact': 1, 'UNL:LEU:Hydrophobic': 1, 'UNL:MET:Hydrophobic': 1, 'UNL:PHE-:Hydrophobic': 1, 'UNL:PHE-:VdWContact': 1, 'UNL:PHE:Hydrophobic': 3, 'UNL:PHE:VdWContact': 3, 'UNL:PRO-:Hydrophobic': 1, 'UNL:TRP-:HBAcceptor': 1, 'UNL:TRP-:Hydrophobic': 1, 'UNL:TRP-:VdWContact': 1, 'UNL:TRP:Hydrophobic': 1, 'UNL:TRP:VdWContact': 1, 'UNL:TYR:Hydrophobic': 2, 'UNL:TYR:VdWContact': 2, 'UNL:VAL:Hydrophobic': 3, 'UNL:VAL:VdWContact': 1}"
249,Chai-1-Single-Seq,8C3N_ADP,0.14285714285714285,0.40000000000000013,"{'UNL:ARG:VdWContact': 2, 'UNL:GLN:HBAcceptor': 1, 'UNL:GLN:VdWContact': 1, 'UNL:GLY:HBAcceptor': 2, 'UNL:GLY:VdWContact': 2, 'UNL:ILE:VdWContact': 1, 'UNL:LYS:HBAcceptor': 1, 'UNL:LYS:HBDonor': 1, 'UNL:LYS:VdWContact': 1, 'UNL:THR:HBAcceptor': 1, 'UNL:THR:VdWContact': 2}","{'UNL:ARG:VdWContact': 2, 'UNL:GLN:HBAcceptor': 1, 'UNL:GLN:Hydrophobic': 1, 'UNL:GLN:VdWContact': 1, 'UNL:GLU:HBDonor': 1, 'UNL:GLU:VdWContact': 1, 'UNL:GLY:HBAcceptor': 2, 'UNL:GLY:VdWContact': 2, 'UNL:ILE:Hydrophobic': 1, 'UNL:LYS:HBAcceptor': 1, 'UNL:LYS:VdWContact': 1, 'UNL:SER:HBAcceptor': 1, 'UNL:SER:VdWContact': 1, 'UNL:THR:HBAcceptor': 1, 'UNL:THR:VdWContact': 1}"
250,Chai-1-Single-Seq,8A1H_DLZ,0.16666666666666666,0.7857142857142856,"{'UNL:ALA:HBDonor': 1, 'UNL:ALA:VdWContact': 1, 'UNL:ASP:HBDonor': 1, 'UNL:ASP:VdWContact': 1, 'UNL:GLN:HBAcceptor': 1, 'UNL:GLN:VdWContact': 1, 'UNL:GLU:VdWContact': 2, 'UNL:GLY:HBAcceptor': 1, 'UNL:GLY:VdWContact': 1, 'UNL:LEU:HBAcceptor': 1, 'UNL:LEU:VdWContact': 2, 'UNL:PHE:VdWContact': 1}","{'UNL:ALA:HBDonor': 1, 'UNL:ALA:VdWContact': 1, 'UNL:ASP:HBAcceptor': 1, 'UNL:ASP:HBDonor': 1, 'UNL:ASP:VdWContact': 2, 'UNL:GLN:HBAcceptor': 1, 'UNL:GLN:Hydrophobic': 1, 'UNL:GLN:VdWContact': 1, 'UNL:GLU:Hydrophobic': 1, 'UNL:GLU:VdWContact': 3, 'UNL:GLY:HBAcceptor': 1, 'UNL:GLY:VdWContact': 1, 'UNL:ILE:Hydrophobic': 1, 'UNL:LEU:HBAcceptor': 1, 'UNL:LEU:Hydrophobic': 2, 'UNL:LEU:VdWContact': 1, 'UNL:MET:Hydrophobic': 1, 'UNL:PHE:Hydrophobic': 2, 'UNL:PHE:VdWContact': 2, 'UNL:TYR:VdWContact': 1}"
251,Chai-1-Single-Seq,7XQZ_FPF,0.16666666666666669,0.33333333333333337,"{'UNL:ALA:VdWContact': 1, 'UNL:ARG:HBAcceptor': 2, 'UNL:ARG:VdWContact': 2, 'UNL:ASP:VdWContact': 1, 'UNL:ILE:VdWContact': 1, 'UNL:LYS:HBAcceptor': 1, 'UNL:LYS:HBDonor': 1, 'UNL:LYS:VdWContact': 1, 'UNL:MET:Hydrophobic': 1, 'UNL:MET:VdWContact': 1, 'UNL:PHE:Hydrophobic': 1, 'UNL:PHE:VdWContact': 2, 'UNL:TRP:Hydrophobic': 1, 'UNL:TRP:VdWContact': 2, 'UNL:TYR:VdWContact': 1}","{'UNL:ALA:Hydrophobic': 1, 'UNL:ARG:HBAcceptor': 2, 'UNL:ARG:VdWContact': 2, 'UNL:GLN:HBAcceptor': 1, 'UNL:GLN:HBDonor': 1, 'UNL:GLN:VdWContact': 2, 'UNL:ILE:Hydrophobic': 1, 'UNL:ILE:VdWContact': 1, 'UNL:LYS:VdWContact': 1, 'UNL:MET:Hydrophobic': 1, 'UNL:PHE:Hydrophobic': 4, 'UNL:PHE:VdWContact': 1, 'UNL:PRO:VdWContact': 1, 'UNL:THR:Hydrophobic': 1, 'UNL:TRP:HBAcceptor': 1, 'UNL:TRP:Hydrophobic': 2, 'UNL:TRP:VdWContact': 1, 'UNL:TYR:Hydrophobic': 1, 'UNL:TYR:VdWContact': 1}"
252,Chai-1-Single-Seq,7TXK_LW8,0.0,0.23076923076923078,"{'UNL:ARG:HBAcceptor': 1, 'UNL:ARG:VdWContact': 1, 'UNL:ASN:VdWContact': 1, 'UNL:LYS:HBAcceptor': 1, 'UNL:LYS:VdWContact': 1, 'UNL:PHE:VdWContact': 1, 'UNL:PRO:VdWContact': 1, 'UNL:THR:VdWContact': 1, 'UNL:TYR:Hydrophobic': 1, 'UNL:TYR:VdWContact': 2}","{'UNL:ARG:HBAcceptor': 1, 'UNL:ARG:VdWContact': 1, 'UNL:ASN:VdWContact': 1, 'UNL:GLU:HBDonor': 1, 'UNL:GLU:VdWContact': 1, 'UNL:ILE:Hydrophobic': 1, 'UNL:ILE:VdWContact': 1, 'UNL:LYS:Hydrophobic': 1, 'UNL:LYS:VdWContact': 1, 'UNL:THR:Hydrophobic': 1, 'UNL:THR:VdWContact': 1, 'UNL:TYR:Hydrophobic': 1, 'UNL:TYR:VdWContact': 2}"
253,Chai-1-Single-Seq,7R59_I5F,0.5,0.375,"{'UNL:GLU:HBDonor': 1, 'UNL:GLY:HBAcceptor': 1, 'UNL:GLY:VdWContact': 1, 'UNL:LYS:Hydrophobic': 1, 'UNL:SER:VdWContact': 1, 'UNL:TYR:Hydrophobic': 2, 'UNL:TYR:VdWContact': 1}","{'UNL:ALA:Hydrophobic': 1, 'UNL:GLU:Hydrophobic': 1, 'UNL:GLU:VdWContact': 1, 'UNL:GLY:HBAcceptor': 1, 'UNL:GLY:VdWContact': 1, 'UNL:LYS:Hydrophobic': 1, 'UNL:SER:VdWContact': 1, 'UNL:TYR:Hydrophobic': 2, 'UNL:TYR:VdWContact': 1}"
254,Chai-1-Single-Seq,7QFM_AY3,0.0,0.7272727272727272,"{'UNL:ARG:VdWContact': 1, 'UNL:ASP:HBAcceptor': 1, 'UNL:ASP:VdWContact': 1, 'UNL:ILE:Hydrophobic': 2, 'UNL:LYS:HBAcceptor': 1, 'UNL:LYS:VdWContact': 1, 'UNL:VAL:VdWContact': 1}","{'UNL:ALA:Hydrophobic': 1, 'UNL:ARG:VdWContact': 1, 'UNL:ASP:HBAcceptor': 1, 'UNL:ASP:Hydrophobic': 1, 'UNL:ASP:VdWContact': 2, 'UNL:ILE:Hydrophobic': 2, 'UNL:ILE:VdWContact': 1, 'UNL:LEU:Hydrophobic': 3, 'UNL:LEU:VdWContact': 1, 'UNL:LYS:HBDonor': 1, 'UNL:LYS:VdWContact': 1, 'UNL:VAL:Hydrophobic': 1}"
255,Chai-1-Single-Seq,7QTA_URI,0.5,0.18181818181818177,"{'UNL:ASN:HBAcceptor': 1, 'UNL:ASN:Hydrophobic': 1, 'UNL:ASN:VdWContact': 1, 'UNL:GLU:HBDonor': 1, 'UNL:GLU:VdWContact': 1, 'UNL:ILE:VdWContact': 1, 'UNL:LEU:VdWContact': 1}","{'UNL:ALA:Hydrophobic': 1, 'UNL:ASN:HBAcceptor': 1, 'UNL:ASN:VdWContact': 1, 'UNL:ASP:VdWContact': 1, 'UNL:HIS:VdWContact': 1, 'UNL:LYS:VdWContact': 1, 'UNL:PHE:Hydrophobic': 1, 'UNL:PHE:VdWContact': 1}"
256,Chai-1-Single-Seq,7XBV_APC,0.16666666666666666,0.5833333333333334,"{'UNL:ARG:HBAcceptor': 1, 'UNL:ASP:HBDonor': 1, 'UNL:ASP:VdWContact': 1, 'UNL:GLU:VdWContact': 1, 'UNL:GLY:HBAcceptor': 1, 'UNL:GLY:VdWContact': 1, 'UNL:ILE:HBDonor': 1, 'UNL:ILE:VdWContact': 1, 'UNL:PRO:VdWContact': 1, 'UNL:SER:HBAcceptor': 1, 'UNL:THR:HBAcceptor': 1, 'UNL:THR:VdWContact': 3, 'UNL:TYR:VdWContact': 1}","{'UNL:ASP:HBDonor': 1, 'UNL:ASP:VdWContact': 1, 'UNL:GLY:HBAcceptor': 1, 'UNL:GLY:VdWContact': 2, 'UNL:ILE:HBDonor': 1, 'UNL:ILE:Hydrophobic': 1, 'UNL:ILE:VdWContact': 1, 'UNL:PHE:Hydrophobic': 2, 'UNL:PHE:VdWContact': 1, 'UNL:PRO:VdWContact': 1, 'UNL:SER:HBAcceptor': 1, 'UNL:SER:VdWContact': 1, 'UNL:THR:HBAcceptor': 1, 'UNL:THR:VdWContact': 2, 'UNL:TYR:Hydrophobic': 1, 'UNL:TYR:VdWContact': 1}"
257,Chai-1-Single-Seq,7V14_ORU,0.0,0.14285714285714288,"{'UNL:ALA:VdWContact': 1, 'UNL:CYS:VdWContact': 2, 'UNL:GLY:HBAcceptor': 1, 'UNL:GLY:VdWContact': 3, 'UNL:HIS:VdWContact': 1, 'UNL:ILE:VdWContact': 1, 'UNL:LYS:Hydrophobic': 1, 'UNL:LYS:VdWContact': 1, 'UNL:SER:HBAcceptor': 1, 'UNL:SER:VdWContact': 1, 'UNL:THR:VdWContact': 1}","{'UNL:ALA:Hydrophobic': 1, 'UNL:CYS:VdWContact': 2, 'UNL:GLY:HBAcceptor': 1, 'UNL:GLY:VdWContact': 3, 'UNL:ILE:Hydrophobic': 1, 'UNL:LYS:Hydrophobic': 1, 'UNL:LYS:VdWContact': 1, 'UNL:SER:HBAcceptor': 1, 'UNL:SER:VdWContact': 1, 'UNL:THR:Hydrophobic': 1, 'UNL:THR:VdWContact': 1, 'UNL:TYR:Hydrophobic': 1, 'UNL:TYR:VdWContact': 1}"
258,Chai-1-Single-Seq,7Q27_8KC,0.25,0.6428571428571428,"{'UNL:ALA:VdWContact': 1, 'UNL:GLN:HBAcceptor': 1, 'UNL:GLN:VdWContact': 1, 'UNL:GLU:VdWContact': 1, 'UNL:HIS:HBAcceptor': 1, 'UNL:HIS:HBDonor': 2, 'UNL:HIS:Hydrophobic': 1, 'UNL:HIS:VdWContact': 3, 'UNL:LYS:VdWContact': 1, 'UNL:TYR:Hydrophobic': 1, 'UNL:TYR:VdWContact': 2, 'UNL:VAL:Hydrophobic': 1, 'UNL:VAL:VdWContact': 1}","{'UNL:ALA:Hydrophobic': 1, 'UNL:ALA:VdWContact': 1, 'UNL:ASP:VdWContact': 1, 'UNL:GLN:HBAcceptor': 1, 'UNL:GLN:VdWContact': 1, 'UNL:GLU:VdWContact': 1, 'UNL:HIS:HBAcceptor': 1, 'UNL:HIS:HBDonor': 2, 'UNL:HIS:Hydrophobic': 1, 'UNL:HIS:VdWContact': 4, 'UNL:LYS:HBDonor': 1, 'UNL:LYS:VdWContact': 1, 'UNL:PHE:Hydrophobic': 3, 'UNL:PHE:VdWContact': 1, 'UNL:TYR:Hydrophobic': 1, 'UNL:TYR:VdWContact': 2, 'UNL:VAL:Hydrophobic': 3, 'UNL:VAL:VdWContact': 1}"
259,Chai-1-Single-Seq,8DHG_T78,0.3333333333333333,1.0555555555555556,"{'UNL:ALA:VdWContact': 1, 'UNL:ARG:HBAcceptor': 1, 'UNL:ARG:HBDonor': 1, 'UNL:ARG:VdWContact': 1, 'UNL:HIS:VdWContact': 1, 'UNL:LEU:Hydrophobic': 1, 'UNL:LEU:VdWContact': 5, 'UNL:MET:VdWContact': 1, 'UNL:PRO:VdWContact': 2, 'UNL:THR:VdWContact': 2}","{'UNL:ALA:Hydrophobic': 2, 'UNL:ALA:VdWContact': 2, 'UNL:ARG:VdWContact': 1, 'UNL:GLN:HBAcceptor': 1, 'UNL:GLN:VdWContact': 1, 'UNL:HIS:Hydrophobic': 1, 'UNL:HIS:VdWContact': 1, 'UNL:LEU:Hydrophobic': 4, 'UNL:LEU:VdWContact': 4, 'UNL:MET:Hydrophobic': 2, 'UNL:MET:VdWContact': 1, 'UNL:PHE:Hydrophobic': 2, 'UNL:PRO:Hydrophobic': 1, 'UNL:PRO:VdWContact': 1, 'UNL:THR:Hydrophobic': 1, 'UNL:THR:VdWContact': 2, 'UNL:TYR:Hydrophobic': 2, 'UNL:TYR:VdWContact': 1, 'UNL:VAL:Hydrophobic': 2}"
260,Chai-1-Single-Seq,7THI_PGA,0.5,0.16666666666666666,"{'UNL:ARG:HBAcceptor': 2, 'UNL:ARG:HBDonor': 1, 'UNL:ARG:VdWContact': 3, 'UNL:ASN:VdWContact': 1, 'UNL:GLU:VdWContact': 1, 'UNL:SER:HBAcceptor': 1, 'UNL:SER:VdWContact': 1, 'UNL:TYR:VdWContact': 1}","{'UNL:ARG:HBAcceptor': 3, 'UNL:ARG:VdWContact': 3, 'UNL:ASN:HBAcceptor': 1, 'UNL:ASN:VdWContact': 1, 'UNL:CYS:HBAcceptor': 1, 'UNL:CYS:HBDonor': 1, 'UNL:CYS:VdWContact': 1, 'UNL:GLU:VdWContact': 1, 'UNL:SER:HBAcceptor': 1, 'UNL:SER:VdWContact': 1, 'UNL:TYR:VdWContact': 1}"
261,Chai-1-Single-Seq,7XPO_UPG,0.125,0.19999999999999996,"{'UNL:ARG:HBAcceptor': 2, 'UNL:ARG:VdWContact': 2, 'UNL:ASN:HBAcceptor': 1, 'UNL:ASN:HBDonor': 2, 'UNL:ASN:VdWContact': 2, 'UNL:ASP:VdWContact': 1, 'UNL:LEU:HBAcceptor': 1, 'UNL:LEU:Hydrophobic': 1, 'UNL:LEU:VdWContact': 1, 'UNL:PHE:VdWContact': 1, 'UNL:SER:VdWContact': 1, 'UNL:THR:HBDonor': 1, 'UNL:THR:VdWContact': 1, 'UNL:TYR:HBAcceptor': 2, 'UNL:TYR:VdWContact': 3, 'UNL:VAL:VdWContact': 1}","{'UNL:ARG:HBAcceptor': 2, 'UNL:ARG:VdWContact': 2, 'UNL:ASN:HBAcceptor': 2, 'UNL:ASN:VdWContact': 2, 'UNL:ASP:HBDonor': 1, 'UNL:ASP:VdWContact': 1, 'UNL:LEU:HBAcceptor': 1, 'UNL:LEU:Hydrophobic': 2, 'UNL:LEU:VdWContact': 1, 'UNL:PHE:VdWContact': 1, 'UNL:SER:HBDonor': 1, 'UNL:SER:VdWContact': 1, 'UNL:THR:HBDonor': 1, 'UNL:THR:VdWContact': 2, 'UNL:TYR:VdWContact': 1, 'UNL:VAL:VdWContact': 1}"
262,Chai-1-Single-Seq,7TE8_P0T,0.0,0.6666666666666667,"{'UNL:ALA:VdWContact': 1, 'UNL:ARG:VdWContact': 1, 'UNL:GLU:VdWContact': 1, 'UNL:PHE:Hydrophobic': 2, 'UNL:PHE:VdWContact': 3, 'UNL:TRP:HBAcceptor': 1, 'UNL:TRP:VdWContact': 2, 'UNL:TYR:Hydrophobic': 2, 'UNL:TYR:VdWContact': 2}","{'UNL:ALA:Hydrophobic': 3, 'UNL:ALA:VdWContact': 1, 'UNL:ASP:HBDonor': 1, 'UNL:ASP:Hydrophobic': 1, 'UNL:ASP:VdWContact': 1, 'UNL:GLN:Hydrophobic': 1, 'UNL:GLU:Hydrophobic': 1, 'UNL:HIS:Hydrophobic': 1, 'UNL:HIS:VdWContact': 1, 'UNL:LYS:Hydrophobic': 1, 'UNL:LYS:VdWContact': 1, 'UNL:MET:Hydrophobic': 1, 'UNL:PHE:Hydrophobic': 4, 'UNL:PHE:VdWContact': 1, 'UNL:TRP:VdWContact': 1, 'UNL:TYR:Hydrophobic': 2, 'UNL:TYR:VdWContact': 1}"
263,Chai-1-Single-Seq,7QF4_RBF,0.25,0.4375,"{'UNL:ARG:HBAcceptor': 1, 'UNL:ARG:VdWContact': 1, 'UNL:ASN:HBAcceptor': 2, 'UNL:ASN:HBDonor': 1, 'UNL:ASN:VdWContact': 4, 'UNL:GLN:HBAcceptor': 3, 'UNL:GLN:VdWContact': 3, 'UNL:GLY:VdWContact': 2, 'UNL:ILE:VdWContact': 1, 'UNL:LEU:VdWContact': 1, 'UNL:PHE:VdWContact': 1, 'UNL:THR:VdWContact': 1, 'UNL:VAL:VdWContact': 2}","{'UNL:ARG:HBAcceptor': 1, 'UNL:ARG:VdWContact': 1, 'UNL:ASN:HBAcceptor': 2, 'UNL:ASN:HBDonor': 1, 'UNL:ASN:Hydrophobic': 1, 'UNL:ASN:VdWContact': 3, 'UNL:GLN:HBAcceptor': 2, 'UNL:GLN:Hydrophobic': 1, 'UNL:GLN:VdWContact': 2, 'UNL:GLY:VdWContact': 1, 'UNL:ILE:Hydrophobic': 1, 'UNL:ILE:VdWContact': 2, 'UNL:LEU:Hydrophobic': 4, 'UNL:PHE:Hydrophobic': 1, 'UNL:PHE:VdWContact': 1, 'UNL:THR:Hydrophobic': 1, 'UNL:THR:VdWContact': 1, 'UNL:VAL:Hydrophobic': 1, 'UNL:VAL:VdWContact': 2}"
264,Chai-1-Single-Seq,7TH4_FFO,0.16666666666666663,0.3571428571428572,"{'UNL:ASP:VdWContact': 1, 'UNL:GLN:HBAcceptor': 1, 'UNL:GLN:HBDonor': 1, 'UNL:GLN:VdWContact': 2, 'UNL:GLU:HBDonor': 1, 'UNL:GLU:VdWContact': 1, 'UNL:LEU:Hydrophobic': 1, 'UNL:LEU:VdWContact': 1, 'UNL:LYS:HBAcceptor': 1, 'UNL:LYS:Hydrophobic': 1, 'UNL:LYS:VdWContact': 1, 'UNL:PHE:Hydrophobic': 1, 'UNL:PHE:VdWContact': 1, 'UNL:THR:VdWContact': 1, 'UNL:TYR:VdWContact': 1}","{'UNL:ARG:HBAcceptor': 1, 'UNL:ARG:VdWContact': 2, 'UNL:ASP:HBDonor': 1, 'UNL:ASP:VdWContact': 1, 'UNL:GLN:HBAcceptor': 2, 'UNL:GLN:HBDonor': 1, 'UNL:GLN:VdWContact': 2, 'UNL:LEU:Hydrophobic': 1, 'UNL:MET:Hydrophobic': 1, 'UNL:PHE:Hydrophobic': 2, 'UNL:TYR:VdWContact': 1, 'UNL:VAL:Hydrophobic': 1}"
265,Chai-1-Single-Seq,8D39_QDB,0.0,0.5,"{'UNL:ARG:HBAcceptor': 1, 'UNL:ARG:VdWContact': 1, 'UNL:LEU:Hydrophobic': 1, 'UNL:LEU:VdWContact': 1, 'UNL:PHE:Hydrophobic': 2, 'UNL:PHE:VdWContact': 2, 'UNL:SER:VdWContact': 3, 'UNL:VAL:Hydrophobic': 2, 'UNL:VAL:VdWContact': 2}","{'UNL:ALA:Hydrophobic': 1, 'UNL:ARG:HBAcceptor': 1, 'UNL:ARG:VdWContact': 1, 'UNL:LEU:Hydrophobic': 1, 'UNL:LEU:VdWContact': 1, 'UNL:PHE:Hydrophobic': 3, 'UNL:PHE:VdWContact': 3, 'UNL:SER:VdWContact': 2, 'UNL:THR:Hydrophobic': 1, 'UNL:VAL:Hydrophobic': 3, 'UNL:VAL:VdWContact': 1}"
266,Chai-1-Single-Seq,7YZU_DO7,0.28571428571428575,0.33333333333333337,"{'UNL:ARG:HBAcceptor': 1, 'UNL:ARG:HBDonor': 1, 'UNL:ARG:VdWContact': 1, 'UNL:ASP:HBDonor': 1, 'UNL:ASP:VdWContact': 2, 'UNL:GLU:Hydrophobic': 1, 'UNL:GLU:VdWContact': 1, 'UNL:GLY:HBAcceptor': 1, 'UNL:GLY:VdWContact': 3, 'UNL:THR:HBAcceptor': 1, 'UNL:THR:VdWContact': 1, 'UNL:TRP:HBAcceptor': 2, 'UNL:TRP:VdWContact': 1, 'UNL:TYR:VdWContact': 1}","{'UNL:ARG:HBAcceptor': 1, 'UNL:ARG:VdWContact': 1, 'UNL:ASP:HBDonor': 1, 'UNL:ASP:VdWContact': 2, 'UNL:GLN:VdWContact': 1, 'UNL:GLU:Hydrophobic': 1, 'UNL:GLU:VdWContact': 1, 'UNL:GLY:HBAcceptor': 1, 'UNL:GLY:VdWContact': 3, 'UNL:HIS:VdWContact': 1, 'UNL:ILE:VdWContact': 1, 'UNL:SER:HBAcceptor': 1, 'UNL:SER:VdWContact': 1, 'UNL:THR:VdWContact': 1, 'UNL:TRP:HBAcceptor': 1, 'UNL:TRP:VdWContact': 2}"
267,Chai-1-Single-Seq,7TOM_5AD,0.16666666666666663,0.6875,"{'UNL:ARG:HBAcceptor': 1, 'UNL:ARG:VdWContact': 1, 'UNL:ILE:HBDonor': 1, 'UNL:ILE:VdWContact': 1, 'UNL:PHE:VdWContact': 1, 'UNL:SER:HBAcceptor': 1, 'UNL:SER:HBDonor': 1, 'UNL:SER:VdWContact': 1, 'UNL:THR:VdWContact': 1}","{'UNL:ALA:Hydrophobic': 1, 'UNL:ARG:VdWContact': 1, 'UNL:GLN:HBAcceptor': 2, 'UNL:GLN:Hydrophobic': 1, 'UNL:GLN:VdWContact': 2, 'UNL:ILE:Hydrophobic': 1, 'UNL:MET:Hydrophobic': 1, 'UNL:MET:VdWContact': 1, 'UNL:PHE:HBAcceptor': 1, 'UNL:PHE:Hydrophobic': 1, 'UNL:PHE:VdWContact': 1, 'UNL:SER:HBAcceptor': 1, 'UNL:SER:HBDonor': 1, 'UNL:SER:VdWContact': 1, 'UNL:THR:Hydrophobic': 1, 'UNL:THR:VdWContact': 1, 'UNL:TYR:Hydrophobic': 1, 'UNL:VAL:Hydrophobic': 1, 'UNL:VAL:VdWContact': 1}"
268,Chai-1-Single-Seq,7VWF_K55,1.0,0.5416666666666667,"{'UNL:ARG:Hydrophobic': 1, 'UNL:ARG:VdWContact': 1, 'UNL:CYS:Hydrophobic': 1, 'UNL:CYS:VdWContact': 1, 'UNL:GLN:VdWContact': 1, 'UNL:HIS:HBAcceptor': 2, 'UNL:HIS:VdWContact': 2, 'UNL:ILE:VdWContact': 1, 'UNL:LEU:VdWContact': 3, 'UNL:LYS:Hydrophobic': 1, 'UNL:LYS:VdWContact': 1, 'UNL:THR:VdWContact': 1, 'UNL:TYR:VdWContact': 1, 'UNL:VAL:Hydrophobic': 1, 'UNL:VAL:VdWContact': 2}","{'UNL:ARG:Hydrophobic': 1, 'UNL:CYS:Hydrophobic': 1, 'UNL:CYS:VdWContact': 1, 'UNL:GLN:Hydrophobic': 1, 'UNL:HIS:HBAcceptor': 1, 'UNL:HIS:VdWContact': 2, 'UNL:ILE:Hydrophobic': 2, 'UNL:ILE:VdWContact': 1, 'UNL:LEU:Hydrophobic': 4, 'UNL:LYS:Hydrophobic': 1, 'UNL:MET:Hydrophobic': 1, 'UNL:MET:VdWContact': 1, 'UNL:PHE:Hydrophobic': 3, 'UNL:PHE:VdWContact': 1, 'UNL:THR:HBDonor': 1, 'UNL:THR:Hydrophobic': 1, 'UNL:THR:VdWContact': 2, 'UNL:TRP:Hydrophobic': 1, 'UNL:TRP:VdWContact': 1, 'UNL:TYR:VdWContact': 1, 'UNL:VAL:Hydrophobic': 4, 'UNL:VAL:VdWContact': 1}"
269,Chai-1-Single-Seq,7XI7_4RI,0.3333333333333333,0.19999999999999998,"{'UNL:GLU:HBDonor': 1, 'UNL:GLU:VdWContact': 1, 'UNL:ILE:HBDonor': 1, 'UNL:ILE:Hydrophobic': 1, 'UNL:ILE:VdWContact': 1, 'UNL:PHE:Hydrophobic': 2, 'UNL:PHE:VdWContact': 2, 'UNL:VAL:HBDonor': 1, 'UNL:VAL:Hydrophobic': 1, 'UNL:VAL:VdWContact': 1}","{'UNL:ALA:Hydrophobic': 1, 'UNL:GLU:HBDonor': 1, 'UNL:GLU:VdWContact': 1, 'UNL:ILE:HBDonor': 1, 'UNL:ILE:Hydrophobic': 2, 'UNL:ILE:VdWContact': 1, 'UNL:LEU:Hydrophobic': 1, 'UNL:PHE:Hydrophobic': 2, 'UNL:PHE:VdWContact': 1, 'UNL:THR:Hydrophobic': 1, 'UNL:VAL:VdWContact': 1}"
270,Chai-1-Single-Seq,7WPW_F15,0.5,0.6000000000000001,"{'UNL:ARG:HBAcceptor': 1, 'UNL:ARG:VdWContact': 1, 'UNL:ASP:Hydrophobic': 1, 'UNL:ASP:VdWContact': 1, 'UNL:LYS:Hydrophobic': 1, 'UNL:LYS:VdWContact': 1, 'UNL:MET:Hydrophobic': 1, 'UNL:MET:VdWContact': 1, 'UNL:TYR:VdWContact': 1}","{'UNL:ALA:Hydrophobic': 2, 'UNL:ARG:HBAcceptor': 1, 'UNL:ARG:HBDonor': 1, 'UNL:ARG:VdWContact': 1, 'UNL:ASP:Hydrophobic': 1, 'UNL:LEU:Hydrophobic': 3, 'UNL:LYS:Hydrophobic': 1, 'UNL:MET:Hydrophobic': 1, 'UNL:PHE:Hydrophobic': 2, 'UNL:PRO:Hydrophobic': 1, 'UNL:THR:Hydrophobic': 2, 'UNL:TYR:Hydrophobic': 1, 'UNL:TYR:VdWContact': 1, 'UNL:VAL:Hydrophobic': 1}"
271,Chai-1-Single-Seq,7T3E_SLB,0.6666666666666666,0.5,"{'UNL:ARG:HBAcceptor': 3, 'UNL:ARG:HBDonor': 2, 'UNL:ARG:VdWContact': 3, 'UNL:ASN:HBAcceptor': 1, 'UNL:ASN:VdWContact': 1, 'UNL:ASP:VdWContact': 1, 'UNL:GLN:HBAcceptor': 1, 'UNL:GLN:VdWContact': 1, 'UNL:GLU:VdWContact': 2, 'UNL:PHE:VdWContact': 1}","{'UNL:ARG:HBAcceptor': 2, 'UNL:ARG:HBDonor': 1, 'UNL:ARG:VdWContact': 3, 'UNL:ASN:HBAcceptor': 1, 'UNL:ASN:VdWContact': 1, 'UNL:ASP:HBDonor': 1, 'UNL:ASP:Hydrophobic': 1, 'UNL:ASP:VdWContact': 1, 'UNL:GLN:HBAcceptor': 1, 'UNL:GLN:VdWContact': 2, 'UNL:GLU:HBDonor': 1, 'UNL:GLU:VdWContact': 1, 'UNL:PHE:Hydrophobic': 2, 'UNL:PHE:VdWContact': 2}"
272,Chai-1-Single-Seq,7VQ9_ISY,0.6666666666666667,0.8181818181818182,"{'UNL:ARG:HBAcceptor': 2, 'UNL:ARG:HBDonor': 1, 'UNL:ARG:VdWContact': 4, 'UNL:ASN:VdWContact': 1, 'UNL:ASP:Hydrophobic': 1, 'UNL:SER:VdWContact': 1}","{'UNL:ARG:HBAcceptor': 1, 'UNL:ARG:HBDonor': 1, 'UNL:ARG:VdWContact': 2, 'UNL:ASN:VdWContact': 1, 'UNL:ASP:Hydrophobic': 1, 'UNL:GLY:VdWContact': 1, 'UNL:ILE:Hydrophobic': 1, 'UNL:PHE:Hydrophobic': 1, 'UNL:PHE:VdWContact': 1, 'UNL:PRO:Hydrophobic': 1, 'UNL:PRO:VdWContact': 1, 'UNL:SER:HBAcceptor': 1, 'UNL:SER:VdWContact': 1, 'UNL:THR:Hydrophobic': 1}"
273,Chai-1-Single-Seq,8HFN_XGC,0.6,0.33333333333333326,"{'UNL:ASN:VdWContact': 1, 'UNL:CYS:Hydrophobic': 1, 'UNL:CYS:VdWContact': 2, 'UNL:GLY:VdWContact': 1, 'UNL:HIS:VdWContact': 1, 'UNL:ILE:VdWContact': 1, 'UNL:LEU:VdWContact': 1, 'UNL:MET:Hydrophobic': 1, 'UNL:MET:VdWContact': 1, 'UNL:THR:HBAcceptor': 1, 'UNL:THR:HBDonor': 1, 'UNL:THR:VdWContact': 3, 'UNL:TRP:VdWContact': 1}","{'UNL:ASN:HBDonor': 1, 'UNL:ASN:VdWContact': 1, 'UNL:CYS:Hydrophobic': 1, 'UNL:CYS:VdWContact': 2, 'UNL:GLY:VdWContact': 2, 'UNL:HIS:HBAcceptor': 1, 'UNL:HIS:VdWContact': 1, 'UNL:ILE:VdWContact': 1, 'UNL:LEU:Hydrophobic': 1, 'UNL:LYS:Hydrophobic': 1, 'UNL:LYS:VdWContact': 1, 'UNL:MET:HBAcceptor': 1, 'UNL:MET:VdWContact': 1, 'UNL:THR:HBAcceptor': 1, 'UNL:THR:HBDonor': 1, 'UNL:THR:Hydrophobic': 1, 'UNL:THR:VdWContact': 3, 'UNL:TRP:Hydrophobic': 1, 'UNL:TRP:VdWContact': 1, 'UNL:TYR:Hydrophobic': 1, 'UNL:TYR:VdWContact': 1}"
274,Chai-1-Single-Seq,7W06_ITN,0.6666666666666667,0.1818181818181817,"{'UNL:ALA:VdWContact': 1, 'UNL:GLY:VdWContact': 1, 'UNL:ILE:HBAcceptor': 1, 'UNL:ILE:VdWContact': 1, 'UNL:LEU:VdWContact': 1, 'UNL:SER:HBAcceptor': 1, 'UNL:SER:VdWContact': 1, 'UNL:THR:HBAcceptor': 1, 'UNL:THR:VdWContact': 2}","{'UNL:ARG:HBAcceptor': 1, 'UNL:ARG:VdWContact': 1, 'UNL:ASN:HBAcceptor': 1, 'UNL:ASN:VdWContact': 1, 'UNL:ILE:Hydrophobic': 2, 'UNL:LEU:Hydrophobic': 1, 'UNL:PHE:Hydrophobic': 1, 'UNL:SER:HBAcceptor': 1, 'UNL:SER:VdWContact': 1, 'UNL:THR:HBAcceptor': 2, 'UNL:THR:HBDonor': 2, 'UNL:THR:VdWContact': 2}"
275,Chai-1-Single-Seq,7UAS_MBU,0.0,0.4666666666666667,"{'UNL:CYS:HBAcceptor': 1, 'UNL:CYS:Hydrophobic': 1, 'UNL:CYS:VdWContact': 1, 'UNL:GLY:VdWContact': 1, 'UNL:ILE:Hydrophobic': 1, 'UNL:ILE:VdWContact': 1, 'UNL:LEU:VdWContact': 1, 'UNL:LYS:VdWContact': 1, 'UNL:PHE:VdWContact': 3, 'UNL:SER:VdWContact': 2, 'UNL:TYR:Hydrophobic': 1, 'UNL:TYR:VdWContact': 1}","{'UNL:ASP:Hydrophobic': 2, 'UNL:CYS:HBAcceptor': 1, 'UNL:CYS:Hydrophobic': 1, 'UNL:CYS:VdWContact': 1, 'UNL:GLY:VdWContact': 1, 'UNL:ILE:Hydrophobic': 1, 'UNL:ILE:VdWContact': 1, 'UNL:LYS:Hydrophobic': 1, 'UNL:PHE:Hydrophobic': 4, 'UNL:PHE:VdWContact': 2, 'UNL:PRO:Hydrophobic': 1, 'UNL:SER:VdWContact': 2, 'UNL:TYR:Hydrophobic': 2, 'UNL:TYR:VdWContact': 2}"
276,Chai-1-Single-Seq,8GFD_ZHR,0.0,0.07142857142857151,"{'UNL:ASN:VdWContact': 1, 'UNL:GLU:VdWContact': 1, 'UNL:GLY:VdWContact': 1, 'UNL:LEU:VdWContact': 1, 'UNL:MET:HBAcceptor': 1, 'UNL:MET:Hydrophobic': 1, 'UNL:MET:VdWContact': 1, 'UNL:PHE:VdWContact': 1, 'UNL:TYR:HBDonor': 1, 'UNL:TYR:VdWContact': 2}","{'UNL:ALA:Hydrophobic': 1, 'UNL:ARG:Hydrophobic': 1, 'UNL:GLN:HBAcceptor': 1, 'UNL:GLN:VdWContact': 2, 'UNL:GLU:HBDonor': 1, 'UNL:GLU:VdWContact': 1, 'UNL:SER:VdWContact': 2, 'UNL:TRP:Hydrophobic': 1, 'UNL:TYR:Hydrophobic': 1, 'UNL:TYR:VdWContact': 1}"
277,Chai-1-Single-Seq,7UQ3_O2U,0.4,0.0,"{'UNL:ASN:HBAcceptor': 1, 'UNL:ASN:VdWContact': 1, 'UNL:ASP:VdWContact': 1, 'UNL:HIS:HBAcceptor': 1, 'UNL:HIS:HBDonor': 1, 'UNL:HIS:VdWContact': 2, 'UNL:LEU:VdWContact': 1, 'UNL:LYS:HBAcceptor': 1, 'UNL:LYS:VdWContact': 1, 'UNL:SER:HBDonor': 1, 'UNL:SER:VdWContact': 2, 'UNL:TRP:Hydrophobic': 1, 'UNL:TRP:VdWContact': 1, 'UNL:TYR:VdWContact': 1, 'UNL:VAL:Hydrophobic': 1, 'UNL:VAL:VdWContact': 1}","{'UNL:ASN:HBAcceptor': 1, 'UNL:ASN:VdWContact': 1, 'UNL:ASP:VdWContact': 1, 'UNL:HIS:HBAcceptor': 1, 'UNL:HIS:HBDonor': 1, 'UNL:HIS:VdWContact': 2, 'UNL:LEU:Hydrophobic': 1, 'UNL:LEU:VdWContact': 1, 'UNL:LYS:VdWContact': 1, 'UNL:SER:VdWContact': 2, 'UNL:TRP:Hydrophobic': 1, 'UNL:TRP:VdWContact': 1, 'UNL:TYR:VdWContact': 1, 'UNL:VAL:Hydrophobic': 1}"
278,Chai-1-Single-Seq,7USH_82V,0.5,0.8181818181818181,"{'UNL:ASN:HBAcceptor': 1, 'UNL:ASN:VdWContact': 1, 'UNL:HIS:HBAcceptor': 1, 'UNL:LEU:VdWContact': 1, 'UNL:PRO:VdWContact': 1, 'UNL:TRP:VdWContact': 1}","{'UNL:ASN:HBAcceptor': 1, 'UNL:ASN:VdWContact': 1, 'UNL:HIS:VdWContact': 1, 'UNL:LEU:Hydrophobic': 2, 'UNL:LEU:VdWContact': 1, 'UNL:PHE:Hydrophobic': 1, 'UNL:PRO:Hydrophobic': 1, 'UNL:PRO:VdWContact': 1, 'UNL:TRP:Hydrophobic': 1, 'UNL:TRP:VdWContact': 1, 'UNL:TYR:Hydrophobic': 1, 'UNL:VAL:Hydrophobic': 2}"
279,Chai-1-Single-Seq,7XG5_PLP,0.0,0.30000000000000004,"{'UNL:ARG:HBAcceptor': 1, 'UNL:ARG:VdWContact': 1, 'UNL:GLN:VdWContact': 1, 'UNL:GLU:VdWContact': 1, 'UNL:GLY:VdWContact': 1, 'UNL:LEU:VdWContact': 1, 'UNL:LYS:VdWContact': 1, 'UNL:THR:HBAcceptor': 2, 'UNL:THR:VdWContact': 3, 'UNL:VAL:HBAcceptor': 1, 'UNL:VAL:HBDonor': 1, 'UNL:VAL:VdWContact': 1}","{'UNL:ARG:HBAcceptor': 1, 'UNL:ARG:VdWContact': 1, 'UNL:ASN:VdWContact': 1, 'UNL:GLU:VdWContact': 1, 'UNL:GLY:VdWContact': 2, 'UNL:LEU:Hydrophobic': 2, 'UNL:LEU:VdWContact': 1, 'UNL:LYS:VdWContact': 1, 'UNL:THR:HBAcceptor': 2, 'UNL:THR:VdWContact': 3, 'UNL:VAL:HBAcceptor': 1, 'UNL:VAL:HBDonor': 1, 'UNL:VAL:VdWContact': 1}"
280,Chai-1-Single-Seq,7ULC_56B,0.45454545454545453,0.5000000000000001,"{'UNL:ARG:HBAcceptor': 1, 'UNL:ARG:VdWContact': 1, 'UNL:ASN:HBAcceptor': 1, 'UNL:ASN:HBDonor': 1, 'UNL:ASN:VdWContact': 3, 'UNL:ASP:HBDonor': 1, 'UNL:ASP:VdWContact': 2, 'UNL:GLN:HBAcceptor': 1, 'UNL:GLN:HBDonor': 1, 'UNL:GLN:VdWContact': 1, 'UNL:LYS:HBAcceptor': 1, 'UNL:LYS:HBDonor': 1, 'UNL:LYS:VdWContact': 2, 'UNL:PHE:VdWContact': 1, 'UNL:TRP:HBAcceptor': 1, 'UNL:TRP:HBDonor': 1, 'UNL:TRP:Hydrophobic': 1, 'UNL:TRP:VdWContact': 3, 'UNL:TYR:HBAcceptor': 1, 'UNL:TYR:VdWContact': 2}","{'UNL:ASN:HBAcceptor': 1, 'UNL:ASN:HBDonor': 1, 'UNL:ASN:VdWContact': 2, 'UNL:ASP:HBDonor': 1, 'UNL:ASP:VdWContact': 2, 'UNL:GLN:HBAcceptor': 1, 'UNL:GLN:VdWContact': 1, 'UNL:ILE:Hydrophobic': 1, 'UNL:ILE:VdWContact': 1, 'UNL:LYS:VdWContact': 2, 'UNL:PHE:Hydrophobic': 1, 'UNL:PHE:VdWContact': 1, 'UNL:TRP:HBAcceptor': 1, 'UNL:TRP:Hydrophobic': 2, 'UNL:TRP:VdWContact': 2, 'UNL:TYR:HBAcceptor': 1, 'UNL:TYR:Hydrophobic': 1, 'UNL:TYR:VdWContact': 2, 'UNL:VAL:Hydrophobic': 1}"
281,Chai-1-Single-Seq,7SFO_98L,0.0,0.5294117647058824,"{'UNL:ARG:HBAcceptor': 1, 'UNL:ARG:VdWContact': 1, 'UNL:GLU:VdWContact': 1, 'UNL:HIS:Hydrophobic': 1, 'UNL:LEU:HBDonor': 1, 'UNL:LEU:Hydrophobic': 5, 'UNL:LEU:VdWContact': 4, 'UNL:MET:Hydrophobic': 1, 'UNL:MET:VdWContact': 1, 'UNL:PHE:VdWContact': 1, 'UNL:THR:VdWContact': 1, 'UNL:TRP:VdWContact': 1}","{'UNL:ALA:Hydrophobic': 1, 'UNL:ARG:HBAcceptor': 1, 'UNL:ARG:VdWContact': 1, 'UNL:GLU:VdWContact': 1, 'UNL:GLY:VdWContact': 1, 'UNL:HIS:Hydrophobic': 1, 'UNL:HIS:VdWContact': 1, 'UNL:ILE:Hydrophobic': 1, 'UNL:LEU:HBDonor': 1, 'UNL:LEU:Hydrophobic': 7, 'UNL:LEU:VdWContact': 4, 'UNL:MET:Hydrophobic': 4, 'UNL:MET:VdWContact': 1, 'UNL:PHE:Hydrophobic': 1, 'UNL:THR:Hydrophobic': 1, 'UNL:TRP:Hydrophobic': 1}"
282,Chai-1-Single-Seq,8DP2_UMA,0.3333333333333333,0.3076923076923077,"{'UNL:ARG:HBAcceptor': 1, 'UNL:ARG:VdWContact': 1, 'UNL:ASN:VdWContact': 1, 'UNL:GLN:VdWContact': 1, 'UNL:GLY:VdWContact': 1, 'UNL:LEU:Hydrophobic': 1, 'UNL:LYS:HBAcceptor': 1, 'UNL:LYS:VdWContact': 2, 'UNL:PRO:VdWContact': 1, 'UNL:SER:HBAcceptor': 1, 'UNL:SER:VdWContact': 2, 'UNL:THR:HBAcceptor': 1, 'UNL:THR:HBDonor': 1, 'UNL:THR:VdWContact': 1}","{'UNL:ARG:Hydrophobic': 1, 'UNL:ARG:VdWContact': 1, 'UNL:ASN:HBAcceptor': 1, 'UNL:ASN:HBDonor': 1, 'UNL:ASN:VdWContact': 1, 'UNL:GLN:VdWContact': 1, 'UNL:GLY:HBAcceptor': 1, 'UNL:GLY:VdWContact': 2, 'UNL:HIS:VdWContact': 1, 'UNL:LEU:Hydrophobic': 1, 'UNL:LYS:HBAcceptor': 1, 'UNL:LYS:VdWContact': 1, 'UNL:PHE:Hydrophobic': 1, 'UNL:PRO:VdWContact': 1, 'UNL:SER:HBAcceptor': 1, 'UNL:SER:HBDonor': 1, 'UNL:SER:VdWContact': 2, 'UNL:THR:HBAcceptor': 1, 'UNL:THR:HBDonor': 1, 'UNL:THR:Hydrophobic': 1, 'UNL:THR:VdWContact': 1}"
283,Chai-1-Single-Seq,7XFA_D9J,0.0,0.1,"{'UNL:ALA:VdWContact': 1, 'UNL:ARG:HBAcceptor': 1, 'UNL:ARG:Hydrophobic': 1, 'UNL:ARG:VdWContact': 1, 'UNL:ASN:HBAcceptor': 1, 'UNL:ASN:VdWContact': 2, 'UNL:GLU:VdWContact': 1, 'UNL:GLY:VdWContact': 1, 'UNL:HIS:VdWContact': 1, 'UNL:TRP:Hydrophobic': 1, 'UNL:TRP:VdWContact': 1}","{'UNL:ALA:Hydrophobic': 1, 'UNL:ARG:HBAcceptor': 1, 'UNL:ARG:Hydrophobic': 1, 'UNL:ARG:VdWContact': 1, 'UNL:ASN:HBAcceptor': 1, 'UNL:ASN:VdWContact': 2, 'UNL:GLU:VdWContact': 1, 'UNL:GLY:VdWContact': 1, 'UNL:HIS:VdWContact': 1, 'UNL:TRP:Hydrophobic': 1}"
284,Chai-1-Single-Seq,7ZHP_IQY,0.6666666666666666,0.5263157894736843,"{'UNL:ALA:VdWContact': 1, 'UNL:GLN:HBAcceptor': 1, 'UNL:GLN:VdWContact': 1, 'UNL:GLY:VdWContact': 1, 'UNL:ILE:Hydrophobic': 2, 'UNL:ILE:VdWContact': 2, 'UNL:LEU:VdWContact': 1, 'UNL:MET:Hydrophobic': 1, 'UNL:MET:VdWContact': 1, 'UNL:PHE:VdWContact': 1}","{'UNL:ALA:Hydrophobic': 1, 'UNL:ASP:Hydrophobic': 1, 'UNL:ASP:VdWContact': 1, 'UNL:GLN:HBAcceptor': 1, 'UNL:GLN:HBDonor': 1, 'UNL:GLN:Hydrophobic': 1, 'UNL:GLN:VdWContact': 2, 'UNL:GLU:Hydrophobic': 1, 'UNL:GLU:VdWContact': 1, 'UNL:ILE:Hydrophobic': 2, 'UNL:ILE:VdWContact': 1, 'UNL:LEU:Hydrophobic': 3, 'UNL:LEU:VdWContact': 1, 'UNL:LYS:Hydrophobic': 1, 'UNL:MET:Hydrophobic': 1, 'UNL:MET:VdWContact': 1, 'UNL:PHE:HBAcceptor': 1, 'UNL:PHE:Hydrophobic': 1, 'UNL:PHE:VdWContact': 1, 'UNL:VAL:Hydrophobic': 1}"
285,Chai-1-Single-Seq,7W05_GMP,0.0,0.625,"{'UNL:ASN:HBDonor': 1, 'UNL:ASN:VdWContact': 2, 'UNL:GLN:VdWContact': 1, 'UNL:GLU:HBDonor': 2, 'UNL:GLU:VdWContact': 2, 'UNL:HIS:HBAcceptor': 1, 'UNL:HIS:HBDonor': 1, 'UNL:HIS:VdWContact': 3, 'UNL:TYR:HBAcceptor': 1, 'UNL:TYR:VdWContact': 2}","{'UNL:ASN:HBDonor': 1, 'UNL:ASN:VdWContact': 2, 'UNL:GLN:VdWContact': 1, 'UNL:GLU:HBDonor': 2, 'UNL:GLU:VdWContact': 2, 'UNL:HIS:HBAcceptor': 1, 'UNL:HIS:HBDonor': 1, 'UNL:HIS:Hydrophobic': 1, 'UNL:HIS:VdWContact': 2, 'UNL:PHE:Hydrophobic': 1, 'UNL:TYR:HBAcceptor': 1, 'UNL:TYR:Hydrophobic': 2, 'UNL:TYR:VdWContact': 2}"
286,Chai-1-Single-Seq,8AIE_M7L,0.6000000000000001,0.2727272727272728,"{'UNL:ARG:HBAcceptor': 1, 'UNL:ARG:VdWContact': 1, 'UNL:GLU:VdWContact': 1, 'UNL:HIS:VdWContact': 1, 'UNL:LYS:HBAcceptor': 1, 'UNL:LYS:VdWContact': 1, 'UNL:PHE:VdWContact': 1, 'UNL:SER:VdWContact': 2, 'UNL:THR:HBAcceptor': 3, 'UNL:THR:VdWContact': 5, 'UNL:TYR:VdWContact': 1, 'UNL:VAL:VdWContact': 1}","{'UNL:ARG:HBAcceptor': 2, 'UNL:ARG:VdWContact': 1, 'UNL:GLU:VdWContact': 1, 'UNL:HIS:VdWContact': 1, 'UNL:LEU:Hydrophobic': 1, 'UNL:LYS:VdWContact': 2, 'UNL:SER:VdWContact': 2, 'UNL:THR:HBAcceptor': 3, 'UNL:THR:HBDonor': 2, 'UNL:THR:VdWContact': 4, 'UNL:TYR:Hydrophobic': 1, 'UNL:TYR:VdWContact': 1, 'UNL:VAL:HBAcceptor': 1, 'UNL:VAL:VdWContact': 1}"
287,Chai-1-Single-Seq,7UMW_NAD,0.33333333333333337,0.3888888888888889,"{'UNL:ALA:VdWContact': 2, 'UNL:ASP:HBDonor': 1, 'UNL:ASP:VdWContact': 1, 'UNL:CYS:VdWContact': 1, 'UNL:GLN:HBAcceptor': 1, 'UNL:GLN:VdWContact': 1, 'UNL:GLY:VdWContact': 3, 'UNL:ILE:HBAcceptor': 2, 'UNL:ILE:HBDonor': 1, 'UNL:ILE:VdWContact': 3, 'UNL:LYS:VdWContact': 1, 'UNL:PRO:VdWContact': 1, 'UNL:SER:VdWContact': 3, 'UNL:THR:HBAcceptor': 1, 'UNL:THR:VdWContact': 1, 'UNL:TYR:Hydrophobic': 1, 'UNL:VAL:HBAcceptor': 1, 'UNL:VAL:VdWContact': 1}","{'UNL:ALA:Hydrophobic': 1, 'UNL:ALA:VdWContact': 2, 'UNL:ASP:HBDonor': 1, 'UNL:ASP:VdWContact': 1, 'UNL:CYS:VdWContact': 1, 'UNL:GLN:Hydrophobic': 1, 'UNL:GLN:VdWContact': 1, 'UNL:GLY:VdWContact': 2, 'UNL:ILE:HBAcceptor': 2, 'UNL:ILE:HBDonor': 2, 'UNL:ILE:Hydrophobic': 3, 'UNL:ILE:VdWContact': 3, 'UNL:LEU:Hydrophobic': 1, 'UNL:LYS:VdWContact': 1, 'UNL:PHE:Hydrophobic': 1, 'UNL:PRO:VdWContact': 1, 'UNL:SER:VdWContact': 3, 'UNL:THR:HBAcceptor': 1, 'UNL:THR:VdWContact': 1, 'UNL:TYR:Hydrophobic': 1, 'UNL:VAL:HBAcceptor': 1, 'UNL:VAL:Hydrophobic': 1, 'UNL:VAL:VdWContact': 1}"
288,Chai-1-Single-Seq,7U3J_L6U,0.5,0.22727272727272732,"{'UNL:ALA:VdWContact': 1, 'UNL:ASN:VdWContact': 1, 'UNL:GLN:VdWContact': 1, 'UNL:GLU:VdWContact': 1, 'UNL:GLY:HBDonor': 1, 'UNL:GLY:VdWContact': 1, 'UNL:HIS:Hydrophobic': 1, 'UNL:ILE:VdWContact': 1, 'UNL:LEU:Hydrophobic': 1, 'UNL:LEU:VdWContact': 3, 'UNL:LYS:Hydrophobic': 1, 'UNL:LYS:VdWContact': 1, 'UNL:PHE:Hydrophobic': 1, 'UNL:SER:HBAcceptor': 1, 'UNL:SER:HBDonor': 1, 'UNL:SER:VdWContact': 3, 'UNL:TYR:VdWContact': 3}","{'UNL:ALA:Hydrophobic': 1, 'UNL:ALA:VdWContact': 1, 'UNL:GLN:HBDonor': 1, 'UNL:GLN:Hydrophobic': 1, 'UNL:GLN:VdWContact': 2, 'UNL:GLU:HBDonor': 1, 'UNL:GLU:VdWContact': 1, 'UNL:GLY:HBDonor': 1, 'UNL:GLY:VdWContact': 1, 'UNL:ILE:Hydrophobic': 1, 'UNL:LEU:Hydrophobic': 3, 'UNL:LEU:VdWContact': 2, 'UNL:PHE:Hydrophobic': 1, 'UNL:PHE:VdWContact': 1, 'UNL:SER:HBAcceptor': 1, 'UNL:SER:HBDonor': 1, 'UNL:SER:VdWContact': 3, 'UNL:THR:Hydrophobic': 1, 'UNL:THR:VdWContact': 1, 'UNL:TRP:Hydrophobic': 1, 'UNL:TYR:HBAcceptor': 1, 'UNL:TYR:Hydrophobic': 1, 'UNL:TYR:VdWContact': 3}"
289,Chai-1-Single-Seq,7QGP_DJ8,0.5,0.44999999999999984,"{'UNL:ASP:VdWContact': 1, 'UNL:CYS:HBAcceptor': 1, 'UNL:CYS:VdWContact': 1, 'UNL:GLU:Hydrophobic': 1, 'UNL:GLU:VdWContact': 1, 'UNL:ILE:Hydrophobic': 3, 'UNL:ILE:VdWContact': 2, 'UNL:LEU:Hydrophobic': 1, 'UNL:LEU:VdWContact': 3, 'UNL:LYS:Hydrophobic': 1, 'UNL:LYS:VdWContact': 1, 'UNL:PHE:VdWContact': 1, 'UNL:TYR:Hydrophobic': 1, 'UNL:TYR:VdWContact': 1}","{'UNL:ALA:Hydrophobic': 2, 'UNL:ALA:VdWContact': 1, 'UNL:ASP:HBAcceptor': 1, 'UNL:ASP:Hydrophobic': 1, 'UNL:ASP:VdWContact': 1, 'UNL:CYS:HBAcceptor': 1, 'UNL:CYS:Hydrophobic': 1, 'UNL:CYS:VdWContact': 1, 'UNL:GLU:Hydrophobic': 1, 'UNL:GLU:VdWContact': 2, 'UNL:ILE:Hydrophobic': 3, 'UNL:ILE:VdWContact': 2, 'UNL:LEU:Hydrophobic': 2, 'UNL:LEU:VdWContact': 1, 'UNL:LYS:Hydrophobic': 1, 'UNL:PHE:Hydrophobic': 2, 'UNL:TYR:VdWContact': 1, 'UNL:VAL:Hydrophobic': 2, 'UNL:VAL:VdWContact': 1}"
290,Chai-1-Single-Seq,7WQQ_5Z6,0.5,0.5714285714285713,"{'UNL:ARG:HBAcceptor': 1, 'UNL:ARG:Hydrophobic': 2, 'UNL:ARG:VdWContact': 1, 'UNL:CYS:Hydrophobic': 1, 'UNL:GLY:VdWContact': 1, 'UNL:ILE:Hydrophobic': 1, 'UNL:ILE:VdWContact': 2, 'UNL:LEU:Hydrophobic': 2, 'UNL:LEU:VdWContact': 3, 'UNL:PHE:VdWContact': 3, 'UNL:SER:HBAcceptor': 1, 'UNL:SER:VdWContact': 2, 'UNL:VAL:VdWContact': 1}","{'UNL:ARG:Hydrophobic': 2, 'UNL:CYS:Hydrophobic': 1, 'UNL:GLY:VdWContact': 1, 'UNL:ILE:Hydrophobic': 3, 'UNL:ILE:VdWContact': 1, 'UNL:LEU:Hydrophobic': 6, 'UNL:LEU:VdWContact': 1, 'UNL:PHE:Hydrophobic': 4, 'UNL:PHE:VdWContact': 4, 'UNL:SER:HBAcceptor': 1, 'UNL:SER:VdWContact': 2, 'UNL:TRP:Hydrophobic': 1, 'UNL:VAL:Hydrophobic': 1}"
291,Chai-1-Single-Seq,7WL4_JFU,0.0,0.49999999999999994,"{'UNL:ASN:HBAcceptor': 1, 'UNL:ASN:VdWContact': 1, 'UNL:ASP:VdWContact': 1, 'UNL:ILE:Hydrophobic': 1, 'UNL:LEU:VdWContact': 1, 'UNL:MET:Hydrophobic': 1, 'UNL:MET:VdWContact': 1, 'UNL:PHE:VdWContact': 1, 'UNL:PRO:VdWContact': 1, 'UNL:TRP:VdWContact': 1, 'UNL:VAL:VdWContact': 1}","{'UNL:ASN:HBAcceptor': 1, 'UNL:ASN:VdWContact': 1, 'UNL:ASP:Hydrophobic': 1, 'UNL:ASP:VdWContact': 1, 'UNL:ILE:Hydrophobic': 1, 'UNL:ILE:VdWContact': 1, 'UNL:LEU:Hydrophobic': 2, 'UNL:LEU:VdWContact': 2, 'UNL:MET:Hydrophobic': 2, 'UNL:MET:VdWContact': 1, 'UNL:PHE:Hydrophobic': 1, 'UNL:PHE:VdWContact': 1, 'UNL:PRO:Hydrophobic': 1, 'UNL:PRO:VdWContact': 1, 'UNL:TRP:Hydrophobic': 1, 'UNL:TYR:Hydrophobic': 1, 'UNL:VAL:Hydrophobic': 1}"
292,Chai-1-Single-Seq,7Z2O_IAJ,0.0,0.4545454545454544,"{'UNL:ALA:VdWContact': 1, 'UNL:ASN:VdWContact': 1, 'UNL:GLY:HBAcceptor': 1, 'UNL:GLY:VdWContact': 1, 'UNL:HIS:VdWContact': 1, 'UNL:SER:VdWContact': 1, 'UNL:TYR:Hydrophobic': 2, 'UNL:TYR:VdWContact': 1}","{'UNL:ALA:Hydrophobic': 1, 'UNL:ASN:Hydrophobic': 1, 'UNL:GLY:HBAcceptor': 1, 'UNL:GLY:VdWContact': 1, 'UNL:HIS:VdWContact': 1, 'UNL:LEU:VdWContact': 1, 'UNL:SER:VdWContact': 1, 'UNL:TYR:Hydrophobic': 3, 'UNL:TYR:VdWContact': 3, 'UNL:VAL:Hydrophobic': 1}"
293,Chai-1-Single-Seq,8C5M_MTA,0.3333333333333333,0.6666666666666667,"{'UNL:ASP:VdWContact': 2, 'UNL:CYS:HBAcceptor': 1, 'UNL:CYS:VdWContact': 1, 'UNL:MET:VdWContact': 1, 'UNL:TYR:HBAcceptor': 1, 'UNL:TYR:Hydrophobic': 1, 'UNL:TYR:VdWContact': 1}","{'UNL:ASP:Hydrophobic': 1, 'UNL:ASP:VdWContact': 3, 'UNL:CYS:HBAcceptor': 1, 'UNL:CYS:Hydrophobic': 1, 'UNL:CYS:VdWContact': 1, 'UNL:GLY:VdWContact': 1, 'UNL:LEU:HBAcceptor': 1, 'UNL:LEU:Hydrophobic': 1, 'UNL:LEU:VdWContact': 1, 'UNL:MET:Hydrophobic': 1, 'UNL:MET:VdWContact': 1, 'UNL:PHE:Hydrophobic': 1, 'UNL:TYR:HBAcceptor': 1, 'UNL:TYR:Hydrophobic': 1, 'UNL:TYR:VdWContact': 1}"
294,Chai-1-Single-Seq,7Z7F_IF3,0.5,0.5000000000000001,"{'UNL:ASP:VdWContact': 1, 'UNL:CYS:HBDonor': 1, 'UNL:CYS:VdWContact': 1, 'UNL:LYS:VdWContact': 1, 'UNL:THR:VdWContact': 1, 'UNL:TRP:VdWContact': 2, 'UNL:TYR:VdWContact': 1}","{'UNL:ASP:Hydrophobic': 1, 'UNL:ASP:VdWContact': 2, 'UNL:CYS:HBDonor': 1, 'UNL:CYS:VdWContact': 1, 'UNL:GLN:VdWContact': 1, 'UNL:LYS:VdWContact': 1, 'UNL:SER:VdWContact': 2, 'UNL:TRP:Hydrophobic': 2, 'UNL:TRP:VdWContact': 1, 'UNL:TYR:HBAcceptor': 1, 'UNL:TYR:VdWContact': 1}"
295,Chai-1-Single-Seq,7TUO_KL9,0.5,0.30000000000000004,"{'UNL:ALA:VdWContact': 1, 'UNL:GLN:Hydrophobic': 1, 'UNL:GLN:VdWContact': 1, 'UNL:GLU:HBDonor': 1, 'UNL:GLU:Hydrophobic': 1, 'UNL:GLU:VdWContact': 1, 'UNL:LEU:VdWContact': 3, 'UNL:MET:VdWContact': 1, 'UNL:PHE:Hydrophobic': 1, 'UNL:PHE:VdWContact': 2, 'UNL:SER:VdWContact': 1, 'UNL:THR:VdWContact': 2, 'UNL:TYR:Hydrophobic': 1, 'UNL:TYR:VdWContact': 2, 'UNL:VAL:VdWContact': 2}","{'UNL:ALA:Hydrophobic': 1, 'UNL:ALA:VdWContact': 1, 'UNL:GLN:HBAcceptor': 1, 'UNL:GLN:Hydrophobic': 1, 'UNL:GLN:VdWContact': 1, 'UNL:GLU:HBDonor': 1, 'UNL:GLU:Hydrophobic': 1, 'UNL:GLU:VdWContact': 1, 'UNL:HIS:Hydrophobic': 1, 'UNL:HIS:VdWContact': 1, 'UNL:LEU:Hydrophobic': 1, 'UNL:LEU:VdWContact': 1, 'UNL:PHE:Hydrophobic': 1, 'UNL:PHE:VdWContact': 1, 'UNL:THR:Hydrophobic': 2, 'UNL:TYR:Hydrophobic': 2, 'UNL:TYR:VdWContact': 1, 'UNL:VAL:Hydrophobic': 1}"
296,Chai-1-Single-Seq,7Q2B_M6H,0.0,0.0714285714285714,"{'UNL:CYS:Hydrophobic': 1, 'UNL:CYS:VdWContact': 1, 'UNL:GLU:Hydrophobic': 1, 'UNL:GLU:VdWContact': 2, 'UNL:ILE:VdWContact': 1, 'UNL:LEU:VdWContact': 1, 'UNL:PHE:VdWContact': 1, 'UNL:SER:VdWContact': 1, 'UNL:TYR:HBDonor': 1, 'UNL:TYR:VdWContact': 3}","{'UNL:GLU:HBDonor': 1, 'UNL:GLU:Hydrophobic': 2, 'UNL:GLU:VdWContact': 2, 'UNL:HIS:VdWContact': 1, 'UNL:ILE:Hydrophobic': 1, 'UNL:LEU:Hydrophobic': 1, 'UNL:PHE:Hydrophobic': 1, 'UNL:PHE:VdWContact': 1, 'UNL:TYR:VdWContact': 1, 'UNL:VAL:Hydrophobic': 1}"
297,Chai-1-Single-Seq,7WCF_ACP,0.375,0.3333333333333333,"{'UNL:ARG:VdWContact': 1, 'UNL:ASP:VdWContact': 2, 'UNL:GLN:HBAcceptor': 1, 'UNL:GLN:Hydrophobic': 1, 'UNL:GLN:VdWContact': 2, 'UNL:GLY:VdWContact': 1, 'UNL:HIS:HBAcceptor': 1, 'UNL:HIS:HBDonor': 1, 'UNL:HIS:VdWContact': 1, 'UNL:ILE:VdWContact': 1, 'UNL:LYS:HBAcceptor': 2, 'UNL:LYS:HBDonor': 1, 'UNL:LYS:VdWContact': 3, 'UNL:PHE:HBAcceptor': 1, 'UNL:PHE:VdWContact': 1, 'UNL:VAL:HBDonor': 1, 'UNL:VAL:VdWContact': 1}","{'UNL:ARG:Hydrophobic': 1, 'UNL:ARG:VdWContact': 1, 'UNL:ASP:VdWContact': 2, 'UNL:GLN:HBAcceptor': 1, 'UNL:GLN:Hydrophobic': 1, 'UNL:GLN:VdWContact': 2, 'UNL:GLY:VdWContact': 1, 'UNL:HIS:HBAcceptor': 1, 'UNL:HIS:VdWContact': 1, 'UNL:ILE:Hydrophobic': 1, 'UNL:ILE:VdWContact': 1, 'UNL:LYS:HBDonor': 1, 'UNL:LYS:VdWContact': 3, 'UNL:PHE:HBAcceptor': 1, 'UNL:PHE:Hydrophobic': 1, 'UNL:PHE:VdWContact': 1, 'UNL:TYR:Hydrophobic': 1, 'UNL:TYR:VdWContact': 1, 'UNL:VAL:HBAcceptor': 1, 'UNL:VAL:VdWContact': 1}"
298,Chai-1-Single-Seq,8AP0_PRP,0.09090909090909094,0.33333333333333337,"{'UNL:ARG:HBAcceptor': 1, 'UNL:ARG:VdWContact': 1, 'UNL:GLU:VdWContact': 1, 'UNL:GLY:HBAcceptor': 1, 'UNL:GLY:VdWContact': 2, 'UNL:HIS:HBDonor': 1, 'UNL:HIS:VdWContact': 1, 'UNL:LYS:VdWContact': 1, 'UNL:PHE:HBAcceptor': 1, 'UNL:PHE:VdWContact': 1, 'UNL:SER:HBAcceptor': 3, 'UNL:SER:HBDonor': 2, 'UNL:SER:VdWContact': 4, 'UNL:THR:HBAcceptor': 1, 'UNL:THR:VdWContact': 1, 'UNL:VAL:VdWContact': 1}","{'UNL:ARG:HBAcceptor': 1, 'UNL:ARG:HBDonor': 1, 'UNL:ARG:VdWContact': 1, 'UNL:GLY:HBAcceptor': 2, 'UNL:GLY:HBDonor': 1, 'UNL:GLY:VdWContact': 2, 'UNL:HIS:HBAcceptor': 1, 'UNL:HIS:VdWContact': 1, 'UNL:LYS:HBAcceptor': 1, 'UNL:LYS:VdWContact': 1, 'UNL:SER:HBAcceptor': 2, 'UNL:SER:VdWContact': 3, 'UNL:THR:VdWContact': 1, 'UNL:VAL:VdWContact': 1}"
299,Chai-1-Single-Seq,7UXS_OJC,0.6,0.3571428571428571,"{'UNL:ALA:VdWContact': 1, 'UNL:ARG:VdWContact': 1, 'UNL:GLU:HBDonor': 1, 'UNL:GLU:VdWContact': 1, 'UNL:GLY:HBAcceptor': 2, 'UNL:GLY:VdWContact': 3, 'UNL:LEU:VdWContact': 1, 'UNL:PHE:VdWContact': 2, 'UNL:SER:VdWContact': 2, 'UNL:TRP:VdWContact': 1, 'UNL:VAL:VdWContact': 1}","{'UNL:ALA:VdWContact': 1, 'UNL:ARG:HBAcceptor': 1, 'UNL:ARG:VdWContact': 1, 'UNL:GLN:HBAcceptor': 1, 'UNL:GLN:Hydrophobic': 1, 'UNL:GLN:VdWContact': 1, 'UNL:GLU:HBDonor': 1, 'UNL:GLU:VdWContact': 1, 'UNL:GLY:HBAcceptor': 2, 'UNL:GLY:VdWContact': 2, 'UNL:LEU:HBAcceptor': 1, 'UNL:LEU:Hydrophobic': 1, 'UNL:LEU:VdWContact': 1, 'UNL:LYS:VdWContact': 1, 'UNL:PHE:Hydrophobic': 2, 'UNL:PHE:VdWContact': 2, 'UNL:SER:VdWContact': 1, 'UNL:TRP:VdWContact': 1}"
300,Chai-1-Single-Seq,7X9K_8OG,0.2222222222222222,0.3846153846153846,"{'UNL:ARG:VdWContact': 1, 'UNL:ASN:HBAcceptor': 1, 'UNL:ASN:HBDonor': 1, 'UNL:ASN:VdWContact': 1, 'UNL:GLY:HBDonor': 1, 'UNL:GLY:VdWContact': 1, 'UNL:HIS:HBDonor': 1, 'UNL:HIS:VdWContact': 1, 'UNL:ILE:VdWContact': 1, 'UNL:LEU:VdWContact': 1, 'UNL:PHE:HBAcceptor': 1, 'UNL:PHE:HBDonor': 1, 'UNL:PHE:VdWContact': 1}","{'UNL:ARG:HBAcceptor': 1, 'UNL:ARG:HBDonor': 1, 'UNL:ARG:VdWContact': 1, 'UNL:ASN:HBAcceptor': 1, 'UNL:ASN:HBDonor': 1, 'UNL:ASN:VdWContact': 1, 'UNL:GLU:Hydrophobic': 1, 'UNL:HIS:HBAcceptor': 1, 'UNL:HIS:HBDonor': 1, 'UNL:HIS:VdWContact': 1, 'UNL:ILE:Hydrophobic': 1, 'UNL:ILE:VdWContact': 1, 'UNL:LEU:Hydrophobic': 1, 'UNL:MET:Hydrophobic': 1, 'UNL:PHE:HBAcceptor': 1, 'UNL:PHE:HBDonor': 1, 'UNL:PHE:VdWContact': 2, 'UNL:PRO:Hydrophobic': 1, 'UNL:VAL:Hydrophobic': 1}"
301,Chai-1-Single-Seq,8BOM_QU6,0.0,0.4285714285714286,"{'UNL:ALA:VdWContact': 1, 'UNL:ASP:HBAcceptor': 1, 'UNL:ASP:Hydrophobic': 1, 'UNL:ASP:VdWContact': 1, 'UNL:GLU:HBDonor': 1, 'UNL:GLU:Hydrophobic': 1, 'UNL:GLU:VdWContact': 2, 'UNL:ILE:Hydrophobic': 1, 'UNL:ILE:VdWContact': 2, 'UNL:LYS:Hydrophobic': 1, 'UNL:LYS:VdWContact': 1, 'UNL:MET:HBAcceptor': 1, 'UNL:MET:Hydrophobic': 1, 'UNL:MET:VdWContact': 2, 'UNL:PHE:VdWContact': 1, 'UNL:SER:VdWContact': 1, 'UNL:THR:HBDonor': 1, 'UNL:THR:VdWContact': 1}","{'UNL:ALA:Hydrophobic': 1, 'UNL:ALA:VdWContact': 1, 'UNL:ASP:HBAcceptor': 1, 'UNL:ASP:Hydrophobic': 1, 'UNL:ASP:VdWContact': 1, 'UNL:GLU:HBDonor': 1, 'UNL:GLU:Hydrophobic': 1, 'UNL:GLU:VdWContact': 2, 'UNL:ILE:Hydrophobic': 3, 'UNL:ILE:VdWContact': 2, 'UNL:LEU:Hydrophobic': 1, 'UNL:LYS:Hydrophobic': 1, 'UNL:MET:HBAcceptor': 1, 'UNL:MET:Hydrophobic': 1, 'UNL:MET:VdWContact': 1, 'UNL:PHE:Hydrophobic': 2, 'UNL:PHE:VdWContact': 1, 'UNL:SER:VdWContact': 1, 'UNL:THR:HBDonor': 1, 'UNL:THR:Hydrophobic': 1, 'UNL:THR:VdWContact': 1, 'UNL:TYR:Hydrophobic': 2, 'UNL:TYR:VdWContact': 1, 'UNL:VAL:Hydrophobic': 1}"
302,Chai-1-Single-Seq,5SIS_JSM,0.0,0.5555555555555556,"{'UNL:GLN:HBAcceptor': 1, 'UNL:GLN:VdWContact': 1, 'UNL:GLU:Hydrophobic': 1, 'UNL:MET:Hydrophobic': 1, 'UNL:MET:VdWContact': 1, 'UNL:PHE:Hydrophobic': 1, 'UNL:PRO:VdWContact': 1, 'UNL:TYR:VdWContact': 1, 'UNL:VAL:VdWContact': 1}","{'UNL:GLN:HBAcceptor': 1, 'UNL:GLN:VdWContact': 1, 'UNL:GLU:Hydrophobic': 1, 'UNL:GLU:VdWContact': 1, 'UNL:GLY:VdWContact': 1, 'UNL:ILE:Hydrophobic': 1, 'UNL:ILE:VdWContact': 1, 'UNL:LEU:Hydrophobic': 1, 'UNL:LYS:Hydrophobic': 1, 'UNL:MET:Hydrophobic': 1, 'UNL:MET:VdWContact': 1, 'UNL:PHE:Hydrophobic': 2, 'UNL:PHE:VdWContact': 1, 'UNL:PRO:Hydrophobic': 1, 'UNL:TYR:Hydrophobic': 1, 'UNL:TYR:VdWContact': 1, 'UNL:VAL:Hydrophobic': 1, 'UNL:VAL:VdWContact': 1}"
303,Chai-1-Single-Seq,5SD5_HWI,0.5,0.6666666666666667,"{'UNL:ARG:HBAcceptor': 1, 'UNL:ARG:HBDonor': 1, 'UNL:ARG:VdWContact': 1, 'UNL:ASP:HBDonor': 1, 'UNL:ASP:VdWContact': 2, 'UNL:GLN:Hydrophobic': 1, 'UNL:GLN:VdWContact': 1, 'UNL:ILE:HBDonor': 1, 'UNL:ILE:VdWContact': 2, 'UNL:PHE:VdWContact': 1, 'UNL:TRP:VdWContact': 1}","{'UNL:ALA:Hydrophobic': 1, 'UNL:ARG:HBAcceptor': 2, 'UNL:ARG:HBDonor': 1, 'UNL:ARG:VdWContact': 3, 'UNL:ASP:HBDonor': 1, 'UNL:ASP:VdWContact': 1, 'UNL:GLN:Hydrophobic': 1, 'UNL:ILE:HBDonor': 2, 'UNL:ILE:Hydrophobic': 3, 'UNL:ILE:VdWContact': 2, 'UNL:LEU:Hydrophobic': 2, 'UNL:PHE:Hydrophobic': 1, 'UNL:PHE:VdWContact': 1, 'UNL:THR:Hydrophobic': 1, 'UNL:TRP:VdWContact': 1}"
304,Chai-1-Single-Seq,7QPP_VDX,0.33333333333333337,1.1333333333333333,"{'UNL:ARG:HBAcceptor': 1, 'UNL:ARG:VdWContact': 1, 'UNL:HIS:HBAcceptor': 2, 'UNL:HIS:HBDonor': 1, 'UNL:HIS:VdWContact': 2, 'UNL:LEU:Hydrophobic': 1, 'UNL:SER:VdWContact': 3, 'UNL:TRP:Hydrophobic': 1, 'UNL:TRP:VdWContact': 1, 'UNL:TYR:VdWContact': 2, 'UNL:VAL:VdWContact': 1}","{'UNL:ARG:HBAcceptor': 1, 'UNL:ARG:VdWContact': 1, 'UNL:CYS:VdWContact': 1, 'UNL:HIS:HBAcceptor': 1, 'UNL:HIS:HBDonor': 1, 'UNL:HIS:VdWContact': 2, 'UNL:ILE:Hydrophobic': 2, 'UNL:LEU:Hydrophobic': 6, 'UNL:LEU:VdWContact': 1, 'UNL:MET:Hydrophobic': 1, 'UNL:PHE:Hydrophobic': 1, 'UNL:SER:VdWContact': 3, 'UNL:TRP:Hydrophobic': 1, 'UNL:TRP:VdWContact': 1, 'UNL:TYR:Hydrophobic': 3, 'UNL:TYR:VdWContact': 2, 'UNL:VAL:Hydrophobic': 3, 'UNL:VAL:VdWContact': 1}"
305,Chai-1-Single-Seq,7SIU_9ID,0.0,0.21052631578947373,"{'UNL:ALA:VdWContact': 1, 'UNL:ASP:HBAcceptor': 1, 'UNL:ASP:VdWContact': 1, 'UNL:CYS:HBAcceptor': 1, 'UNL:CYS:VdWContact': 1, 'UNL:GLU:HBDonor': 1, 'UNL:GLU:VdWContact': 1, 'UNL:GLY:VdWContact': 1, 'UNL:ILE:VdWContact': 1, 'UNL:LEU:Hydrophobic': 1, 'UNL:LEU:VdWContact': 2, 'UNL:LYS:Hydrophobic': 1, 'UNL:LYS:VdWContact': 1, 'UNL:MET:Hydrophobic': 1, 'UNL:MET:VdWContact': 1}","{'UNL:ALA:HBDonor': 1, 'UNL:ALA:Hydrophobic': 2, 'UNL:ALA:VdWContact': 1, 'UNL:ASP:Hydrophobic': 1, 'UNL:CYS:HBAcceptor': 1, 'UNL:CYS:VdWContact': 1, 'UNL:GLU:HBDonor': 1, 'UNL:GLU:VdWContact': 1, 'UNL:LEU:Hydrophobic': 3, 'UNL:LYS:VdWContact': 1, 'UNL:MET:Hydrophobic': 1, 'UNL:PHE:Hydrophobic': 1, 'UNL:PHE:VdWContact': 1, 'UNL:TYR:Hydrophobic': 1, 'UNL:VAL:Hydrophobic': 2, 'UNL:VAL:VdWContact': 1}"
306,Chai-1-Single-Seq,7QHG_T3B,0.4,1.0909090909090908,"{'UNL:ASP:Hydrophobic': 1, 'UNL:ASP:VdWContact': 1, 'UNL:GLY:VdWContact': 1, 'UNL:ILE:HBAcceptor': 1, 'UNL:ILE:HBDonor': 1, 'UNL:ILE:VdWContact': 1, 'UNL:LEU:Hydrophobic': 2, 'UNL:LEU:VdWContact': 2, 'UNL:MET:Hydrophobic': 1, 'UNL:MET:VdWContact': 1, 'UNL:PHE:VdWContact': 1, 'UNL:THR:HBDonor': 1, 'UNL:THR:VdWContact': 1, 'UNL:VAL:Hydrophobic': 1, 'UNL:VAL:VdWContact': 1}","{'UNL:ARG:HBAcceptor': 1, 'UNL:ARG:Hydrophobic': 1, 'UNL:ARG:VdWContact': 1, 'UNL:ASP:HBAcceptor': 1, 'UNL:ASP:Hydrophobic': 1, 'UNL:ASP:VdWContact': 1, 'UNL:GLU:VdWContact': 1, 'UNL:GLY:VdWContact': 2, 'UNL:HIS:VdWContact': 1, 'UNL:ILE:HBAcceptor': 1, 'UNL:ILE:HBDonor': 1, 'UNL:ILE:Hydrophobic': 3, 'UNL:ILE:VdWContact': 2, 'UNL:LEU:Hydrophobic': 7, 'UNL:LEU:VdWContact': 4, 'UNL:LYS:Hydrophobic': 1, 'UNL:LYS:VdWContact': 1, 'UNL:MET:Hydrophobic': 1, 'UNL:MET:VdWContact': 1, 'UNL:PHE:Hydrophobic': 2, 'UNL:THR:HBDonor': 1, 'UNL:THR:Hydrophobic': 1, 'UNL:THR:VdWContact': 1, 'UNL:TYR:Hydrophobic': 1, 'UNL:VAL:Hydrophobic': 3, 'UNL:VAL:VdWContact': 2}"
307,Chai-1-Single-Seq,8HO0_3ZI,0.5,0.46153846153846156,"{'UNL:GLN:HBAcceptor': 1, 'UNL:GLN:VdWContact': 1, 'UNL:GLY:VdWContact': 1, 'UNL:LEU:VdWContact': 3, 'UNL:LYS:VdWContact': 1, 'UNL:PHE:VdWContact': 2, 'UNL:SER:HBDonor': 1, 'UNL:SER:VdWContact': 1, 'UNL:THR:VdWContact': 1, 'UNL:VAL:Hydrophobic': 1, 'UNL:VAL:VdWContact': 1}","{'UNL:GLN:Hydrophobic': 1, 'UNL:GLN:VdWContact': 1, 'UNL:LEU:Hydrophobic': 3, 'UNL:LEU:VdWContact': 2, 'UNL:LYS:VdWContact': 1, 'UNL:PHE:Hydrophobic': 3, 'UNL:PHE:VdWContact': 2, 'UNL:SER:HBDonor': 1, 'UNL:SER:VdWContact': 2, 'UNL:THR:Hydrophobic': 1, 'UNL:VAL:Hydrophobic': 1, 'UNL:VAL:VdWContact': 1}"
308,Chai-1,8AAU_LH0,0.0,0.1666666666666666,"{'UNL:ALA:VdWContact': 2, 'UNL:GLU:VdWContact': 1, 'UNL:GLY:VdWContact': 1, 'UNL:ILE:HBAcceptor': 1, 'UNL:ILE:HBDonor': 1, 'UNL:ILE:VdWContact': 1, 'UNL:LEU:Hydrophobic': 1, 'UNL:LEU:VdWContact': 1, 'UNL:LYS:VdWContact': 1, 'UNL:THR:VdWContact': 1, 'UNL:VAL:Hydrophobic': 1}","{'UNL:ALA:VdWContact': 2, 'UNL:GLY:VdWContact': 1, 'UNL:ILE:HBAcceptor': 1, 'UNL:ILE:HBDonor': 1, 'UNL:ILE:Hydrophobic': 1, 'UNL:ILE:VdWContact': 1, 'UNL:LEU:Hydrophobic': 2, 'UNL:LEU:VdWContact': 1, 'UNL:THR:VdWContact': 1, 'UNL:TYR:Hydrophobic': 1, 'UNL:VAL:Hydrophobic': 1, 'UNL:VAL:VdWContact': 1}"
309,Chai-1,7UAW_MF6,0.5,0.4545454545454546,"{'UNL:ARG:HBAcceptor': 4, 'UNL:ARG:VdWContact': 3, 'UNL:ASN:HBDonor': 1, 'UNL:ASN:VdWContact': 2, 'UNL:GLN:VdWContact': 1, 'UNL:GLY:HBAcceptor': 2, 'UNL:GLY:VdWContact': 2, 'UNL:HIS:VdWContact': 1, 'UNL:LYS:VdWContact': 1, 'UNL:PHE:VdWContact': 1, 'UNL:THR:VdWContact': 1}","{'UNL:ALA:VdWContact': 1, 'UNL:ARG:HBAcceptor': 4, 'UNL:ARG:HBDonor': 1, 'UNL:ARG:VdWContact': 4, 'UNL:ASN:HBAcceptor': 1, 'UNL:ASN:HBDonor': 1, 'UNL:ASN:VdWContact': 2, 'UNL:GLN:VdWContact': 1, 'UNL:GLY:HBAcceptor': 2, 'UNL:GLY:VdWContact': 2, 'UNL:HIS:HBAcceptor': 1, 'UNL:HIS:VdWContact': 1, 'UNL:PHE:Hydrophobic': 2, 'UNL:PHE:VdWContact': 2, 'UNL:PRO:VdWContact': 1, 'UNL:THR:VdWContact': 1}"
310,Chai-1,8EX2_Q2Q,0.0,0.5,"{'UNL:GLY:VdWContact': 1, 'UNL:ILE:VdWContact': 1, 'UNL:LEU:VdWContact': 2, 'UNL:LYS:VdWContact': 1, 'UNL:PHE:VdWContact': 1, 'UNL:SER:VdWContact': 1, 'UNL:VAL:HBAcceptor': 1, 'UNL:VAL:VdWContact': 1}","{'UNL:GLY:VdWContact': 1, 'UNL:ILE:Hydrophobic': 1, 'UNL:LEU:Hydrophobic': 3, 'UNL:LEU:VdWContact': 2, 'UNL:LYS:VdWContact': 2, 'UNL:PHE:Hydrophobic': 1, 'UNL:PHE:VdWContact': 1, 'UNL:SER:VdWContact': 1, 'UNL:VAL:HBAcceptor': 1, 'UNL:VAL:VdWContact': 1}"
311,Chai-1,7UYB_OK0,0.0,0.2857142857142858,"{'UNL:ASN:HBAcceptor': 1, 'UNL:ASN:VdWContact': 1, 'UNL:ASP:HBDonor': 1, 'UNL:ASP:VdWContact': 1, 'UNL:GLU:VdWContact': 1, 'UNL:HIS:Hydrophobic': 1, 'UNL:HIS:VdWContact': 3, 'UNL:PHE:Hydrophobic': 1, 'UNL:TRP:VdWContact': 1, 'UNL:TYR:Hydrophobic': 1, 'UNL:TYR:VdWContact': 1}","{'UNL:ASN:HBAcceptor': 1, 'UNL:ASN:Hydrophobic': 1, 'UNL:ASN:VdWContact': 1, 'UNL:ASP:HBDonor': 1, 'UNL:ASP:VdWContact': 1, 'UNL:CYS:VdWContact': 1, 'UNL:HIS:Hydrophobic': 1, 'UNL:HIS:VdWContact': 3, 'UNL:PHE:Hydrophobic': 1, 'UNL:PHE:VdWContact': 1, 'UNL:SER:VdWContact': 2, 'UNL:TRP:Hydrophobic': 1, 'UNL:TRP:VdWContact': 1, 'UNL:TYR:Hydrophobic': 1}"
312,Chai-1,7U0U_FK5,0.0,0.5599999999999999,"{'UNL:ARG:VdWContact': 1, 'UNL:ASN:VdWContact': 1, 'UNL:ASP:VdWContact': 1, 'UNL:ILE:HBAcceptor': 1, 'UNL:ILE:VdWContact': 1, 'UNL:LEU:Hydrophobic': 1, 'UNL:LEU:VdWContact': 1, 'UNL:PHE:VdWContact': 2, 'UNL:PRO:VdWContact': 1, 'UNL:TRP:Hydrophobic': 1, 'UNL:TRP:VdWContact': 2, 'UNL:TYR:HBAcceptor': 1, 'UNL:TYR:VdWContact': 1, 'UNL:VAL:VdWContact': 3}","{'UNL:ASN:Hydrophobic': 1, 'UNL:ASP:VdWContact': 1, 'UNL:GLU-:Hydrophobic': 1, 'UNL:GLU-:VdWContact': 1, 'UNL:ILE:HBAcceptor': 1, 'UNL:ILE:Hydrophobic': 2, 'UNL:ILE:VdWContact': 1, 'UNL:LEU:Hydrophobic': 1, 'UNL:MET:Hydrophobic': 1, 'UNL:PHE-:Hydrophobic': 1, 'UNL:PHE-:VdWContact': 1, 'UNL:PHE:Hydrophobic': 3, 'UNL:PHE:VdWContact': 3, 'UNL:PRO-:Hydrophobic': 1, 'UNL:TRP-:HBAcceptor': 1, 'UNL:TRP-:Hydrophobic': 1, 'UNL:TRP-:VdWContact': 1, 'UNL:TRP:Hydrophobic': 1, 'UNL:TRP:VdWContact': 1, 'UNL:TYR:Hydrophobic': 2, 'UNL:TYR:VdWContact': 2, 'UNL:VAL:Hydrophobic': 3, 'UNL:VAL:VdWContact': 1}"
313,Chai-1,8C3N_ADP,0.1111111111111111,0.30000000000000004,"{'UNL:ARG:HBDonor': 1, 'UNL:ARG:VdWContact': 2, 'UNL:GLN:HBAcceptor': 1, 'UNL:GLN:VdWContact': 1, 'UNL:GLU:VdWContact': 1, 'UNL:GLY:HBAcceptor': 2, 'UNL:GLY:VdWContact': 2, 'UNL:ILE:VdWContact': 1, 'UNL:LYS:HBAcceptor': 1, 'UNL:LYS:HBDonor': 1, 'UNL:LYS:VdWContact': 1, 'UNL:THR:HBAcceptor': 1, 'UNL:THR:HBDonor': 1, 'UNL:THR:VdWContact': 2}","{'UNL:ARG:VdWContact': 2, 'UNL:GLN:HBAcceptor': 1, 'UNL:GLN:Hydrophobic': 1, 'UNL:GLN:VdWContact': 1, 'UNL:GLU:HBDonor': 1, 'UNL:GLU:VdWContact': 1, 'UNL:GLY:HBAcceptor': 2, 'UNL:GLY:VdWContact': 2, 'UNL:ILE:Hydrophobic': 1, 'UNL:LYS:HBAcceptor': 1, 'UNL:LYS:VdWContact': 1, 'UNL:SER:HBAcceptor': 1, 'UNL:SER:VdWContact': 1, 'UNL:THR:HBAcceptor': 1, 'UNL:THR:VdWContact': 1}"
314,Chai-1,8A1H_DLZ,0.0,0.4666666666666667,"{'UNL:ALA:HBDonor': 1, 'UNL:ALA:VdWContact': 1, 'UNL:ASP:HBAcceptor': 1, 'UNL:ASP:HBDonor': 1, 'UNL:ASP:VdWContact': 2, 'UNL:GLN:HBAcceptor': 1, 'UNL:GLN:VdWContact': 1, 'UNL:GLU:VdWContact': 2, 'UNL:GLY:HBAcceptor': 1, 'UNL:GLY:VdWContact': 1, 'UNL:LEU:HBAcceptor': 1, 'UNL:LEU:VdWContact': 3, 'UNL:MET:VdWContact': 1, 'UNL:PHE:VdWContact': 2}","{'UNL:ALA:HBDonor': 1, 'UNL:ALA:VdWContact': 1, 'UNL:ASP:HBAcceptor': 1, 'UNL:ASP:HBDonor': 1, 'UNL:ASP:VdWContact': 2, 'UNL:GLN:HBAcceptor': 1, 'UNL:GLN:Hydrophobic': 1, 'UNL:GLN:VdWContact': 1, 'UNL:GLU:Hydrophobic': 1, 'UNL:GLU:VdWContact': 3, 'UNL:GLY:HBAcceptor': 1, 'UNL:GLY:VdWContact': 1, 'UNL:ILE:Hydrophobic': 1, 'UNL:LEU:HBAcceptor': 1, 'UNL:LEU:Hydrophobic': 2, 'UNL:LEU:VdWContact': 1, 'UNL:MET:Hydrophobic': 1, 'UNL:PHE:Hydrophobic': 2, 'UNL:PHE:VdWContact': 2, 'UNL:TYR:VdWContact': 1}"
315,Chai-1,7XQZ_FPF,0.0,0.4117647058823529,"{'UNL:ALA:VdWContact': 1, 'UNL:ARG:HBAcceptor': 2, 'UNL:ARG:VdWContact': 2, 'UNL:ASP:VdWContact': 2, 'UNL:GLN:HBAcceptor': 1, 'UNL:GLN:VdWContact': 2, 'UNL:LYS:HBAcceptor': 1, 'UNL:LYS:VdWContact': 1, 'UNL:PHE:Hydrophobic': 1, 'UNL:PHE:VdWContact': 2, 'UNL:PRO:VdWContact': 1, 'UNL:TRP:HBAcceptor': 1, 'UNL:TRP:Hydrophobic': 1, 'UNL:TRP:VdWContact': 2, 'UNL:TYR:VdWContact': 1}","{'UNL:ALA:Hydrophobic': 1, 'UNL:ARG:HBAcceptor': 2, 'UNL:ARG:VdWContact': 2, 'UNL:GLN:HBAcceptor': 1, 'UNL:GLN:HBDonor': 1, 'UNL:GLN:VdWContact': 2, 'UNL:ILE:Hydrophobic': 1, 'UNL:ILE:VdWContact': 1, 'UNL:LYS:VdWContact': 1, 'UNL:MET:Hydrophobic': 1, 'UNL:PHE:Hydrophobic': 4, 'UNL:PHE:VdWContact': 1, 'UNL:PRO:VdWContact': 1, 'UNL:THR:Hydrophobic': 1, 'UNL:TRP:HBAcceptor': 1, 'UNL:TRP:Hydrophobic': 2, 'UNL:TRP:VdWContact': 1, 'UNL:TYR:Hydrophobic': 1, 'UNL:TYR:VdWContact': 1}"
316,Chai-1,7R59_I5F,0.5,0.3333333333333333,"{'UNL:GLU:Hydrophobic': 1, 'UNL:GLY:HBAcceptor': 1, 'UNL:GLY:VdWContact': 1, 'UNL:HIS:VdWContact': 1, 'UNL:SER:HBDonor': 1, 'UNL:SER:VdWContact': 1, 'UNL:TYR:Hydrophobic': 2}","{'UNL:ALA:Hydrophobic': 1, 'UNL:GLU:Hydrophobic': 1, 'UNL:GLU:VdWContact': 1, 'UNL:GLY:HBAcceptor': 1, 'UNL:GLY:VdWContact': 1, 'UNL:LYS:Hydrophobic': 1, 'UNL:SER:VdWContact': 1, 'UNL:TYR:Hydrophobic': 2, 'UNL:TYR:VdWContact': 1}"
317,Chai-1,7QFM_AY3,0.5,0.30769230769230765,"{'UNL:ARG:Hydrophobic': 1, 'UNL:ARG:VdWContact': 1, 'UNL:ASP:HBAcceptor': 1, 'UNL:ASP:Hydrophobic': 1, 'UNL:ASP:VdWContact': 1, 'UNL:ILE:Hydrophobic': 2, 'UNL:ILE:VdWContact': 1, 'UNL:LEU:Hydrophobic': 1, 'UNL:LEU:VdWContact': 1, 'UNL:PHE:VdWContact': 1, 'UNL:VAL:Hydrophobic': 1, 'UNL:VAL:VdWContact': 1}","{'UNL:ALA:Hydrophobic': 1, 'UNL:ARG:VdWContact': 1, 'UNL:ASP:HBAcceptor': 1, 'UNL:ASP:Hydrophobic': 1, 'UNL:ASP:VdWContact': 2, 'UNL:ILE:Hydrophobic': 2, 'UNL:ILE:VdWContact': 1, 'UNL:LEU:Hydrophobic': 3, 'UNL:LEU:VdWContact': 1, 'UNL:LYS:HBDonor': 1, 'UNL:LYS:VdWContact': 1, 'UNL:VAL:Hydrophobic': 1}"
318,Chai-1,7QTA_URI,0.0,0.5714285714285714,"{'UNL:ASN:HBAcceptor': 1, 'UNL:ASN:VdWContact': 1, 'UNL:ASP:VdWContact': 1, 'UNL:HIS:VdWContact': 2, 'UNL:LYS:VdWContact': 1}","{'UNL:ALA:Hydrophobic': 1, 'UNL:ASN:HBAcceptor': 1, 'UNL:ASN:VdWContact': 1, 'UNL:ASP:VdWContact': 1, 'UNL:HIS:VdWContact': 1, 'UNL:LYS:VdWContact': 1, 'UNL:PHE:Hydrophobic': 1, 'UNL:PHE:VdWContact': 1}"
319,Chai-1,7XBV_APC,0.4,0.5,"{'UNL:ASP:HBDonor': 1, 'UNL:ASP:VdWContact': 1, 'UNL:GLU:VdWContact': 1, 'UNL:GLY:VdWContact': 1, 'UNL:ILE:HBDonor': 1, 'UNL:ILE:VdWContact': 1, 'UNL:PRO:VdWContact': 1, 'UNL:SER:VdWContact': 1, 'UNL:THR:HBAcceptor': 1, 'UNL:THR:VdWContact': 3, 'UNL:TYR:VdWContact': 1}","{'UNL:ASP:HBDonor': 1, 'UNL:ASP:VdWContact': 1, 'UNL:GLY:HBAcceptor': 1, 'UNL:GLY:VdWContact': 2, 'UNL:ILE:HBDonor': 1, 'UNL:ILE:Hydrophobic': 1, 'UNL:ILE:VdWContact': 1, 'UNL:PHE:Hydrophobic': 2, 'UNL:PHE:VdWContact': 1, 'UNL:PRO:VdWContact': 1, 'UNL:SER:HBAcceptor': 1, 'UNL:SER:VdWContact': 1, 'UNL:THR:HBAcceptor': 1, 'UNL:THR:VdWContact': 2, 'UNL:TYR:Hydrophobic': 1, 'UNL:TYR:VdWContact': 1}"
320,Chai-1,7V14_ORU,0.0,0.1333333333333333,"{'UNL:ALA:VdWContact': 1, 'UNL:CYS:VdWContact': 2, 'UNL:GLY:HBAcceptor': 1, 'UNL:GLY:VdWContact': 3, 'UNL:HIS:VdWContact': 2, 'UNL:ILE:VdWContact': 1, 'UNL:LEU:VdWContact': 1, 'UNL:LYS:Hydrophobic': 1, 'UNL:LYS:VdWContact': 1, 'UNL:SER:HBAcceptor': 1, 'UNL:SER:VdWContact': 1, 'UNL:THR:VdWContact': 1}","{'UNL:ALA:Hydrophobic': 1, 'UNL:CYS:VdWContact': 2, 'UNL:GLY:HBAcceptor': 1, 'UNL:GLY:VdWContact': 3, 'UNL:ILE:Hydrophobic': 1, 'UNL:LYS:Hydrophobic': 1, 'UNL:LYS:VdWContact': 1, 'UNL:SER:HBAcceptor': 1, 'UNL:SER:VdWContact': 1, 'UNL:THR:Hydrophobic': 1, 'UNL:THR:VdWContact': 1, 'UNL:TYR:Hydrophobic': 1, 'UNL:TYR:VdWContact': 1}"
321,Chai-1,7Q27_8KC,0.5,0.7142857142857142,"{'UNL:ALA:VdWContact': 1, 'UNL:GLN:HBAcceptor': 1, 'UNL:GLN:VdWContact': 1, 'UNL:GLU:VdWContact': 2, 'UNL:HIS:HBAcceptor': 2, 'UNL:HIS:HBDonor': 2, 'UNL:HIS:VdWContact': 3, 'UNL:LYS:VdWContact': 1, 'UNL:TYR:Hydrophobic': 1, 'UNL:TYR:VdWContact': 2, 'UNL:VAL:VdWContact': 1}","{'UNL:ALA:Hydrophobic': 1, 'UNL:ALA:VdWContact': 1, 'UNL:ASP:VdWContact': 1, 'UNL:GLN:HBAcceptor': 1, 'UNL:GLN:VdWContact': 1, 'UNL:GLU:VdWContact': 1, 'UNL:HIS:HBAcceptor': 1, 'UNL:HIS:HBDonor': 2, 'UNL:HIS:Hydrophobic': 1, 'UNL:HIS:VdWContact': 4, 'UNL:LYS:HBDonor': 1, 'UNL:LYS:VdWContact': 1, 'UNL:PHE:Hydrophobic': 3, 'UNL:PHE:VdWContact': 1, 'UNL:TYR:Hydrophobic': 1, 'UNL:TYR:VdWContact': 2, 'UNL:VAL:Hydrophobic': 3, 'UNL:VAL:VdWContact': 1}"
322,Chai-1,8DHG_T78,0.0,0.9444444444444445,"{'UNL:ALA:VdWContact': 2, 'UNL:ARG:HBAcceptor': 1, 'UNL:ARG:VdWContact': 1, 'UNL:HIS:VdWContact': 1, 'UNL:LEU:Hydrophobic': 1, 'UNL:LEU:VdWContact': 5, 'UNL:MET:VdWContact': 1, 'UNL:PHE:Hydrophobic': 1, 'UNL:PRO:VdWContact': 2, 'UNL:THR:VdWContact': 1, 'UNL:TYR:VdWContact': 1}","{'UNL:ALA:Hydrophobic': 2, 'UNL:ALA:VdWContact': 2, 'UNL:ARG:VdWContact': 1, 'UNL:GLN:HBAcceptor': 1, 'UNL:GLN:VdWContact': 1, 'UNL:HIS:Hydrophobic': 1, 'UNL:HIS:VdWContact': 1, 'UNL:LEU:Hydrophobic': 4, 'UNL:LEU:VdWContact': 4, 'UNL:MET:Hydrophobic': 2, 'UNL:MET:VdWContact': 1, 'UNL:PHE:Hydrophobic': 2, 'UNL:PRO:Hydrophobic': 1, 'UNL:PRO:VdWContact': 1, 'UNL:THR:Hydrophobic': 1, 'UNL:THR:VdWContact': 2, 'UNL:TYR:Hydrophobic': 2, 'UNL:TYR:VdWContact': 1, 'UNL:VAL:Hydrophobic': 2}"
323,Chai-1,7THI_PGA,0.16666666666666674,0.16666666666666663,"{'UNL:ARG:HBAcceptor': 3, 'UNL:ARG:HBDonor': 2, 'UNL:ARG:VdWContact': 4, 'UNL:ASN:HBAcceptor': 1, 'UNL:ASN:VdWContact': 1, 'UNL:CYS:HBAcceptor': 1, 'UNL:CYS:VdWContact': 1, 'UNL:GLU:VdWContact': 1, 'UNL:SER:HBAcceptor': 1, 'UNL:SER:VdWContact': 1, 'UNL:TYR:VdWContact': 1}","{'UNL:ARG:HBAcceptor': 3, 'UNL:ARG:VdWContact': 3, 'UNL:ASN:HBAcceptor': 1, 'UNL:ASN:VdWContact': 1, 'UNL:CYS:HBAcceptor': 1, 'UNL:CYS:HBDonor': 1, 'UNL:CYS:VdWContact': 1, 'UNL:GLU:VdWContact': 1, 'UNL:SER:HBAcceptor': 1, 'UNL:SER:VdWContact': 1, 'UNL:TYR:VdWContact': 1}"
324,Chai-1,7XPO_UPG,0.0,0.18181818181818188,"{'UNL:ARG:HBAcceptor': 2, 'UNL:ARG:VdWContact': 2, 'UNL:ASN:HBAcceptor': 2, 'UNL:ASN:VdWContact': 2, 'UNL:ASP:HBDonor': 1, 'UNL:ASP:VdWContact': 1, 'UNL:LEU:HBAcceptor': 1, 'UNL:LEU:Hydrophobic': 1, 'UNL:LEU:VdWContact': 1, 'UNL:PHE:VdWContact': 1, 'UNL:PRO:VdWContact': 1, 'UNL:SER:VdWContact': 1, 'UNL:THR:HBDonor': 1, 'UNL:THR:VdWContact': 1, 'UNL:TYR:HBAcceptor': 1, 'UNL:TYR:VdWContact': 1}","{'UNL:ARG:HBAcceptor': 2, 'UNL:ARG:VdWContact': 2, 'UNL:ASN:HBAcceptor': 2, 'UNL:ASN:VdWContact': 2, 'UNL:ASP:HBDonor': 1, 'UNL:ASP:VdWContact': 1, 'UNL:LEU:HBAcceptor': 1, 'UNL:LEU:Hydrophobic': 2, 'UNL:LEU:VdWContact': 1, 'UNL:PHE:VdWContact': 1, 'UNL:SER:HBDonor': 1, 'UNL:SER:VdWContact': 1, 'UNL:THR:HBDonor': 1, 'UNL:THR:VdWContact': 2, 'UNL:TYR:VdWContact': 1, 'UNL:VAL:VdWContact': 1}"
325,Chai-1,7TE8_P0T,0.0,0.6111111111111112,"{'UNL:ALA:VdWContact': 1, 'UNL:ASN:Hydrophobic': 1, 'UNL:MET:VdWContact': 1, 'UNL:PHE:Hydrophobic': 2, 'UNL:PHE:VdWContact': 2, 'UNL:TRP:HBAcceptor': 1, 'UNL:TRP:VdWContact': 2, 'UNL:TYR:Hydrophobic': 1, 'UNL:TYR:VdWContact': 1}","{'UNL:ALA:Hydrophobic': 3, 'UNL:ALA:VdWContact': 1, 'UNL:ASP:HBDonor': 1, 'UNL:ASP:Hydrophobic': 1, 'UNL:ASP:VdWContact': 1, 'UNL:GLN:Hydrophobic': 1, 'UNL:GLU:Hydrophobic': 1, 'UNL:HIS:Hydrophobic': 1, 'UNL:HIS:VdWContact': 1, 'UNL:LYS:Hydrophobic': 1, 'UNL:LYS:VdWContact': 1, 'UNL:MET:Hydrophobic': 1, 'UNL:PHE:Hydrophobic': 4, 'UNL:PHE:VdWContact': 1, 'UNL:TRP:VdWContact': 1, 'UNL:TYR:Hydrophobic': 2, 'UNL:TYR:VdWContact': 1}"
326,Chai-1,7QF4_RBF,0.0,0.4375,"{'UNL:ARG:HBAcceptor': 1, 'UNL:ASN:HBAcceptor': 2, 'UNL:ASN:HBDonor': 1, 'UNL:ASN:VdWContact': 4, 'UNL:GLN:HBAcceptor': 2, 'UNL:GLN:VdWContact': 3, 'UNL:GLY:VdWContact': 1, 'UNL:ILE:VdWContact': 2, 'UNL:LEU:VdWContact': 2, 'UNL:PHE:VdWContact': 1, 'UNL:THR:VdWContact': 1, 'UNL:VAL:VdWContact': 2}","{'UNL:ARG:HBAcceptor': 1, 'UNL:ARG:VdWContact': 1, 'UNL:ASN:HBAcceptor': 2, 'UNL:ASN:HBDonor': 1, 'UNL:ASN:Hydrophobic': 1, 'UNL:ASN:VdWContact': 3, 'UNL:GLN:HBAcceptor': 2, 'UNL:GLN:Hydrophobic': 1, 'UNL:GLN:VdWContact': 2, 'UNL:GLY:VdWContact': 1, 'UNL:ILE:Hydrophobic': 1, 'UNL:ILE:VdWContact': 2, 'UNL:LEU:Hydrophobic': 4, 'UNL:PHE:Hydrophobic': 1, 'UNL:PHE:VdWContact': 1, 'UNL:THR:Hydrophobic': 1, 'UNL:THR:VdWContact': 1, 'UNL:VAL:Hydrophobic': 1, 'UNL:VAL:VdWContact': 2}"
327,Chai-1,8EAB_VN2,0.33333333333333337,0.5454545454545454,"{'UNL:HIS:HBAcceptor': 1, 'UNL:HIS:VdWContact': 2, 'UNL:ILE:VdWContact': 2, 'UNL:LEU:Hydrophobic': 1, 'UNL:LEU:VdWContact': 4, 'UNL:LYS:HBAcceptor': 1, 'UNL:LYS:VdWContact': 1, 'UNL:PHE:Hydrophobic': 2, 'UNL:PHE:VdWContact': 2, 'UNL:VAL:Hydrophobic': 1, 'UNL:VAL:VdWContact': 1}","{'UNL:ILE:Hydrophobic': 4, 'UNL:ILE:VdWContact': 2, 'UNL:LEU:HBDonor': 1, 'UNL:LEU:Hydrophobic': 2, 'UNL:LEU:VdWContact': 2, 'UNL:LYS:HBAcceptor': 2, 'UNL:LYS:Hydrophobic': 2, 'UNL:LYS:VdWContact': 2, 'UNL:PHE:Hydrophobic': 2, 'UNL:PHE:VdWContact': 2, 'UNL:VAL:Hydrophobic': 2, 'UNL:VAL:VdWContact': 2}"
328,Chai-1,7TH4_FFO,0.39999999999999997,0.16666666666666663,"{'UNL:ASP:VdWContact': 1, 'UNL:GLN:HBAcceptor': 1, 'UNL:GLN:HBDonor': 1, 'UNL:GLN:VdWContact': 2, 'UNL:GLU:HBDonor': 1, 'UNL:GLU:VdWContact': 1, 'UNL:LEU:VdWContact': 1, 'UNL:PHE:Hydrophobic': 1, 'UNL:PHE:VdWContact': 1, 'UNL:THR:VdWContact': 1, 'UNL:TYR:VdWContact': 1}","{'UNL:ARG:HBAcceptor': 1, 'UNL:ARG:VdWContact': 2, 'UNL:ASP:HBDonor': 1, 'UNL:ASP:VdWContact': 1, 'UNL:GLN:HBAcceptor': 2, 'UNL:GLN:HBDonor': 1, 'UNL:GLN:VdWContact': 2, 'UNL:LEU:Hydrophobic': 1, 'UNL:MET:Hydrophobic': 1, 'UNL:PHE:Hydrophobic': 2, 'UNL:TYR:VdWContact': 1, 'UNL:VAL:Hydrophobic': 1}"
329,Chai-1,8D39_QDB,0.0,0.4545454545454546,"{'UNL:ALA:VdWContact': 1, 'UNL:ARG:HBAcceptor': 1, 'UNL:ARG:VdWContact': 1, 'UNL:LEU:Hydrophobic': 1, 'UNL:LEU:VdWContact': 1, 'UNL:PHE:Hydrophobic': 1, 'UNL:PHE:VdWContact': 2, 'UNL:SER:VdWContact': 2, 'UNL:VAL:Hydrophobic': 1, 'UNL:VAL:VdWContact': 2}","{'UNL:ALA:Hydrophobic': 1, 'UNL:ARG:HBAcceptor': 1, 'UNL:ARG:VdWContact': 1, 'UNL:LEU:Hydrophobic': 1, 'UNL:LEU:VdWContact': 1, 'UNL:PHE:Hydrophobic': 3, 'UNL:PHE:VdWContact': 3, 'UNL:SER:VdWContact': 2, 'UNL:THR:Hydrophobic': 1, 'UNL:VAL:Hydrophobic': 3, 'UNL:VAL:VdWContact': 1}"
330,Chai-1,7YZU_DO7,0.0,0.18181818181818182,"{'UNL:ARG:HBAcceptor': 1, 'UNL:ARG:VdWContact': 1, 'UNL:ASP:HBDonor': 1, 'UNL:ASP:VdWContact': 2, 'UNL:GLN:VdWContact': 1, 'UNL:GLU:Hydrophobic': 1, 'UNL:GLU:VdWContact': 1, 'UNL:GLY:HBAcceptor': 1, 'UNL:GLY:VdWContact': 3, 'UNL:ILE:VdWContact': 1, 'UNL:THR:HBAcceptor': 1, 'UNL:THR:VdWContact': 1, 'UNL:TRP:HBAcceptor': 1, 'UNL:TRP:VdWContact': 2}","{'UNL:ARG:HBAcceptor': 1, 'UNL:ARG:VdWContact': 1, 'UNL:ASP:HBDonor': 1, 'UNL:ASP:VdWContact': 2, 'UNL:GLN:VdWContact': 1, 'UNL:GLU:Hydrophobic': 1, 'UNL:GLU:VdWContact': 1, 'UNL:GLY:HBAcceptor': 1, 'UNL:GLY:VdWContact': 3, 'UNL:HIS:VdWContact': 1, 'UNL:ILE:VdWContact': 1, 'UNL:SER:HBAcceptor': 1, 'UNL:SER:VdWContact': 1, 'UNL:THR:VdWContact': 1, 'UNL:TRP:HBAcceptor': 1, 'UNL:TRP:VdWContact': 2}"
331,Chai-1,7TOM_5AD,0.33333333333333326,0.6875,"{'UNL:ARG:HBAcceptor': 1, 'UNL:ARG:VdWContact': 1, 'UNL:GLN:VdWContact': 1, 'UNL:ILE:HBDonor': 1, 'UNL:ILE:VdWContact': 1, 'UNL:PHE:HBAcceptor': 1, 'UNL:PHE:VdWContact': 1, 'UNL:SER:HBAcceptor': 1, 'UNL:SER:HBDonor': 1, 'UNL:SER:VdWContact': 1}","{'UNL:ALA:Hydrophobic': 1, 'UNL:ARG:VdWContact': 1, 'UNL:GLN:HBAcceptor': 2, 'UNL:GLN:Hydrophobic': 1, 'UNL:GLN:VdWContact': 2, 'UNL:ILE:Hydrophobic': 1, 'UNL:MET:Hydrophobic': 1, 'UNL:MET:VdWContact': 1, 'UNL:PHE:HBAcceptor': 1, 'UNL:PHE:Hydrophobic': 1, 'UNL:PHE:VdWContact': 1, 'UNL:SER:HBAcceptor': 1, 'UNL:SER:HBDonor': 1, 'UNL:SER:VdWContact': 1, 'UNL:THR:Hydrophobic': 1, 'UNL:THR:VdWContact': 1, 'UNL:TYR:Hydrophobic': 1, 'UNL:VAL:Hydrophobic': 1, 'UNL:VAL:VdWContact': 1}"
332,Chai-1,7VWF_K55,0.5,0.5217391304347827,"{'UNL:ARG:Hydrophobic': 1, 'UNL:CYS:Hydrophobic': 1, 'UNL:CYS:VdWContact': 1, 'UNL:GLN:Hydrophobic': 1, 'UNL:GLN:VdWContact': 1, 'UNL:HIS:HBAcceptor': 1, 'UNL:HIS:VdWContact': 1, 'UNL:ILE:Hydrophobic': 1, 'UNL:ILE:VdWContact': 1, 'UNL:LEU:Hydrophobic': 1, 'UNL:LEU:VdWContact': 3, 'UNL:LYS:Hydrophobic': 1, 'UNL:LYS:VdWContact': 1, 'UNL:THR:VdWContact': 2, 'UNL:TYR:VdWContact': 1, 'UNL:VAL:Hydrophobic': 1, 'UNL:VAL:VdWContact': 1}","{'UNL:ARG:Hydrophobic': 1, 'UNL:CYS:Hydrophobic': 1, 'UNL:CYS:VdWContact': 1, 'UNL:GLN:Hydrophobic': 1, 'UNL:HIS:HBAcceptor': 1, 'UNL:HIS:VdWContact': 2, 'UNL:ILE:Hydrophobic': 2, 'UNL:ILE:VdWContact': 1, 'UNL:LEU:Hydrophobic': 4, 'UNL:LYS:Hydrophobic': 1, 'UNL:MET:Hydrophobic': 1, 'UNL:MET:VdWContact': 1, 'UNL:PHE:Hydrophobic': 3, 'UNL:PHE:VdWContact': 1, 'UNL:THR:HBDonor': 1, 'UNL:THR:Hydrophobic': 1, 'UNL:THR:VdWContact': 2, 'UNL:TRP:Hydrophobic': 1, 'UNL:TRP:VdWContact': 1, 'UNL:TYR:VdWContact': 1, 'UNL:VAL:Hydrophobic': 4, 'UNL:VAL:VdWContact': 1}"
333,Chai-1,7XI7_4RI,0.3333333333333333,0.3333333333333333,"{'UNL:GLU:HBDonor': 1, 'UNL:GLU:VdWContact': 1, 'UNL:ILE:HBDonor': 1, 'UNL:ILE:Hydrophobic': 1, 'UNL:ILE:VdWContact': 1, 'UNL:PHE:Hydrophobic': 2, 'UNL:PHE:VdWContact': 2, 'UNL:VAL:HBDonor': 1, 'UNL:VAL:VdWContact': 1}","{'UNL:ALA:Hydrophobic': 1, 'UNL:GLU:HBDonor': 1, 'UNL:GLU:VdWContact': 1, 'UNL:ILE:HBDonor': 1, 'UNL:ILE:Hydrophobic': 2, 'UNL:ILE:VdWContact': 1, 'UNL:LEU:Hydrophobic': 1, 'UNL:PHE:Hydrophobic': 2, 'UNL:PHE:VdWContact': 1, 'UNL:THR:Hydrophobic': 1, 'UNL:VAL:VdWContact': 1}"
334,Chai-1,7WPW_F15,0.5,0.7142857142857142,"{'UNL:ALA:VdWContact': 1, 'UNL:ARG:HBAcceptor': 1, 'UNL:ARG:VdWContact': 1, 'UNL:ASP:Hydrophobic': 1, 'UNL:LYS:Hydrophobic': 1, 'UNL:MET:Hydrophobic': 1, 'UNL:MET:VdWContact': 1, 'UNL:TYR:VdWContact': 1}","{'UNL:ALA:Hydrophobic': 2, 'UNL:ARG:HBAcceptor': 1, 'UNL:ARG:HBDonor': 1, 'UNL:ARG:VdWContact': 1, 'UNL:ASP:Hydrophobic': 1, 'UNL:LEU:Hydrophobic': 3, 'UNL:LYS:Hydrophobic': 1, 'UNL:MET:Hydrophobic': 1, 'UNL:PHE:Hydrophobic': 2, 'UNL:PRO:Hydrophobic': 1, 'UNL:THR:Hydrophobic': 2, 'UNL:TYR:Hydrophobic': 1, 'UNL:TYR:VdWContact': 1, 'UNL:VAL:Hydrophobic': 1}"
335,Chai-1,7T3E_SLB,0.5,0.5555555555555555,"{'UNL:ARG:HBAcceptor': 2, 'UNL:ARG:HBDonor': 2, 'UNL:ARG:VdWContact': 3, 'UNL:ASN:HBAcceptor': 1, 'UNL:ASN:VdWContact': 1, 'UNL:GLN:HBAcceptor': 1, 'UNL:GLN:VdWContact': 1, 'UNL:GLU:VdWContact': 1, 'UNL:MET:VdWContact': 1, 'UNL:PHE:VdWContact': 1}","{'UNL:ARG:HBAcceptor': 2, 'UNL:ARG:HBDonor': 1, 'UNL:ARG:VdWContact': 3, 'UNL:ASN:HBAcceptor': 1, 'UNL:ASN:VdWContact': 1, 'UNL:ASP:HBDonor': 1, 'UNL:ASP:Hydrophobic': 1, 'UNL:ASP:VdWContact': 1, 'UNL:GLN:HBAcceptor': 1, 'UNL:GLN:VdWContact': 2, 'UNL:GLU:HBDonor': 1, 'UNL:GLU:VdWContact': 1, 'UNL:PHE:Hydrophobic': 2, 'UNL:PHE:VdWContact': 2}"
336,Chai-1,8CNH_V6U,0.6000000000000001,0.5714285714285714,"{'UNL:ARG:HBAcceptor': 1, 'UNL:ARG:VdWContact': 2, 'UNL:ASN:VdWContact': 1, 'UNL:ASP:VdWContact': 1, 'UNL:LYS:VdWContact': 1, 'UNL:PHE:Hydrophobic': 2, 'UNL:PHE:VdWContact': 3, 'UNL:SER:VdWContact': 1}","{'UNL:ARG:Hydrophobic': 1, 'UNL:ARG:VdWContact': 1, 'UNL:LEU:Hydrophobic': 2, 'UNL:LYS:Hydrophobic': 1, 'UNL:LYS:VdWContact': 1, 'UNL:MET:HBAcceptor': 1, 'UNL:MET:HBDonor': 1, 'UNL:MET:Hydrophobic': 1, 'UNL:MET:VdWContact': 1, 'UNL:PHE:Hydrophobic': 3, 'UNL:PHE:VdWContact': 3, 'UNL:VAL:HBAcceptor': 1, 'UNL:VAL:HBDonor': 1, 'UNL:VAL:Hydrophobic': 3, 'UNL:VAL:VdWContact': 2}"
337,Chai-1,7Z1Q_NIO,0.0,0.625,"{'UNL:ASN:HBDonor': 1, 'UNL:ASN:VdWContact': 1, 'UNL:LYS:VdWContact': 1, 'UNL:TYR:VdWContact': 1}","{'UNL:ALA:Hydrophobic': 1, 'UNL:LEU:Hydrophobic': 1, 'UNL:LYS:HBDonor': 1, 'UNL:LYS:VdWContact': 1, 'UNL:PHE:Hydrophobic': 1, 'UNL:TYR:Hydrophobic': 1, 'UNL:TYR:VdWContact': 1, 'UNL:VAL:Hydrophobic': 2}"
338,Chai-1,7VQ9_ISY,0.3333333333333333,0.15384615384615385,"{'UNL:ARG:HBAcceptor': 1, 'UNL:ARG:VdWContact': 2, 'UNL:ASP:Hydrophobic': 1, 'UNL:ASP:VdWContact': 1, 'UNL:GLY:VdWContact': 1, 'UNL:ILE:VdWContact': 1, 'UNL:PHE:Hydrophobic': 1, 'UNL:PHE:VdWContact': 1, 'UNL:PRO:VdWContact': 1, 'UNL:SER:HBAcceptor': 1, 'UNL:SER:VdWContact': 1}","{'UNL:ARG:HBAcceptor': 1, 'UNL:ARG:HBDonor': 1, 'UNL:ARG:VdWContact': 2, 'UNL:ASN:VdWContact': 1, 'UNL:ASP:Hydrophobic': 1, 'UNL:GLY:VdWContact': 1, 'UNL:ILE:Hydrophobic': 1, 'UNL:PHE:Hydrophobic': 1, 'UNL:PHE:VdWContact': 1, 'UNL:PRO:Hydrophobic': 1, 'UNL:PRO:VdWContact': 1, 'UNL:SER:HBAcceptor': 1, 'UNL:SER:VdWContact': 1, 'UNL:THR:Hydrophobic': 1}"
339,Chai-1,7TYP_KUR,0.3333333333333333,0.6363636363636365,"{'UNL:ALA:VdWContact': 1, 'UNL:CYS:VdWContact': 1, 'UNL:GLN:VdWContact': 1, 'UNL:ILE:VdWContact': 1, 'UNL:LEU:VdWContact': 2, 'UNL:LYS:HBAcceptor': 1, 'UNL:LYS:VdWContact': 1, 'UNL:MET:Hydrophobic': 1, 'UNL:MET:VdWContact': 1, 'UNL:PHE:VdWContact': 3, 'UNL:SER:HBAcceptor': 1, 'UNL:SER:VdWContact': 1, 'UNL:TYR:Hydrophobic': 1, 'UNL:TYR:VdWContact': 1, 'UNL:VAL:VdWContact': 1}","{'UNL:ALA:Hydrophobic': 2, 'UNL:CYS:HBAcceptor': 1, 'UNL:CYS:Hydrophobic': 2, 'UNL:CYS:VdWContact': 1, 'UNL:GLU:Hydrophobic': 1, 'UNL:GLU:VdWContact': 1, 'UNL:ILE:Hydrophobic': 1, 'UNL:ILE:VdWContact': 1, 'UNL:LEU:Hydrophobic': 6, 'UNL:LYS:Hydrophobic': 1, 'UNL:LYS:VdWContact': 1, 'UNL:MET:Hydrophobic': 1, 'UNL:MET:VdWContact': 1, 'UNL:PHE:Hydrophobic': 4, 'UNL:PHE:VdWContact': 1, 'UNL:SER:VdWContact': 1, 'UNL:TYR:Hydrophobic': 1, 'UNL:TYR:VdWContact': 1, 'UNL:VAL:Hydrophobic': 2, 'UNL:VAL:VdWContact': 1}"
340,Chai-1,8HFN_XGC,0.6,0.33333333333333337,"{'UNL:ASN:VdWContact': 1, 'UNL:CYS:Hydrophobic': 1, 'UNL:CYS:VdWContact': 2, 'UNL:GLY:VdWContact': 2, 'UNL:HIS:VdWContact': 1, 'UNL:ILE:VdWContact': 2, 'UNL:LEU:VdWContact': 1, 'UNL:MET:Hydrophobic': 1, 'UNL:MET:VdWContact': 1, 'UNL:THR:HBAcceptor': 1, 'UNL:THR:HBDonor': 1, 'UNL:THR:VdWContact': 3, 'UNL:TRP:VdWContact': 1}","{'UNL:ASN:HBDonor': 1, 'UNL:ASN:VdWContact': 1, 'UNL:CYS:Hydrophobic': 1, 'UNL:CYS:VdWContact': 2, 'UNL:GLY:VdWContact': 2, 'UNL:HIS:HBAcceptor': 1, 'UNL:HIS:VdWContact': 1, 'UNL:ILE:VdWContact': 1, 'UNL:LEU:Hydrophobic': 1, 'UNL:LYS:Hydrophobic': 1, 'UNL:LYS:VdWContact': 1, 'UNL:MET:HBAcceptor': 1, 'UNL:MET:VdWContact': 1, 'UNL:THR:HBAcceptor': 1, 'UNL:THR:HBDonor': 1, 'UNL:THR:Hydrophobic': 1, 'UNL:THR:VdWContact': 3, 'UNL:TRP:Hydrophobic': 1, 'UNL:TRP:VdWContact': 1, 'UNL:TYR:Hydrophobic': 1, 'UNL:TYR:VdWContact': 1}"
341,Chai-1,7W06_ITN,0.6000000000000001,0.33333333333333326,"{'UNL:ASN:VdWContact': 1, 'UNL:GLY:VdWContact': 1, 'UNL:LEU:VdWContact': 1, 'UNL:SER:HBAcceptor': 1, 'UNL:SER:VdWContact': 1, 'UNL:THR:HBAcceptor': 1, 'UNL:THR:HBDonor': 2, 'UNL:THR:VdWContact': 2}","{'UNL:ARG:HBAcceptor': 1, 'UNL:ARG:VdWContact': 1, 'UNL:ASN:HBAcceptor': 1, 'UNL:ASN:VdWContact': 1, 'UNL:ILE:Hydrophobic': 2, 'UNL:LEU:Hydrophobic': 1, 'UNL:PHE:Hydrophobic': 1, 'UNL:SER:HBAcceptor': 1, 'UNL:SER:VdWContact': 1, 'UNL:THR:HBAcceptor': 2, 'UNL:THR:HBDonor': 2, 'UNL:THR:VdWContact': 2}"
342,Chai-1,7UAS_MBU,0.0,0.4285714285714286,"{'UNL:ALA:VdWContact': 1, 'UNL:CYS:HBAcceptor': 1, 'UNL:CYS:Hydrophobic': 1, 'UNL:CYS:VdWContact': 1, 'UNL:GLY:VdWContact': 1, 'UNL:ILE:Hydrophobic': 1, 'UNL:ILE:VdWContact': 2, 'UNL:PHE:VdWContact': 3, 'UNL:SER:VdWContact': 2, 'UNL:TYR:Hydrophobic': 1, 'UNL:TYR:VdWContact': 2}","{'UNL:ASP:Hydrophobic': 2, 'UNL:CYS:HBAcceptor': 1, 'UNL:CYS:Hydrophobic': 1, 'UNL:CYS:VdWContact': 1, 'UNL:GLY:VdWContact': 1, 'UNL:ILE:Hydrophobic': 1, 'UNL:ILE:VdWContact': 1, 'UNL:LYS:Hydrophobic': 1, 'UNL:PHE:Hydrophobic': 4, 'UNL:PHE:VdWContact': 2, 'UNL:PRO:Hydrophobic': 1, 'UNL:SER:VdWContact': 2, 'UNL:TYR:Hydrophobic': 2, 'UNL:TYR:VdWContact': 2}"
343,Chai-1,8GFD_ZHR,0.0,0.16666666666666663,"{'UNL:ASN:VdWContact': 1, 'UNL:GLN:HBDonor': 1, 'UNL:GLN:VdWContact': 1, 'UNL:GLU:VdWContact': 1, 'UNL:HIS:VdWContact': 1, 'UNL:MET:HBAcceptor': 1, 'UNL:MET:VdWContact': 1, 'UNL:PHE:VdWContact': 1, 'UNL:TYR:VdWContact': 2}","{'UNL:ALA:Hydrophobic': 1, 'UNL:ARG:Hydrophobic': 1, 'UNL:GLN:HBAcceptor': 1, 'UNL:GLN:VdWContact': 2, 'UNL:GLU:HBDonor': 1, 'UNL:GLU:VdWContact': 1, 'UNL:SER:VdWContact': 2, 'UNL:TRP:Hydrophobic': 1, 'UNL:TYR:Hydrophobic': 1, 'UNL:TYR:VdWContact': 1}"
344,Chai-1,7UQ3_O2U,0.4,0.0,"{'UNL:ASN:HBAcceptor': 1, 'UNL:ASN:VdWContact': 1, 'UNL:ASP:VdWContact': 1, 'UNL:HIS:HBAcceptor': 1, 'UNL:HIS:HBDonor': 1, 'UNL:HIS:VdWContact': 2, 'UNL:LEU:VdWContact': 1, 'UNL:LYS:HBAcceptor': 1, 'UNL:LYS:VdWContact': 1, 'UNL:SER:VdWContact': 2, 'UNL:TRP:HBAcceptor': 1, 'UNL:TRP:Hydrophobic': 1, 'UNL:TRP:VdWContact': 1, 'UNL:TYR:VdWContact': 1, 'UNL:VAL:Hydrophobic': 1, 'UNL:VAL:VdWContact': 1}","{'UNL:ASN:HBAcceptor': 1, 'UNL:ASN:VdWContact': 1, 'UNL:ASP:VdWContact': 1, 'UNL:HIS:HBAcceptor': 1, 'UNL:HIS:HBDonor': 1, 'UNL:HIS:VdWContact': 2, 'UNL:LEU:Hydrophobic': 1, 'UNL:LEU:VdWContact': 1, 'UNL:LYS:VdWContact': 1, 'UNL:SER:VdWContact': 2, 'UNL:TRP:Hydrophobic': 1, 'UNL:TRP:VdWContact': 1, 'UNL:TYR:VdWContact': 1, 'UNL:VAL:Hydrophobic': 1}"
345,Chai-1,7USH_82V,0.0,0.8181818181818181,"{'UNL:ASN:HBAcceptor': 1, 'UNL:ASN:VdWContact': 1, 'UNL:LEU:VdWContact': 1, 'UNL:PRO:VdWContact': 1, 'UNL:TRP:VdWContact': 1}","{'UNL:ASN:HBAcceptor': 1, 'UNL:ASN:VdWContact': 1, 'UNL:HIS:VdWContact': 1, 'UNL:LEU:Hydrophobic': 2, 'UNL:LEU:VdWContact': 1, 'UNL:PHE:Hydrophobic': 1, 'UNL:PRO:Hydrophobic': 1, 'UNL:PRO:VdWContact': 1, 'UNL:TRP:Hydrophobic': 1, 'UNL:TRP:VdWContact': 1, 'UNL:TYR:Hydrophobic': 1, 'UNL:VAL:Hydrophobic': 2}"
346,Chai-1,7XG5_PLP,0.0,0.3333333333333333,"{'UNL:ARG:HBAcceptor': 1, 'UNL:ARG:VdWContact': 1, 'UNL:GLU:VdWContact': 1, 'UNL:GLY:VdWContact': 1, 'UNL:LEU:Hydrophobic': 1, 'UNL:LEU:VdWContact': 1, 'UNL:LYS:VdWContact': 1, 'UNL:THR:HBAcceptor': 2, 'UNL:THR:HBDonor': 1, 'UNL:THR:VdWContact': 3, 'UNL:VAL:HBAcceptor': 1, 'UNL:VAL:VdWContact': 1}","{'UNL:ARG:HBAcceptor': 1, 'UNL:ARG:VdWContact': 1, 'UNL:ASN:VdWContact': 1, 'UNL:GLU:VdWContact': 1, 'UNL:GLY:VdWContact': 2, 'UNL:LEU:Hydrophobic': 2, 'UNL:LEU:VdWContact': 1, 'UNL:LYS:VdWContact': 1, 'UNL:THR:HBAcceptor': 2, 'UNL:THR:VdWContact': 3, 'UNL:VAL:HBAcceptor': 1, 'UNL:VAL:HBDonor': 1, 'UNL:VAL:VdWContact': 1}"
347,Chai-1,8G6P_API,1.1666666666666667,0.9999999999999999,"{'UNL:ARG:HBAcceptor': 1, 'UNL:ARG:VdWContact': 2}","{'UNL:ARG:HBAcceptor': 2, 'UNL:ARG:HBDonor': 2, 'UNL:ARG:VdWContact': 2, 'UNL:ASN:HBAcceptor': 1, 'UNL:ASN:VdWContact': 1, 'UNL:ASP:HBDonor': 1, 'UNL:ASP:VdWContact': 1, 'UNL:GLU:HBDonor': 1, 'UNL:GLU:VdWContact': 1, 'UNL:GLY:HBDonor': 1, 'UNL:GLY:VdWContact': 2, 'UNL:HIS:Hydrophobic': 1, 'UNL:HIS:VdWContact': 1}"
348,Chai-1,7ULC_56B,0.125,0.17647058823529405,"{'UNL:ARG:HBAcceptor': 1, 'UNL:ARG:VdWContact': 1, 'UNL:ASN:HBDonor': 1, 'UNL:ASN:VdWContact': 2, 'UNL:ASP:HBDonor': 1, 'UNL:ASP:VdWContact': 2, 'UNL:GLN:HBAcceptor': 1, 'UNL:GLN:VdWContact': 1, 'UNL:GLY:VdWContact': 1, 'UNL:HIS:VdWContact': 1, 'UNL:LEU:VdWContact': 1, 'UNL:LYS:HBAcceptor': 1, 'UNL:LYS:VdWContact': 1, 'UNL:PHE:VdWContact': 2, 'UNL:TRP:HBAcceptor': 1, 'UNL:TRP:Hydrophobic': 1, 'UNL:TRP:VdWContact': 3, 'UNL:TYR:HBAcceptor': 1, 'UNL:TYR:Hydrophobic': 1, 'UNL:TYR:VdWContact': 1}","{'UNL:ASN:HBAcceptor': 1, 'UNL:ASN:HBDonor': 1, 'UNL:ASN:VdWContact': 2, 'UNL:ASP:HBDonor': 1, 'UNL:ASP:VdWContact': 2, 'UNL:GLN:HBAcceptor': 1, 'UNL:GLN:VdWContact': 1, 'UNL:ILE:Hydrophobic': 1, 'UNL:ILE:VdWContact': 1, 'UNL:LYS:VdWContact': 2, 'UNL:PHE:Hydrophobic': 1, 'UNL:PHE:VdWContact': 1, 'UNL:TRP:HBAcceptor': 1, 'UNL:TRP:Hydrophobic': 2, 'UNL:TRP:VdWContact': 2, 'UNL:TYR:HBAcceptor': 1, 'UNL:TYR:Hydrophobic': 1, 'UNL:TYR:VdWContact': 2, 'UNL:VAL:Hydrophobic': 1}"
349,Chai-1,7SFO_98L,0.0,0.5,"{'UNL:ARG:HBAcceptor': 1, 'UNL:ARG:VdWContact': 1, 'UNL:GLU:VdWContact': 1, 'UNL:HIS:Hydrophobic': 1, 'UNL:HIS:VdWContact': 1, 'UNL:LEU:HBDonor': 1, 'UNL:LEU:Hydrophobic': 5, 'UNL:LEU:VdWContact': 4, 'UNL:MET:Hydrophobic': 2, 'UNL:MET:VdWContact': 1, 'UNL:PHE:VdWContact': 1, 'UNL:THR:VdWContact': 1}","{'UNL:ALA:Hydrophobic': 1, 'UNL:ARG:HBAcceptor': 1, 'UNL:ARG:VdWContact': 1, 'UNL:GLU:VdWContact': 1, 'UNL:GLY:VdWContact': 1, 'UNL:HIS:Hydrophobic': 1, 'UNL:HIS:VdWContact': 1, 'UNL:ILE:Hydrophobic': 1, 'UNL:LEU:HBDonor': 1, 'UNL:LEU:Hydrophobic': 7, 'UNL:LEU:VdWContact': 4, 'UNL:MET:Hydrophobic': 4, 'UNL:MET:VdWContact': 1, 'UNL:PHE:Hydrophobic': 1, 'UNL:THR:Hydrophobic': 1, 'UNL:TRP:Hydrophobic': 1}"
350,Chai-1,8DP2_UMA,0.4444444444444445,0.2857142857142857,"{'UNL:ARG:VdWContact': 1, 'UNL:ASN:VdWContact': 1, 'UNL:GLN:HBDonor': 1, 'UNL:GLN:VdWContact': 1, 'UNL:GLY:VdWContact': 2, 'UNL:LEU:Hydrophobic': 1, 'UNL:LYS:HBAcceptor': 1, 'UNL:LYS:VdWContact': 2, 'UNL:PHE:VdWContact': 1, 'UNL:PRO:VdWContact': 1, 'UNL:SER:HBAcceptor': 2, 'UNL:SER:VdWContact': 2, 'UNL:THR:HBAcceptor': 1, 'UNL:THR:HBDonor': 1, 'UNL:THR:VdWContact': 1}","{'UNL:ARG:Hydrophobic': 1, 'UNL:ARG:VdWContact': 1, 'UNL:ASN:HBAcceptor': 1, 'UNL:ASN:HBDonor': 1, 'UNL:ASN:VdWContact': 1, 'UNL:GLN:VdWContact': 1, 'UNL:GLY:HBAcceptor': 1, 'UNL:GLY:VdWContact': 2, 'UNL:HIS:VdWContact': 1, 'UNL:LEU:Hydrophobic': 1, 'UNL:LYS:HBAcceptor': 1, 'UNL:LYS:VdWContact': 1, 'UNL:PHE:Hydrophobic': 1, 'UNL:PRO:VdWContact': 1, 'UNL:SER:HBAcceptor': 1, 'UNL:SER:HBDonor': 1, 'UNL:SER:VdWContact': 2, 'UNL:THR:HBAcceptor': 1, 'UNL:THR:HBDonor': 1, 'UNL:THR:Hydrophobic': 1, 'UNL:THR:VdWContact': 1}"
351,Chai-1,7XFA_D9J,0.0,0.11111111111111105,"{'UNL:ALA:VdWContact': 1, 'UNL:ARG:HBAcceptor': 1, 'UNL:ARG:Hydrophobic': 1, 'UNL:ARG:VdWContact': 1, 'UNL:ASN:HBAcceptor': 1, 'UNL:ASN:VdWContact': 2, 'UNL:GLU:VdWContact': 1, 'UNL:GLY:VdWContact': 2, 'UNL:HIS:VdWContact': 1, 'UNL:TRP:Hydrophobic': 1}","{'UNL:ALA:Hydrophobic': 1, 'UNL:ARG:HBAcceptor': 1, 'UNL:ARG:Hydrophobic': 1, 'UNL:ARG:VdWContact': 1, 'UNL:ASN:HBAcceptor': 1, 'UNL:ASN:VdWContact': 2, 'UNL:GLU:VdWContact': 1, 'UNL:GLY:VdWContact': 1, 'UNL:HIS:VdWContact': 1, 'UNL:TRP:Hydrophobic': 1}"
352,Chai-1,7ZHP_IQY,0.3333333333333333,0.45000000000000007,"{'UNL:ALA:VdWContact': 1, 'UNL:ARG:VdWContact': 1, 'UNL:ASN:VdWContact': 1, 'UNL:ASP:Hydrophobic': 1, 'UNL:ASP:VdWContact': 1, 'UNL:GLN:HBAcceptor': 1, 'UNL:GLN:HBDonor': 1, 'UNL:GLN:VdWContact': 1, 'UNL:ILE:Hydrophobic': 2, 'UNL:ILE:VdWContact': 2, 'UNL:LEU:VdWContact': 1, 'UNL:MET:VdWContact': 1}","{'UNL:ALA:Hydrophobic': 1, 'UNL:ASP:Hydrophobic': 1, 'UNL:ASP:VdWContact': 1, 'UNL:GLN:HBAcceptor': 1, 'UNL:GLN:HBDonor': 1, 'UNL:GLN:Hydrophobic': 1, 'UNL:GLN:VdWContact': 2, 'UNL:GLU:Hydrophobic': 1, 'UNL:GLU:VdWContact': 1, 'UNL:ILE:Hydrophobic': 2, 'UNL:ILE:VdWContact': 1, 'UNL:LEU:Hydrophobic': 3, 'UNL:LEU:VdWContact': 1, 'UNL:LYS:Hydrophobic': 1, 'UNL:MET:Hydrophobic': 1, 'UNL:MET:VdWContact': 1, 'UNL:PHE:HBAcceptor': 1, 'UNL:PHE:Hydrophobic': 1, 'UNL:PHE:VdWContact': 1, 'UNL:VAL:Hydrophobic': 1}"
353,Chai-1,7W05_GMP,0.39999999999999997,0.5,"{'UNL:ASN:HBDonor': 1, 'UNL:ASN:VdWContact': 2, 'UNL:GLN:VdWContact': 1, 'UNL:GLU:HBDonor': 1, 'UNL:GLU:VdWContact': 2, 'UNL:HIS:HBAcceptor': 1, 'UNL:HIS:VdWContact': 2, 'UNL:TYR:HBAcceptor': 1, 'UNL:TYR:VdWContact': 2}","{'UNL:ASN:HBDonor': 1, 'UNL:ASN:VdWContact': 2, 'UNL:GLN:VdWContact': 1, 'UNL:GLU:HBDonor': 2, 'UNL:GLU:VdWContact': 2, 'UNL:HIS:HBAcceptor': 1, 'UNL:HIS:HBDonor': 1, 'UNL:HIS:Hydrophobic': 1, 'UNL:HIS:VdWContact': 2, 'UNL:PHE:Hydrophobic': 1, 'UNL:TYR:HBAcceptor': 1, 'UNL:TYR:Hydrophobic': 2, 'UNL:TYR:VdWContact': 2}"
354,Chai-1,8AIE_M7L,0.2,0.5454545454545455,"{'UNL:ARG:HBAcceptor': 2, 'UNL:ARG:HBDonor': 2, 'UNL:ARG:VdWContact': 2, 'UNL:HIS:VdWContact': 1, 'UNL:LEU:VdWContact': 1, 'UNL:LYS:VdWContact': 1, 'UNL:THR:HBAcceptor': 3, 'UNL:THR:VdWContact': 5, 'UNL:TYR:VdWContact': 1}","{'UNL:ARG:HBAcceptor': 2, 'UNL:ARG:VdWContact': 1, 'UNL:GLU:VdWContact': 1, 'UNL:HIS:VdWContact': 1, 'UNL:LEU:Hydrophobic': 1, 'UNL:LYS:VdWContact': 2, 'UNL:SER:VdWContact': 2, 'UNL:THR:HBAcceptor': 3, 'UNL:THR:HBDonor': 2, 'UNL:THR:VdWContact': 4, 'UNL:TYR:Hydrophobic': 1, 'UNL:TYR:VdWContact': 1, 'UNL:VAL:HBAcceptor': 1, 'UNL:VAL:VdWContact': 1}"
355,Chai-1,7UY4_SMI,0.0,0.7777777777777778,"{'UNL:ASN:HBAcceptor': 1, 'UNL:ASN:VdWContact': 1, 'UNL:ASP:HBDonor': 1, 'UNL:ASP:VdWContact': 1, 'UNL:TRP:VdWContact': 1}","{'UNL:ALA:Hydrophobic': 1, 'UNL:ASN:HBAcceptor': 1, 'UNL:ASN:HBDonor': 1, 'UNL:ASN:VdWContact': 1, 'UNL:ASP:VdWContact': 1, 'UNL:GLU:Hydrophobic': 1, 'UNL:GLU:VdWContact': 2, 'UNL:PRO:Hydrophobic': 1, 'UNL:PRO:VdWContact': 1, 'UNL:TRP:Hydrophobic': 1, 'UNL:TRP:VdWContact': 1}"
356,Chai-1,7UMW_NAD,0.33333333333333337,0.42105263157894746,"{'UNL:ALA:VdWContact': 2, 'UNL:ASP:HBDonor': 1, 'UNL:ASP:VdWContact': 1, 'UNL:GLN:HBAcceptor': 1, 'UNL:GLN:VdWContact': 1, 'UNL:GLY:VdWContact': 2, 'UNL:ILE:HBAcceptor': 2, 'UNL:ILE:HBDonor': 1, 'UNL:ILE:VdWContact': 3, 'UNL:LYS:VdWContact': 1, 'UNL:PRO:VdWContact': 1, 'UNL:SER:VdWContact': 3, 'UNL:THR:HBAcceptor': 1, 'UNL:THR:VdWContact': 1, 'UNL:TYR:Hydrophobic': 1, 'UNL:TYR:VdWContact': 1, 'UNL:VAL:HBAcceptor': 1, 'UNL:VAL:VdWContact': 1}","{'UNL:ALA:Hydrophobic': 1, 'UNL:ALA:VdWContact': 2, 'UNL:ASP:HBDonor': 1, 'UNL:ASP:VdWContact': 1, 'UNL:CYS:VdWContact': 1, 'UNL:GLN:Hydrophobic': 1, 'UNL:GLN:VdWContact': 1, 'UNL:GLY:VdWContact': 2, 'UNL:ILE:HBAcceptor': 2, 'UNL:ILE:HBDonor': 2, 'UNL:ILE:Hydrophobic': 3, 'UNL:ILE:VdWContact': 3, 'UNL:LEU:Hydrophobic': 1, 'UNL:LYS:VdWContact': 1, 'UNL:PHE:Hydrophobic': 1, 'UNL:PRO:VdWContact': 1, 'UNL:SER:VdWContact': 3, 'UNL:THR:HBAcceptor': 1, 'UNL:THR:VdWContact': 1, 'UNL:TYR:Hydrophobic': 1, 'UNL:VAL:HBAcceptor': 1, 'UNL:VAL:Hydrophobic': 1, 'UNL:VAL:VdWContact': 1}"
357,Chai-1,7U3J_L6U,0.28571428571428575,0.09523809523809523,"{'UNL:ALA:VdWContact': 1, 'UNL:ASN:Hydrophobic': 1, 'UNL:ASN:VdWContact': 1, 'UNL:GLN:HBAcceptor': 2, 'UNL:GLN:HBDonor': 1, 'UNL:GLN:Hydrophobic': 1, 'UNL:GLN:VdWContact': 2, 'UNL:GLU:HBDonor': 1, 'UNL:GLU:VdWContact': 1, 'UNL:GLY:VdWContact': 1, 'UNL:ILE:VdWContact': 2, 'UNL:LEU:Hydrophobic': 1, 'UNL:LEU:VdWContact': 3, 'UNL:LYS:Hydrophobic': 1, 'UNL:PHE:Hydrophobic': 1, 'UNL:PHE:VdWContact': 1, 'UNL:SER:HBAcceptor': 1, 'UNL:SER:HBDonor': 1, 'UNL:SER:VdWContact': 3, 'UNL:TYR:VdWContact': 3}","{'UNL:ALA:Hydrophobic': 1, 'UNL:ALA:VdWContact': 1, 'UNL:GLN:HBDonor': 1, 'UNL:GLN:Hydrophobic': 1, 'UNL:GLN:VdWContact': 2, 'UNL:GLU:HBDonor': 1, 'UNL:GLU:VdWContact': 1, 'UNL:GLY:HBDonor': 1, 'UNL:GLY:VdWContact': 1, 'UNL:ILE:Hydrophobic': 1, 'UNL:LEU:Hydrophobic': 3, 'UNL:LEU:VdWContact': 2, 'UNL:PHE:Hydrophobic': 1, 'UNL:PHE:VdWContact': 1, 'UNL:SER:HBAcceptor': 1, 'UNL:SER:HBDonor': 1, 'UNL:SER:VdWContact': 3, 'UNL:THR:Hydrophobic': 1, 'UNL:THR:VdWContact': 1, 'UNL:TRP:Hydrophobic': 1, 'UNL:TYR:HBAcceptor': 1, 'UNL:TYR:Hydrophobic': 1, 'UNL:TYR:VdWContact': 3}"
358,Chai-1,7QGP_DJ8,0.5,0.611111111111111,"{'UNL:ALA:VdWContact': 1, 'UNL:ASP:VdWContact': 1, 'UNL:CYS:HBAcceptor': 1, 'UNL:CYS:VdWContact': 1, 'UNL:GLU:VdWContact': 2, 'UNL:ILE:Hydrophobic': 1, 'UNL:ILE:VdWContact': 3, 'UNL:LEU:Hydrophobic': 2, 'UNL:LEU:VdWContact': 1, 'UNL:PHE:Hydrophobic': 1, 'UNL:PHE:VdWContact': 1}","{'UNL:ALA:Hydrophobic': 2, 'UNL:ALA:VdWContact': 1, 'UNL:ASP:HBAcceptor': 1, 'UNL:ASP:Hydrophobic': 1, 'UNL:ASP:VdWContact': 1, 'UNL:CYS:HBAcceptor': 1, 'UNL:CYS:Hydrophobic': 1, 'UNL:CYS:VdWContact': 1, 'UNL:GLU:Hydrophobic': 1, 'UNL:GLU:VdWContact': 2, 'UNL:ILE:Hydrophobic': 3, 'UNL:ILE:VdWContact': 2, 'UNL:LEU:Hydrophobic': 2, 'UNL:LEU:VdWContact': 1, 'UNL:LYS:Hydrophobic': 1, 'UNL:PHE:Hydrophobic': 2, 'UNL:TYR:VdWContact': 1, 'UNL:VAL:Hydrophobic': 2, 'UNL:VAL:VdWContact': 1}"
359,Chai-1,7WQQ_5Z6,0.6666666666666666,0.6923076923076923,"{'UNL:ARG:HBAcceptor': 1, 'UNL:ARG:Hydrophobic': 1, 'UNL:ARG:VdWContact': 1, 'UNL:CYS:Hydrophobic': 1, 'UNL:GLY:VdWContact': 1, 'UNL:ILE:Hydrophobic': 1, 'UNL:ILE:VdWContact': 1, 'UNL:LEU:Hydrophobic': 2, 'UNL:LEU:VdWContact': 4, 'UNL:PHE:Hydrophobic': 1, 'UNL:PHE:VdWContact': 3, 'UNL:SER:HBAcceptor': 1, 'UNL:SER:HBDonor': 1, 'UNL:SER:VdWContact': 2}","{'UNL:ARG:Hydrophobic': 2, 'UNL:CYS:Hydrophobic': 1, 'UNL:GLY:VdWContact': 1, 'UNL:ILE:Hydrophobic': 3, 'UNL:ILE:VdWContact': 1, 'UNL:LEU:Hydrophobic': 6, 'UNL:LEU:VdWContact': 1, 'UNL:PHE:Hydrophobic': 4, 'UNL:PHE:VdWContact': 4, 'UNL:SER:HBAcceptor': 1, 'UNL:SER:VdWContact': 2, 'UNL:TRP:Hydrophobic': 1, 'UNL:VAL:Hydrophobic': 1}"
360,Chai-1,7WL4_JFU,0.0,0.4,"{'UNL:ASN:HBAcceptor': 1, 'UNL:ASN:VdWContact': 1, 'UNL:ASP:VdWContact': 1, 'UNL:ILE:Hydrophobic': 1, 'UNL:LEU:VdWContact': 1, 'UNL:LYS:VdWContact': 1, 'UNL:MET:Hydrophobic': 1, 'UNL:MET:VdWContact': 1, 'UNL:PHE:VdWContact': 1, 'UNL:TRP:VdWContact': 1, 'UNL:TYR:VdWContact': 1, 'UNL:VAL:VdWContact': 1}","{'UNL:ASN:HBAcceptor': 1, 'UNL:ASN:VdWContact': 1, 'UNL:ASP:Hydrophobic': 1, 'UNL:ASP:VdWContact': 1, 'UNL:ILE:Hydrophobic': 1, 'UNL:ILE:VdWContact': 1, 'UNL:LEU:Hydrophobic': 2, 'UNL:LEU:VdWContact': 2, 'UNL:MET:Hydrophobic': 2, 'UNL:MET:VdWContact': 1, 'UNL:PHE:Hydrophobic': 1, 'UNL:PHE:VdWContact': 1, 'UNL:PRO:Hydrophobic': 1, 'UNL:PRO:VdWContact': 1, 'UNL:TRP:Hydrophobic': 1, 'UNL:TYR:Hydrophobic': 1, 'UNL:VAL:Hydrophobic': 1}"
361,Chai-1,7Z2O_IAJ,0.0,0.45454545454545453,"{'UNL:ALA:VdWContact': 2, 'UNL:ASN:VdWContact': 1, 'UNL:GLY:HBAcceptor': 1, 'UNL:GLY:VdWContact': 1, 'UNL:LEU:VdWContact': 1, 'UNL:SER:VdWContact': 1, 'UNL:TYR:Hydrophobic': 2, 'UNL:TYR:VdWContact': 2}","{'UNL:ALA:Hydrophobic': 1, 'UNL:ASN:Hydrophobic': 1, 'UNL:GLY:HBAcceptor': 1, 'UNL:GLY:VdWContact': 1, 'UNL:HIS:VdWContact': 1, 'UNL:LEU:VdWContact': 1, 'UNL:SER:VdWContact': 1, 'UNL:TYR:Hydrophobic': 3, 'UNL:TYR:VdWContact': 3, 'UNL:VAL:Hydrophobic': 1}"
362,Chai-1,8FLV_ZB9,0.0,0.21052631578947373,"{'UNL:ALA:VdWContact': 1, 'UNL:ASP:HBDonor': 1, 'UNL:ASP:VdWContact': 1, 'UNL:GLU:HBDonor': 1, 'UNL:GLU:VdWContact': 1, 'UNL:ILE:VdWContact': 2, 'UNL:LEU:Hydrophobic': 1, 'UNL:LEU:VdWContact': 1, 'UNL:LYS:Hydrophobic': 1, 'UNL:LYS:VdWContact': 1, 'UNL:MET:HBAcceptor': 1, 'UNL:MET:VdWContact': 1, 'UNL:PHE:Hydrophobic': 1, 'UNL:PHE:VdWContact': 1, 'UNL:VAL:VdWContact': 1}","{'UNL:ALA:Hydrophobic': 1, 'UNL:ASP:HBDonor': 1, 'UNL:ASP:VdWContact': 1, 'UNL:CYS:Hydrophobic': 1, 'UNL:GLU:HBDonor': 1, 'UNL:GLU:VdWContact': 1, 'UNL:GLY:VdWContact': 1, 'UNL:ILE:Hydrophobic': 1, 'UNL:ILE:VdWContact': 1, 'UNL:LEU:Hydrophobic': 3, 'UNL:LYS:Hydrophobic': 1, 'UNL:LYS:VdWContact': 1, 'UNL:MET:HBAcceptor': 1, 'UNL:MET:Hydrophobic': 1, 'UNL:MET:VdWContact': 1, 'UNL:PHE:Hydrophobic': 1, 'UNL:TYR:Hydrophobic': 1, 'UNL:VAL:Hydrophobic': 1}"
363,Chai-1,7Z7F_IF3,0.0,0.7777777777777778,"{'UNL:ASP:VdWContact': 1, 'UNL:CYS:HBDonor': 1, 'UNL:CYS:VdWContact': 1, 'UNL:SER:VdWContact': 1, 'UNL:TRP:VdWContact': 1, 'UNL:TYR:HBAcceptor': 1, 'UNL:TYR:VdWContact': 1}","{'UNL:ASP:Hydrophobic': 1, 'UNL:ASP:VdWContact': 2, 'UNL:CYS:HBDonor': 1, 'UNL:CYS:VdWContact': 1, 'UNL:GLN:VdWContact': 1, 'UNL:LYS:VdWContact': 1, 'UNL:SER:VdWContact': 2, 'UNL:TRP:Hydrophobic': 2, 'UNL:TRP:VdWContact': 1, 'UNL:TYR:HBAcceptor': 1, 'UNL:TYR:VdWContact': 1}"
364,Chai-1,7TUO_KL9,0.3333333333333333,0.6111111111111112,"{'UNL:ALA:HBDonor': 1, 'UNL:ALA:VdWContact': 1, 'UNL:ARG:VdWContact': 1, 'UNL:LYS:VdWContact': 1, 'UNL:PHE:Hydrophobic': 1, 'UNL:PHE:VdWContact': 2, 'UNL:TYR:VdWContact': 1}","{'UNL:ALA:Hydrophobic': 1, 'UNL:ALA:VdWContact': 1, 'UNL:GLN:HBAcceptor': 1, 'UNL:GLN:Hydrophobic': 1, 'UNL:GLN:VdWContact': 1, 'UNL:GLU:HBDonor': 1, 'UNL:GLU:Hydrophobic': 1, 'UNL:GLU:VdWContact': 1, 'UNL:HIS:Hydrophobic': 1, 'UNL:HIS:VdWContact': 1, 'UNL:LEU:Hydrophobic': 1, 'UNL:LEU:VdWContact': 1, 'UNL:PHE:Hydrophobic': 1, 'UNL:PHE:VdWContact': 1, 'UNL:THR:Hydrophobic': 2, 'UNL:TYR:Hydrophobic': 2, 'UNL:TYR:VdWContact': 1, 'UNL:VAL:Hydrophobic': 1}"
365,Chai-1,7ZL5_IWE,0.5,0.4444444444444444,"{'UNL:ALA:VdWContact': 2, 'UNL:HIS:VdWContact': 4, 'UNL:LEU:Hydrophobic': 1, 'UNL:LEU:VdWContact': 1, 'UNL:THR:HBAcceptor': 1, 'UNL:THR:VdWContact': 1, 'UNL:VAL:VdWContact': 1}","{'UNL:ALA:Hydrophobic': 1, 'UNL:ALA:VdWContact': 1, 'UNL:HIS:Hydrophobic': 1, 'UNL:HIS:VdWContact': 1, 'UNL:LEU:Hydrophobic': 3, 'UNL:LEU:VdWContact': 1, 'UNL:PHE:Hydrophobic': 1, 'UNL:THR:HBAcceptor': 1, 'UNL:THR:HBDonor': 1, 'UNL:THR:VdWContact': 1}"
366,Chai-1,8F8E_XJI,0.5,0.25,"{'UNL:ARG:Hydrophobic': 1, 'UNL:ARG:VdWContact': 1, 'UNL:ASP:HBDonor': 1, 'UNL:ASP:VdWContact': 1, 'UNL:GLY:VdWContact': 1, 'UNL:LEU:VdWContact': 1, 'UNL:LYS:VdWContact': 1, 'UNL:MET:Hydrophobic': 1, 'UNL:MET:VdWContact': 1, 'UNL:PHE:VdWContact': 1, 'UNL:SER:VdWContact': 1, 'UNL:TYR:VdWContact': 1}","{'UNL:ALA:Hydrophobic': 1, 'UNL:ALA:VdWContact': 1, 'UNL:ARG:HBAcceptor': 1, 'UNL:ARG:Hydrophobic': 1, 'UNL:ARG:VdWContact': 2, 'UNL:ASP:HBDonor': 1, 'UNL:ASP:Hydrophobic': 1, 'UNL:ASP:VdWContact': 1, 'UNL:CYS:VdWContact': 1, 'UNL:HIS:VdWContact': 1, 'UNL:LEU:Hydrophobic': 2, 'UNL:LEU:VdWContact': 1, 'UNL:PHE:Hydrophobic': 1, 'UNL:PHE:VdWContact': 1, 'UNL:TYR:Hydrophobic': 1, 'UNL:VAL:Hydrophobic': 1}"
367,Chai-1,7Q2B_M6H,0.0,0.3636363636363636,"{'UNL:GLU:HBDonor': 1, 'UNL:GLU:Hydrophobic': 1, 'UNL:GLU:VdWContact': 1, 'UNL:LEU:Hydrophobic': 1, 'UNL:LEU:VdWContact': 1, 'UNL:PHE:VdWContact': 1, 'UNL:SER:VdWContact': 1, 'UNL:TYR:VdWContact': 3}","{'UNL:GLU:HBDonor': 1, 'UNL:GLU:Hydrophobic': 2, 'UNL:GLU:VdWContact': 2, 'UNL:HIS:VdWContact': 1, 'UNL:ILE:Hydrophobic': 1, 'UNL:LEU:Hydrophobic': 1, 'UNL:PHE:Hydrophobic': 1, 'UNL:PHE:VdWContact': 1, 'UNL:TYR:VdWContact': 1, 'UNL:VAL:Hydrophobic': 1}"
368,Chai-1,7ZOC_T8E,0.0,0.09090909090909094,"{'UNL:GLU:Hydrophobic': 1, 'UNL:GLU:VdWContact': 3, 'UNL:HIS:Hydrophobic': 1, 'UNL:MET:Hydrophobic': 1, 'UNL:MET:VdWContact': 1, 'UNL:TRP:Hydrophobic': 1, 'UNL:TRP:VdWContact': 1, 'UNL:TYR:HBDonor': 1, 'UNL:TYR:Hydrophobic': 1, 'UNL:TYR:VdWContact': 2}","{'UNL:ASN:Hydrophobic': 1, 'UNL:GLN:Hydrophobic': 1, 'UNL:GLU:HBDonor': 1, 'UNL:GLU:VdWContact': 4, 'UNL:HIS:Hydrophobic': 1, 'UNL:MET:VdWContact': 1, 'UNL:TRP:Hydrophobic': 1, 'UNL:TRP:VdWContact': 1, 'UNL:TYR:Hydrophobic': 1, 'UNL:TYR:VdWContact': 2}"
369,Chai-1,7WCF_ACP,0.2857142857142857,0.4,"{'UNL:ARG:VdWContact': 2, 'UNL:ASP:VdWContact': 2, 'UNL:GLN:HBAcceptor': 1, 'UNL:GLN:VdWContact': 1, 'UNL:GLY:VdWContact': 1, 'UNL:HIS:HBAcceptor': 1, 'UNL:HIS:VdWContact': 1, 'UNL:ILE:VdWContact': 1, 'UNL:LYS:HBAcceptor': 1, 'UNL:LYS:HBDonor': 1, 'UNL:LYS:VdWContact': 3, 'UNL:PHE:HBAcceptor': 1, 'UNL:PHE:VdWContact': 1, 'UNL:VAL:HBAcceptor': 1, 'UNL:VAL:HBDonor': 1, 'UNL:VAL:VdWContact': 1}","{'UNL:ARG:Hydrophobic': 1, 'UNL:ARG:VdWContact': 1, 'UNL:ASP:VdWContact': 2, 'UNL:GLN:HBAcceptor': 1, 'UNL:GLN:Hydrophobic': 1, 'UNL:GLN:VdWContact': 2, 'UNL:GLY:VdWContact': 1, 'UNL:HIS:HBAcceptor': 1, 'UNL:HIS:VdWContact': 1, 'UNL:ILE:Hydrophobic': 1, 'UNL:ILE:VdWContact': 1, 'UNL:LYS:HBDonor': 1, 'UNL:LYS:VdWContact': 3, 'UNL:PHE:HBAcceptor': 1, 'UNL:PHE:Hydrophobic': 1, 'UNL:PHE:VdWContact': 1, 'UNL:TYR:Hydrophobic': 1, 'UNL:TYR:VdWContact': 1, 'UNL:VAL:HBAcceptor': 1, 'UNL:VAL:VdWContact': 1}"
370,Chai-1,8AP0_PRP,0.25,0.125,"{'UNL:ARG:HBAcceptor': 1, 'UNL:ARG:VdWContact': 1, 'UNL:GLU:VdWContact': 1, 'UNL:GLY:HBAcceptor': 1, 'UNL:GLY:HBDonor': 1, 'UNL:GLY:VdWContact': 2, 'UNL:HIS:HBAcceptor': 1, 'UNL:HIS:HBDonor': 1, 'UNL:HIS:VdWContact': 1, 'UNL:SER:HBAcceptor': 2, 'UNL:SER:VdWContact': 2, 'UNL:THR:VdWContact': 1, 'UNL:VAL:VdWContact': 1}","{'UNL:ARG:HBAcceptor': 1, 'UNL:ARG:HBDonor': 1, 'UNL:ARG:VdWContact': 1, 'UNL:GLY:HBAcceptor': 2, 'UNL:GLY:HBDonor': 1, 'UNL:GLY:VdWContact': 2, 'UNL:HIS:HBAcceptor': 1, 'UNL:HIS:VdWContact': 1, 'UNL:LYS:HBAcceptor': 1, 'UNL:LYS:VdWContact': 1, 'UNL:SER:HBAcceptor': 2, 'UNL:SER:VdWContact': 3, 'UNL:THR:VdWContact': 1, 'UNL:VAL:VdWContact': 1}"
371,Chai-1,7UXS_OJC,0.25,0.3999999999999999,"{'UNL:ALA:VdWContact': 1, 'UNL:ARG:HBAcceptor': 1, 'UNL:ARG:HBDonor': 1, 'UNL:ARG:VdWContact': 1, 'UNL:GLU:HBDonor': 1, 'UNL:GLU:VdWContact': 2, 'UNL:GLY:HBAcceptor': 2, 'UNL:GLY:HBDonor': 1, 'UNL:GLY:VdWContact': 4, 'UNL:LEU:HBAcceptor': 1, 'UNL:LEU:VdWContact': 1, 'UNL:LYS:HBAcceptor': 1, 'UNL:LYS:VdWContact': 1, 'UNL:PHE:VdWContact': 1, 'UNL:TRP:VdWContact': 1, 'UNL:TYR:VdWContact': 1, 'UNL:VAL:VdWContact': 1}","{'UNL:ALA:VdWContact': 1, 'UNL:ARG:HBAcceptor': 1, 'UNL:ARG:VdWContact': 1, 'UNL:GLN:HBAcceptor': 1, 'UNL:GLN:Hydrophobic': 1, 'UNL:GLN:VdWContact': 1, 'UNL:GLU:HBDonor': 1, 'UNL:GLU:VdWContact': 1, 'UNL:GLY:HBAcceptor': 2, 'UNL:GLY:VdWContact': 2, 'UNL:LEU:HBAcceptor': 1, 'UNL:LEU:Hydrophobic': 1, 'UNL:LEU:VdWContact': 1, 'UNL:LYS:VdWContact': 1, 'UNL:PHE:Hydrophobic': 2, 'UNL:PHE:VdWContact': 2, 'UNL:SER:VdWContact': 1, 'UNL:TRP:VdWContact': 1}"
372,Chai-1,7X9K_8OG,0.25,0.46153846153846145,"{'UNL:ARG:HBAcceptor': 1, 'UNL:ARG:VdWContact': 1, 'UNL:ASN:HBAcceptor': 1, 'UNL:ASN:HBDonor': 1, 'UNL:ASN:VdWContact': 1, 'UNL:GLU:VdWContact': 1, 'UNL:HIS:HBDonor': 1, 'UNL:HIS:VdWContact': 1, 'UNL:PHE:HBAcceptor': 1, 'UNL:PHE:HBDonor': 1, 'UNL:PHE:VdWContact': 1, 'UNL:VAL:VdWContact': 1}","{'UNL:ARG:HBAcceptor': 1, 'UNL:ARG:HBDonor': 1, 'UNL:ARG:VdWContact': 1, 'UNL:ASN:HBAcceptor': 1, 'UNL:ASN:HBDonor': 1, 'UNL:ASN:VdWContact': 1, 'UNL:GLU:Hydrophobic': 1, 'UNL:HIS:HBAcceptor': 1, 'UNL:HIS:HBDonor': 1, 'UNL:HIS:VdWContact': 1, 'UNL:ILE:Hydrophobic': 1, 'UNL:ILE:VdWContact': 1, 'UNL:LEU:Hydrophobic': 1, 'UNL:MET:Hydrophobic': 1, 'UNL:PHE:HBAcceptor': 1, 'UNL:PHE:HBDonor': 1, 'UNL:PHE:VdWContact': 2, 'UNL:PRO:Hydrophobic': 1, 'UNL:VAL:Hydrophobic': 1}"
373,Chai-1,8BOM_QU6,0.0,0.38095238095238104,"{'UNL:ALA:VdWContact': 1, 'UNL:ASP:HBAcceptor': 1, 'UNL:ASP:Hydrophobic': 1, 'UNL:ASP:VdWContact': 1, 'UNL:GLU:HBDonor': 1, 'UNL:GLU:Hydrophobic': 1, 'UNL:GLU:VdWContact': 2, 'UNL:ILE:Hydrophobic': 1, 'UNL:LYS:Hydrophobic': 1, 'UNL:LYS:VdWContact': 1, 'UNL:MET:HBAcceptor': 1, 'UNL:MET:Hydrophobic': 1, 'UNL:MET:VdWContact': 2, 'UNL:PHE:Hydrophobic': 1, 'UNL:PHE:VdWContact': 1, 'UNL:SER:VdWContact': 1, 'UNL:THR:HBDonor': 1, 'UNL:THR:VdWContact': 1, 'UNL:TYR:VdWContact': 1, 'UNL:VAL:Hydrophobic': 1}","{'UNL:ALA:Hydrophobic': 1, 'UNL:ALA:VdWContact': 1, 'UNL:ASP:HBAcceptor': 1, 'UNL:ASP:Hydrophobic': 1, 'UNL:ASP:VdWContact': 1, 'UNL:GLU:HBDonor': 1, 'UNL:GLU:Hydrophobic': 1, 'UNL:GLU:VdWContact': 2, 'UNL:ILE:Hydrophobic': 3, 'UNL:ILE:VdWContact': 2, 'UNL:LEU:Hydrophobic': 1, 'UNL:LYS:Hydrophobic': 1, 'UNL:MET:HBAcceptor': 1, 'UNL:MET:Hydrophobic': 1, 'UNL:MET:VdWContact': 1, 'UNL:PHE:Hydrophobic': 2, 'UNL:PHE:VdWContact': 1, 'UNL:SER:VdWContact': 1, 'UNL:THR:HBDonor': 1, 'UNL:THR:Hydrophobic': 1, 'UNL:THR:VdWContact': 1, 'UNL:TYR:Hydrophobic': 2, 'UNL:TYR:VdWContact': 1, 'UNL:VAL:Hydrophobic': 1}"
374,Chai-1,5SIS_JSM,0.0,0.38888888888888895,"{'UNL:GLN:HBAcceptor': 1, 'UNL:GLN:VdWContact': 1, 'UNL:GLU:Hydrophobic': 1, 'UNL:GLU:VdWContact': 2, 'UNL:HIS:VdWContact': 1, 'UNL:ILE:VdWContact': 1, 'UNL:MET:Hydrophobic': 1, 'UNL:MET:VdWContact': 1, 'UNL:PHE:Hydrophobic': 1, 'UNL:PHE:VdWContact': 2, 'UNL:TYR:VdWContact': 1, 'UNL:VAL:VdWContact': 1}","{'UNL:GLN:HBAcceptor': 1, 'UNL:GLN:VdWContact': 1, 'UNL:GLU:Hydrophobic': 1, 'UNL:GLU:VdWContact': 1, 'UNL:GLY:VdWContact': 1, 'UNL:ILE:Hydrophobic': 1, 'UNL:ILE:VdWContact': 1, 'UNL:LEU:Hydrophobic': 1, 'UNL:LYS:Hydrophobic': 1, 'UNL:MET:Hydrophobic': 1, 'UNL:MET:VdWContact': 1, 'UNL:PHE:Hydrophobic': 2, 'UNL:PHE:VdWContact': 1, 'UNL:PRO:Hydrophobic': 1, 'UNL:TYR:Hydrophobic': 1, 'UNL:TYR:VdWContact': 1, 'UNL:VAL:Hydrophobic': 1, 'UNL:VAL:VdWContact': 1}"
375,Chai-1,5SD5_HWI,0.25,0.6153846153846154,"{'UNL:ARG:HBAcceptor': 2, 'UNL:ARG:HBDonor': 1, 'UNL:ARG:Hydrophobic': 1, 'UNL:ARG:VdWContact': 2, 'UNL:ASP:HBDonor': 1, 'UNL:ASP:VdWContact': 1, 'UNL:GLN:VdWContact': 1, 'UNL:ILE:HBDonor': 1, 'UNL:ILE:VdWContact': 2, 'UNL:PHE:VdWContact': 1, 'UNL:TRP:VdWContact': 1}","{'UNL:ALA:Hydrophobic': 1, 'UNL:ARG:HBAcceptor': 2, 'UNL:ARG:HBDonor': 1, 'UNL:ARG:VdWContact': 3, 'UNL:ASP:HBDonor': 1, 'UNL:ASP:VdWContact': 1, 'UNL:GLN:Hydrophobic': 1, 'UNL:ILE:HBDonor': 2, 'UNL:ILE:Hydrophobic': 3, 'UNL:ILE:VdWContact': 2, 'UNL:LEU:Hydrophobic': 2, 'UNL:PHE:Hydrophobic': 1, 'UNL:PHE:VdWContact': 1, 'UNL:THR:Hydrophobic': 1, 'UNL:TRP:VdWContact': 1}"
376,Chai-1,7QPP_VDX,0.33333333333333337,1.0,"{'UNL:ARG:HBAcceptor': 1, 'UNL:ARG:VdWContact': 1, 'UNL:HIS:HBAcceptor': 2, 'UNL:HIS:HBDonor': 1, 'UNL:HIS:VdWContact': 2, 'UNL:ILE:VdWContact': 1, 'UNL:LEU:Hydrophobic': 1, 'UNL:LEU:VdWContact': 1, 'UNL:SER:VdWContact': 3, 'UNL:TRP:Hydrophobic': 1, 'UNL:TRP:VdWContact': 1, 'UNL:TYR:VdWContact': 1, 'UNL:VAL:VdWContact': 1}","{'UNL:ARG:HBAcceptor': 1, 'UNL:ARG:VdWContact': 1, 'UNL:CYS:VdWContact': 1, 'UNL:HIS:HBAcceptor': 1, 'UNL:HIS:HBDonor': 1, 'UNL:HIS:VdWContact': 2, 'UNL:ILE:Hydrophobic': 2, 'UNL:LEU:Hydrophobic': 6, 'UNL:LEU:VdWContact': 1, 'UNL:MET:Hydrophobic': 1, 'UNL:PHE:Hydrophobic': 1, 'UNL:SER:VdWContact': 3, 'UNL:TRP:Hydrophobic': 1, 'UNL:TRP:VdWContact': 1, 'UNL:TYR:Hydrophobic': 3, 'UNL:TYR:VdWContact': 2, 'UNL:VAL:Hydrophobic': 3, 'UNL:VAL:VdWContact': 1}"
377,Chai-1,8FAV_4Y5,0.25,0.49999999999999994,"{'UNL:ALA:HBAcceptor': 1, 'UNL:ALA:VdWContact': 1, 'UNL:GLN:HBAcceptor': 1, 'UNL:GLN:Hydrophobic': 2, 'UNL:GLN:VdWContact': 3, 'UNL:ILE:Hydrophobic': 1, 'UNL:ILE:VdWContact': 1, 'UNL:LEU:Hydrophobic': 2, 'UNL:LEU:VdWContact': 4, 'UNL:MET:Hydrophobic': 1, 'UNL:PHE:HBAcceptor': 1, 'UNL:PHE:VdWContact': 2, 'UNL:THR:VdWContact': 1, 'UNL:TYR:Hydrophobic': 1}","{'UNL:ALA:HBAcceptor': 1, 'UNL:ALA:HBDonor': 1, 'UNL:ALA:Hydrophobic': 2, 'UNL:ALA:VdWContact': 1, 'UNL:GLN:HBAcceptor': 1, 'UNL:GLN:Hydrophobic': 2, 'UNL:GLN:VdWContact': 3, 'UNL:ILE:Hydrophobic': 2, 'UNL:ILE:VdWContact': 1, 'UNL:LEU:Hydrophobic': 3, 'UNL:LEU:VdWContact': 4, 'UNL:LYS:VdWContact': 1, 'UNL:MET:Hydrophobic': 1, 'UNL:PHE:HBAcceptor': 1, 'UNL:PHE:Hydrophobic': 1, 'UNL:PHE:VdWContact': 1, 'UNL:THR:Hydrophobic': 1, 'UNL:THR:VdWContact': 1, 'UNL:TRP:Hydrophobic': 1, 'UNL:TYR:Hydrophobic': 1, 'UNL:TYR:VdWContact': 1, 'UNL:VAL:Hydrophobic': 1}"
378,Chai-1,7SIU_9ID,0.0,0.10526315789473689,"{'UNL:ASP:VdWContact': 2, 'UNL:CYS:HBAcceptor': 1, 'UNL:CYS:VdWContact': 1, 'UNL:GLU:HBDonor': 1, 'UNL:GLU:VdWContact': 1, 'UNL:GLY:VdWContact': 1, 'UNL:ILE:Hydrophobic': 1, 'UNL:ILE:VdWContact': 2, 'UNL:LEU:VdWContact': 2, 'UNL:LYS:HBAcceptor': 1, 'UNL:LYS:VdWContact': 1, 'UNL:MET:Hydrophobic': 1, 'UNL:MET:VdWContact': 1, 'UNL:PHE:VdWContact': 1, 'UNL:TYR:Hydrophobic': 1}","{'UNL:ALA:HBDonor': 1, 'UNL:ALA:Hydrophobic': 2, 'UNL:ALA:VdWContact': 1, 'UNL:ASP:Hydrophobic': 1, 'UNL:CYS:HBAcceptor': 1, 'UNL:CYS:VdWContact': 1, 'UNL:GLU:HBDonor': 1, 'UNL:GLU:VdWContact': 1, 'UNL:LEU:Hydrophobic': 3, 'UNL:LYS:VdWContact': 1, 'UNL:MET:Hydrophobic': 1, 'UNL:PHE:Hydrophobic': 1, 'UNL:PHE:VdWContact': 1, 'UNL:TYR:Hydrophobic': 1, 'UNL:VAL:Hydrophobic': 2, 'UNL:VAL:VdWContact': 1}"
379,Chai-1,7QHG_T3B,0.16666666666666666,0.7391304347826086,"{'UNL:ASP:HBAcceptor': 1, 'UNL:ASP:VdWContact': 1, 'UNL:GLU:Hydrophobic': 1, 'UNL:GLU:VdWContact': 1, 'UNL:GLY:VdWContact': 1, 'UNL:ILE:HBAcceptor': 1, 'UNL:ILE:HBDonor': 1, 'UNL:ILE:Hydrophobic': 1, 'UNL:ILE:VdWContact': 1, 'UNL:LEU:Hydrophobic': 1, 'UNL:LEU:VdWContact': 3, 'UNL:LYS:Hydrophobic': 1, 'UNL:LYS:VdWContact': 1, 'UNL:MET:Hydrophobic': 1, 'UNL:MET:VdWContact': 1, 'UNL:PHE:HBAcceptor': 1, 'UNL:PHE:Hydrophobic': 2, 'UNL:PHE:VdWContact': 2, 'UNL:THR:VdWContact': 1, 'UNL:VAL:Hydrophobic': 1, 'UNL:VAL:VdWContact': 1}","{'UNL:ARG:HBAcceptor': 1, 'UNL:ARG:Hydrophobic': 1, 'UNL:ARG:VdWContact': 1, 'UNL:ASP:HBAcceptor': 1, 'UNL:ASP:Hydrophobic': 1, 'UNL:ASP:VdWContact': 1, 'UNL:GLU:VdWContact': 1, 'UNL:GLY:VdWContact': 2, 'UNL:HIS:VdWContact': 1, 'UNL:ILE:HBAcceptor': 1, 'UNL:ILE:HBDonor': 1, 'UNL:ILE:Hydrophobic': 3, 'UNL:ILE:VdWContact': 2, 'UNL:LEU:Hydrophobic': 7, 'UNL:LEU:VdWContact': 4, 'UNL:LYS:Hydrophobic': 1, 'UNL:LYS:VdWContact': 1, 'UNL:MET:Hydrophobic': 1, 'UNL:MET:VdWContact': 1, 'UNL:PHE:Hydrophobic': 2, 'UNL:THR:HBDonor': 1, 'UNL:THR:Hydrophobic': 1, 'UNL:THR:VdWContact': 1, 'UNL:TYR:Hydrophobic': 1, 'UNL:VAL:Hydrophobic': 3, 'UNL:VAL:VdWContact': 2}"
380,Chai-1,8HO0_3ZI,0.0,0.9090909090909091,"{'UNL:GLN:VdWContact': 1, 'UNL:LYS:HBAcceptor': 1, 'UNL:LYS:VdWContact': 1, 'UNL:PHE:VdWContact': 2, 'UNL:SER:VdWContact': 2, 'UNL:VAL:Hydrophobic': 1, 'UNL:VAL:VdWContact': 1}","{'UNL:GLN:Hydrophobic': 1, 'UNL:GLN:VdWContact': 1, 'UNL:LEU:Hydrophobic': 3, 'UNL:LEU:VdWContact': 2, 'UNL:LYS:VdWContact': 1, 'UNL:PHE:Hydrophobic': 3, 'UNL:PHE:VdWContact': 2, 'UNL:SER:HBDonor': 1, 'UNL:SER:VdWContact': 2, 'UNL:THR:Hydrophobic': 1, 'UNL:VAL:Hydrophobic': 1, 'UNL:VAL:VdWContact': 1}"
381,Boltz-1-Single-Seq,8AAU_LH0,0.0,0.0,"{'UNL:ALA:VdWContact': 2, 'UNL:GLY:VdWContact': 1, 'UNL:HIS:VdWContact': 1, 'UNL:ILE:HBAcceptor': 1, 'UNL:ILE:HBDonor': 1, 'UNL:ILE:VdWContact': 1, 'UNL:LEU:Hydrophobic': 1, 'UNL:LEU:VdWContact': 2, 'UNL:LYS:VdWContact': 1, 'UNL:THR:VdWContact': 1, 'UNL:VAL:Hydrophobic': 1, 'UNL:VAL:VdWContact': 1}","{'UNL:ALA:VdWContact': 2, 'UNL:GLY:VdWContact': 1, 'UNL:ILE:HBAcceptor': 1, 'UNL:ILE:HBDonor': 1, 'UNL:ILE:Hydrophobic': 1, 'UNL:ILE:VdWContact': 1, 'UNL:LEU:Hydrophobic': 2, 'UNL:LEU:VdWContact': 1, 'UNL:THR:VdWContact': 1, 'UNL:TYR:Hydrophobic': 1, 'UNL:VAL:Hydrophobic': 1, 'UNL:VAL:VdWContact': 1}"
382,Boltz-1-Single-Seq,7UAW_MF6,0.5,0.49999999999999994,"{'UNL:ALA:VdWContact': 1, 'UNL:ARG:HBAcceptor': 2, 'UNL:ARG:HBDonor': 1, 'UNL:ARG:VdWContact': 3, 'UNL:ASN:HBAcceptor': 1, 'UNL:ASN:HBDonor': 1, 'UNL:ASN:VdWContact': 2, 'UNL:GLN:VdWContact': 1, 'UNL:GLY:HBAcceptor': 1, 'UNL:GLY:VdWContact': 1, 'UNL:HIS:HBAcceptor': 1, 'UNL:HIS:VdWContact': 1, 'UNL:PHE:VdWContact': 2, 'UNL:THR:VdWContact': 1}","{'UNL:ALA:VdWContact': 1, 'UNL:ARG:HBAcceptor': 4, 'UNL:ARG:HBDonor': 1, 'UNL:ARG:VdWContact': 4, 'UNL:ASN:HBAcceptor': 1, 'UNL:ASN:HBDonor': 1, 'UNL:ASN:VdWContact': 2, 'UNL:GLN:VdWContact': 1, 'UNL:GLY:HBAcceptor': 2, 'UNL:GLY:VdWContact': 2, 'UNL:HIS:HBAcceptor': 1, 'UNL:HIS:VdWContact': 1, 'UNL:PHE:Hydrophobic': 2, 'UNL:PHE:VdWContact': 2, 'UNL:PRO:VdWContact': 1, 'UNL:THR:VdWContact': 1}"
383,Boltz-1-Single-Seq,7UYB_OK0,0.0,0.1538461538461539,"{'UNL:ASN:HBAcceptor': 1, 'UNL:ASN:Hydrophobic': 1, 'UNL:ASN:VdWContact': 1, 'UNL:ASP:HBDonor': 1, 'UNL:ASP:VdWContact': 1, 'UNL:CYS:VdWContact': 1, 'UNL:HIS:Hydrophobic': 1, 'UNL:HIS:VdWContact': 3, 'UNL:PHE:Hydrophobic': 1, 'UNL:PHE:VdWContact': 1, 'UNL:TRP:VdWContact': 1, 'UNL:TYR:Hydrophobic': 1, 'UNL:TYR:VdWContact': 1}","{'UNL:ASN:HBAcceptor': 1, 'UNL:ASN:Hydrophobic': 1, 'UNL:ASN:VdWContact': 1, 'UNL:ASP:HBDonor': 1, 'UNL:ASP:VdWContact': 1, 'UNL:CYS:VdWContact': 1, 'UNL:HIS:Hydrophobic': 1, 'UNL:HIS:VdWContact': 3, 'UNL:PHE:Hydrophobic': 1, 'UNL:PHE:VdWContact': 1, 'UNL:SER:VdWContact': 2, 'UNL:TRP:Hydrophobic': 1, 'UNL:TRP:VdWContact': 1, 'UNL:TYR:Hydrophobic': 1}"
384,Boltz-1-Single-Seq,7U0U_FK5,0.0,0.40740740740740755,"{'UNL:ARG:VdWContact': 1, 'UNL:ASP:VdWContact': 1, 'UNL:GLY:VdWContact': 1, 'UNL:ILE:HBAcceptor': 1, 'UNL:ILE:VdWContact': 1, 'UNL:LEU:VdWContact': 1, 'UNL:MET:Hydrophobic': 1, 'UNL:MET:VdWContact': 1, 'UNL:PHE:Hydrophobic': 1, 'UNL:PHE:VdWContact': 5, 'UNL:PRO:VdWContact': 1, 'UNL:SER:VdWContact': 1, 'UNL:TRP:Hydrophobic': 1, 'UNL:TRP:VdWContact': 2, 'UNL:TYR:HBAcceptor': 1, 'UNL:TYR:VdWContact': 2, 'UNL:VAL:VdWContact': 3}","{'UNL:ASN:Hydrophobic': 1, 'UNL:ASP:VdWContact': 1, 'UNL:GLU-:Hydrophobic': 1, 'UNL:GLU-:VdWContact': 1, 'UNL:ILE:HBAcceptor': 1, 'UNL:ILE:Hydrophobic': 2, 'UNL:ILE:VdWContact': 1, 'UNL:LEU:Hydrophobic': 1, 'UNL:MET:Hydrophobic': 1, 'UNL:PHE-:Hydrophobic': 1, 'UNL:PHE-:VdWContact': 1, 'UNL:PHE:Hydrophobic': 3, 'UNL:PHE:VdWContact': 3, 'UNL:PRO-:Hydrophobic': 1, 'UNL:TRP-:HBAcceptor': 1, 'UNL:TRP-:Hydrophobic': 1, 'UNL:TRP-:VdWContact': 1, 'UNL:TRP:Hydrophobic': 1, 'UNL:TRP:VdWContact': 1, 'UNL:TYR:Hydrophobic': 2, 'UNL:TYR:VdWContact': 2, 'UNL:VAL:Hydrophobic': 3, 'UNL:VAL:VdWContact': 1}"
385,Boltz-1-Single-Seq,8C3N_ADP,0.16666666666666666,0.44444444444444436,"{'UNL:ARG:VdWContact': 1, 'UNL:GLN:HBAcceptor': 1, 'UNL:GLN:VdWContact': 1, 'UNL:GLU:HBDonor': 1, 'UNL:GLU:VdWContact': 1, 'UNL:GLY:HBAcceptor': 2, 'UNL:GLY:VdWContact': 2, 'UNL:LYS:HBAcceptor': 1, 'UNL:LYS:VdWContact': 1, 'UNL:THR:HBAcceptor': 1, 'UNL:THR:VdWContact': 1}","{'UNL:ARG:VdWContact': 2, 'UNL:GLN:HBAcceptor': 1, 'UNL:GLN:Hydrophobic': 1, 'UNL:GLN:VdWContact': 1, 'UNL:GLU:HBDonor': 1, 'UNL:GLU:VdWContact': 1, 'UNL:GLY:HBAcceptor': 2, 'UNL:GLY:VdWContact': 2, 'UNL:ILE:Hydrophobic': 1, 'UNL:LYS:HBAcceptor': 1, 'UNL:LYS:VdWContact': 1, 'UNL:SER:HBAcceptor': 1, 'UNL:SER:VdWContact': 1, 'UNL:THR:HBAcceptor': 1, 'UNL:THR:VdWContact': 1}"
386,Boltz-1-Single-Seq,7XQZ_FPF,0.39999999999999997,0.75,"{'UNL:ARG:HBAcceptor': 1, 'UNL:ARG:VdWContact': 2, 'UNL:GLN:HBDonor': 1, 'UNL:GLN:VdWContact': 1, 'UNL:ILE:VdWContact': 1, 'UNL:LYS:HBAcceptor': 1, 'UNL:LYS:VdWContact': 1, 'UNL:MET:VdWContact': 1, 'UNL:PHE:Hydrophobic': 1, 'UNL:PHE:VdWContact': 1, 'UNL:TRP:VdWContact': 1}","{'UNL:ALA:Hydrophobic': 1, 'UNL:ARG:HBAcceptor': 2, 'UNL:ARG:VdWContact': 2, 'UNL:GLN:HBAcceptor': 1, 'UNL:GLN:HBDonor': 1, 'UNL:GLN:VdWContact': 2, 'UNL:ILE:Hydrophobic': 1, 'UNL:ILE:VdWContact': 1, 'UNL:LYS:VdWContact': 1, 'UNL:MET:Hydrophobic': 1, 'UNL:PHE:Hydrophobic': 4, 'UNL:PHE:VdWContact': 1, 'UNL:PRO:VdWContact': 1, 'UNL:THR:Hydrophobic': 1, 'UNL:TRP:HBAcceptor': 1, 'UNL:TRP:Hydrophobic': 2, 'UNL:TRP:VdWContact': 1, 'UNL:TYR:Hydrophobic': 1, 'UNL:TYR:VdWContact': 1}"
387,Boltz-1-Single-Seq,7TXK_LW8,0.0,0.3846153846153847,"{'UNL:ASN:HBDonor': 1, 'UNL:ASN:VdWContact': 1, 'UNL:GLU:Hydrophobic': 1, 'UNL:GLU:VdWContact': 1, 'UNL:LYS:HBDonor': 1, 'UNL:LYS:VdWContact': 1, 'UNL:PHE:VdWContact': 1, 'UNL:THR:VdWContact': 2, 'UNL:TYR:VdWContact': 2}","{'UNL:ARG:HBAcceptor': 1, 'UNL:ARG:VdWContact': 1, 'UNL:ASN:VdWContact': 1, 'UNL:GLU:HBDonor': 1, 'UNL:GLU:VdWContact': 1, 'UNL:ILE:Hydrophobic': 1, 'UNL:ILE:VdWContact': 1, 'UNL:LYS:Hydrophobic': 1, 'UNL:LYS:VdWContact': 1, 'UNL:THR:Hydrophobic': 1, 'UNL:THR:VdWContact': 1, 'UNL:TYR:Hydrophobic': 1, 'UNL:TYR:VdWContact': 2}"
388,Boltz-1-Single-Seq,7R59_I5F,0.0,0.2222222222222222,"{'UNL:GLU:Hydrophobic': 1, 'UNL:GLU:VdWContact': 1, 'UNL:GLY:HBAcceptor': 1, 'UNL:GLY:VdWContact': 1, 'UNL:HIS:VdWContact': 1, 'UNL:SER:VdWContact': 1, 'UNL:TYR:Hydrophobic': 2}","{'UNL:ALA:Hydrophobic': 1, 'UNL:GLU:Hydrophobic': 1, 'UNL:GLU:VdWContact': 1, 'UNL:GLY:HBAcceptor': 1, 'UNL:GLY:VdWContact': 1, 'UNL:LYS:Hydrophobic': 1, 'UNL:SER:VdWContact': 1, 'UNL:TYR:Hydrophobic': 2, 'UNL:TYR:VdWContact': 1}"
389,Boltz-1-Single-Seq,7QFM_AY3,0.3333333333333333,0.375,"{'UNL:ARG:Hydrophobic': 1, 'UNL:ARG:VdWContact': 1, 'UNL:ASP:Hydrophobic': 1, 'UNL:ASP:VdWContact': 1, 'UNL:GLU:HBDonor': 1, 'UNL:GLU:VdWContact': 1, 'UNL:ILE:Hydrophobic': 1, 'UNL:ILE:VdWContact': 1, 'UNL:LEU:VdWContact': 2, 'UNL:LYS:Hydrophobic': 1, 'UNL:LYS:VdWContact': 1, 'UNL:PHE:Hydrophobic': 1, 'UNL:PHE:VdWContact': 1, 'UNL:VAL:Hydrophobic': 1, 'UNL:VAL:VdWContact': 2}","{'UNL:ALA:Hydrophobic': 1, 'UNL:ARG:VdWContact': 1, 'UNL:ASP:HBAcceptor': 1, 'UNL:ASP:Hydrophobic': 1, 'UNL:ASP:VdWContact': 2, 'UNL:ILE:Hydrophobic': 2, 'UNL:ILE:VdWContact': 1, 'UNL:LEU:Hydrophobic': 3, 'UNL:LEU:VdWContact': 1, 'UNL:LYS:HBDonor': 1, 'UNL:LYS:VdWContact': 1, 'UNL:VAL:Hydrophobic': 1}"
390,Boltz-1-Single-Seq,7XBV_APC,0.0,0.41666666666666663,"{'UNL:ARG:HBAcceptor': 1, 'UNL:ARG:VdWContact': 1, 'UNL:ASP:HBDonor': 1, 'UNL:ASP:VdWContact': 1, 'UNL:GLY:HBAcceptor': 1, 'UNL:GLY:VdWContact': 1, 'UNL:ILE:HBDonor': 1, 'UNL:ILE:VdWContact': 1, 'UNL:PRO:VdWContact': 1, 'UNL:SER:VdWContact': 1, 'UNL:THR:HBAcceptor': 1, 'UNL:THR:VdWContact': 2, 'UNL:TYR:VdWContact': 1}","{'UNL:ASP:HBDonor': 1, 'UNL:ASP:VdWContact': 1, 'UNL:GLY:HBAcceptor': 1, 'UNL:GLY:VdWContact': 2, 'UNL:ILE:HBDonor': 1, 'UNL:ILE:Hydrophobic': 1, 'UNL:ILE:VdWContact': 1, 'UNL:PHE:Hydrophobic': 2, 'UNL:PHE:VdWContact': 1, 'UNL:PRO:VdWContact': 1, 'UNL:SER:HBAcceptor': 1, 'UNL:SER:VdWContact': 1, 'UNL:THR:HBAcceptor': 1, 'UNL:THR:VdWContact': 2, 'UNL:TYR:Hydrophobic': 1, 'UNL:TYR:VdWContact': 1}"
391,Boltz-1-Single-Seq,7V14_ORU,0.0,0.30769230769230776,"{'UNL:CYS:VdWContact': 1, 'UNL:GLY:HBAcceptor': 1, 'UNL:GLY:VdWContact': 3, 'UNL:HIS:VdWContact': 1, 'UNL:ILE:VdWContact': 1, 'UNL:LYS:Hydrophobic': 1, 'UNL:LYS:VdWContact': 1, 'UNL:SER:HBAcceptor': 1, 'UNL:SER:VdWContact': 1, 'UNL:THR:VdWContact': 1}","{'UNL:ALA:Hydrophobic': 1, 'UNL:CYS:VdWContact': 2, 'UNL:GLY:HBAcceptor': 1, 'UNL:GLY:VdWContact': 3, 'UNL:ILE:Hydrophobic': 1, 'UNL:LYS:Hydrophobic': 1, 'UNL:LYS:VdWContact': 1, 'UNL:SER:HBAcceptor': 1, 'UNL:SER:VdWContact': 1, 'UNL:THR:Hydrophobic': 1, 'UNL:THR:VdWContact': 1, 'UNL:TYR:Hydrophobic': 1, 'UNL:TYR:VdWContact': 1}"
392,Boltz-1-Single-Seq,7Q27_8KC,0.25,0.4000000000000001,"{'UNL:ALA:VdWContact': 1, 'UNL:GLN:HBAcceptor': 1, 'UNL:GLN:VdWContact': 1, 'UNL:GLU:VdWContact': 2, 'UNL:HIS:HBAcceptor': 3, 'UNL:HIS:HBDonor': 1, 'UNL:HIS:Hydrophobic': 1, 'UNL:HIS:VdWContact': 4, 'UNL:LYS:HBDonor': 1, 'UNL:LYS:VdWContact': 1, 'UNL:PHE:VdWContact': 1, 'UNL:THR:VdWContact': 1, 'UNL:TYR:Hydrophobic': 1, 'UNL:TYR:VdWContact': 2, 'UNL:VAL:VdWContact': 1}","{'UNL:ALA:Hydrophobic': 1, 'UNL:ALA:VdWContact': 1, 'UNL:ASP:VdWContact': 1, 'UNL:GLN:HBAcceptor': 1, 'UNL:GLN:VdWContact': 1, 'UNL:GLU:VdWContact': 1, 'UNL:HIS:HBAcceptor': 1, 'UNL:HIS:HBDonor': 2, 'UNL:HIS:Hydrophobic': 1, 'UNL:HIS:VdWContact': 4, 'UNL:LYS:HBDonor': 1, 'UNL:LYS:VdWContact': 1, 'UNL:PHE:Hydrophobic': 3, 'UNL:PHE:VdWContact': 1, 'UNL:TYR:Hydrophobic': 1, 'UNL:TYR:VdWContact': 2, 'UNL:VAL:Hydrophobic': 3, 'UNL:VAL:VdWContact': 1}"
393,Boltz-1-Single-Seq,8DHG_T78,0.0,0.9473684210526316,"{'UNL:ALA:VdWContact': 2, 'UNL:ARG:HBAcceptor': 1, 'UNL:ARG:VdWContact': 1, 'UNL:HIS:VdWContact': 1, 'UNL:LEU:Hydrophobic': 1, 'UNL:LEU:VdWContact': 2, 'UNL:MET:VdWContact': 1, 'UNL:PHE:Hydrophobic': 1, 'UNL:PHE:VdWContact': 1, 'UNL:PRO:VdWContact': 1, 'UNL:THR:VdWContact': 1, 'UNL:TYR:VdWContact': 1}","{'UNL:ALA:Hydrophobic': 2, 'UNL:ALA:VdWContact': 2, 'UNL:ARG:VdWContact': 1, 'UNL:GLN:HBAcceptor': 1, 'UNL:GLN:VdWContact': 1, 'UNL:HIS:Hydrophobic': 1, 'UNL:HIS:VdWContact': 1, 'UNL:LEU:Hydrophobic': 4, 'UNL:LEU:VdWContact': 4, 'UNL:MET:Hydrophobic': 2, 'UNL:MET:VdWContact': 1, 'UNL:PHE:Hydrophobic': 2, 'UNL:PRO:Hydrophobic': 1, 'UNL:PRO:VdWContact': 1, 'UNL:THR:Hydrophobic': 1, 'UNL:THR:VdWContact': 2, 'UNL:TYR:Hydrophobic': 2, 'UNL:TYR:VdWContact': 1, 'UNL:VAL:Hydrophobic': 2}"
394,Boltz-1-Single-Seq,7THI_PGA,0.16666666666666663,0.14285714285714285,"{'UNL:ARG:HBAcceptor': 2, 'UNL:ARG:HBDonor': 1, 'UNL:ARG:VdWContact': 3, 'UNL:ASN:HBAcceptor': 1, 'UNL:ASN:VdWContact': 1, 'UNL:CYS:HBAcceptor': 1, 'UNL:CYS:VdWContact': 1, 'UNL:GLU:VdWContact': 1, 'UNL:PHE:VdWContact': 1, 'UNL:SER:HBAcceptor': 1, 'UNL:SER:VdWContact': 1, 'UNL:TYR:VdWContact': 1}","{'UNL:ARG:HBAcceptor': 3, 'UNL:ARG:VdWContact': 3, 'UNL:ASN:HBAcceptor': 1, 'UNL:ASN:VdWContact': 1, 'UNL:CYS:HBAcceptor': 1, 'UNL:CYS:HBDonor': 1, 'UNL:CYS:VdWContact': 1, 'UNL:GLU:VdWContact': 1, 'UNL:SER:HBAcceptor': 1, 'UNL:SER:VdWContact': 1, 'UNL:TYR:VdWContact': 1}"
395,Boltz-1-Single-Seq,7XPO_UPG,0.3333333333333333,0.18181818181818185,"{'UNL:ALA:HBAcceptor': 1, 'UNL:ARG:HBAcceptor': 2, 'UNL:ARG:VdWContact': 2, 'UNL:ASN:HBAcceptor': 1, 'UNL:ASN:HBDonor': 1, 'UNL:ASN:VdWContact': 2, 'UNL:ASP:HBDonor': 1, 'UNL:ASP:VdWContact': 1, 'UNL:LEU:HBAcceptor': 1, 'UNL:LEU:Hydrophobic': 1, 'UNL:LEU:VdWContact': 1, 'UNL:LYS:VdWContact': 1, 'UNL:PHE:VdWContact': 1, 'UNL:SER:HBDonor': 1, 'UNL:SER:VdWContact': 1, 'UNL:THR:HBDonor': 1, 'UNL:THR:VdWContact': 1, 'UNL:TYR:HBAcceptor': 2, 'UNL:TYR:VdWContact': 3, 'UNL:VAL:VdWContact': 2}","{'UNL:ARG:HBAcceptor': 2, 'UNL:ARG:VdWContact': 2, 'UNL:ASN:HBAcceptor': 2, 'UNL:ASN:VdWContact': 2, 'UNL:ASP:HBDonor': 1, 'UNL:ASP:VdWContact': 1, 'UNL:LEU:HBAcceptor': 1, 'UNL:LEU:Hydrophobic': 2, 'UNL:LEU:VdWContact': 1, 'UNL:PHE:VdWContact': 1, 'UNL:SER:HBDonor': 1, 'UNL:SER:VdWContact': 1, 'UNL:THR:HBDonor': 1, 'UNL:THR:VdWContact': 2, 'UNL:TYR:VdWContact': 1, 'UNL:VAL:VdWContact': 1}"
396,Boltz-1-Single-Seq,7TE8_P0T,0.0,0.5238095238095237,"{'UNL:ASN:HBDonor': 1, 'UNL:ASN:Hydrophobic': 2, 'UNL:ASN:VdWContact': 2, 'UNL:HIS:VdWContact': 1, 'UNL:LEU:Hydrophobic': 1, 'UNL:LEU:VdWContact': 1, 'UNL:MET:Hydrophobic': 2, 'UNL:MET:VdWContact': 2, 'UNL:PHE:VdWContact': 1, 'UNL:TRP:VdWContact': 3}","{'UNL:ALA:Hydrophobic': 3, 'UNL:ALA:VdWContact': 1, 'UNL:ASP:HBDonor': 1, 'UNL:ASP:Hydrophobic': 1, 'UNL:ASP:VdWContact': 1, 'UNL:GLN:Hydrophobic': 1, 'UNL:GLU:Hydrophobic': 1, 'UNL:HIS:Hydrophobic': 1, 'UNL:HIS:VdWContact': 1, 'UNL:LYS:Hydrophobic': 1, 'UNL:LYS:VdWContact': 1, 'UNL:MET:Hydrophobic': 1, 'UNL:PHE:Hydrophobic': 4, 'UNL:PHE:VdWContact': 1, 'UNL:TRP:VdWContact': 1, 'UNL:TYR:Hydrophobic': 2, 'UNL:TYR:VdWContact': 1}"
397,Boltz-1-Single-Seq,7QF4_RBF,0.0,0.625,"{'UNL:ARG:HBAcceptor': 1, 'UNL:ARG:VdWContact': 1, 'UNL:ASN:HBAcceptor': 2, 'UNL:ASN:HBDonor': 1, 'UNL:ASN:VdWContact': 3, 'UNL:GLN:HBAcceptor': 2, 'UNL:GLN:VdWContact': 2, 'UNL:GLY:VdWContact': 1, 'UNL:ILE:VdWContact': 2, 'UNL:LEU:VdWContact': 1, 'UNL:PHE:VdWContact': 1, 'UNL:THR:VdWContact': 1, 'UNL:VAL:VdWContact': 1}","{'UNL:ARG:HBAcceptor': 1, 'UNL:ARG:VdWContact': 1, 'UNL:ASN:HBAcceptor': 2, 'UNL:ASN:HBDonor': 1, 'UNL:ASN:Hydrophobic': 1, 'UNL:ASN:VdWContact': 3, 'UNL:GLN:HBAcceptor': 2, 'UNL:GLN:Hydrophobic': 1, 'UNL:GLN:VdWContact': 2, 'UNL:GLY:VdWContact': 1, 'UNL:ILE:Hydrophobic': 1, 'UNL:ILE:VdWContact': 2, 'UNL:LEU:Hydrophobic': 4, 'UNL:PHE:Hydrophobic': 1, 'UNL:PHE:VdWContact': 1, 'UNL:THR:Hydrophobic': 1, 'UNL:THR:VdWContact': 1, 'UNL:VAL:Hydrophobic': 1, 'UNL:VAL:VdWContact': 2}"
398,Boltz-1-Single-Seq,7TH4_FFO,0.3333333333333333,0.3846153846153846,"{'UNL:ARG:HBDonor': 1, 'UNL:ARG:VdWContact': 1, 'UNL:ASP:HBDonor': 1, 'UNL:ASP:VdWContact': 1, 'UNL:GLN:VdWContact': 1, 'UNL:GLU:VdWContact': 1, 'UNL:LEU:HBAcceptor': 1, 'UNL:LEU:VdWContact': 1, 'UNL:LYS:VdWContact': 1, 'UNL:PHE:Hydrophobic': 1, 'UNL:PHE:VdWContact': 1, 'UNL:THR:VdWContact': 1, 'UNL:TYR:VdWContact': 1}","{'UNL:ARG:HBAcceptor': 1, 'UNL:ARG:VdWContact': 2, 'UNL:ASP:HBDonor': 1, 'UNL:ASP:VdWContact': 1, 'UNL:GLN:HBAcceptor': 2, 'UNL:GLN:HBDonor': 1, 'UNL:GLN:VdWContact': 2, 'UNL:LEU:Hydrophobic': 1, 'UNL:MET:Hydrophobic': 1, 'UNL:PHE:Hydrophobic': 2, 'UNL:TYR:VdWContact': 1, 'UNL:VAL:Hydrophobic': 1}"
399,Boltz-1-Single-Seq,7YZU_DO7,0.16666666666666666,0.5454545454545455,"{'UNL:ARG:HBAcceptor': 1, 'UNL:ARG:VdWContact': 1, 'UNL:ASP:HBDonor': 1, 'UNL:ASP:VdWContact': 2, 'UNL:GLU:Hydrophobic': 1, 'UNL:GLU:VdWContact': 1, 'UNL:GLY:HBAcceptor': 1, 'UNL:GLY:VdWContact': 2, 'UNL:THR:HBAcceptor': 1, 'UNL:THR:VdWContact': 1, 'UNL:TRP:VdWContact': 1}","{'UNL:ARG:HBAcceptor': 1, 'UNL:ARG:VdWContact': 1, 'UNL:ASP:HBDonor': 1, 'UNL:ASP:VdWContact': 2, 'UNL:GLN:VdWContact': 1, 'UNL:GLU:Hydrophobic': 1, 'UNL:GLU:VdWContact': 1, 'UNL:GLY:HBAcceptor': 1, 'UNL:GLY:VdWContact': 3, 'UNL:HIS:VdWContact': 1, 'UNL:ILE:VdWContact': 1, 'UNL:SER:HBAcceptor': 1, 'UNL:SER:VdWContact': 1, 'UNL:THR:VdWContact': 1, 'UNL:TRP:HBAcceptor': 1, 'UNL:TRP:VdWContact': 2}"
400,Boltz-1-Single-Seq,7TOM_5AD,0.5,0.5,"{'UNL:CYS:VdWContact': 1, 'UNL:GLN:HBAcceptor': 1, 'UNL:GLN:VdWContact': 2, 'UNL:ILE:VdWContact': 1, 'UNL:PRO:VdWContact': 1, 'UNL:SER:HBAcceptor': 1, 'UNL:SER:HBDonor': 1, 'UNL:SER:VdWContact': 1, 'UNL:VAL:VdWContact': 1}","{'UNL:ALA:Hydrophobic': 1, 'UNL:ARG:VdWContact': 1, 'UNL:GLN:HBAcceptor': 2, 'UNL:GLN:Hydrophobic': 1, 'UNL:GLN:VdWContact': 2, 'UNL:ILE:Hydrophobic': 1, 'UNL:MET:Hydrophobic': 1, 'UNL:MET:VdWContact': 1, 'UNL:PHE:HBAcceptor': 1, 'UNL:PHE:Hydrophobic': 1, 'UNL:PHE:VdWContact': 1, 'UNL:SER:HBAcceptor': 1, 'UNL:SER:HBDonor': 1, 'UNL:SER:VdWContact': 1, 'UNL:THR:Hydrophobic': 1, 'UNL:THR:VdWContact': 1, 'UNL:TYR:Hydrophobic': 1, 'UNL:VAL:Hydrophobic': 1, 'UNL:VAL:VdWContact': 1}"
401,Boltz-1-Single-Seq,7VWF_K55,0.5,0.34782608695652184,"{'UNL:ARG:Hydrophobic': 1, 'UNL:ARG:VdWContact': 1, 'UNL:CYS:Hydrophobic': 1, 'UNL:CYS:VdWContact': 1, 'UNL:GLN:Hydrophobic': 1, 'UNL:HIS:HBAcceptor': 2, 'UNL:HIS:VdWContact': 2, 'UNL:ILE:Hydrophobic': 1, 'UNL:ILE:VdWContact': 1, 'UNL:LEU:Hydrophobic': 1, 'UNL:LEU:VdWContact': 1, 'UNL:LYS:Hydrophobic': 1, 'UNL:LYS:VdWContact': 1, 'UNL:MET:VdWContact': 1, 'UNL:PHE:VdWContact': 2, 'UNL:THR:HBAcceptor': 1, 'UNL:THR:VdWContact': 2, 'UNL:TRP:VdWContact': 1, 'UNL:TYR:HBDonor': 1, 'UNL:TYR:VdWContact': 1, 'UNL:VAL:Hydrophobic': 1, 'UNL:VAL:VdWContact': 2}","{'UNL:ARG:Hydrophobic': 1, 'UNL:CYS:Hydrophobic': 1, 'UNL:CYS:VdWContact': 1, 'UNL:GLN:Hydrophobic': 1, 'UNL:HIS:HBAcceptor': 1, 'UNL:HIS:VdWContact': 2, 'UNL:ILE:Hydrophobic': 2, 'UNL:ILE:VdWContact': 1, 'UNL:LEU:Hydrophobic': 4, 'UNL:LYS:Hydrophobic': 1, 'UNL:MET:Hydrophobic': 1, 'UNL:MET:VdWContact': 1, 'UNL:PHE:Hydrophobic': 3, 'UNL:PHE:VdWContact': 1, 'UNL:THR:HBDonor': 1, 'UNL:THR:Hydrophobic': 1, 'UNL:THR:VdWContact': 2, 'UNL:TRP:Hydrophobic': 1, 'UNL:TRP:VdWContact': 1, 'UNL:TYR:VdWContact': 1, 'UNL:VAL:Hydrophobic': 4, 'UNL:VAL:VdWContact': 1}"
402,Boltz-1-Single-Seq,7XI7_4RI,0.3333333333333333,0.44444444444444436,"{'UNL:GLU:HBDonor': 1, 'UNL:GLU:VdWContact': 1, 'UNL:ILE:HBDonor': 1, 'UNL:ILE:Hydrophobic': 1, 'UNL:ILE:VdWContact': 1, 'UNL:PHE:Hydrophobic': 1, 'UNL:PHE:VdWContact': 2, 'UNL:VAL:HBDonor': 1, 'UNL:VAL:VdWContact': 1}","{'UNL:ALA:Hydrophobic': 1, 'UNL:GLU:HBDonor': 1, 'UNL:GLU:VdWContact': 1, 'UNL:ILE:HBDonor': 1, 'UNL:ILE:Hydrophobic': 2, 'UNL:ILE:VdWContact': 1, 'UNL:LEU:Hydrophobic': 1, 'UNL:PHE:Hydrophobic': 2, 'UNL:PHE:VdWContact': 1, 'UNL:THR:Hydrophobic': 1, 'UNL:VAL:VdWContact': 1}"
403,Boltz-1-Single-Seq,7WPW_F15,0.5,0.6000000000000001,"{'UNL:ALA:VdWContact': 1, 'UNL:ARG:HBAcceptor': 1, 'UNL:ARG:VdWContact': 1, 'UNL:ASP:Hydrophobic': 1, 'UNL:ASP:VdWContact': 1, 'UNL:LYS:Hydrophobic': 1, 'UNL:MET:Hydrophobic': 1, 'UNL:MET:VdWContact': 1, 'UNL:TYR:VdWContact': 1}","{'UNL:ALA:Hydrophobic': 2, 'UNL:ARG:HBAcceptor': 1, 'UNL:ARG:HBDonor': 1, 'UNL:ARG:VdWContact': 1, 'UNL:ASP:Hydrophobic': 1, 'UNL:LEU:Hydrophobic': 3, 'UNL:LYS:Hydrophobic': 1, 'UNL:MET:Hydrophobic': 1, 'UNL:PHE:Hydrophobic': 2, 'UNL:PRO:Hydrophobic': 1, 'UNL:THR:Hydrophobic': 2, 'UNL:TYR:Hydrophobic': 1, 'UNL:TYR:VdWContact': 1, 'UNL:VAL:Hydrophobic': 1}"
404,Boltz-1-Single-Seq,7T3E_SLB,0.4285714285714285,0.33333333333333326,"{'UNL:ARG:HBAcceptor': 2, 'UNL:ARG:HBDonor': 1, 'UNL:ARG:VdWContact': 3, 'UNL:ASN:VdWContact': 1, 'UNL:ASP:VdWContact': 1, 'UNL:GLN:VdWContact': 2, 'UNL:GLU:HBDonor': 2, 'UNL:GLU:VdWContact': 2, 'UNL:THR:HBAcceptor': 1, 'UNL:THR:VdWContact': 1}","{'UNL:ARG:HBAcceptor': 2, 'UNL:ARG:HBDonor': 1, 'UNL:ARG:VdWContact': 3, 'UNL:ASN:HBAcceptor': 1, 'UNL:ASN:VdWContact': 1, 'UNL:ASP:HBDonor': 1, 'UNL:ASP:Hydrophobic': 1, 'UNL:ASP:VdWContact': 1, 'UNL:GLN:HBAcceptor': 1, 'UNL:GLN:VdWContact': 2, 'UNL:GLU:HBDonor': 1, 'UNL:GLU:VdWContact': 1, 'UNL:PHE:Hydrophobic': 2, 'UNL:PHE:VdWContact': 2}"
405,Boltz-1-Single-Seq,7ZF0_DHR,0.5,0.5,"{'UNL:GLN:HBAcceptor': 1, 'UNL:GLN:HBDonor': 1, 'UNL:GLN:VdWContact': 1, 'UNL:GLU:VdWContact': 1, 'UNL:MET:VdWContact': 1, 'UNL:VAL:Hydrophobic': 1, 'UNL:VAL:VdWContact': 1}","{'UNL:GLN:HBAcceptor': 1, 'UNL:GLN:VdWContact': 1, 'UNL:HIS:VdWContact': 1, 'UNL:MET:Hydrophobic': 1, 'UNL:MET:VdWContact': 1, 'UNL:PHE:Hydrophobic': 2, 'UNL:VAL:Hydrophobic': 3}"
406,Boltz-1-Single-Seq,7Z1Q_NIO,0.0,0.75,"{'UNL:LEU:VdWContact': 1, 'UNL:LYS:HBAcceptor': 1, 'UNL:LYS:VdWContact': 1}","{'UNL:ALA:Hydrophobic': 1, 'UNL:LEU:Hydrophobic': 1, 'UNL:LYS:HBDonor': 1, 'UNL:LYS:VdWContact': 1, 'UNL:PHE:Hydrophobic': 1, 'UNL:TYR:Hydrophobic': 1, 'UNL:TYR:VdWContact': 1, 'UNL:VAL:Hydrophobic': 2}"
407,Boltz-1-Single-Seq,7VQ9_ISY,1.3333333333333335,0.23076923076923073,"{'UNL:ARG:HBAcceptor': 3, 'UNL:ARG:VdWContact': 3, 'UNL:ASN:VdWContact': 1, 'UNL:ASP:Hydrophobic': 1, 'UNL:ASP:VdWContact': 1, 'UNL:ILE:VdWContact': 1, 'UNL:PHE:Hydrophobic': 1, 'UNL:PHE:VdWContact': 1, 'UNL:PRO:VdWContact': 1, 'UNL:SER:VdWContact': 1}","{'UNL:ARG:HBAcceptor': 1, 'UNL:ARG:HBDonor': 1, 'UNL:ARG:VdWContact': 2, 'UNL:ASN:VdWContact': 1, 'UNL:ASP:Hydrophobic': 1, 'UNL:GLY:VdWContact': 1, 'UNL:ILE:Hydrophobic': 1, 'UNL:PHE:Hydrophobic': 1, 'UNL:PHE:VdWContact': 1, 'UNL:PRO:Hydrophobic': 1, 'UNL:PRO:VdWContact': 1, 'UNL:SER:HBAcceptor': 1, 'UNL:SER:VdWContact': 1, 'UNL:THR:Hydrophobic': 1}"
408,Boltz-1-Single-Seq,7TYP_KUR,0.6666666666666666,0.5909090909090908,"{'UNL:ALA:VdWContact': 1, 'UNL:CYS:HBAcceptor': 1, 'UNL:CYS:VdWContact': 1, 'UNL:GLN:VdWContact': 1, 'UNL:GLU:VdWContact': 1, 'UNL:ILE:VdWContact': 1, 'UNL:LEU:Hydrophobic': 1, 'UNL:LEU:VdWContact': 2, 'UNL:LYS:HBAcceptor': 1, 'UNL:LYS:VdWContact': 1, 'UNL:MET:Hydrophobic': 1, 'UNL:MET:VdWContact': 1, 'UNL:PHE:VdWContact': 2, 'UNL:SER:HBAcceptor': 1, 'UNL:SER:VdWContact': 1, 'UNL:TYR:Hydrophobic': 1, 'UNL:TYR:VdWContact': 1, 'UNL:VAL:VdWContact': 1}","{'UNL:ALA:Hydrophobic': 2, 'UNL:CYS:HBAcceptor': 1, 'UNL:CYS:Hydrophobic': 2, 'UNL:CYS:VdWContact': 1, 'UNL:GLU:Hydrophobic': 1, 'UNL:GLU:VdWContact': 1, 'UNL:ILE:Hydrophobic': 1, 'UNL:ILE:VdWContact': 1, 'UNL:LEU:Hydrophobic': 6, 'UNL:LYS:Hydrophobic': 1, 'UNL:LYS:VdWContact': 1, 'UNL:MET:Hydrophobic': 1, 'UNL:MET:VdWContact': 1, 'UNL:PHE:Hydrophobic': 4, 'UNL:PHE:VdWContact': 1, 'UNL:SER:VdWContact': 1, 'UNL:TYR:Hydrophobic': 1, 'UNL:TYR:VdWContact': 1, 'UNL:VAL:Hydrophobic': 2, 'UNL:VAL:VdWContact': 1}"
409,Boltz-1-Single-Seq,8HFN_XGC,0.16666666666666666,0.5,"{'UNL:ASN:VdWContact': 1, 'UNL:CYS:Hydrophobic': 1, 'UNL:CYS:VdWContact': 2, 'UNL:GLY:VdWContact': 2, 'UNL:HIS:HBAcceptor': 1, 'UNL:HIS:VdWContact': 2, 'UNL:ILE:HBAcceptor': 1, 'UNL:ILE:VdWContact': 2, 'UNL:MET:VdWContact': 1, 'UNL:THR:HBAcceptor': 1, 'UNL:THR:HBDonor': 1, 'UNL:THR:VdWContact': 3, 'UNL:TRP:VdWContact': 1, 'UNL:TYR:VdWContact': 1}","{'UNL:ASN:HBDonor': 1, 'UNL:ASN:VdWContact': 1, 'UNL:CYS:Hydrophobic': 1, 'UNL:CYS:VdWContact': 2, 'UNL:GLY:VdWContact': 2, 'UNL:HIS:HBAcceptor': 1, 'UNL:HIS:VdWContact': 1, 'UNL:ILE:VdWContact': 1, 'UNL:LEU:Hydrophobic': 1, 'UNL:LYS:Hydrophobic': 1, 'UNL:LYS:VdWContact': 1, 'UNL:MET:HBAcceptor': 1, 'UNL:MET:VdWContact': 1, 'UNL:THR:HBAcceptor': 1, 'UNL:THR:HBDonor': 1, 'UNL:THR:Hydrophobic': 1, 'UNL:THR:VdWContact': 3, 'UNL:TRP:Hydrophobic': 1, 'UNL:TRP:VdWContact': 1, 'UNL:TYR:Hydrophobic': 1, 'UNL:TYR:VdWContact': 1}"
410,Boltz-1-Single-Seq,7W06_ITN,0.5,0.33333333333333326,"{'UNL:ARG:HBAcceptor': 1, 'UNL:ARG:Hydrophobic': 1, 'UNL:ARG:VdWContact': 1, 'UNL:PHE:VdWContact': 1, 'UNL:SER:HBAcceptor': 1, 'UNL:SER:HBDonor': 1, 'UNL:SER:VdWContact': 1, 'UNL:THR:HBAcceptor': 1, 'UNL:THR:VdWContact': 2}","{'UNL:ARG:HBAcceptor': 1, 'UNL:ARG:VdWContact': 1, 'UNL:ASN:HBAcceptor': 1, 'UNL:ASN:VdWContact': 1, 'UNL:ILE:Hydrophobic': 2, 'UNL:LEU:Hydrophobic': 1, 'UNL:PHE:Hydrophobic': 1, 'UNL:SER:HBAcceptor': 1, 'UNL:SER:VdWContact': 1, 'UNL:THR:HBAcceptor': 2, 'UNL:THR:HBDonor': 2, 'UNL:THR:VdWContact': 2}"
411,Boltz-1-Single-Seq,7UAS_MBU,0.0,0.4375,"{'UNL:ASP:VdWContact': 1, 'UNL:CYS:HBAcceptor': 1, 'UNL:CYS:Hydrophobic': 1, 'UNL:CYS:VdWContact': 1, 'UNL:GLY:VdWContact': 1, 'UNL:ILE:Hydrophobic': 1, 'UNL:LYS:VdWContact': 1, 'UNL:PHE:VdWContact': 3, 'UNL:PRO:VdWContact': 1, 'UNL:SER:VdWContact': 2, 'UNL:TYR:VdWContact': 2}","{'UNL:ASP:Hydrophobic': 2, 'UNL:CYS:HBAcceptor': 1, 'UNL:CYS:Hydrophobic': 1, 'UNL:CYS:VdWContact': 1, 'UNL:GLY:VdWContact': 1, 'UNL:ILE:Hydrophobic': 1, 'UNL:ILE:VdWContact': 1, 'UNL:LYS:Hydrophobic': 1, 'UNL:PHE:Hydrophobic': 4, 'UNL:PHE:VdWContact': 2, 'UNL:PRO:Hydrophobic': 1, 'UNL:SER:VdWContact': 2, 'UNL:TYR:Hydrophobic': 2, 'UNL:TYR:VdWContact': 2}"
412,Boltz-1-Single-Seq,8GFD_ZHR,0.25,0.23076923076923078,"{'UNL:GLN:VdWContact': 1, 'UNL:GLU:HBDonor': 1, 'UNL:GLU:VdWContact': 1, 'UNL:GLY:VdWContact': 1, 'UNL:HIS:VdWContact': 1, 'UNL:LEU:VdWContact': 1, 'UNL:MET:HBAcceptor': 1, 'UNL:MET:VdWContact': 1, 'UNL:PHE:VdWContact': 1, 'UNL:SER:VdWContact': 1, 'UNL:TYR:HBDonor': 1, 'UNL:TYR:VdWContact': 1}","{'UNL:ALA:Hydrophobic': 1, 'UNL:ARG:Hydrophobic': 1, 'UNL:GLN:HBAcceptor': 1, 'UNL:GLN:VdWContact': 2, 'UNL:GLU:HBDonor': 1, 'UNL:GLU:VdWContact': 1, 'UNL:SER:VdWContact': 2, 'UNL:TRP:Hydrophobic': 1, 'UNL:TYR:Hydrophobic': 1, 'UNL:TYR:VdWContact': 1}"
413,Boltz-1-Single-Seq,7UQ3_O2U,0.25,0.18181818181818182,"{'UNL:ASN:HBAcceptor': 1, 'UNL:ASN:VdWContact': 1, 'UNL:ASP:VdWContact': 1, 'UNL:HIS:HBAcceptor': 1, 'UNL:HIS:HBDonor': 1, 'UNL:HIS:VdWContact': 2, 'UNL:LYS:HBAcceptor': 1, 'UNL:LYS:VdWContact': 1, 'UNL:SER:VdWContact': 2, 'UNL:TRP:Hydrophobic': 1, 'UNL:TRP:VdWContact': 1, 'UNL:TYR:VdWContact': 1, 'UNL:VAL:Hydrophobic': 1}","{'UNL:ASN:HBAcceptor': 1, 'UNL:ASN:VdWContact': 1, 'UNL:ASP:VdWContact': 1, 'UNL:HIS:HBAcceptor': 1, 'UNL:HIS:HBDonor': 1, 'UNL:HIS:VdWContact': 2, 'UNL:LEU:Hydrophobic': 1, 'UNL:LEU:VdWContact': 1, 'UNL:LYS:VdWContact': 1, 'UNL:SER:VdWContact': 2, 'UNL:TRP:Hydrophobic': 1, 'UNL:TRP:VdWContact': 1, 'UNL:TYR:VdWContact': 1, 'UNL:VAL:Hydrophobic': 1}"
414,Boltz-1-Single-Seq,7USH_82V,0.0,0.9090909090909091,"{'UNL:ASN:HBAcceptor': 1, 'UNL:ASN:VdWContact': 1, 'UNL:PRO:VdWContact': 1, 'UNL:TRP:VdWContact': 1}","{'UNL:ASN:HBAcceptor': 1, 'UNL:ASN:VdWContact': 1, 'UNL:HIS:VdWContact': 1, 'UNL:LEU:Hydrophobic': 2, 'UNL:LEU:VdWContact': 1, 'UNL:PHE:Hydrophobic': 1, 'UNL:PRO:Hydrophobic': 1, 'UNL:PRO:VdWContact': 1, 'UNL:TRP:Hydrophobic': 1, 'UNL:TRP:VdWContact': 1, 'UNL:TYR:Hydrophobic': 1, 'UNL:VAL:Hydrophobic': 2}"
415,Boltz-1-Single-Seq,7XG5_PLP,0.16666666666666666,0.4444444444444445,"{'UNL:ARG:HBAcceptor': 1, 'UNL:ARG:HBDonor': 1, 'UNL:ARG:VdWContact': 1, 'UNL:ASN:VdWContact': 1, 'UNL:GLU:VdWContact': 1, 'UNL:GLY:VdWContact': 1, 'UNL:LEU:VdWContact': 1, 'UNL:LYS:HBAcceptor': 1, 'UNL:LYS:VdWContact': 1, 'UNL:THR:HBAcceptor': 2, 'UNL:THR:VdWContact': 2, 'UNL:VAL:HBAcceptor': 1, 'UNL:VAL:VdWContact': 1}","{'UNL:ARG:HBAcceptor': 1, 'UNL:ARG:VdWContact': 1, 'UNL:ASN:VdWContact': 1, 'UNL:GLU:VdWContact': 1, 'UNL:GLY:VdWContact': 2, 'UNL:LEU:Hydrophobic': 2, 'UNL:LEU:VdWContact': 1, 'UNL:LYS:VdWContact': 1, 'UNL:THR:HBAcceptor': 2, 'UNL:THR:VdWContact': 3, 'UNL:VAL:HBAcceptor': 1, 'UNL:VAL:HBDonor': 1, 'UNL:VAL:VdWContact': 1}"
416,Boltz-1-Single-Seq,8G6P_API,0.0,0.09090909090909094,"{'UNL:ARG:HBAcceptor': 1, 'UNL:ARG:HBDonor': 1, 'UNL:ARG:VdWContact': 1, 'UNL:HIS:Hydrophobic': 1, 'UNL:HIS:VdWContact': 2, 'UNL:LYS:HBAcceptor': 1, 'UNL:LYS:HBDonor': 2, 'UNL:LYS:VdWContact': 2, 'UNL:SER:HBAcceptor': 2, 'UNL:SER:VdWContact': 2, 'UNL:THR:HBAcceptor': 1, 'UNL:THR:VdWContact': 1, 'UNL:TYR:VdWContact': 1}","{'UNL:ARG:HBAcceptor': 2, 'UNL:ARG:HBDonor': 2, 'UNL:ARG:VdWContact': 2, 'UNL:ASN:HBAcceptor': 1, 'UNL:ASN:VdWContact': 1, 'UNL:ASP:HBDonor': 1, 'UNL:ASP:VdWContact': 1, 'UNL:GLU:HBDonor': 1, 'UNL:GLU:VdWContact': 1, 'UNL:GLY:HBDonor': 1, 'UNL:GLY:VdWContact': 2, 'UNL:HIS:Hydrophobic': 1, 'UNL:HIS:VdWContact': 1}"
417,Boltz-1-Single-Seq,7ULC_56B,0.3333333333333333,0.3571428571428571,"{'UNL:ASN:HBAcceptor': 1, 'UNL:ASN:VdWContact': 2, 'UNL:ASP:HBDonor': 1, 'UNL:ASP:VdWContact': 2, 'UNL:GLN:VdWContact': 1, 'UNL:GLY:VdWContact': 1, 'UNL:LYS:VdWContact': 2, 'UNL:PHE:VdWContact': 2, 'UNL:TRP:HBAcceptor': 1, 'UNL:TRP:Hydrophobic': 1, 'UNL:TRP:VdWContact': 3, 'UNL:TYR:HBAcceptor': 1, 'UNL:TYR:VdWContact': 2}","{'UNL:ASN:HBAcceptor': 1, 'UNL:ASN:HBDonor': 1, 'UNL:ASN:VdWContact': 2, 'UNL:ASP:HBDonor': 1, 'UNL:ASP:VdWContact': 2, 'UNL:GLN:HBAcceptor': 1, 'UNL:GLN:VdWContact': 1, 'UNL:ILE:Hydrophobic': 1, 'UNL:ILE:VdWContact': 1, 'UNL:LYS:VdWContact': 2, 'UNL:PHE:Hydrophobic': 1, 'UNL:PHE:VdWContact': 1, 'UNL:TRP:HBAcceptor': 1, 'UNL:TRP:Hydrophobic': 2, 'UNL:TRP:VdWContact': 2, 'UNL:TYR:HBAcceptor': 1, 'UNL:TYR:Hydrophobic': 1, 'UNL:TYR:VdWContact': 2, 'UNL:VAL:Hydrophobic': 1}"
418,Boltz-1-Single-Seq,7SFO_98L,0.5,0.6875,"{'UNL:ARG:HBAcceptor': 1, 'UNL:ARG:VdWContact': 1, 'UNL:GLU:VdWContact': 1, 'UNL:HIS:Hydrophobic': 1, 'UNL:HIS:VdWContact': 1, 'UNL:LEU:Hydrophobic': 5, 'UNL:LEU:VdWContact': 3, 'UNL:MET:Hydrophobic': 1, 'UNL:PHE:VdWContact': 1, 'UNL:TRP:VdWContact': 1}","{'UNL:ALA:Hydrophobic': 1, 'UNL:ARG:HBAcceptor': 1, 'UNL:ARG:VdWContact': 1, 'UNL:GLU:VdWContact': 1, 'UNL:GLY:VdWContact': 1, 'UNL:HIS:Hydrophobic': 1, 'UNL:HIS:VdWContact': 1, 'UNL:ILE:Hydrophobic': 1, 'UNL:LEU:HBDonor': 1, 'UNL:LEU:Hydrophobic': 7, 'UNL:LEU:VdWContact': 4, 'UNL:MET:Hydrophobic': 4, 'UNL:MET:VdWContact': 1, 'UNL:PHE:Hydrophobic': 1, 'UNL:THR:Hydrophobic': 1, 'UNL:TRP:Hydrophobic': 1}"
419,Boltz-1-Single-Seq,8DP2_UMA,0.0,0.13333333333333333,"{'UNL:ARG:HBAcceptor': 1, 'UNL:ARG:HBDonor': 1, 'UNL:ARG:VdWContact': 1, 'UNL:ASN:HBAcceptor': 1, 'UNL:ASN:HBDonor': 1, 'UNL:ASN:VdWContact': 1, 'UNL:ASP:VdWContact': 1, 'UNL:GLN:VdWContact': 1, 'UNL:GLY:VdWContact': 3, 'UNL:HIS:VdWContact': 1, 'UNL:LEU:Hydrophobic': 1, 'UNL:LYS:HBAcceptor': 1, 'UNL:LYS:VdWContact': 1, 'UNL:PHE:VdWContact': 1, 'UNL:PRO:VdWContact': 1, 'UNL:SER:HBAcceptor': 1, 'UNL:SER:VdWContact': 2, 'UNL:THR:HBAcceptor': 1, 'UNL:THR:HBDonor': 1, 'UNL:THR:VdWContact': 1}","{'UNL:ARG:Hydrophobic': 1, 'UNL:ARG:VdWContact': 1, 'UNL:ASN:HBAcceptor': 1, 'UNL:ASN:HBDonor': 1, 'UNL:ASN:VdWContact': 1, 'UNL:GLN:VdWContact': 1, 'UNL:GLY:HBAcceptor': 1, 'UNL:GLY:VdWContact': 2, 'UNL:HIS:VdWContact': 1, 'UNL:LEU:Hydrophobic': 1, 'UNL:LYS:HBAcceptor': 1, 'UNL:LYS:VdWContact': 1, 'UNL:PHE:Hydrophobic': 1, 'UNL:PRO:VdWContact': 1, 'UNL:SER:HBAcceptor': 1, 'UNL:SER:HBDonor': 1, 'UNL:SER:VdWContact': 2, 'UNL:THR:HBAcceptor': 1, 'UNL:THR:HBDonor': 1, 'UNL:THR:Hydrophobic': 1, 'UNL:THR:VdWContact': 1}"
420,Boltz-1-Single-Seq,7XFA_D9J,0.0,0.30000000000000004,"{'UNL:ALA:VdWContact': 1, 'UNL:ARG:HBAcceptor': 1, 'UNL:ARG:Hydrophobic': 1, 'UNL:ARG:VdWContact': 2, 'UNL:ASN:HBAcceptor': 1, 'UNL:ASN:VdWContact': 2, 'UNL:GLU:VdWContact': 1, 'UNL:GLY:VdWContact': 2, 'UNL:HIS:VdWContact': 1, 'UNL:TRP:Hydrophobic': 1, 'UNL:TRP:VdWContact': 1}","{'UNL:ALA:Hydrophobic': 1, 'UNL:ARG:HBAcceptor': 1, 'UNL:ARG:Hydrophobic': 1, 'UNL:ARG:VdWContact': 1, 'UNL:ASN:HBAcceptor': 1, 'UNL:ASN:VdWContact': 2, 'UNL:GLU:VdWContact': 1, 'UNL:GLY:VdWContact': 1, 'UNL:HIS:VdWContact': 1, 'UNL:TRP:Hydrophobic': 1}"
421,Boltz-1-Single-Seq,7ZHP_IQY,0.0,0.15789473684210525,"{'UNL:ASP:Hydrophobic': 1, 'UNL:ASP:VdWContact': 1, 'UNL:CYS:VdWContact': 1, 'UNL:GLN:HBAcceptor': 1, 'UNL:GLN:HBDonor': 1, 'UNL:GLN:VdWContact': 2, 'UNL:GLU:Hydrophobic': 1, 'UNL:GLU:VdWContact': 1, 'UNL:ILE:Hydrophobic': 1, 'UNL:ILE:VdWContact': 2, 'UNL:LEU:Hydrophobic': 2, 'UNL:LEU:VdWContact': 2, 'UNL:LYS:Hydrophobic': 1, 'UNL:MET:Hydrophobic': 1, 'UNL:MET:VdWContact': 1, 'UNL:PHE:HBAcceptor': 1, 'UNL:PHE:Hydrophobic': 1, 'UNL:PHE:VdWContact': 1, 'UNL:VAL:VdWContact': 1}","{'UNL:ALA:Hydrophobic': 1, 'UNL:ASP:Hydrophobic': 1, 'UNL:ASP:VdWContact': 1, 'UNL:GLN:HBAcceptor': 1, 'UNL:GLN:HBDonor': 1, 'UNL:GLN:Hydrophobic': 1, 'UNL:GLN:VdWContact': 2, 'UNL:GLU:Hydrophobic': 1, 'UNL:GLU:VdWContact': 1, 'UNL:ILE:Hydrophobic': 2, 'UNL:ILE:VdWContact': 1, 'UNL:LEU:Hydrophobic': 3, 'UNL:LEU:VdWContact': 1, 'UNL:LYS:Hydrophobic': 1, 'UNL:MET:Hydrophobic': 1, 'UNL:MET:VdWContact': 1, 'UNL:PHE:HBAcceptor': 1, 'UNL:PHE:Hydrophobic': 1, 'UNL:PHE:VdWContact': 1, 'UNL:VAL:Hydrophobic': 1}"
422,Boltz-1-Single-Seq,7W05_GMP,0.39999999999999997,0.33333333333333337,"{'UNL:ASN:HBDonor': 1, 'UNL:ASN:VdWContact': 2, 'UNL:GLN:VdWContact': 1, 'UNL:GLU:HBDonor': 1, 'UNL:GLU:VdWContact': 2, 'UNL:HIS:HBAcceptor': 1, 'UNL:HIS:VdWContact': 2, 'UNL:PHE:VdWContact': 1, 'UNL:TYR:HBAcceptor': 1, 'UNL:TYR:VdWContact': 2}","{'UNL:ASN:HBDonor': 1, 'UNL:ASN:VdWContact': 2, 'UNL:GLN:VdWContact': 1, 'UNL:GLU:HBDonor': 2, 'UNL:GLU:VdWContact': 2, 'UNL:HIS:HBAcceptor': 1, 'UNL:HIS:HBDonor': 1, 'UNL:HIS:Hydrophobic': 1, 'UNL:HIS:VdWContact': 2, 'UNL:PHE:Hydrophobic': 1, 'UNL:TYR:HBAcceptor': 1, 'UNL:TYR:Hydrophobic': 2, 'UNL:TYR:VdWContact': 2}"
423,Boltz-1-Single-Seq,8AIE_M7L,0.19999999999999996,0.5,"{'UNL:ARG:HBAcceptor': 1, 'UNL:ARG:VdWContact': 2, 'UNL:GLU:VdWContact': 1, 'UNL:LYS:HBAcceptor': 1, 'UNL:LYS:VdWContact': 1, 'UNL:SER:VdWContact': 2, 'UNL:THR:HBAcceptor': 3, 'UNL:THR:HBDonor': 2, 'UNL:THR:VdWContact': 5, 'UNL:TYR:VdWContact': 1}","{'UNL:ARG:HBAcceptor': 2, 'UNL:ARG:VdWContact': 1, 'UNL:GLU:VdWContact': 1, 'UNL:HIS:VdWContact': 1, 'UNL:LEU:Hydrophobic': 1, 'UNL:LYS:VdWContact': 2, 'UNL:SER:VdWContact': 2, 'UNL:THR:HBAcceptor': 3, 'UNL:THR:HBDonor': 2, 'UNL:THR:VdWContact': 4, 'UNL:TYR:Hydrophobic': 1, 'UNL:TYR:VdWContact': 1, 'UNL:VAL:HBAcceptor': 1, 'UNL:VAL:VdWContact': 1}"
424,Boltz-1-Single-Seq,7UY4_SMI,0.3333333333333333,0.6,"{'UNL:ASN:VdWContact': 1, 'UNL:GLU:VdWContact': 1, 'UNL:THR:VdWContact': 1, 'UNL:TRP:HBDonor': 1, 'UNL:TRP:VdWContact': 1}","{'UNL:ALA:Hydrophobic': 1, 'UNL:ASN:HBAcceptor': 1, 'UNL:ASN:HBDonor': 1, 'UNL:ASN:VdWContact': 1, 'UNL:ASP:VdWContact': 1, 'UNL:GLU:Hydrophobic': 1, 'UNL:GLU:VdWContact': 2, 'UNL:PRO:Hydrophobic': 1, 'UNL:PRO:VdWContact': 1, 'UNL:TRP:Hydrophobic': 1, 'UNL:TRP:VdWContact': 1}"
425,Boltz-1-Single-Seq,7UMW_NAD,0.2857142857142857,0.368421052631579,"{'UNL:ALA:VdWContact': 2, 'UNL:ASP:HBDonor': 1, 'UNL:ASP:VdWContact': 1, 'UNL:GLN:VdWContact': 1, 'UNL:GLY:HBDonor': 1, 'UNL:GLY:VdWContact': 3, 'UNL:ILE:HBAcceptor': 2, 'UNL:ILE:HBDonor': 2, 'UNL:ILE:VdWContact': 3, 'UNL:LEU:VdWContact': 1, 'UNL:LYS:VdWContact': 1, 'UNL:PRO:VdWContact': 1, 'UNL:SER:HBDonor': 1, 'UNL:SER:VdWContact': 3, 'UNL:THR:HBAcceptor': 1, 'UNL:THR:VdWContact': 1, 'UNL:TYR:Hydrophobic': 1, 'UNL:VAL:HBAcceptor': 1, 'UNL:VAL:VdWContact': 1}","{'UNL:ALA:Hydrophobic': 1, 'UNL:ALA:VdWContact': 2, 'UNL:ASP:HBDonor': 1, 'UNL:ASP:VdWContact': 1, 'UNL:CYS:VdWContact': 1, 'UNL:GLN:Hydrophobic': 1, 'UNL:GLN:VdWContact': 1, 'UNL:GLY:VdWContact': 2, 'UNL:ILE:HBAcceptor': 2, 'UNL:ILE:HBDonor': 2, 'UNL:ILE:Hydrophobic': 3, 'UNL:ILE:VdWContact': 3, 'UNL:LEU:Hydrophobic': 1, 'UNL:LYS:VdWContact': 1, 'UNL:PHE:Hydrophobic': 1, 'UNL:PRO:VdWContact': 1, 'UNL:SER:VdWContact': 3, 'UNL:THR:HBAcceptor': 1, 'UNL:THR:VdWContact': 1, 'UNL:TYR:Hydrophobic': 1, 'UNL:VAL:HBAcceptor': 1, 'UNL:VAL:Hydrophobic': 1, 'UNL:VAL:VdWContact': 1}"
426,Boltz-1-Single-Seq,7U3J_L6U,0.1428571428571429,0.4736842105263157,"{'UNL:ALA:VdWContact': 1, 'UNL:GLN:HBAcceptor': 2, 'UNL:GLN:Hydrophobic': 2, 'UNL:GLN:VdWContact': 2, 'UNL:GLU:HBDonor': 1, 'UNL:GLU:VdWContact': 1, 'UNL:GLY:HBDonor': 1, 'UNL:GLY:VdWContact': 1, 'UNL:HIS:VdWContact': 1, 'UNL:ILE:VdWContact': 2, 'UNL:LEU:Hydrophobic': 2, 'UNL:LEU:VdWContact': 3, 'UNL:SER:HBAcceptor': 1, 'UNL:SER:HBDonor': 1, 'UNL:SER:VdWContact': 2, 'UNL:TYR:HBAcceptor': 1, 'UNL:TYR:VdWContact': 1}","{'UNL:ALA:Hydrophobic': 1, 'UNL:ALA:VdWContact': 1, 'UNL:GLN:HBDonor': 1, 'UNL:GLN:Hydrophobic': 1, 'UNL:GLN:VdWContact': 2, 'UNL:GLU:HBDonor': 1, 'UNL:GLU:VdWContact': 1, 'UNL:GLY:HBDonor': 1, 'UNL:GLY:VdWContact': 1, 'UNL:ILE:Hydrophobic': 1, 'UNL:LEU:Hydrophobic': 3, 'UNL:LEU:VdWContact': 2, 'UNL:PHE:Hydrophobic': 1, 'UNL:PHE:VdWContact': 1, 'UNL:SER:HBAcceptor': 1, 'UNL:SER:HBDonor': 1, 'UNL:SER:VdWContact': 3, 'UNL:THR:Hydrophobic': 1, 'UNL:THR:VdWContact': 1, 'UNL:TRP:Hydrophobic': 1, 'UNL:TYR:HBAcceptor': 1, 'UNL:TYR:Hydrophobic': 1, 'UNL:TYR:VdWContact': 3}"
427,Boltz-1-Single-Seq,7QGP_DJ8,0.0,0.6315789473684211,"{'UNL:ASP:HBAcceptor': 1, 'UNL:ASP:Hydrophobic': 1, 'UNL:ASP:VdWContact': 1, 'UNL:CYS:HBAcceptor': 1, 'UNL:CYS:VdWContact': 1, 'UNL:GLU:VdWContact': 2, 'UNL:ILE:Hydrophobic': 1, 'UNL:ILE:VdWContact': 1, 'UNL:LEU:Hydrophobic': 1, 'UNL:LEU:VdWContact': 1, 'UNL:PHE:VdWContact': 1, 'UNL:SER:VdWContact': 1, 'UNL:VAL:Hydrophobic': 1, 'UNL:VAL:VdWContact': 1}","{'UNL:ALA:Hydrophobic': 2, 'UNL:ALA:VdWContact': 1, 'UNL:ASP:HBAcceptor': 1, 'UNL:ASP:Hydrophobic': 1, 'UNL:ASP:VdWContact': 1, 'UNL:CYS:HBAcceptor': 1, 'UNL:CYS:Hydrophobic': 1, 'UNL:CYS:VdWContact': 1, 'UNL:GLU:Hydrophobic': 1, 'UNL:GLU:VdWContact': 2, 'UNL:ILE:Hydrophobic': 3, 'UNL:ILE:VdWContact': 2, 'UNL:LEU:Hydrophobic': 2, 'UNL:LEU:VdWContact': 1, 'UNL:LYS:Hydrophobic': 1, 'UNL:PHE:Hydrophobic': 2, 'UNL:TYR:VdWContact': 1, 'UNL:VAL:Hydrophobic': 2, 'UNL:VAL:VdWContact': 1}"
428,Boltz-1-Single-Seq,7WQQ_5Z6,0.5,0.8666666666666667,"{'UNL:ARG:VdWContact': 1, 'UNL:CYS:Hydrophobic': 1, 'UNL:CYS:VdWContact': 1, 'UNL:ILE:Hydrophobic': 1, 'UNL:ILE:VdWContact': 2, 'UNL:LEU:Hydrophobic': 2, 'UNL:PHE:VdWContact': 4, 'UNL:SER:HBAcceptor': 1, 'UNL:SER:HBDonor': 1, 'UNL:SER:VdWContact': 1, 'UNL:VAL:VdWContact': 1}","{'UNL:ARG:Hydrophobic': 2, 'UNL:CYS:Hydrophobic': 1, 'UNL:GLY:VdWContact': 1, 'UNL:ILE:Hydrophobic': 3, 'UNL:ILE:VdWContact': 1, 'UNL:LEU:Hydrophobic': 6, 'UNL:LEU:VdWContact': 1, 'UNL:PHE:Hydrophobic': 4, 'UNL:PHE:VdWContact': 4, 'UNL:SER:HBAcceptor': 1, 'UNL:SER:VdWContact': 2, 'UNL:TRP:Hydrophobic': 1, 'UNL:VAL:Hydrophobic': 1}"
429,Boltz-1-Single-Seq,7WL4_JFU,0.0,0.49999999999999994,"{'UNL:ASN:HBAcceptor': 1, 'UNL:ASN:VdWContact': 1, 'UNL:ASP:VdWContact': 1, 'UNL:ILE:Hydrophobic': 1, 'UNL:ILE:VdWContact': 1, 'UNL:LEU:Hydrophobic': 1, 'UNL:LEU:VdWContact': 1, 'UNL:MET:Hydrophobic': 1, 'UNL:PHE:VdWContact': 1, 'UNL:TRP:VdWContact': 1, 'UNL:TYR:VdWContact': 1}","{'UNL:ASN:HBAcceptor': 1, 'UNL:ASN:VdWContact': 1, 'UNL:ASP:Hydrophobic': 1, 'UNL:ASP:VdWContact': 1, 'UNL:ILE:Hydrophobic': 1, 'UNL:ILE:VdWContact': 1, 'UNL:LEU:Hydrophobic': 2, 'UNL:LEU:VdWContact': 2, 'UNL:MET:Hydrophobic': 2, 'UNL:MET:VdWContact': 1, 'UNL:PHE:Hydrophobic': 1, 'UNL:PHE:VdWContact': 1, 'UNL:PRO:Hydrophobic': 1, 'UNL:PRO:VdWContact': 1, 'UNL:TRP:Hydrophobic': 1, 'UNL:TYR:Hydrophobic': 1, 'UNL:VAL:Hydrophobic': 1}"
430,Boltz-1-Single-Seq,7Z2O_IAJ,0.0,0.23076923076923084,"{'UNL:ALA:VdWContact': 1, 'UNL:ASN:VdWContact': 1, 'UNL:GLY:HBAcceptor': 1, 'UNL:GLY:VdWContact': 1, 'UNL:HIS:VdWContact': 1, 'UNL:LEU:Hydrophobic': 1, 'UNL:LEU:VdWContact': 1, 'UNL:SER:VdWContact': 1, 'UNL:TYR:Hydrophobic': 2, 'UNL:TYR:VdWContact': 3, 'UNL:VAL:Hydrophobic': 1, 'UNL:VAL:VdWContact': 1}","{'UNL:ALA:Hydrophobic': 1, 'UNL:ASN:Hydrophobic': 1, 'UNL:GLY:HBAcceptor': 1, 'UNL:GLY:VdWContact': 1, 'UNL:HIS:VdWContact': 1, 'UNL:LEU:VdWContact': 1, 'UNL:SER:VdWContact': 1, 'UNL:TYR:Hydrophobic': 3, 'UNL:TYR:VdWContact': 3, 'UNL:VAL:Hydrophobic': 1}"
431,Boltz-1-Single-Seq,8FLV_ZB9,0.25,0.2631578947368422,"{'UNL:ALA:VdWContact': 1, 'UNL:ASP:HBDonor': 1, 'UNL:ASP:VdWContact': 1, 'UNL:GLU:HBDonor': 1, 'UNL:GLU:VdWContact': 1, 'UNL:GLY:VdWContact': 1, 'UNL:ILE:Hydrophobic': 1, 'UNL:ILE:VdWContact': 1, 'UNL:LEU:VdWContact': 1, 'UNL:LYS:HBAcceptor': 1, 'UNL:LYS:Hydrophobic': 1, 'UNL:LYS:VdWContact': 1, 'UNL:MET:HBAcceptor': 1, 'UNL:MET:VdWContact': 1, 'UNL:THR:VdWContact': 1, 'UNL:VAL:VdWContact': 1}","{'UNL:ALA:Hydrophobic': 1, 'UNL:ASP:HBDonor': 1, 'UNL:ASP:VdWContact': 1, 'UNL:CYS:Hydrophobic': 1, 'UNL:GLU:HBDonor': 1, 'UNL:GLU:VdWContact': 1, 'UNL:GLY:VdWContact': 1, 'UNL:ILE:Hydrophobic': 1, 'UNL:ILE:VdWContact': 1, 'UNL:LEU:Hydrophobic': 3, 'UNL:LYS:Hydrophobic': 1, 'UNL:LYS:VdWContact': 1, 'UNL:MET:HBAcceptor': 1, 'UNL:MET:Hydrophobic': 1, 'UNL:MET:VdWContact': 1, 'UNL:PHE:Hydrophobic': 1, 'UNL:TYR:Hydrophobic': 1, 'UNL:VAL:Hydrophobic': 1}"
432,Boltz-1-Single-Seq,7Z7F_IF3,0.3333333333333333,0.4,"{'UNL:ASP:VdWContact': 2, 'UNL:CYS:HBDonor': 1, 'UNL:CYS:VdWContact': 1, 'UNL:LYS:VdWContact': 1, 'UNL:SER:VdWContact': 1, 'UNL:THR:VdWContact': 1, 'UNL:TRP:VdWContact': 1, 'UNL:TYR:HBAcceptor': 1, 'UNL:TYR:HBDonor': 1, 'UNL:TYR:VdWContact': 1}","{'UNL:ASP:Hydrophobic': 1, 'UNL:ASP:VdWContact': 2, 'UNL:CYS:HBDonor': 1, 'UNL:CYS:VdWContact': 1, 'UNL:GLN:VdWContact': 1, 'UNL:LYS:VdWContact': 1, 'UNL:SER:VdWContact': 2, 'UNL:TRP:Hydrophobic': 2, 'UNL:TRP:VdWContact': 1, 'UNL:TYR:HBAcceptor': 1, 'UNL:TYR:VdWContact': 1}"
433,Boltz-1-Single-Seq,7TUO_KL9,0.25,0.27272727272727265,"{'UNL:ARG:VdWContact': 1, 'UNL:CYS:Hydrophobic': 1, 'UNL:CYS:VdWContact': 1, 'UNL:HIS:VdWContact': 1, 'UNL:LEU:VdWContact': 2, 'UNL:MET:VdWContact': 1, 'UNL:PHE:VdWContact': 2, 'UNL:THR:HBAcceptor': 2, 'UNL:THR:HBDonor': 1, 'UNL:THR:VdWContact': 2, 'UNL:TYR:Hydrophobic': 1, 'UNL:TYR:VdWContact': 1, 'UNL:VAL:Hydrophobic': 1, 'UNL:VAL:VdWContact': 2}","{'UNL:ALA:Hydrophobic': 1, 'UNL:ALA:VdWContact': 1, 'UNL:GLN:HBAcceptor': 1, 'UNL:GLN:Hydrophobic': 1, 'UNL:GLN:VdWContact': 1, 'UNL:GLU:HBDonor': 1, 'UNL:GLU:Hydrophobic': 1, 'UNL:GLU:VdWContact': 1, 'UNL:HIS:Hydrophobic': 1, 'UNL:HIS:VdWContact': 1, 'UNL:LEU:Hydrophobic': 1, 'UNL:LEU:VdWContact': 1, 'UNL:PHE:Hydrophobic': 1, 'UNL:PHE:VdWContact': 1, 'UNL:THR:Hydrophobic': 2, 'UNL:TYR:Hydrophobic': 2, 'UNL:TYR:VdWContact': 1, 'UNL:VAL:Hydrophobic': 1}"
434,Boltz-1-Single-Seq,7ZL5_IWE,0.0,0.4,"{'UNL:ALA:VdWContact': 2, 'UNL:HIS:VdWContact': 2, 'UNL:LEU:Hydrophobic': 1, 'UNL:LEU:VdWContact': 2, 'UNL:PHE:VdWContact': 1, 'UNL:THR:HBAcceptor': 1, 'UNL:THR:HBDonor': 1, 'UNL:THR:VdWContact': 1, 'UNL:VAL:VdWContact': 1}","{'UNL:ALA:Hydrophobic': 1, 'UNL:ALA:VdWContact': 1, 'UNL:HIS:Hydrophobic': 1, 'UNL:HIS:VdWContact': 1, 'UNL:LEU:Hydrophobic': 3, 'UNL:LEU:VdWContact': 1, 'UNL:PHE:Hydrophobic': 1, 'UNL:THR:HBAcceptor': 1, 'UNL:THR:HBDonor': 1, 'UNL:THR:VdWContact': 1}"
435,Boltz-1-Single-Seq,8F8E_XJI,0.0,0.31818181818181823,"{'UNL:ALA:VdWContact': 1, 'UNL:ARG:HBAcceptor': 1, 'UNL:ARG:Hydrophobic': 1, 'UNL:ARG:VdWContact': 2, 'UNL:GLU:Hydrophobic': 1, 'UNL:GLU:VdWContact': 1, 'UNL:GLY:VdWContact': 1, 'UNL:LEU:Hydrophobic': 1, 'UNL:LEU:VdWContact': 1, 'UNL:MET:Hydrophobic': 2, 'UNL:MET:VdWContact': 2, 'UNL:PHE:Hydrophobic': 2, 'UNL:PHE:VdWContact': 2, 'UNL:SER:VdWContact': 2, 'UNL:TYR:HBAcceptor': 1, 'UNL:TYR:VdWContact': 2, 'UNL:VAL:Hydrophobic': 1, 'UNL:VAL:VdWContact': 1}","{'UNL:ALA:Hydrophobic': 1, 'UNL:ALA:VdWContact': 1, 'UNL:ARG:HBAcceptor': 1, 'UNL:ARG:Hydrophobic': 1, 'UNL:ARG:VdWContact': 2, 'UNL:ASP:HBDonor': 1, 'UNL:ASP:Hydrophobic': 1, 'UNL:ASP:VdWContact': 1, 'UNL:CYS:VdWContact': 1, 'UNL:HIS:VdWContact': 1, 'UNL:LEU:Hydrophobic': 2, 'UNL:LEU:VdWContact': 1, 'UNL:PHE:Hydrophobic': 1, 'UNL:PHE:VdWContact': 1, 'UNL:TYR:Hydrophobic': 1, 'UNL:VAL:Hydrophobic': 1}"
436,Boltz-1-Single-Seq,7WCF_ACP,0.25,0.5,"{'UNL:ARG:HBAcceptor': 1, 'UNL:ARG:VdWContact': 1, 'UNL:ASN:VdWContact': 1, 'UNL:ASP:HBDonor': 1, 'UNL:ASP:VdWContact': 2, 'UNL:GLN:HBAcceptor': 1, 'UNL:GLN:VdWContact': 2, 'UNL:HIS:VdWContact': 1, 'UNL:ILE:VdWContact': 1, 'UNL:LYS:HBAcceptor': 2, 'UNL:LYS:HBDonor': 1, 'UNL:LYS:VdWContact': 4, 'UNL:PHE:HBAcceptor': 1, 'UNL:PHE:VdWContact': 1}","{'UNL:ARG:Hydrophobic': 1, 'UNL:ARG:VdWContact': 1, 'UNL:ASP:VdWContact': 2, 'UNL:GLN:HBAcceptor': 1, 'UNL:GLN:Hydrophobic': 1, 'UNL:GLN:VdWContact': 2, 'UNL:GLY:VdWContact': 1, 'UNL:HIS:HBAcceptor': 1, 'UNL:HIS:VdWContact': 1, 'UNL:ILE:Hydrophobic': 1, 'UNL:ILE:VdWContact': 1, 'UNL:LYS:HBDonor': 1, 'UNL:LYS:VdWContact': 3, 'UNL:PHE:HBAcceptor': 1, 'UNL:PHE:Hydrophobic': 1, 'UNL:PHE:VdWContact': 1, 'UNL:TYR:Hydrophobic': 1, 'UNL:TYR:VdWContact': 1, 'UNL:VAL:HBAcceptor': 1, 'UNL:VAL:VdWContact': 1}"
437,Boltz-1-Single-Seq,8AP0_PRP,0.11111111111111116,0.25,"{'UNL:ARG:HBAcceptor': 1, 'UNL:ARG:VdWContact': 1, 'UNL:GLU:VdWContact': 1, 'UNL:GLY:HBAcceptor': 3, 'UNL:GLY:VdWContact': 3, 'UNL:HIS:HBAcceptor': 1, 'UNL:HIS:VdWContact': 1, 'UNL:LYS:HBAcceptor': 1, 'UNL:LYS:VdWContact': 1, 'UNL:SER:HBAcceptor': 2, 'UNL:SER:VdWContact': 3, 'UNL:THR:HBAcceptor': 1, 'UNL:THR:VdWContact': 1, 'UNL:VAL:HBAcceptor': 1, 'UNL:VAL:VdWContact': 1}","{'UNL:ARG:HBAcceptor': 1, 'UNL:ARG:HBDonor': 1, 'UNL:ARG:VdWContact': 1, 'UNL:GLY:HBAcceptor': 2, 'UNL:GLY:HBDonor': 1, 'UNL:GLY:VdWContact': 2, 'UNL:HIS:HBAcceptor': 1, 'UNL:HIS:VdWContact': 1, 'UNL:LYS:HBAcceptor': 1, 'UNL:LYS:VdWContact': 1, 'UNL:SER:HBAcceptor': 2, 'UNL:SER:VdWContact': 3, 'UNL:THR:VdWContact': 1, 'UNL:VAL:VdWContact': 1}"
438,Boltz-1-Single-Seq,7UXS_OJC,0.0,0.35714285714285704,"{'UNL:ALA:VdWContact': 1, 'UNL:ARG:HBDonor': 1, 'UNL:ARG:VdWContact': 1, 'UNL:ASN:VdWContact': 1, 'UNL:GLN:VdWContact': 1, 'UNL:GLU:HBDonor': 1, 'UNL:GLU:VdWContact': 1, 'UNL:GLY:HBAcceptor': 2, 'UNL:GLY:VdWContact': 4, 'UNL:LEU:HBAcceptor': 1, 'UNL:LEU:VdWContact': 1, 'UNL:LYS:VdWContact': 1, 'UNL:PHE:VdWContact': 1, 'UNL:SER:HBDonor': 1, 'UNL:SER:VdWContact': 2, 'UNL:TRP:VdWContact': 1}","{'UNL:ALA:VdWContact': 1, 'UNL:ARG:HBAcceptor': 1, 'UNL:ARG:VdWContact': 1, 'UNL:GLN:HBAcceptor': 1, 'UNL:GLN:Hydrophobic': 1, 'UNL:GLN:VdWContact': 1, 'UNL:GLU:HBDonor': 1, 'UNL:GLU:VdWContact': 1, 'UNL:GLY:HBAcceptor': 2, 'UNL:GLY:VdWContact': 2, 'UNL:LEU:HBAcceptor': 1, 'UNL:LEU:Hydrophobic': 1, 'UNL:LEU:VdWContact': 1, 'UNL:LYS:VdWContact': 1, 'UNL:PHE:Hydrophobic': 2, 'UNL:PHE:VdWContact': 2, 'UNL:SER:VdWContact': 1, 'UNL:TRP:VdWContact': 1}"
439,Boltz-1-Single-Seq,7X9K_8OG,0.125,0.5833333333333334,"{'UNL:ARG:HBAcceptor': 1, 'UNL:ARG:HBDonor': 1, 'UNL:ARG:VdWContact': 1, 'UNL:ASN:HBAcceptor': 1, 'UNL:ASN:HBDonor': 1, 'UNL:ASN:VdWContact': 1, 'UNL:GLU:VdWContact': 1, 'UNL:HIS:HBDonor': 1, 'UNL:HIS:VdWContact': 1, 'UNL:PHE:HBAcceptor': 1, 'UNL:PHE:HBDonor': 1, 'UNL:PHE:VdWContact': 1}","{'UNL:ARG:HBAcceptor': 1, 'UNL:ARG:HBDonor': 1, 'UNL:ARG:VdWContact': 1, 'UNL:ASN:HBAcceptor': 1, 'UNL:ASN:HBDonor': 1, 'UNL:ASN:VdWContact': 1, 'UNL:GLU:Hydrophobic': 1, 'UNL:HIS:HBAcceptor': 1, 'UNL:HIS:HBDonor': 1, 'UNL:HIS:VdWContact': 1, 'UNL:ILE:Hydrophobic': 1, 'UNL:ILE:VdWContact': 1, 'UNL:LEU:Hydrophobic': 1, 'UNL:MET:Hydrophobic': 1, 'UNL:PHE:HBAcceptor': 1, 'UNL:PHE:HBDonor': 1, 'UNL:PHE:VdWContact': 2, 'UNL:PRO:Hydrophobic': 1, 'UNL:VAL:Hydrophobic': 1}"
440,Boltz-1-Single-Seq,8BOM_QU6,0.0,0.42857142857142866,"{'UNL:ALA:VdWContact': 1, 'UNL:ASP:HBAcceptor': 1, 'UNL:ASP:Hydrophobic': 1, 'UNL:ASP:VdWContact': 1, 'UNL:GLU:HBDonor': 1, 'UNL:GLU:Hydrophobic': 1, 'UNL:GLU:VdWContact': 2, 'UNL:ILE:Hydrophobic': 1, 'UNL:LYS:Hydrophobic': 1, 'UNL:LYS:VdWContact': 1, 'UNL:MET:HBAcceptor': 1, 'UNL:MET:Hydrophobic': 1, 'UNL:MET:VdWContact': 2, 'UNL:PHE:VdWContact': 1, 'UNL:SER:VdWContact': 1, 'UNL:THR:HBDonor': 1, 'UNL:THR:VdWContact': 1, 'UNL:TYR:VdWContact': 1, 'UNL:VAL:Hydrophobic': 1}","{'UNL:ALA:Hydrophobic': 1, 'UNL:ALA:VdWContact': 1, 'UNL:ASP:HBAcceptor': 1, 'UNL:ASP:Hydrophobic': 1, 'UNL:ASP:VdWContact': 1, 'UNL:GLU:HBDonor': 1, 'UNL:GLU:Hydrophobic': 1, 'UNL:GLU:VdWContact': 2, 'UNL:ILE:Hydrophobic': 3, 'UNL:ILE:VdWContact': 2, 'UNL:LEU:Hydrophobic': 1, 'UNL:LYS:Hydrophobic': 1, 'UNL:MET:HBAcceptor': 1, 'UNL:MET:Hydrophobic': 1, 'UNL:MET:VdWContact': 1, 'UNL:PHE:Hydrophobic': 2, 'UNL:PHE:VdWContact': 1, 'UNL:SER:VdWContact': 1, 'UNL:THR:HBDonor': 1, 'UNL:THR:Hydrophobic': 1, 'UNL:THR:VdWContact': 1, 'UNL:TYR:Hydrophobic': 2, 'UNL:TYR:VdWContact': 1, 'UNL:VAL:Hydrophobic': 1}"
441,Boltz-1-Single-Seq,5SIS_JSM,0.0,0.4444444444444444,"{'UNL:ASP:VdWContact': 1, 'UNL:GLN:HBAcceptor': 1, 'UNL:GLN:VdWContact': 1, 'UNL:GLU:Hydrophobic': 1, 'UNL:GLU:VdWContact': 1, 'UNL:MET:Hydrophobic': 1, 'UNL:MET:VdWContact': 1, 'UNL:PHE:Hydrophobic': 1, 'UNL:PHE:VdWContact': 1, 'UNL:TYR:VdWContact': 1, 'UNL:VAL:VdWContact': 1}","{'UNL:GLN:HBAcceptor': 1, 'UNL:GLN:VdWContact': 1, 'UNL:GLU:Hydrophobic': 1, 'UNL:GLU:VdWContact': 1, 'UNL:GLY:VdWContact': 1, 'UNL:ILE:Hydrophobic': 1, 'UNL:ILE:VdWContact': 1, 'UNL:LEU:Hydrophobic': 1, 'UNL:LYS:Hydrophobic': 1, 'UNL:MET:Hydrophobic': 1, 'UNL:MET:VdWContact': 1, 'UNL:PHE:Hydrophobic': 2, 'UNL:PHE:VdWContact': 1, 'UNL:PRO:Hydrophobic': 1, 'UNL:TYR:Hydrophobic': 1, 'UNL:TYR:VdWContact': 1, 'UNL:VAL:Hydrophobic': 1, 'UNL:VAL:VdWContact': 1}"
442,Boltz-1-Single-Seq,5SD5_HWI,0.5,0.75,"{'UNL:ARG:HBAcceptor': 1, 'UNL:ARG:VdWContact': 1, 'UNL:ASP:HBDonor': 1, 'UNL:ASP:VdWContact': 1, 'UNL:GLN:Hydrophobic': 1, 'UNL:GLN:VdWContact': 1, 'UNL:ILE:HBDonor': 2, 'UNL:ILE:VdWContact': 2, 'UNL:PHE:VdWContact': 1, 'UNL:TRP:VdWContact': 1}","{'UNL:ALA:Hydrophobic': 1, 'UNL:ARG:HBAcceptor': 2, 'UNL:ARG:HBDonor': 1, 'UNL:ARG:VdWContact': 3, 'UNL:ASP:HBDonor': 1, 'UNL:ASP:VdWContact': 1, 'UNL:GLN:Hydrophobic': 1, 'UNL:ILE:HBDonor': 2, 'UNL:ILE:Hydrophobic': 3, 'UNL:ILE:VdWContact': 2, 'UNL:LEU:Hydrophobic': 2, 'UNL:PHE:Hydrophobic': 1, 'UNL:PHE:VdWContact': 1, 'UNL:THR:Hydrophobic': 1, 'UNL:TRP:VdWContact': 1}"
443,Boltz-1-Single-Seq,7QPP_VDX,0.25,1.0625,"{'UNL:ARG:HBAcceptor': 1, 'UNL:ARG:VdWContact': 1, 'UNL:HIS:HBAcceptor': 1, 'UNL:HIS:HBDonor': 1, 'UNL:HIS:VdWContact': 2, 'UNL:ILE:VdWContact': 1, 'UNL:LEU:Hydrophobic': 1, 'UNL:SER:VdWContact': 3, 'UNL:TRP:Hydrophobic': 1, 'UNL:TRP:VdWContact': 1, 'UNL:TYR:HBAcceptor': 1, 'UNL:TYR:VdWContact': 1, 'UNL:VAL:VdWContact': 1}","{'UNL:ARG:HBAcceptor': 1, 'UNL:ARG:VdWContact': 1, 'UNL:CYS:VdWContact': 1, 'UNL:HIS:HBAcceptor': 1, 'UNL:HIS:HBDonor': 1, 'UNL:HIS:VdWContact': 2, 'UNL:ILE:Hydrophobic': 2, 'UNL:LEU:Hydrophobic': 6, 'UNL:LEU:VdWContact': 1, 'UNL:MET:Hydrophobic': 1, 'UNL:PHE:Hydrophobic': 1, 'UNL:SER:VdWContact': 3, 'UNL:TRP:Hydrophobic': 1, 'UNL:TRP:VdWContact': 1, 'UNL:TYR:Hydrophobic': 3, 'UNL:TYR:VdWContact': 2, 'UNL:VAL:Hydrophobic': 3, 'UNL:VAL:VdWContact': 1}"
444,Boltz-1-Single-Seq,8FAV_4Y5,0.6000000000000001,0.2727272727272727,"{'UNL:ALA:VdWContact': 1, 'UNL:GLN:Hydrophobic': 4, 'UNL:GLN:VdWContact': 2, 'UNL:GLU:Hydrophobic': 1, 'UNL:ILE:Hydrophobic': 1, 'UNL:ILE:VdWContact': 1, 'UNL:LEU:Hydrophobic': 2, 'UNL:LEU:VdWContact': 2, 'UNL:LYS:Hydrophobic': 1, 'UNL:LYS:VdWContact': 2, 'UNL:PHE:VdWContact': 1, 'UNL:TRP:HBAcceptor': 1, 'UNL:TRP:Hydrophobic': 1, 'UNL:TRP:VdWContact': 1, 'UNL:VAL:Hydrophobic': 1, 'UNL:VAL:VdWContact': 1}","{'UNL:ALA:HBAcceptor': 1, 'UNL:ALA:HBDonor': 1, 'UNL:ALA:Hydrophobic': 2, 'UNL:ALA:VdWContact': 1, 'UNL:GLN:HBAcceptor': 1, 'UNL:GLN:Hydrophobic': 2, 'UNL:GLN:VdWContact': 3, 'UNL:ILE:Hydrophobic': 2, 'UNL:ILE:VdWContact': 1, 'UNL:LEU:Hydrophobic': 3, 'UNL:LEU:VdWContact': 4, 'UNL:LYS:VdWContact': 1, 'UNL:MET:Hydrophobic': 1, 'UNL:PHE:HBAcceptor': 1, 'UNL:PHE:Hydrophobic': 1, 'UNL:PHE:VdWContact': 1, 'UNL:THR:Hydrophobic': 1, 'UNL:THR:VdWContact': 1, 'UNL:TRP:Hydrophobic': 1, 'UNL:TYR:Hydrophobic': 1, 'UNL:TYR:VdWContact': 1, 'UNL:VAL:Hydrophobic': 1}"
445,Boltz-1-Single-Seq,7SIU_9ID,0.0,0.16666666666666663,"{'UNL:ALA:VdWContact': 1, 'UNL:ASP:VdWContact': 1, 'UNL:CYS:HBAcceptor': 1, 'UNL:CYS:VdWContact': 1, 'UNL:GLU:HBDonor': 1, 'UNL:GLU:VdWContact': 1, 'UNL:GLY:VdWContact': 1, 'UNL:LEU:Hydrophobic': 1, 'UNL:LEU:VdWContact': 2, 'UNL:MET:Hydrophobic': 1, 'UNL:MET:VdWContact': 1, 'UNL:PHE:HBAcceptor': 1, 'UNL:PHE:Hydrophobic': 1, 'UNL:PHE:VdWContact': 1, 'UNL:TYR:VdWContact': 1, 'UNL:VAL:Hydrophobic': 1, 'UNL:VAL:VdWContact': 2}","{'UNL:ALA:HBDonor': 1, 'UNL:ALA:Hydrophobic': 2, 'UNL:ALA:VdWContact': 1, 'UNL:ASP:Hydrophobic': 1, 'UNL:CYS:HBAcceptor': 1, 'UNL:CYS:VdWContact': 1, 'UNL:GLU:HBDonor': 1, 'UNL:GLU:VdWContact': 1, 'UNL:LEU:Hydrophobic': 3, 'UNL:LYS:VdWContact': 1, 'UNL:MET:Hydrophobic': 1, 'UNL:PHE:Hydrophobic': 1, 'UNL:PHE:VdWContact': 1, 'UNL:TYR:Hydrophobic': 1, 'UNL:VAL:Hydrophobic': 2, 'UNL:VAL:VdWContact': 1}"
446,Boltz-1-Single-Seq,7QHG_T3B,0.4,0.45833333333333326,"{'UNL:ALA:VdWContact': 1, 'UNL:ASP:HBAcceptor': 1, 'UNL:ASP:Hydrophobic': 1, 'UNL:ASP:VdWContact': 1, 'UNL:GLU:VdWContact': 1, 'UNL:GLY:VdWContact': 1, 'UNL:HIS:VdWContact': 1, 'UNL:ILE:HBAcceptor': 1, 'UNL:ILE:HBDonor': 1, 'UNL:ILE:VdWContact': 1, 'UNL:LEU:Hydrophobic': 2, 'UNL:LEU:VdWContact': 4, 'UNL:LYS:Hydrophobic': 1, 'UNL:LYS:VdWContact': 1, 'UNL:MET:VdWContact': 1, 'UNL:PHE:Hydrophobic': 2, 'UNL:PHE:VdWContact': 3, 'UNL:SER:VdWContact': 1, 'UNL:THR:VdWContact': 1, 'UNL:VAL:Hydrophobic': 1, 'UNL:VAL:VdWContact': 3}","{'UNL:ARG:HBAcceptor': 1, 'UNL:ARG:Hydrophobic': 1, 'UNL:ARG:VdWContact': 1, 'UNL:ASP:HBAcceptor': 1, 'UNL:ASP:Hydrophobic': 1, 'UNL:ASP:VdWContact': 1, 'UNL:GLU:VdWContact': 1, 'UNL:GLY:VdWContact': 2, 'UNL:HIS:VdWContact': 1, 'UNL:ILE:HBAcceptor': 1, 'UNL:ILE:HBDonor': 1, 'UNL:ILE:Hydrophobic': 3, 'UNL:ILE:VdWContact': 2, 'UNL:LEU:Hydrophobic': 7, 'UNL:LEU:VdWContact': 4, 'UNL:LYS:Hydrophobic': 1, 'UNL:LYS:VdWContact': 1, 'UNL:MET:Hydrophobic': 1, 'UNL:MET:VdWContact': 1, 'UNL:PHE:Hydrophobic': 2, 'UNL:THR:HBDonor': 1, 'UNL:THR:Hydrophobic': 1, 'UNL:THR:VdWContact': 1, 'UNL:TYR:Hydrophobic': 1, 'UNL:VAL:Hydrophobic': 3, 'UNL:VAL:VdWContact': 2}"
447,Boltz-1,8AAU_LH0,0.0,0.08333333333333326,"{'UNL:ALA:VdWContact': 2, 'UNL:GLY:VdWContact': 1, 'UNL:ILE:HBAcceptor': 1, 'UNL:ILE:HBDonor': 1, 'UNL:ILE:VdWContact': 1, 'UNL:LEU:Hydrophobic': 1, 'UNL:LEU:VdWContact': 1, 'UNL:LYS:VdWContact': 1, 'UNL:THR:VdWContact': 1, 'UNL:TYR:VdWContact': 1, 'UNL:VAL:Hydrophobic': 1, 'UNL:VAL:VdWContact': 1}","{'UNL:ALA:VdWContact': 2, 'UNL:GLY:VdWContact': 1, 'UNL:ILE:HBAcceptor': 1, 'UNL:ILE:HBDonor': 1, 'UNL:ILE:Hydrophobic': 1, 'UNL:ILE:VdWContact': 1, 'UNL:LEU:Hydrophobic': 2, 'UNL:LEU:VdWContact': 1, 'UNL:THR:VdWContact': 1, 'UNL:TYR:Hydrophobic': 1, 'UNL:VAL:Hydrophobic': 1, 'UNL:VAL:VdWContact': 1}"
448,Boltz-1,7UAW_MF6,0.4999999999999999,0.49999999999999994,"{'UNL:ARG:HBAcceptor': 2, 'UNL:ARG:VdWContact': 4, 'UNL:ASN:HBAcceptor': 1, 'UNL:ASN:HBDonor': 1, 'UNL:ASN:VdWContact': 2, 'UNL:GLN:VdWContact': 1, 'UNL:GLY:HBAcceptor': 2, 'UNL:GLY:VdWContact': 2, 'UNL:HIS:HBAcceptor': 1, 'UNL:HIS:VdWContact': 1, 'UNL:PHE:VdWContact': 1, 'UNL:THR:VdWContact': 1}","{'UNL:ALA:VdWContact': 1, 'UNL:ARG:HBAcceptor': 4, 'UNL:ARG:HBDonor': 1, 'UNL:ARG:VdWContact': 4, 'UNL:ASN:HBAcceptor': 1, 'UNL:ASN:HBDonor': 1, 'UNL:ASN:VdWContact': 2, 'UNL:GLN:VdWContact': 1, 'UNL:GLY:HBAcceptor': 2, 'UNL:GLY:VdWContact': 2, 'UNL:HIS:HBAcceptor': 1, 'UNL:HIS:VdWContact': 1, 'UNL:PHE:Hydrophobic': 2, 'UNL:PHE:VdWContact': 2, 'UNL:PRO:VdWContact': 1, 'UNL:THR:VdWContact': 1}"
449,Boltz-1,7UYB_OK0,0.0,0.30769230769230776,"{'UNL:ASN:HBAcceptor': 1, 'UNL:ASN:Hydrophobic': 1, 'UNL:ASN:VdWContact': 1, 'UNL:ASP:HBDonor': 1, 'UNL:ASP:VdWContact': 1, 'UNL:CYS:VdWContact': 1, 'UNL:HIS:Hydrophobic': 1, 'UNL:HIS:VdWContact': 3, 'UNL:PHE:Hydrophobic': 1, 'UNL:TYR:Hydrophobic': 1, 'UNL:TYR:VdWContact': 1}","{'UNL:ASN:HBAcceptor': 1, 'UNL:ASN:Hydrophobic': 1, 'UNL:ASN:VdWContact': 1, 'UNL:ASP:HBDonor': 1, 'UNL:ASP:VdWContact': 1, 'UNL:CYS:VdWContact': 1, 'UNL:HIS:Hydrophobic': 1, 'UNL:HIS:VdWContact': 3, 'UNL:PHE:Hydrophobic': 1, 'UNL:PHE:VdWContact': 1, 'UNL:SER:VdWContact': 2, 'UNL:TRP:Hydrophobic': 1, 'UNL:TRP:VdWContact': 1, 'UNL:TYR:Hydrophobic': 1}"
450,Boltz-1,7U0U_FK5,0.5,0.4444444444444445,"{'UNL:ARG:VdWContact': 1, 'UNL:ASP:VdWContact': 1, 'UNL:GLY:VdWContact': 1, 'UNL:ILE:HBAcceptor': 1, 'UNL:ILE:VdWContact': 1, 'UNL:LEU:VdWContact': 1, 'UNL:MET:Hydrophobic': 1, 'UNL:MET:VdWContact': 1, 'UNL:PHE:VdWContact': 5, 'UNL:PRO:VdWContact': 1, 'UNL:SER:VdWContact': 1, 'UNL:TRP:Hydrophobic': 1, 'UNL:TRP:VdWContact': 3, 'UNL:TYR:VdWContact': 1, 'UNL:VAL:VdWContact': 3}","{'UNL:ASN:Hydrophobic': 1, 'UNL:ASP:VdWContact': 1, 'UNL:GLU-:Hydrophobic': 1, 'UNL:GLU-:VdWContact': 1, 'UNL:ILE:HBAcceptor': 1, 'UNL:ILE:Hydrophobic': 2, 'UNL:ILE:VdWContact': 1, 'UNL:LEU:Hydrophobic': 1, 'UNL:MET:Hydrophobic': 1, 'UNL:PHE-:Hydrophobic': 1, 'UNL:PHE-:VdWContact': 1, 'UNL:PHE:Hydrophobic': 3, 'UNL:PHE:VdWContact': 3, 'UNL:PRO-:Hydrophobic': 1, 'UNL:TRP-:HBAcceptor': 1, 'UNL:TRP-:Hydrophobic': 1, 'UNL:TRP-:VdWContact': 1, 'UNL:TRP:Hydrophobic': 1, 'UNL:TRP:VdWContact': 1, 'UNL:TYR:Hydrophobic': 2, 'UNL:TYR:VdWContact': 2, 'UNL:VAL:Hydrophobic': 3, 'UNL:VAL:VdWContact': 1}"
451,Boltz-1,8C3N_ADP,0.30000000000000004,0.44444444444444436,"{'UNL:ARG:HBAcceptor': 1, 'UNL:ARG:HBDonor': 1, 'UNL:ARG:VdWContact': 1, 'UNL:GLN:HBAcceptor': 1, 'UNL:GLN:VdWContact': 1, 'UNL:GLU:HBDonor': 1, 'UNL:GLU:VdWContact': 1, 'UNL:GLY:HBAcceptor': 2, 'UNL:GLY:VdWContact': 2, 'UNL:LYS:HBAcceptor': 1, 'UNL:LYS:HBDonor': 1, 'UNL:LYS:VdWContact': 1, 'UNL:THR:HBAcceptor': 1, 'UNL:THR:HBDonor': 1, 'UNL:THR:VdWContact': 1}","{'UNL:ARG:VdWContact': 2, 'UNL:GLN:HBAcceptor': 1, 'UNL:GLN:Hydrophobic': 1, 'UNL:GLN:VdWContact': 1, 'UNL:GLU:HBDonor': 1, 'UNL:GLU:VdWContact': 1, 'UNL:GLY:HBAcceptor': 2, 'UNL:GLY:VdWContact': 2, 'UNL:ILE:Hydrophobic': 1, 'UNL:LYS:HBAcceptor': 1, 'UNL:LYS:VdWContact': 1, 'UNL:SER:HBAcceptor': 1, 'UNL:SER:VdWContact': 1, 'UNL:THR:HBAcceptor': 1, 'UNL:THR:VdWContact': 1}"
452,Boltz-1,7XQZ_FPF,0.0,0.33333333333333337,"{'UNL:ARG:HBAcceptor': 2, 'UNL:ARG:VdWContact': 2, 'UNL:ASP:VdWContact': 1, 'UNL:GLN:HBAcceptor': 1, 'UNL:GLN:HBDonor': 1, 'UNL:GLN:VdWContact': 2, 'UNL:ILE:VdWContact': 1, 'UNL:LYS:VdWContact': 1, 'UNL:MET:VdWContact': 1, 'UNL:PHE:Hydrophobic': 1, 'UNL:PHE:VdWContact': 2, 'UNL:THR:VdWContact': 1, 'UNL:TRP:HBAcceptor': 1, 'UNL:TRP:Hydrophobic': 1, 'UNL:TRP:VdWContact': 2}","{'UNL:ALA:Hydrophobic': 1, 'UNL:ARG:HBAcceptor': 2, 'UNL:ARG:VdWContact': 2, 'UNL:GLN:HBAcceptor': 1, 'UNL:GLN:HBDonor': 1, 'UNL:GLN:VdWContact': 2, 'UNL:ILE:Hydrophobic': 1, 'UNL:ILE:VdWContact': 1, 'UNL:LYS:VdWContact': 1, 'UNL:MET:Hydrophobic': 1, 'UNL:PHE:Hydrophobic': 4, 'UNL:PHE:VdWContact': 1, 'UNL:PRO:VdWContact': 1, 'UNL:THR:Hydrophobic': 1, 'UNL:TRP:HBAcceptor': 1, 'UNL:TRP:Hydrophobic': 2, 'UNL:TRP:VdWContact': 1, 'UNL:TYR:Hydrophobic': 1, 'UNL:TYR:VdWContact': 1}"
453,Boltz-1,7TXK_LW8,0.0,0.1333333333333333,"{'UNL:ARG:VdWContact': 1, 'UNL:ASN:VdWContact': 1, 'UNL:GLU:HBDonor': 1, 'UNL:GLU:Hydrophobic': 1, 'UNL:GLU:VdWContact': 1, 'UNL:LYS:HBAcceptor': 1, 'UNL:LYS:VdWContact': 1, 'UNL:PHE:Hydrophobic': 1, 'UNL:PHE:VdWContact': 1, 'UNL:PRO:VdWContact': 1, 'UNL:THR:VdWContact': 1, 'UNL:TYR:VdWContact': 3}","{'UNL:ARG:HBAcceptor': 1, 'UNL:ARG:VdWContact': 1, 'UNL:ASN:VdWContact': 1, 'UNL:GLU:HBDonor': 1, 'UNL:GLU:VdWContact': 1, 'UNL:ILE:Hydrophobic': 1, 'UNL:ILE:VdWContact': 1, 'UNL:LYS:Hydrophobic': 1, 'UNL:LYS:VdWContact': 1, 'UNL:THR:Hydrophobic': 1, 'UNL:THR:VdWContact': 1, 'UNL:TYR:Hydrophobic': 1, 'UNL:TYR:VdWContact': 2}"
454,Boltz-1,7R59_I5F,0.0,0.2222222222222222,"{'UNL:GLU:Hydrophobic': 1, 'UNL:GLU:VdWContact': 1, 'UNL:GLY:HBAcceptor': 1, 'UNL:GLY:VdWContact': 1, 'UNL:HIS:VdWContact': 1, 'UNL:SER:VdWContact': 1, 'UNL:TYR:Hydrophobic': 2}","{'UNL:ALA:Hydrophobic': 1, 'UNL:GLU:Hydrophobic': 1, 'UNL:GLU:VdWContact': 1, 'UNL:GLY:HBAcceptor': 1, 'UNL:GLY:VdWContact': 1, 'UNL:LYS:Hydrophobic': 1, 'UNL:SER:VdWContact': 1, 'UNL:TYR:Hydrophobic': 2, 'UNL:TYR:VdWContact': 1}"
455,Boltz-1,7QFM_AY3,0.25,0.375,"{'UNL:ARG:Hydrophobic': 1, 'UNL:ARG:VdWContact': 1, 'UNL:ASP:Hydrophobic': 1, 'UNL:ASP:VdWContact': 1, 'UNL:GLU:HBDonor': 2, 'UNL:GLU:VdWContact': 2, 'UNL:ILE:Hydrophobic': 1, 'UNL:ILE:VdWContact': 1, 'UNL:LEU:VdWContact': 1, 'UNL:LYS:HBAcceptor': 1, 'UNL:LYS:Hydrophobic': 1, 'UNL:LYS:VdWContact': 1, 'UNL:PHE:Hydrophobic': 1, 'UNL:PHE:VdWContact': 1, 'UNL:VAL:Hydrophobic': 1, 'UNL:VAL:VdWContact': 2}","{'UNL:ALA:Hydrophobic': 1, 'UNL:ARG:VdWContact': 1, 'UNL:ASP:HBAcceptor': 1, 'UNL:ASP:Hydrophobic': 1, 'UNL:ASP:VdWContact': 2, 'UNL:ILE:Hydrophobic': 2, 'UNL:ILE:VdWContact': 1, 'UNL:LEU:Hydrophobic': 3, 'UNL:LEU:VdWContact': 1, 'UNL:LYS:HBDonor': 1, 'UNL:LYS:VdWContact': 1, 'UNL:VAL:Hydrophobic': 1}"
456,Boltz-1,7XBV_APC,0.0,0.41666666666666663,"{'UNL:ARG:HBAcceptor': 1, 'UNL:ARG:VdWContact': 1, 'UNL:ASP:HBDonor': 1, 'UNL:ASP:VdWContact': 1, 'UNL:GLY:HBAcceptor': 1, 'UNL:GLY:VdWContact': 1, 'UNL:ILE:HBDonor': 1, 'UNL:ILE:VdWContact': 1, 'UNL:PRO:VdWContact': 1, 'UNL:SER:VdWContact': 1, 'UNL:THR:HBAcceptor': 1, 'UNL:THR:VdWContact': 2, 'UNL:TYR:VdWContact': 1}","{'UNL:ASP:HBDonor': 1, 'UNL:ASP:VdWContact': 1, 'UNL:GLY:HBAcceptor': 1, 'UNL:GLY:VdWContact': 2, 'UNL:ILE:HBDonor': 1, 'UNL:ILE:Hydrophobic': 1, 'UNL:ILE:VdWContact': 1, 'UNL:PHE:Hydrophobic': 2, 'UNL:PHE:VdWContact': 1, 'UNL:PRO:VdWContact': 1, 'UNL:SER:HBAcceptor': 1, 'UNL:SER:VdWContact': 1, 'UNL:THR:HBAcceptor': 1, 'UNL:THR:VdWContact': 2, 'UNL:TYR:Hydrophobic': 1, 'UNL:TYR:VdWContact': 1}"
457,Boltz-1,7V14_ORU,0.0,0.30769230769230776,"{'UNL:CYS:VdWContact': 1, 'UNL:GLY:HBAcceptor': 1, 'UNL:GLY:VdWContact': 3, 'UNL:HIS:VdWContact': 1, 'UNL:ILE:VdWContact': 1, 'UNL:LYS:Hydrophobic': 1, 'UNL:LYS:VdWContact': 1, 'UNL:SER:HBAcceptor': 1, 'UNL:SER:VdWContact': 1, 'UNL:THR:VdWContact': 1}","{'UNL:ALA:Hydrophobic': 1, 'UNL:CYS:VdWContact': 2, 'UNL:GLY:HBAcceptor': 1, 'UNL:GLY:VdWContact': 3, 'UNL:ILE:Hydrophobic': 1, 'UNL:LYS:Hydrophobic': 1, 'UNL:LYS:VdWContact': 1, 'UNL:SER:HBAcceptor': 1, 'UNL:SER:VdWContact': 1, 'UNL:THR:Hydrophobic': 1, 'UNL:THR:VdWContact': 1, 'UNL:TYR:Hydrophobic': 1, 'UNL:TYR:VdWContact': 1}"
458,Boltz-1,7Q27_8KC,0.0,0.25,"{'UNL:ALA:VdWContact': 1, 'UNL:GLN:HBAcceptor': 1, 'UNL:GLN:Hydrophobic': 1, 'UNL:GLN:VdWContact': 1, 'UNL:GLU:VdWContact': 2, 'UNL:HIS:HBAcceptor': 2, 'UNL:HIS:HBDonor': 1, 'UNL:HIS:Hydrophobic': 1, 'UNL:HIS:VdWContact': 4, 'UNL:LYS:HBAcceptor': 1, 'UNL:LYS:VdWContact': 1, 'UNL:PHE:VdWContact': 1, 'UNL:THR:VdWContact': 1, 'UNL:TYR:Hydrophobic': 1, 'UNL:TYR:VdWContact': 2, 'UNL:VAL:Hydrophobic': 2, 'UNL:VAL:VdWContact': 2}","{'UNL:ALA:Hydrophobic': 1, 'UNL:ALA:VdWContact': 1, 'UNL:ASP:VdWContact': 1, 'UNL:GLN:HBAcceptor': 1, 'UNL:GLN:VdWContact': 1, 'UNL:GLU:VdWContact': 1, 'UNL:HIS:HBAcceptor': 1, 'UNL:HIS:HBDonor': 2, 'UNL:HIS:Hydrophobic': 1, 'UNL:HIS:VdWContact': 4, 'UNL:LYS:HBDonor': 1, 'UNL:LYS:VdWContact': 1, 'UNL:PHE:Hydrophobic': 3, 'UNL:PHE:VdWContact': 1, 'UNL:TYR:Hydrophobic': 1, 'UNL:TYR:VdWContact': 2, 'UNL:VAL:Hydrophobic': 3, 'UNL:VAL:VdWContact': 1}"
459,Boltz-1,8DHG_T78,0.3333333333333333,0.8421052631578946,"{'UNL:ALA:VdWContact': 2, 'UNL:ARG:HBAcceptor': 1, 'UNL:ARG:HBDonor': 1, 'UNL:ARG:VdWContact': 1, 'UNL:HIS:VdWContact': 1, 'UNL:LEU:Hydrophobic': 1, 'UNL:LEU:VdWContact': 3, 'UNL:MET:VdWContact': 1, 'UNL:PHE:Hydrophobic': 1, 'UNL:PHE:VdWContact': 1, 'UNL:PRO:VdWContact': 2, 'UNL:THR:VdWContact': 1, 'UNL:TYR:VdWContact': 1}","{'UNL:ALA:Hydrophobic': 2, 'UNL:ALA:VdWContact': 2, 'UNL:ARG:VdWContact': 1, 'UNL:GLN:HBAcceptor': 1, 'UNL:GLN:VdWContact': 1, 'UNL:HIS:Hydrophobic': 1, 'UNL:HIS:VdWContact': 1, 'UNL:LEU:Hydrophobic': 4, 'UNL:LEU:VdWContact': 4, 'UNL:MET:Hydrophobic': 2, 'UNL:MET:VdWContact': 1, 'UNL:PHE:Hydrophobic': 2, 'UNL:PRO:Hydrophobic': 1, 'UNL:PRO:VdWContact': 1, 'UNL:THR:Hydrophobic': 1, 'UNL:THR:VdWContact': 2, 'UNL:TYR:Hydrophobic': 2, 'UNL:TYR:VdWContact': 1, 'UNL:VAL:Hydrophobic': 2}"
460,Boltz-1,7THI_PGA,0.6666666666666666,0.33333333333333326,"{'UNL:ARG:VdWContact': 2, 'UNL:CYS:HBAcceptor': 1, 'UNL:CYS:VdWContact': 1, 'UNL:GLU:VdWContact': 1, 'UNL:SER:HBAcceptor': 1, 'UNL:SER:VdWContact': 1, 'UNL:TYR:HBAcceptor': 1, 'UNL:TYR:VdWContact': 1}","{'UNL:ARG:HBAcceptor': 3, 'UNL:ARG:VdWContact': 3, 'UNL:ASN:HBAcceptor': 1, 'UNL:ASN:VdWContact': 1, 'UNL:CYS:HBAcceptor': 1, 'UNL:CYS:HBDonor': 1, 'UNL:CYS:VdWContact': 1, 'UNL:GLU:VdWContact': 1, 'UNL:SER:HBAcceptor': 1, 'UNL:SER:VdWContact': 1, 'UNL:TYR:VdWContact': 1}"
461,Boltz-1,7XPO_UPG,0.25,0.18181818181818185,"{'UNL:ARG:HBAcceptor': 2, 'UNL:ARG:VdWContact': 2, 'UNL:ASN:HBAcceptor': 1, 'UNL:ASN:VdWContact': 2, 'UNL:ASP:HBDonor': 1, 'UNL:ASP:VdWContact': 1, 'UNL:LEU:HBAcceptor': 1, 'UNL:LEU:Hydrophobic': 1, 'UNL:LEU:VdWContact': 1, 'UNL:LYS:VdWContact': 1, 'UNL:PHE:VdWContact': 1, 'UNL:SER:VdWContact': 1, 'UNL:THR:HBDonor': 1, 'UNL:THR:VdWContact': 1, 'UNL:TYR:HBAcceptor': 1, 'UNL:TYR:HBDonor': 1, 'UNL:TYR:VdWContact': 3, 'UNL:VAL:VdWContact': 2}","{'UNL:ARG:HBAcceptor': 2, 'UNL:ARG:VdWContact': 2, 'UNL:ASN:HBAcceptor': 2, 'UNL:ASN:VdWContact': 2, 'UNL:ASP:HBDonor': 1, 'UNL:ASP:VdWContact': 1, 'UNL:LEU:HBAcceptor': 1, 'UNL:LEU:Hydrophobic': 2, 'UNL:LEU:VdWContact': 1, 'UNL:PHE:VdWContact': 1, 'UNL:SER:HBDonor': 1, 'UNL:SER:VdWContact': 1, 'UNL:THR:HBDonor': 1, 'UNL:THR:VdWContact': 2, 'UNL:TYR:VdWContact': 1, 'UNL:VAL:VdWContact': 1}"
462,Boltz-1,7TE8_P0T,0.0,0.4761904761904762,"{'UNL:ALA:VdWContact': 2, 'UNL:ASN:HBDonor': 1, 'UNL:ASN:Hydrophobic': 2, 'UNL:ASN:VdWContact': 2, 'UNL:LEU:Hydrophobic': 1, 'UNL:LEU:VdWContact': 1, 'UNL:LYS:Hydrophobic': 1, 'UNL:MET:Hydrophobic': 2, 'UNL:MET:VdWContact': 1, 'UNL:PHE:VdWContact': 1, 'UNL:TRP:VdWContact': 1}","{'UNL:ALA:Hydrophobic': 3, 'UNL:ALA:VdWContact': 1, 'UNL:ASP:HBDonor': 1, 'UNL:ASP:Hydrophobic': 1, 'UNL:ASP:VdWContact': 1, 'UNL:GLN:Hydrophobic': 1, 'UNL:GLU:Hydrophobic': 1, 'UNL:HIS:Hydrophobic': 1, 'UNL:HIS:VdWContact': 1, 'UNL:LYS:Hydrophobic': 1, 'UNL:LYS:VdWContact': 1, 'UNL:MET:Hydrophobic': 1, 'UNL:PHE:Hydrophobic': 4, 'UNL:PHE:VdWContact': 1, 'UNL:TRP:VdWContact': 1, 'UNL:TYR:Hydrophobic': 2, 'UNL:TYR:VdWContact': 1}"
463,Boltz-1,7QF4_RBF,0.0,0.5625,"{'UNL:ARG:HBAcceptor': 1, 'UNL:ARG:VdWContact': 1, 'UNL:ASN:HBAcceptor': 2, 'UNL:ASN:HBDonor': 1, 'UNL:ASN:VdWContact': 4, 'UNL:GLN:HBAcceptor': 2, 'UNL:GLN:VdWContact': 2, 'UNL:GLY:VdWContact': 1, 'UNL:ILE:VdWContact': 2, 'UNL:LEU:VdWContact': 1, 'UNL:PHE:VdWContact': 1, 'UNL:THR:VdWContact': 1, 'UNL:VAL:VdWContact': 1}","{'UNL:ARG:HBAcceptor': 1, 'UNL:ARG:VdWContact': 1, 'UNL:ASN:HBAcceptor': 2, 'UNL:ASN:HBDonor': 1, 'UNL:ASN:Hydrophobic': 1, 'UNL:ASN:VdWContact': 3, 'UNL:GLN:HBAcceptor': 2, 'UNL:GLN:Hydrophobic': 1, 'UNL:GLN:VdWContact': 2, 'UNL:GLY:VdWContact': 1, 'UNL:ILE:Hydrophobic': 1, 'UNL:ILE:VdWContact': 2, 'UNL:LEU:Hydrophobic': 4, 'UNL:PHE:Hydrophobic': 1, 'UNL:PHE:VdWContact': 1, 'UNL:THR:Hydrophobic': 1, 'UNL:THR:VdWContact': 1, 'UNL:VAL:Hydrophobic': 1, 'UNL:VAL:VdWContact': 2}"
464,Boltz-1,8EAB_VN2,0.0,0.3333333333333333,"{'UNL:HIS:VdWContact': 1, 'UNL:ILE:Hydrophobic': 1, 'UNL:ILE:VdWContact': 2, 'UNL:LEU:HBDonor': 1, 'UNL:LEU:Hydrophobic': 2, 'UNL:LEU:VdWContact': 4, 'UNL:LYS:HBAcceptor': 2, 'UNL:LYS:Hydrophobic': 1, 'UNL:LYS:VdWContact': 2, 'UNL:PHE:Hydrophobic': 2, 'UNL:PHE:VdWContact': 2, 'UNL:TYR:VdWContact': 1, 'UNL:VAL:VdWContact': 2}","{'UNL:ILE:Hydrophobic': 4, 'UNL:ILE:VdWContact': 2, 'UNL:LEU:HBDonor': 1, 'UNL:LEU:Hydrophobic': 2, 'UNL:LEU:VdWContact': 2, 'UNL:LYS:HBAcceptor': 2, 'UNL:LYS:Hydrophobic': 2, 'UNL:LYS:VdWContact': 2, 'UNL:PHE:Hydrophobic': 2, 'UNL:PHE:VdWContact': 2, 'UNL:VAL:Hydrophobic': 2, 'UNL:VAL:VdWContact': 2}"
465,Boltz-1,7TH4_FFO,0.1428571428571429,0.4285714285714286,"{'UNL:ARG:VdWContact': 1, 'UNL:ASP:HBDonor': 1, 'UNL:ASP:VdWContact': 1, 'UNL:GLN:VdWContact': 1, 'UNL:GLU:HBDonor': 1, 'UNL:GLU:VdWContact': 1, 'UNL:LEU:HBAcceptor': 1, 'UNL:LEU:VdWContact': 1, 'UNL:LYS:VdWContact': 1, 'UNL:PHE:Hydrophobic': 1, 'UNL:PHE:VdWContact': 1, 'UNL:THR:HBAcceptor': 1, 'UNL:THR:VdWContact': 1, 'UNL:TYR:Hydrophobic': 1, 'UNL:TYR:VdWContact': 1}","{'UNL:ARG:HBAcceptor': 1, 'UNL:ARG:VdWContact': 2, 'UNL:ASP:HBDonor': 1, 'UNL:ASP:VdWContact': 1, 'UNL:GLN:HBAcceptor': 2, 'UNL:GLN:HBDonor': 1, 'UNL:GLN:VdWContact': 2, 'UNL:LEU:Hydrophobic': 1, 'UNL:MET:Hydrophobic': 1, 'UNL:PHE:Hydrophobic': 2, 'UNL:TYR:VdWContact': 1, 'UNL:VAL:Hydrophobic': 1}"
466,Boltz-1,7YZU_DO7,0.16666666666666666,0.6363636363636364,"{'UNL:ARG:HBAcceptor': 1, 'UNL:ARG:VdWContact': 1, 'UNL:ASP:HBDonor': 1, 'UNL:ASP:VdWContact': 2, 'UNL:GLU:Hydrophobic': 1, 'UNL:GLY:HBAcceptor': 1, 'UNL:GLY:VdWContact': 2, 'UNL:THR:HBAcceptor': 1, 'UNL:THR:VdWContact': 1, 'UNL:TRP:VdWContact': 1}","{'UNL:ARG:HBAcceptor': 1, 'UNL:ARG:VdWContact': 1, 'UNL:ASP:HBDonor': 1, 'UNL:ASP:VdWContact': 2, 'UNL:GLN:VdWContact': 1, 'UNL:GLU:Hydrophobic': 1, 'UNL:GLU:VdWContact': 1, 'UNL:GLY:HBAcceptor': 1, 'UNL:GLY:VdWContact': 3, 'UNL:HIS:VdWContact': 1, 'UNL:ILE:VdWContact': 1, 'UNL:SER:HBAcceptor': 1, 'UNL:SER:VdWContact': 1, 'UNL:THR:VdWContact': 1, 'UNL:TRP:HBAcceptor': 1, 'UNL:TRP:VdWContact': 2}"
467,Boltz-1,7TOM_5AD,0.39999999999999997,0.5000000000000001,"{'UNL:ARG:HBAcceptor': 1, 'UNL:ARG:VdWContact': 1, 'UNL:CYS:VdWContact': 1, 'UNL:GLN:VdWContact': 1, 'UNL:ILE:VdWContact': 1, 'UNL:PHE:VdWContact': 1, 'UNL:PRO:VdWContact': 1, 'UNL:SER:HBAcceptor': 1, 'UNL:SER:HBDonor': 1, 'UNL:SER:VdWContact': 1}","{'UNL:ALA:Hydrophobic': 1, 'UNL:ARG:VdWContact': 1, 'UNL:GLN:HBAcceptor': 2, 'UNL:GLN:Hydrophobic': 1, 'UNL:GLN:VdWContact': 2, 'UNL:ILE:Hydrophobic': 1, 'UNL:MET:Hydrophobic': 1, 'UNL:MET:VdWContact': 1, 'UNL:PHE:HBAcceptor': 1, 'UNL:PHE:Hydrophobic': 1, 'UNL:PHE:VdWContact': 1, 'UNL:SER:HBAcceptor': 1, 'UNL:SER:HBDonor': 1, 'UNL:SER:VdWContact': 1, 'UNL:THR:Hydrophobic': 1, 'UNL:THR:VdWContact': 1, 'UNL:TYR:Hydrophobic': 1, 'UNL:VAL:Hydrophobic': 1, 'UNL:VAL:VdWContact': 1}"
468,Boltz-1,7VWF_K55,0.33333333333333337,0.43478260869565233,"{'UNL:ARG:Hydrophobic': 1, 'UNL:ARG:VdWContact': 1, 'UNL:CYS:Hydrophobic': 1, 'UNL:CYS:VdWContact': 1, 'UNL:GLN:Hydrophobic': 1, 'UNL:HIS:HBAcceptor': 2, 'UNL:HIS:VdWContact': 2, 'UNL:ILE:Hydrophobic': 1, 'UNL:ILE:VdWContact': 1, 'UNL:LEU:Hydrophobic': 1, 'UNL:LEU:VdWContact': 1, 'UNL:LYS:Hydrophobic': 1, 'UNL:LYS:VdWContact': 1, 'UNL:PHE:VdWContact': 2, 'UNL:THR:VdWContact': 2, 'UNL:TYR:HBDonor': 1, 'UNL:TYR:VdWContact': 1, 'UNL:VAL:Hydrophobic': 1, 'UNL:VAL:VdWContact': 2}","{'UNL:ARG:Hydrophobic': 1, 'UNL:CYS:Hydrophobic': 1, 'UNL:CYS:VdWContact': 1, 'UNL:GLN:Hydrophobic': 1, 'UNL:HIS:HBAcceptor': 1, 'UNL:HIS:VdWContact': 2, 'UNL:ILE:Hydrophobic': 2, 'UNL:ILE:VdWContact': 1, 'UNL:LEU:Hydrophobic': 4, 'UNL:LYS:Hydrophobic': 1, 'UNL:MET:Hydrophobic': 1, 'UNL:MET:VdWContact': 1, 'UNL:PHE:Hydrophobic': 3, 'UNL:PHE:VdWContact': 1, 'UNL:THR:HBDonor': 1, 'UNL:THR:Hydrophobic': 1, 'UNL:THR:VdWContact': 2, 'UNL:TRP:Hydrophobic': 1, 'UNL:TRP:VdWContact': 1, 'UNL:TYR:VdWContact': 1, 'UNL:VAL:Hydrophobic': 4, 'UNL:VAL:VdWContact': 1}"
469,Boltz-1,7XI7_4RI,0.3333333333333333,0.3333333333333333,"{'UNL:GLU:HBDonor': 1, 'UNL:GLU:VdWContact': 1, 'UNL:ILE:HBDonor': 1, 'UNL:ILE:Hydrophobic': 1, 'UNL:ILE:VdWContact': 1, 'UNL:PHE:Hydrophobic': 2, 'UNL:PHE:VdWContact': 2, 'UNL:VAL:HBDonor': 1, 'UNL:VAL:VdWContact': 1}","{'UNL:ALA:Hydrophobic': 1, 'UNL:GLU:HBDonor': 1, 'UNL:GLU:VdWContact': 1, 'UNL:ILE:HBDonor': 1, 'UNL:ILE:Hydrophobic': 2, 'UNL:ILE:VdWContact': 1, 'UNL:LEU:Hydrophobic': 1, 'UNL:PHE:Hydrophobic': 2, 'UNL:PHE:VdWContact': 1, 'UNL:THR:Hydrophobic': 1, 'UNL:VAL:VdWContact': 1}"
470,Boltz-1,7WPW_F15,0.0,0.5,"{'UNL:ALA:VdWContact': 1, 'UNL:ARG:HBAcceptor': 1, 'UNL:ARG:VdWContact': 1, 'UNL:ASP:Hydrophobic': 1, 'UNL:ASP:VdWContact': 1, 'UNL:LYS:Hydrophobic': 1, 'UNL:LYS:VdWContact': 1, 'UNL:MET:Hydrophobic': 1, 'UNL:PHE:VdWContact': 1, 'UNL:TYR:HBDonor': 1, 'UNL:TYR:VdWContact': 1}","{'UNL:ALA:Hydrophobic': 2, 'UNL:ARG:HBAcceptor': 1, 'UNL:ARG:HBDonor': 1, 'UNL:ARG:VdWContact': 1, 'UNL:ASP:Hydrophobic': 1, 'UNL:LEU:Hydrophobic': 3, 'UNL:LYS:Hydrophobic': 1, 'UNL:MET:Hydrophobic': 1, 'UNL:PHE:Hydrophobic': 2, 'UNL:PRO:Hydrophobic': 1, 'UNL:THR:Hydrophobic': 2, 'UNL:TYR:Hydrophobic': 1, 'UNL:TYR:VdWContact': 1, 'UNL:VAL:Hydrophobic': 1}"
471,Boltz-1,7T3E_SLB,0.3333333333333333,0.5,"{'UNL:ARG:HBAcceptor': 2, 'UNL:ARG:HBDonor': 1, 'UNL:ARG:VdWContact': 3, 'UNL:ASN:HBAcceptor': 1, 'UNL:ASN:VdWContact': 1, 'UNL:ASP:VdWContact': 1, 'UNL:GLN:VdWContact': 2, 'UNL:GLU:HBDonor': 1, 'UNL:GLU:VdWContact': 1, 'UNL:PHE:VdWContact': 1}","{'UNL:ARG:HBAcceptor': 2, 'UNL:ARG:HBDonor': 1, 'UNL:ARG:VdWContact': 3, 'UNL:ASN:HBAcceptor': 1, 'UNL:ASN:VdWContact': 1, 'UNL:ASP:HBDonor': 1, 'UNL:ASP:Hydrophobic': 1, 'UNL:ASP:VdWContact': 1, 'UNL:GLN:HBAcceptor': 1, 'UNL:GLN:VdWContact': 2, 'UNL:GLU:HBDonor': 1, 'UNL:GLU:VdWContact': 1, 'UNL:PHE:Hydrophobic': 2, 'UNL:PHE:VdWContact': 2}"
472,Boltz-1,7ZF0_DHR,0.5,0.4444444444444445,"{'UNL:GLN:HBAcceptor': 1, 'UNL:GLN:VdWContact': 1, 'UNL:GLU:HBDonor': 1, 'UNL:GLU:VdWContact': 1, 'UNL:PHE:VdWContact': 1, 'UNL:VAL:Hydrophobic': 1, 'UNL:VAL:VdWContact': 1}","{'UNL:GLN:HBAcceptor': 1, 'UNL:GLN:VdWContact': 1, 'UNL:HIS:VdWContact': 1, 'UNL:MET:Hydrophobic': 1, 'UNL:MET:VdWContact': 1, 'UNL:PHE:Hydrophobic': 2, 'UNL:VAL:Hydrophobic': 3}"
473,Boltz-1,7Z1Q_NIO,0.0,0.44444444444444453,"{'UNL:LEU:VdWContact': 1, 'UNL:LYS:HBAcceptor': 1, 'UNL:LYS:VdWContact': 1, 'UNL:VAL:Hydrophobic': 1, 'UNL:VAL:VdWContact': 1}","{'UNL:ALA:Hydrophobic': 1, 'UNL:LEU:Hydrophobic': 1, 'UNL:LYS:HBDonor': 1, 'UNL:LYS:VdWContact': 1, 'UNL:PHE:Hydrophobic': 1, 'UNL:TYR:Hydrophobic': 1, 'UNL:TYR:VdWContact': 1, 'UNL:VAL:Hydrophobic': 2}"
474,Boltz-1,7VQ9_ISY,1.0,0.23076923076923073,"{'UNL:ARG:HBAcceptor': 3, 'UNL:ARG:HBDonor': 1, 'UNL:ARG:VdWContact': 3, 'UNL:ASN:VdWContact': 1, 'UNL:ASP:Hydrophobic': 1, 'UNL:ASP:VdWContact': 1, 'UNL:ILE:VdWContact': 1, 'UNL:PHE:Hydrophobic': 1, 'UNL:PHE:VdWContact': 1, 'UNL:PRO:VdWContact': 1, 'UNL:SER:VdWContact': 1}","{'UNL:ARG:HBAcceptor': 1, 'UNL:ARG:HBDonor': 1, 'UNL:ARG:VdWContact': 2, 'UNL:ASN:VdWContact': 1, 'UNL:ASP:Hydrophobic': 1, 'UNL:GLY:VdWContact': 1, 'UNL:ILE:Hydrophobic': 1, 'UNL:PHE:Hydrophobic': 1, 'UNL:PHE:VdWContact': 1, 'UNL:PRO:Hydrophobic': 1, 'UNL:PRO:VdWContact': 1, 'UNL:SER:HBAcceptor': 1, 'UNL:SER:VdWContact': 1, 'UNL:THR:Hydrophobic': 1}"
475,Boltz-1,7TYP_KUR,0.0,0.5454545454545454,"{'UNL:ALA:VdWContact': 1, 'UNL:CYS:VdWContact': 1, 'UNL:GLN:VdWContact': 1, 'UNL:GLU:VdWContact': 1, 'UNL:ILE:VdWContact': 1, 'UNL:LEU:Hydrophobic': 1, 'UNL:LEU:VdWContact': 2, 'UNL:LYS:HBAcceptor': 1, 'UNL:LYS:VdWContact': 1, 'UNL:MET:Hydrophobic': 1, 'UNL:MET:VdWContact': 1, 'UNL:PHE:VdWContact': 3, 'UNL:SER:VdWContact': 1, 'UNL:TYR:Hydrophobic': 1, 'UNL:TYR:VdWContact': 1, 'UNL:VAL:VdWContact': 1}","{'UNL:ALA:Hydrophobic': 2, 'UNL:CYS:HBAcceptor': 1, 'UNL:CYS:Hydrophobic': 2, 'UNL:CYS:VdWContact': 1, 'UNL:GLU:Hydrophobic': 1, 'UNL:GLU:VdWContact': 1, 'UNL:ILE:Hydrophobic': 1, 'UNL:ILE:VdWContact': 1, 'UNL:LEU:Hydrophobic': 6, 'UNL:LYS:Hydrophobic': 1, 'UNL:LYS:VdWContact': 1, 'UNL:MET:Hydrophobic': 1, 'UNL:MET:VdWContact': 1, 'UNL:PHE:Hydrophobic': 4, 'UNL:PHE:VdWContact': 1, 'UNL:SER:VdWContact': 1, 'UNL:TYR:Hydrophobic': 1, 'UNL:TYR:VdWContact': 1, 'UNL:VAL:Hydrophobic': 2, 'UNL:VAL:VdWContact': 1}"
476,Boltz-1,8HFN_XGC,0.16666666666666666,0.35294117647058826,"{'UNL:ASN:VdWContact': 1, 'UNL:CYS:Hydrophobic': 1, 'UNL:CYS:VdWContact': 2, 'UNL:GLY:VdWContact': 2, 'UNL:HIS:HBAcceptor': 1, 'UNL:HIS:VdWContact': 1, 'UNL:ILE:HBAcceptor': 1, 'UNL:ILE:VdWContact': 2, 'UNL:MET:Hydrophobic': 1, 'UNL:MET:VdWContact': 1, 'UNL:THR:HBAcceptor': 1, 'UNL:THR:HBDonor': 1, 'UNL:THR:VdWContact': 3, 'UNL:TRP:VdWContact': 1, 'UNL:TYR:VdWContact': 1}","{'UNL:ASN:HBDonor': 1, 'UNL:ASN:VdWContact': 1, 'UNL:CYS:Hydrophobic': 1, 'UNL:CYS:VdWContact': 2, 'UNL:GLY:VdWContact': 2, 'UNL:HIS:HBAcceptor': 1, 'UNL:HIS:VdWContact': 1, 'UNL:ILE:VdWContact': 1, 'UNL:LEU:Hydrophobic': 1, 'UNL:LYS:Hydrophobic': 1, 'UNL:LYS:VdWContact': 1, 'UNL:MET:HBAcceptor': 1, 'UNL:MET:VdWContact': 1, 'UNL:THR:HBAcceptor': 1, 'UNL:THR:HBDonor': 1, 'UNL:THR:Hydrophobic': 1, 'UNL:THR:VdWContact': 3, 'UNL:TRP:Hydrophobic': 1, 'UNL:TRP:VdWContact': 1, 'UNL:TYR:Hydrophobic': 1, 'UNL:TYR:VdWContact': 1}"
477,Boltz-1,7W06_ITN,0.2857142857142857,0.19999999999999996,"{'UNL:ALA:HBDonor': 1, 'UNL:ALA:VdWContact': 1, 'UNL:ARG:HBAcceptor': 1, 'UNL:ARG:Hydrophobic': 1, 'UNL:ARG:VdWContact': 1, 'UNL:ASN:VdWContact': 1, 'UNL:ILE:Hydrophobic': 1, 'UNL:ILE:VdWContact': 1, 'UNL:SER:HBAcceptor': 1, 'UNL:SER:HBDonor': 1, 'UNL:SER:VdWContact': 1, 'UNL:THR:HBAcceptor': 1, 'UNL:THR:VdWContact': 2}","{'UNL:ARG:HBAcceptor': 1, 'UNL:ARG:VdWContact': 1, 'UNL:ASN:HBAcceptor': 1, 'UNL:ASN:VdWContact': 1, 'UNL:ILE:Hydrophobic': 2, 'UNL:LEU:Hydrophobic': 1, 'UNL:PHE:Hydrophobic': 1, 'UNL:SER:HBAcceptor': 1, 'UNL:SER:VdWContact': 1, 'UNL:THR:HBAcceptor': 2, 'UNL:THR:HBDonor': 2, 'UNL:THR:VdWContact': 2}"
478,Boltz-1,7UAS_MBU,0.0,0.5333333333333333,"{'UNL:ALA:VdWContact': 1, 'UNL:ASP:VdWContact': 1, 'UNL:CYS:HBAcceptor': 1, 'UNL:CYS:Hydrophobic': 1, 'UNL:CYS:VdWContact': 1, 'UNL:ILE:Hydrophobic': 1, 'UNL:ILE:VdWContact': 2, 'UNL:PHE:VdWContact': 2, 'UNL:SER:VdWContact': 2, 'UNL:TYR:VdWContact': 2}","{'UNL:ASP:Hydrophobic': 2, 'UNL:CYS:HBAcceptor': 1, 'UNL:CYS:Hydrophobic': 1, 'UNL:CYS:VdWContact': 1, 'UNL:GLY:VdWContact': 1, 'UNL:ILE:Hydrophobic': 1, 'UNL:ILE:VdWContact': 1, 'UNL:LYS:Hydrophobic': 1, 'UNL:PHE:Hydrophobic': 4, 'UNL:PHE:VdWContact': 2, 'UNL:PRO:Hydrophobic': 1, 'UNL:SER:VdWContact': 2, 'UNL:TYR:Hydrophobic': 2, 'UNL:TYR:VdWContact': 2}"
479,Boltz-1,8GFD_ZHR,0.25,0.2142857142857143,"{'UNL:ASN:VdWContact': 1, 'UNL:GLN:VdWContact': 1, 'UNL:GLU:HBDonor': 1, 'UNL:GLU:VdWContact': 1, 'UNL:GLY:VdWContact': 1, 'UNL:HIS:VdWContact': 1, 'UNL:LEU:VdWContact': 1, 'UNL:MET:HBAcceptor': 1, 'UNL:MET:VdWContact': 1, 'UNL:PHE:VdWContact': 1, 'UNL:TYR:HBDonor': 1, 'UNL:TYR:VdWContact': 1}","{'UNL:ALA:Hydrophobic': 1, 'UNL:ARG:Hydrophobic': 1, 'UNL:GLN:HBAcceptor': 1, 'UNL:GLN:VdWContact': 2, 'UNL:GLU:HBDonor': 1, 'UNL:GLU:VdWContact': 1, 'UNL:SER:VdWContact': 2, 'UNL:TRP:Hydrophobic': 1, 'UNL:TYR:Hydrophobic': 1, 'UNL:TYR:VdWContact': 1}"
480,Boltz-1,7UQ3_O2U,0.25,0.18181818181818182,"{'UNL:ASN:HBAcceptor': 1, 'UNL:ASN:VdWContact': 1, 'UNL:ASP:VdWContact': 1, 'UNL:HIS:HBAcceptor': 1, 'UNL:HIS:HBDonor': 1, 'UNL:HIS:VdWContact': 2, 'UNL:LYS:HBAcceptor': 1, 'UNL:LYS:VdWContact': 1, 'UNL:SER:VdWContact': 2, 'UNL:TRP:Hydrophobic': 1, 'UNL:TRP:VdWContact': 1, 'UNL:TYR:VdWContact': 1, 'UNL:VAL:Hydrophobic': 1}","{'UNL:ASN:HBAcceptor': 1, 'UNL:ASN:VdWContact': 1, 'UNL:ASP:VdWContact': 1, 'UNL:HIS:HBAcceptor': 1, 'UNL:HIS:HBDonor': 1, 'UNL:HIS:VdWContact': 2, 'UNL:LEU:Hydrophobic': 1, 'UNL:LEU:VdWContact': 1, 'UNL:LYS:VdWContact': 1, 'UNL:SER:VdWContact': 2, 'UNL:TRP:Hydrophobic': 1, 'UNL:TRP:VdWContact': 1, 'UNL:TYR:VdWContact': 1, 'UNL:VAL:Hydrophobic': 1}"
481,Boltz-1,7USH_82V,0.0,0.9090909090909091,"{'UNL:ASN:HBAcceptor': 1, 'UNL:ASN:VdWContact': 1, 'UNL:PRO:VdWContact': 1, 'UNL:TRP:VdWContact': 1}","{'UNL:ASN:HBAcceptor': 1, 'UNL:ASN:VdWContact': 1, 'UNL:HIS:VdWContact': 1, 'UNL:LEU:Hydrophobic': 2, 'UNL:LEU:VdWContact': 1, 'UNL:PHE:Hydrophobic': 1, 'UNL:PRO:Hydrophobic': 1, 'UNL:PRO:VdWContact': 1, 'UNL:TRP:Hydrophobic': 1, 'UNL:TRP:VdWContact': 1, 'UNL:TYR:Hydrophobic': 1, 'UNL:VAL:Hydrophobic': 2}"
482,Boltz-1,7XG5_PLP,0.16666666666666666,0.4444444444444445,"{'UNL:ARG:HBAcceptor': 1, 'UNL:ARG:HBDonor': 1, 'UNL:ARG:VdWContact': 1, 'UNL:ASN:VdWContact': 1, 'UNL:GLU:VdWContact': 1, 'UNL:GLY:VdWContact': 1, 'UNL:LEU:VdWContact': 1, 'UNL:LYS:HBAcceptor': 1, 'UNL:LYS:VdWContact': 1, 'UNL:THR:HBAcceptor': 2, 'UNL:THR:VdWContact': 2, 'UNL:VAL:HBAcceptor': 1, 'UNL:VAL:VdWContact': 1}","{'UNL:ARG:HBAcceptor': 1, 'UNL:ARG:VdWContact': 1, 'UNL:ASN:VdWContact': 1, 'UNL:GLU:VdWContact': 1, 'UNL:GLY:VdWContact': 2, 'UNL:LEU:Hydrophobic': 2, 'UNL:LEU:VdWContact': 1, 'UNL:LYS:VdWContact': 1, 'UNL:THR:HBAcceptor': 2, 'UNL:THR:VdWContact': 3, 'UNL:VAL:HBAcceptor': 1, 'UNL:VAL:HBDonor': 1, 'UNL:VAL:VdWContact': 1}"
483,Boltz-1,8G6P_API,0.09999999999999998,0.09090909090909094,"{'UNL:ARG:HBAcceptor': 1, 'UNL:ARG:HBDonor': 1, 'UNL:ARG:VdWContact': 1, 'UNL:HIS:Hydrophobic': 1, 'UNL:HIS:VdWContact': 2, 'UNL:LYS:HBAcceptor': 1, 'UNL:LYS:HBDonor': 2, 'UNL:LYS:VdWContact': 2, 'UNL:SER:HBAcceptor': 1, 'UNL:SER:VdWContact': 2, 'UNL:THR:HBAcceptor': 1, 'UNL:THR:VdWContact': 1, 'UNL:TYR:VdWContact': 1}","{'UNL:ARG:HBAcceptor': 2, 'UNL:ARG:HBDonor': 2, 'UNL:ARG:VdWContact': 2, 'UNL:ASN:HBAcceptor': 1, 'UNL:ASN:VdWContact': 1, 'UNL:ASP:HBDonor': 1, 'UNL:ASP:VdWContact': 1, 'UNL:GLU:HBDonor': 1, 'UNL:GLU:VdWContact': 1, 'UNL:GLY:HBDonor': 1, 'UNL:GLY:VdWContact': 2, 'UNL:HIS:Hydrophobic': 1, 'UNL:HIS:VdWContact': 1}"
484,Boltz-1,7ULC_56B,0.125,0.5,"{'UNL:ASN:HBAcceptor': 1, 'UNL:ASN:HBDonor': 1, 'UNL:ASN:VdWContact': 2, 'UNL:ASP:HBDonor': 1, 'UNL:ASP:VdWContact': 2, 'UNL:GLY:VdWContact': 1, 'UNL:LYS:HBAcceptor': 1, 'UNL:LYS:VdWContact': 2, 'UNL:PHE:VdWContact': 2, 'UNL:TRP:HBAcceptor': 1, 'UNL:TRP:Hydrophobic': 1, 'UNL:TRP:VdWContact': 3, 'UNL:TYR:HBAcceptor': 1, 'UNL:TYR:HBDonor': 1, 'UNL:TYR:VdWContact': 3}","{'UNL:ASN:HBAcceptor': 1, 'UNL:ASN:HBDonor': 1, 'UNL:ASN:VdWContact': 2, 'UNL:ASP:HBDonor': 1, 'UNL:ASP:VdWContact': 2, 'UNL:GLN:HBAcceptor': 1, 'UNL:GLN:VdWContact': 1, 'UNL:ILE:Hydrophobic': 1, 'UNL:ILE:VdWContact': 1, 'UNL:LYS:VdWContact': 2, 'UNL:PHE:Hydrophobic': 1, 'UNL:PHE:VdWContact': 1, 'UNL:TRP:HBAcceptor': 1, 'UNL:TRP:Hydrophobic': 2, 'UNL:TRP:VdWContact': 2, 'UNL:TYR:HBAcceptor': 1, 'UNL:TYR:Hydrophobic': 1, 'UNL:TYR:VdWContact': 2, 'UNL:VAL:Hydrophobic': 1}"
485,Boltz-1,7SFO_98L,0.5,0.6875,"{'UNL:ARG:HBAcceptor': 1, 'UNL:ARG:VdWContact': 1, 'UNL:GLU:VdWContact': 1, 'UNL:HIS:Hydrophobic': 1, 'UNL:LEU:Hydrophobic': 5, 'UNL:LEU:VdWContact': 3, 'UNL:MET:Hydrophobic': 1, 'UNL:MET:VdWContact': 1, 'UNL:PHE:VdWContact': 1, 'UNL:TRP:VdWContact': 1}","{'UNL:ALA:Hydrophobic': 1, 'UNL:ARG:HBAcceptor': 1, 'UNL:ARG:VdWContact': 1, 'UNL:GLU:VdWContact': 1, 'UNL:GLY:VdWContact': 1, 'UNL:HIS:Hydrophobic': 1, 'UNL:HIS:VdWContact': 1, 'UNL:ILE:Hydrophobic': 1, 'UNL:LEU:HBDonor': 1, 'UNL:LEU:Hydrophobic': 7, 'UNL:LEU:VdWContact': 4, 'UNL:MET:Hydrophobic': 4, 'UNL:MET:VdWContact': 1, 'UNL:PHE:Hydrophobic': 1, 'UNL:THR:Hydrophobic': 1, 'UNL:TRP:Hydrophobic': 1}"
486,Boltz-1,8DP2_UMA,0.2222222222222222,0.13333333333333333,"{'UNL:ARG:HBAcceptor': 1, 'UNL:ARG:VdWContact': 1, 'UNL:ASN:HBDonor': 1, 'UNL:ASN:VdWContact': 1, 'UNL:ASP:VdWContact': 1, 'UNL:GLN:VdWContact': 1, 'UNL:GLY:VdWContact': 3, 'UNL:HIS:VdWContact': 1, 'UNL:LEU:Hydrophobic': 1, 'UNL:LYS:HBAcceptor': 1, 'UNL:LYS:VdWContact': 1, 'UNL:PHE:VdWContact': 1, 'UNL:PRO:VdWContact': 1, 'UNL:SER:HBAcceptor': 1, 'UNL:SER:VdWContact': 2, 'UNL:THR:HBAcceptor': 1, 'UNL:THR:HBDonor': 1, 'UNL:THR:VdWContact': 1}","{'UNL:ARG:Hydrophobic': 1, 'UNL:ARG:VdWContact': 1, 'UNL:ASN:HBAcceptor': 1, 'UNL:ASN:HBDonor': 1, 'UNL:ASN:VdWContact': 1, 'UNL:GLN:VdWContact': 1, 'UNL:GLY:HBAcceptor': 1, 'UNL:GLY:VdWContact': 2, 'UNL:HIS:VdWContact': 1, 'UNL:LEU:Hydrophobic': 1, 'UNL:LYS:HBAcceptor': 1, 'UNL:LYS:VdWContact': 1, 'UNL:PHE:Hydrophobic': 1, 'UNL:PRO:VdWContact': 1, 'UNL:SER:HBAcceptor': 1, 'UNL:SER:HBDonor': 1, 'UNL:SER:VdWContact': 2, 'UNL:THR:HBAcceptor': 1, 'UNL:THR:HBDonor': 1, 'UNL:THR:Hydrophobic': 1, 'UNL:THR:VdWContact': 1}"
487,Boltz-1,7XFA_D9J,0.0,0.30000000000000004,"{'UNL:ALA:VdWContact': 1, 'UNL:ARG:HBAcceptor': 1, 'UNL:ARG:Hydrophobic': 1, 'UNL:ARG:VdWContact': 2, 'UNL:ASN:HBAcceptor': 1, 'UNL:ASN:VdWContact': 2, 'UNL:GLU:VdWContact': 1, 'UNL:GLY:VdWContact': 2, 'UNL:HIS:VdWContact': 1, 'UNL:TRP:Hydrophobic': 1, 'UNL:TRP:VdWContact': 1}","{'UNL:ALA:Hydrophobic': 1, 'UNL:ARG:HBAcceptor': 1, 'UNL:ARG:Hydrophobic': 1, 'UNL:ARG:VdWContact': 1, 'UNL:ASN:HBAcceptor': 1, 'UNL:ASN:VdWContact': 2, 'UNL:GLU:VdWContact': 1, 'UNL:GLY:VdWContact': 1, 'UNL:HIS:VdWContact': 1, 'UNL:TRP:Hydrophobic': 1}"
488,Boltz-1,7ZHP_IQY,0.0,0.10526315789473689,"{'UNL:ASP:Hydrophobic': 1, 'UNL:ASP:VdWContact': 1, 'UNL:CYS:VdWContact': 1, 'UNL:GLN:HBAcceptor': 1, 'UNL:GLN:HBDonor': 1, 'UNL:GLN:VdWContact': 2, 'UNL:GLU:Hydrophobic': 1, 'UNL:GLU:VdWContact': 1, 'UNL:ILE:Hydrophobic': 1, 'UNL:ILE:VdWContact': 2, 'UNL:LEU:Hydrophobic': 2, 'UNL:LEU:VdWContact': 1, 'UNL:LYS:Hydrophobic': 1, 'UNL:MET:Hydrophobic': 1, 'UNL:MET:VdWContact': 1, 'UNL:PHE:HBAcceptor': 1, 'UNL:PHE:Hydrophobic': 1, 'UNL:PHE:VdWContact': 1, 'UNL:VAL:VdWContact': 1}","{'UNL:ALA:Hydrophobic': 1, 'UNL:ASP:Hydrophobic': 1, 'UNL:ASP:VdWContact': 1, 'UNL:GLN:HBAcceptor': 1, 'UNL:GLN:HBDonor': 1, 'UNL:GLN:Hydrophobic': 1, 'UNL:GLN:VdWContact': 2, 'UNL:GLU:Hydrophobic': 1, 'UNL:GLU:VdWContact': 1, 'UNL:ILE:Hydrophobic': 2, 'UNL:ILE:VdWContact': 1, 'UNL:LEU:Hydrophobic': 3, 'UNL:LEU:VdWContact': 1, 'UNL:LYS:Hydrophobic': 1, 'UNL:MET:Hydrophobic': 1, 'UNL:MET:VdWContact': 1, 'UNL:PHE:HBAcceptor': 1, 'UNL:PHE:Hydrophobic': 1, 'UNL:PHE:VdWContact': 1, 'UNL:VAL:Hydrophobic': 1}"
489,Boltz-1,7W05_GMP,0.2,0.625,"{'UNL:ASN:HBDonor': 1, 'UNL:ASN:VdWContact': 2, 'UNL:GLU:HBDonor': 1, 'UNL:GLU:VdWContact': 2, 'UNL:HIS:HBAcceptor': 2, 'UNL:HIS:VdWContact': 2, 'UNL:TYR:HBAcceptor': 1, 'UNL:TYR:VdWContact': 2}","{'UNL:ASN:HBDonor': 1, 'UNL:ASN:VdWContact': 2, 'UNL:GLN:VdWContact': 1, 'UNL:GLU:HBDonor': 2, 'UNL:GLU:VdWContact': 2, 'UNL:HIS:HBAcceptor': 1, 'UNL:HIS:HBDonor': 1, 'UNL:HIS:Hydrophobic': 1, 'UNL:HIS:VdWContact': 2, 'UNL:PHE:Hydrophobic': 1, 'UNL:TYR:HBAcceptor': 1, 'UNL:TYR:Hydrophobic': 2, 'UNL:TYR:VdWContact': 2}"
490,Boltz-1,8AIE_M7L,0.6000000000000001,0.2500000000000001,"{'UNL:ARG:HBAcceptor': 1, 'UNL:ARG:VdWContact': 1, 'UNL:GLU:VdWContact': 1, 'UNL:GLY:VdWContact': 1, 'UNL:HIS:VdWContact': 1, 'UNL:LYS:HBAcceptor': 1, 'UNL:LYS:VdWContact': 1, 'UNL:PHE:VdWContact': 1, 'UNL:SER:VdWContact': 2, 'UNL:THR:HBAcceptor': 3, 'UNL:THR:VdWContact': 5, 'UNL:TYR:VdWContact': 1}","{'UNL:ARG:HBAcceptor': 2, 'UNL:ARG:VdWContact': 1, 'UNL:GLU:VdWContact': 1, 'UNL:HIS:VdWContact': 1, 'UNL:LEU:Hydrophobic': 1, 'UNL:LYS:VdWContact': 2, 'UNL:SER:VdWContact': 2, 'UNL:THR:HBAcceptor': 3, 'UNL:THR:HBDonor': 2, 'UNL:THR:VdWContact': 4, 'UNL:TYR:Hydrophobic': 1, 'UNL:TYR:VdWContact': 1, 'UNL:VAL:HBAcceptor': 1, 'UNL:VAL:VdWContact': 1}"
491,Boltz-1,7UY4_SMI,0.3333333333333333,0.7777777777777778,"{'UNL:ASN:VdWContact': 1, 'UNL:ASP:HBDonor': 1, 'UNL:ASP:VdWContact': 1, 'UNL:TRP:VdWContact': 1}","{'UNL:ALA:Hydrophobic': 1, 'UNL:ASN:HBAcceptor': 1, 'UNL:ASN:HBDonor': 1, 'UNL:ASN:VdWContact': 1, 'UNL:ASP:VdWContact': 1, 'UNL:GLU:Hydrophobic': 1, 'UNL:GLU:VdWContact': 2, 'UNL:PRO:Hydrophobic': 1, 'UNL:PRO:VdWContact': 1, 'UNL:TRP:Hydrophobic': 1, 'UNL:TRP:VdWContact': 1}"
492,Boltz-1,7UMW_NAD,0.2857142857142857,0.49999999999999994,"{'UNL:ALA:HBAcceptor': 1, 'UNL:ALA:VdWContact': 2, 'UNL:ASP:HBDonor': 1, 'UNL:ASP:VdWContact': 1, 'UNL:GLN:VdWContact': 1, 'UNL:GLY:HBDonor': 1, 'UNL:GLY:VdWContact': 2, 'UNL:ILE:HBAcceptor': 2, 'UNL:ILE:HBDonor': 2, 'UNL:ILE:VdWContact': 3, 'UNL:LYS:VdWContact': 1, 'UNL:PRO:VdWContact': 1, 'UNL:SER:VdWContact': 3, 'UNL:THR:HBAcceptor': 1, 'UNL:THR:VdWContact': 1, 'UNL:TYR:Hydrophobic': 1, 'UNL:VAL:HBAcceptor': 1, 'UNL:VAL:VdWContact': 1}","{'UNL:ALA:Hydrophobic': 1, 'UNL:ALA:VdWContact': 2, 'UNL:ASP:HBDonor': 1, 'UNL:ASP:VdWContact': 1, 'UNL:CYS:VdWContact': 1, 'UNL:GLN:Hydrophobic': 1, 'UNL:GLN:VdWContact': 1, 'UNL:GLY:VdWContact': 2, 'UNL:ILE:HBAcceptor': 2, 'UNL:ILE:HBDonor': 2, 'UNL:ILE:Hydrophobic': 3, 'UNL:ILE:VdWContact': 3, 'UNL:LEU:Hydrophobic': 1, 'UNL:LYS:VdWContact': 1, 'UNL:PHE:Hydrophobic': 1, 'UNL:PRO:VdWContact': 1, 'UNL:SER:VdWContact': 3, 'UNL:THR:HBAcceptor': 1, 'UNL:THR:VdWContact': 1, 'UNL:TYR:Hydrophobic': 1, 'UNL:VAL:HBAcceptor': 1, 'UNL:VAL:Hydrophobic': 1, 'UNL:VAL:VdWContact': 1}"
493,Boltz-1,7U3J_L6U,0.14285714285714285,0.25,"{'UNL:ALA:VdWContact': 1, 'UNL:GLN:HBAcceptor': 1, 'UNL:GLN:Hydrophobic': 1, 'UNL:GLN:VdWContact': 2, 'UNL:GLU:HBDonor': 1, 'UNL:GLU:VdWContact': 1, 'UNL:GLY:HBDonor': 1, 'UNL:GLY:VdWContact': 1, 'UNL:HIS:Hydrophobic': 1, 'UNL:HIS:VdWContact': 1, 'UNL:ILE:VdWContact': 2, 'UNL:LEU:Hydrophobic': 2, 'UNL:LEU:VdWContact': 3, 'UNL:SER:HBAcceptor': 1, 'UNL:SER:HBDonor': 1, 'UNL:SER:VdWContact': 3, 'UNL:THR:VdWContact': 1, 'UNL:TYR:VdWContact': 1}","{'UNL:ALA:Hydrophobic': 1, 'UNL:ALA:VdWContact': 1, 'UNL:GLN:HBDonor': 1, 'UNL:GLN:Hydrophobic': 1, 'UNL:GLN:VdWContact': 2, 'UNL:GLU:HBDonor': 1, 'UNL:GLU:VdWContact': 1, 'UNL:GLY:HBDonor': 1, 'UNL:GLY:VdWContact': 1, 'UNL:ILE:Hydrophobic': 1, 'UNL:LEU:Hydrophobic': 3, 'UNL:LEU:VdWContact': 2, 'UNL:PHE:Hydrophobic': 1, 'UNL:PHE:VdWContact': 1, 'UNL:SER:HBAcceptor': 1, 'UNL:SER:HBDonor': 1, 'UNL:SER:VdWContact': 3, 'UNL:THR:Hydrophobic': 1, 'UNL:THR:VdWContact': 1, 'UNL:TRP:Hydrophobic': 1, 'UNL:TYR:HBAcceptor': 1, 'UNL:TYR:Hydrophobic': 1, 'UNL:TYR:VdWContact': 3}"
494,Boltz-1,7QGP_DJ8,0.0,0.5789473684210527,"{'UNL:ALA:VdWContact': 1, 'UNL:ASP:HBAcceptor': 1, 'UNL:ASP:Hydrophobic': 1, 'UNL:ASP:VdWContact': 1, 'UNL:CYS:HBAcceptor': 1, 'UNL:CYS:VdWContact': 1, 'UNL:GLU:VdWContact': 2, 'UNL:ILE:Hydrophobic': 1, 'UNL:ILE:VdWContact': 1, 'UNL:LEU:Hydrophobic': 1, 'UNL:LEU:VdWContact': 1, 'UNL:LYS:VdWContact': 1, 'UNL:PHE:VdWContact': 1, 'UNL:VAL:Hydrophobic': 1, 'UNL:VAL:VdWContact': 1}","{'UNL:ALA:Hydrophobic': 2, 'UNL:ALA:VdWContact': 1, 'UNL:ASP:HBAcceptor': 1, 'UNL:ASP:Hydrophobic': 1, 'UNL:ASP:VdWContact': 1, 'UNL:CYS:HBAcceptor': 1, 'UNL:CYS:Hydrophobic': 1, 'UNL:CYS:VdWContact': 1, 'UNL:GLU:Hydrophobic': 1, 'UNL:GLU:VdWContact': 2, 'UNL:ILE:Hydrophobic': 3, 'UNL:ILE:VdWContact': 2, 'UNL:LEU:Hydrophobic': 2, 'UNL:LEU:VdWContact': 1, 'UNL:LYS:Hydrophobic': 1, 'UNL:PHE:Hydrophobic': 2, 'UNL:TYR:VdWContact': 1, 'UNL:VAL:Hydrophobic': 2, 'UNL:VAL:VdWContact': 1}"
495,Boltz-1,7WQQ_5Z6,0.5,1.076923076923077,"{'UNL:ARG:VdWContact': 1, 'UNL:CYS:Hydrophobic': 1, 'UNL:ILE:Hydrophobic': 1, 'UNL:ILE:VdWContact': 1, 'UNL:LEU:Hydrophobic': 2, 'UNL:LEU:VdWContact': 1, 'UNL:PHE:VdWContact': 4, 'UNL:SER:HBAcceptor': 1, 'UNL:SER:HBDonor': 1, 'UNL:SER:VdWContact': 2}","{'UNL:ARG:Hydrophobic': 2, 'UNL:CYS:Hydrophobic': 1, 'UNL:GLY:VdWContact': 1, 'UNL:ILE:Hydrophobic': 3, 'UNL:ILE:VdWContact': 1, 'UNL:LEU:Hydrophobic': 6, 'UNL:LEU:VdWContact': 1, 'UNL:PHE:Hydrophobic': 4, 'UNL:PHE:VdWContact': 4, 'UNL:SER:HBAcceptor': 1, 'UNL:SER:VdWContact': 2, 'UNL:TRP:Hydrophobic': 1, 'UNL:VAL:Hydrophobic': 1}"
496,Boltz-1,7WL4_JFU,0.0,0.4705882352941177,"{'UNL:ASN:HBAcceptor': 1, 'UNL:ASN:VdWContact': 1, 'UNL:ASP:VdWContact': 1, 'UNL:ILE:Hydrophobic': 1, 'UNL:ILE:VdWContact': 1, 'UNL:LEU:Hydrophobic': 1, 'UNL:LEU:VdWContact': 1, 'UNL:MET:Hydrophobic': 1, 'UNL:MET:VdWContact': 1, 'UNL:PHE:VdWContact': 1, 'UNL:PRO:VdWContact': 1, 'UNL:TRP:VdWContact': 1}","{'UNL:ASN:HBAcceptor': 1, 'UNL:ASN:VdWContact': 1, 'UNL:ASP:Hydrophobic': 1, 'UNL:ASP:VdWContact': 1, 'UNL:ILE:Hydrophobic': 1, 'UNL:ILE:VdWContact': 1, 'UNL:LEU:Hydrophobic': 2, 'UNL:LEU:VdWContact': 2, 'UNL:MET:Hydrophobic': 2, 'UNL:MET:VdWContact': 1, 'UNL:PHE:Hydrophobic': 1, 'UNL:PHE:VdWContact': 1, 'UNL:PRO:Hydrophobic': 1, 'UNL:PRO:VdWContact': 1, 'UNL:TRP:Hydrophobic': 1, 'UNL:TYR:Hydrophobic': 1, 'UNL:VAL:Hydrophobic': 1}"
497,Boltz-1,7Z2O_IAJ,0.0,0.08333333333333326,"{'UNL:ALA:VdWContact': 1, 'UNL:ASN:VdWContact': 1, 'UNL:GLY:HBAcceptor': 1, 'UNL:GLY:VdWContact': 1, 'UNL:LEU:VdWContact': 1, 'UNL:SER:VdWContact': 1, 'UNL:TYR:Hydrophobic': 2, 'UNL:TYR:VdWContact': 3, 'UNL:VAL:Hydrophobic': 1, 'UNL:VAL:VdWContact': 1}","{'UNL:ALA:Hydrophobic': 1, 'UNL:ASN:Hydrophobic': 1, 'UNL:GLY:HBAcceptor': 1, 'UNL:GLY:VdWContact': 1, 'UNL:HIS:VdWContact': 1, 'UNL:LEU:VdWContact': 1, 'UNL:SER:VdWContact': 1, 'UNL:TYR:Hydrophobic': 3, 'UNL:TYR:VdWContact': 3, 'UNL:VAL:Hydrophobic': 1}"
498,Boltz-1,8FLV_ZB9,0.25,0.21052631578947373,"{'UNL:ALA:VdWContact': 1, 'UNL:ASP:HBDonor': 1, 'UNL:ASP:VdWContact': 1, 'UNL:GLU:HBDonor': 1, 'UNL:GLU:VdWContact': 1, 'UNL:GLY:VdWContact': 2, 'UNL:ILE:Hydrophobic': 1, 'UNL:ILE:VdWContact': 1, 'UNL:LEU:VdWContact': 1, 'UNL:LYS:HBAcceptor': 1, 'UNL:LYS:Hydrophobic': 1, 'UNL:LYS:VdWContact': 1, 'UNL:MET:HBAcceptor': 1, 'UNL:MET:VdWContact': 1, 'UNL:THR:VdWContact': 1, 'UNL:VAL:VdWContact': 1}","{'UNL:ALA:Hydrophobic': 1, 'UNL:ASP:HBDonor': 1, 'UNL:ASP:VdWContact': 1, 'UNL:CYS:Hydrophobic': 1, 'UNL:GLU:HBDonor': 1, 'UNL:GLU:VdWContact': 1, 'UNL:GLY:VdWContact': 1, 'UNL:ILE:Hydrophobic': 1, 'UNL:ILE:VdWContact': 1, 'UNL:LEU:Hydrophobic': 3, 'UNL:LYS:Hydrophobic': 1, 'UNL:LYS:VdWContact': 1, 'UNL:MET:HBAcceptor': 1, 'UNL:MET:Hydrophobic': 1, 'UNL:MET:VdWContact': 1, 'UNL:PHE:Hydrophobic': 1, 'UNL:TYR:Hydrophobic': 1, 'UNL:VAL:Hydrophobic': 1}"
499,Boltz-1,7Z7F_IF3,0.6666666666666667,0.6666666666666667,"{'UNL:ASP:VdWContact': 2, 'UNL:CYS:HBDonor': 1, 'UNL:CYS:VdWContact': 1, 'UNL:LYS:VdWContact': 1, 'UNL:SER:HBDonor': 2, 'UNL:SER:VdWContact': 3, 'UNL:TYR:HBAcceptor': 1, 'UNL:TYR:VdWContact': 1}","{'UNL:ASP:Hydrophobic': 1, 'UNL:ASP:VdWContact': 2, 'UNL:CYS:HBDonor': 1, 'UNL:CYS:VdWContact': 1, 'UNL:GLN:VdWContact': 1, 'UNL:LYS:VdWContact': 1, 'UNL:SER:VdWContact': 2, 'UNL:TRP:Hydrophobic': 2, 'UNL:TRP:VdWContact': 1, 'UNL:TYR:HBAcceptor': 1, 'UNL:TYR:VdWContact': 1}"
500,Boltz-1,7TUO_KL9,0.3333333333333333,0.380952380952381,"{'UNL:CYS:Hydrophobic': 1, 'UNL:CYS:VdWContact': 1, 'UNL:HIS:VdWContact': 1, 'UNL:LEU:VdWContact': 2, 'UNL:MET:VdWContact': 1, 'UNL:PHE:VdWContact': 2, 'UNL:THR:HBDonor': 1, 'UNL:THR:VdWContact': 2, 'UNL:TYR:Hydrophobic': 1, 'UNL:TYR:VdWContact': 2, 'UNL:VAL:Hydrophobic': 1, 'UNL:VAL:VdWContact': 2}","{'UNL:ALA:Hydrophobic': 1, 'UNL:ALA:VdWContact': 1, 'UNL:GLN:HBAcceptor': 1, 'UNL:GLN:Hydrophobic': 1, 'UNL:GLN:VdWContact': 1, 'UNL:GLU:HBDonor': 1, 'UNL:GLU:Hydrophobic': 1, 'UNL:GLU:VdWContact': 1, 'UNL:HIS:Hydrophobic': 1, 'UNL:HIS:VdWContact': 1, 'UNL:LEU:Hydrophobic': 1, 'UNL:LEU:VdWContact': 1, 'UNL:PHE:Hydrophobic': 1, 'UNL:PHE:VdWContact': 1, 'UNL:THR:Hydrophobic': 2, 'UNL:TYR:Hydrophobic': 2, 'UNL:TYR:VdWContact': 1, 'UNL:VAL:Hydrophobic': 1}"
501,Boltz-1,7ZL5_IWE,0.0,0.7777777777777779,"{'UNL:ALA:VdWContact': 1, 'UNL:HIS:HBDonor': 1, 'UNL:HIS:VdWContact': 6, 'UNL:LEU:Hydrophobic': 1, 'UNL:LEU:VdWContact': 2, 'UNL:THR:HBAcceptor': 1, 'UNL:VAL:VdWContact': 1}","{'UNL:ALA:Hydrophobic': 1, 'UNL:ALA:VdWContact': 1, 'UNL:HIS:Hydrophobic': 1, 'UNL:HIS:VdWContact': 1, 'UNL:LEU:Hydrophobic': 3, 'UNL:LEU:VdWContact': 1, 'UNL:PHE:Hydrophobic': 1, 'UNL:THR:HBAcceptor': 1, 'UNL:THR:HBDonor': 1, 'UNL:THR:VdWContact': 1}"
502,Boltz-1,8F8E_XJI,0.3333333333333333,0.55,"{'UNL:LEU:Hydrophobic': 1, 'UNL:LEU:VdWContact': 3, 'UNL:LYS:VdWContact': 2, 'UNL:MET:Hydrophobic': 2, 'UNL:MET:VdWContact': 2, 'UNL:PHE:HBAcceptor': 1, 'UNL:PHE:Hydrophobic': 2, 'UNL:PHE:VdWContact': 3, 'UNL:SER:VdWContact': 1, 'UNL:TYR:VdWContact': 2, 'UNL:VAL:VdWContact': 1}","{'UNL:ALA:Hydrophobic': 1, 'UNL:ALA:VdWContact': 1, 'UNL:ARG:HBAcceptor': 1, 'UNL:ARG:Hydrophobic': 1, 'UNL:ARG:VdWContact': 2, 'UNL:ASP:HBDonor': 1, 'UNL:ASP:Hydrophobic': 1, 'UNL:ASP:VdWContact': 1, 'UNL:CYS:VdWContact': 1, 'UNL:HIS:VdWContact': 1, 'UNL:LEU:Hydrophobic': 2, 'UNL:LEU:VdWContact': 1, 'UNL:PHE:Hydrophobic': 1, 'UNL:PHE:VdWContact': 1, 'UNL:TYR:Hydrophobic': 1, 'UNL:VAL:Hydrophobic': 1}"
503,Boltz-1,7ZOC_T8E,0.0,0.18181818181818188,"{'UNL:GLU:VdWContact': 1, 'UNL:GLY:VdWContact': 1, 'UNL:HIS:Hydrophobic': 1, 'UNL:HIS:VdWContact': 2, 'UNL:MET:VdWContact': 1, 'UNL:TRP:Hydrophobic': 1, 'UNL:TRP:VdWContact': 1, 'UNL:TYR:HBAcceptor': 1, 'UNL:TYR:Hydrophobic': 1, 'UNL:TYR:VdWContact': 2}","{'UNL:ASN:Hydrophobic': 1, 'UNL:GLN:Hydrophobic': 1, 'UNL:GLU:HBDonor': 1, 'UNL:GLU:VdWContact': 4, 'UNL:HIS:Hydrophobic': 1, 'UNL:MET:VdWContact': 1, 'UNL:TRP:Hydrophobic': 1, 'UNL:TRP:VdWContact': 1, 'UNL:TYR:Hydrophobic': 1, 'UNL:TYR:VdWContact': 2}"
504,Boltz-1,7WCF_ACP,0.125,0.4375,"{'UNL:ARG:VdWContact': 1, 'UNL:ASN:HBAcceptor': 1, 'UNL:ASN:VdWContact': 1, 'UNL:ASP:HBDonor': 1, 'UNL:ASP:VdWContact': 2, 'UNL:GLN:HBAcceptor': 1, 'UNL:GLN:VdWContact': 2, 'UNL:HIS:VdWContact': 1, 'UNL:ILE:VdWContact': 1, 'UNL:LYS:HBAcceptor': 1, 'UNL:LYS:HBDonor': 1, 'UNL:LYS:VdWContact': 4, 'UNL:PHE:HBAcceptor': 1, 'UNL:PHE:VdWContact': 1, 'UNL:VAL:VdWContact': 1}","{'UNL:ARG:Hydrophobic': 1, 'UNL:ARG:VdWContact': 1, 'UNL:ASP:VdWContact': 2, 'UNL:GLN:HBAcceptor': 1, 'UNL:GLN:Hydrophobic': 1, 'UNL:GLN:VdWContact': 2, 'UNL:GLY:VdWContact': 1, 'UNL:HIS:HBAcceptor': 1, 'UNL:HIS:VdWContact': 1, 'UNL:ILE:Hydrophobic': 1, 'UNL:ILE:VdWContact': 1, 'UNL:LYS:HBDonor': 1, 'UNL:LYS:VdWContact': 3, 'UNL:PHE:HBAcceptor': 1, 'UNL:PHE:Hydrophobic': 1, 'UNL:PHE:VdWContact': 1, 'UNL:TYR:Hydrophobic': 1, 'UNL:TYR:VdWContact': 1, 'UNL:VAL:HBAcceptor': 1, 'UNL:VAL:VdWContact': 1}"
505,Boltz-1,8AP0_PRP,0.16666666666666669,0.2222222222222222,"{'UNL:ARG:HBAcceptor': 1, 'UNL:ARG:VdWContact': 1, 'UNL:GLU:VdWContact': 1, 'UNL:GLY:HBAcceptor': 2, 'UNL:GLY:VdWContact': 2, 'UNL:HIS:HBAcceptor': 1, 'UNL:HIS:HBDonor': 1, 'UNL:HIS:VdWContact': 1, 'UNL:LYS:VdWContact': 1, 'UNL:PHE:HBAcceptor': 1, 'UNL:PHE:VdWContact': 1, 'UNL:SER:HBAcceptor': 2, 'UNL:SER:VdWContact': 3, 'UNL:THR:HBAcceptor': 1, 'UNL:THR:HBDonor': 1, 'UNL:THR:VdWContact': 1, 'UNL:VAL:HBAcceptor': 1, 'UNL:VAL:VdWContact': 1}","{'UNL:ARG:HBAcceptor': 1, 'UNL:ARG:HBDonor': 1, 'UNL:ARG:VdWContact': 1, 'UNL:GLY:HBAcceptor': 2, 'UNL:GLY:HBDonor': 1, 'UNL:GLY:VdWContact': 2, 'UNL:HIS:HBAcceptor': 1, 'UNL:HIS:VdWContact': 1, 'UNL:LYS:HBAcceptor': 1, 'UNL:LYS:VdWContact': 1, 'UNL:SER:HBAcceptor': 2, 'UNL:SER:VdWContact': 3, 'UNL:THR:VdWContact': 1, 'UNL:VAL:VdWContact': 1}"
506,Boltz-1,7UXS_OJC,0.0,0.4615384615384614,"{'UNL:ALA:VdWContact': 1, 'UNL:ARG:VdWContact': 1, 'UNL:GLN:HBAcceptor': 1, 'UNL:GLN:VdWContact': 1, 'UNL:GLU:HBDonor': 1, 'UNL:GLU:VdWContact': 1, 'UNL:GLY:HBAcceptor': 2, 'UNL:GLY:VdWContact': 4, 'UNL:LEU:HBAcceptor': 1, 'UNL:LEU:VdWContact': 1, 'UNL:LYS:VdWContact': 1, 'UNL:PHE:VdWContact': 1, 'UNL:SER:HBDonor': 1, 'UNL:SER:VdWContact': 2, 'UNL:TRP:VdWContact': 1}","{'UNL:ALA:VdWContact': 1, 'UNL:ARG:HBAcceptor': 1, 'UNL:ARG:VdWContact': 1, 'UNL:GLN:HBAcceptor': 1, 'UNL:GLN:Hydrophobic': 1, 'UNL:GLN:VdWContact': 1, 'UNL:GLU:HBDonor': 1, 'UNL:GLU:VdWContact': 1, 'UNL:GLY:HBAcceptor': 2, 'UNL:GLY:VdWContact': 2, 'UNL:LEU:HBAcceptor': 1, 'UNL:LEU:Hydrophobic': 1, 'UNL:LEU:VdWContact': 1, 'UNL:LYS:VdWContact': 1, 'UNL:PHE:Hydrophobic': 2, 'UNL:PHE:VdWContact': 2, 'UNL:SER:VdWContact': 1, 'UNL:TRP:VdWContact': 1}"
507,Boltz-1,7X9K_8OG,0.125,0.3846153846153846,"{'UNL:ARG:HBAcceptor': 1, 'UNL:ARG:HBDonor': 1, 'UNL:ARG:VdWContact': 1, 'UNL:ASN:HBAcceptor': 1, 'UNL:ASN:HBDonor': 1, 'UNL:ASN:VdWContact': 1, 'UNL:GLU:VdWContact': 1, 'UNL:HIS:HBAcceptor': 1, 'UNL:HIS:VdWContact': 1, 'UNL:ILE:VdWContact': 1, 'UNL:PHE:HBAcceptor': 1, 'UNL:PHE:HBDonor': 1, 'UNL:PHE:VdWContact': 1, 'UNL:VAL:VdWContact': 1}","{'UNL:ARG:HBAcceptor': 1, 'UNL:ARG:HBDonor': 1, 'UNL:ARG:VdWContact': 1, 'UNL:ASN:HBAcceptor': 1, 'UNL:ASN:HBDonor': 1, 'UNL:ASN:VdWContact': 1, 'UNL:GLU:Hydrophobic': 1, 'UNL:HIS:HBAcceptor': 1, 'UNL:HIS:HBDonor': 1, 'UNL:HIS:VdWContact': 1, 'UNL:ILE:Hydrophobic': 1, 'UNL:ILE:VdWContact': 1, 'UNL:LEU:Hydrophobic': 1, 'UNL:MET:Hydrophobic': 1, 'UNL:PHE:HBAcceptor': 1, 'UNL:PHE:HBDonor': 1, 'UNL:PHE:VdWContact': 2, 'UNL:PRO:Hydrophobic': 1, 'UNL:VAL:Hydrophobic': 1}"
508,Boltz-1,8BOM_QU6,0.0,0.38095238095238104,"{'UNL:ALA:VdWContact': 1, 'UNL:ASP:HBAcceptor': 1, 'UNL:ASP:Hydrophobic': 1, 'UNL:ASP:VdWContact': 1, 'UNL:GLU:HBDonor': 1, 'UNL:GLU:Hydrophobic': 1, 'UNL:GLU:VdWContact': 2, 'UNL:ILE:Hydrophobic': 1, 'UNL:LYS:Hydrophobic': 1, 'UNL:LYS:VdWContact': 1, 'UNL:MET:HBAcceptor': 1, 'UNL:MET:Hydrophobic': 1, 'UNL:MET:VdWContact': 2, 'UNL:PHE:Hydrophobic': 1, 'UNL:PHE:VdWContact': 1, 'UNL:SER:VdWContact': 1, 'UNL:THR:HBDonor': 1, 'UNL:THR:VdWContact': 1, 'UNL:TYR:VdWContact': 1, 'UNL:VAL:Hydrophobic': 1}","{'UNL:ALA:Hydrophobic': 1, 'UNL:ALA:VdWContact': 1, 'UNL:ASP:HBAcceptor': 1, 'UNL:ASP:Hydrophobic': 1, 'UNL:ASP:VdWContact': 1, 'UNL:GLU:HBDonor': 1, 'UNL:GLU:Hydrophobic': 1, 'UNL:GLU:VdWContact': 2, 'UNL:ILE:Hydrophobic': 3, 'UNL:ILE:VdWContact': 2, 'UNL:LEU:Hydrophobic': 1, 'UNL:LYS:Hydrophobic': 1, 'UNL:MET:HBAcceptor': 1, 'UNL:MET:Hydrophobic': 1, 'UNL:MET:VdWContact': 1, 'UNL:PHE:Hydrophobic': 2, 'UNL:PHE:VdWContact': 1, 'UNL:SER:VdWContact': 1, 'UNL:THR:HBDonor': 1, 'UNL:THR:Hydrophobic': 1, 'UNL:THR:VdWContact': 1, 'UNL:TYR:Hydrophobic': 2, 'UNL:TYR:VdWContact': 1, 'UNL:VAL:Hydrophobic': 1}"
509,Boltz-1,5SIS_JSM,0.5,0.47058823529411764,"{'UNL:GLN:HBAcceptor': 1, 'UNL:GLN:VdWContact': 1, 'UNL:GLU:Hydrophobic': 1, 'UNL:GLU:VdWContact': 1, 'UNL:ILE:VdWContact': 1, 'UNL:MET:Hydrophobic': 1, 'UNL:MET:VdWContact': 1, 'UNL:PHE:Hydrophobic': 1, 'UNL:PHE:VdWContact': 1, 'UNL:TYR:HBAcceptor': 1, 'UNL:TYR:VdWContact': 1, 'UNL:VAL:VdWContact': 1}","{'UNL:GLN:HBAcceptor': 1, 'UNL:GLN:VdWContact': 1, 'UNL:GLU:Hydrophobic': 1, 'UNL:GLU:VdWContact': 1, 'UNL:GLY:VdWContact': 1, 'UNL:ILE:Hydrophobic': 1, 'UNL:ILE:VdWContact': 1, 'UNL:LEU:Hydrophobic': 1, 'UNL:LYS:Hydrophobic': 1, 'UNL:MET:Hydrophobic': 1, 'UNL:MET:VdWContact': 1, 'UNL:PHE:Hydrophobic': 2, 'UNL:PHE:VdWContact': 1, 'UNL:PRO:Hydrophobic': 1, 'UNL:TYR:Hydrophobic': 1, 'UNL:TYR:VdWContact': 1, 'UNL:VAL:Hydrophobic': 1, 'UNL:VAL:VdWContact': 1}"
510,Boltz-1,5SD5_HWI,0.25,0.6153846153846154,"{'UNL:ARG:HBAcceptor': 1, 'UNL:ARG:HBDonor': 1, 'UNL:ARG:VdWContact': 1, 'UNL:ASP:HBDonor': 1, 'UNL:ASP:VdWContact': 1, 'UNL:GLN:Hydrophobic': 1, 'UNL:GLN:VdWContact': 1, 'UNL:ILE:HBDonor': 2, 'UNL:ILE:VdWContact': 2, 'UNL:PHE:VdWContact': 1, 'UNL:PRO:VdWContact': 1, 'UNL:TRP:VdWContact': 1}","{'UNL:ALA:Hydrophobic': 1, 'UNL:ARG:HBAcceptor': 2, 'UNL:ARG:HBDonor': 1, 'UNL:ARG:VdWContact': 3, 'UNL:ASP:HBDonor': 1, 'UNL:ASP:VdWContact': 1, 'UNL:GLN:Hydrophobic': 1, 'UNL:ILE:HBDonor': 2, 'UNL:ILE:Hydrophobic': 3, 'UNL:ILE:VdWContact': 2, 'UNL:LEU:Hydrophobic': 2, 'UNL:PHE:Hydrophobic': 1, 'UNL:PHE:VdWContact': 1, 'UNL:THR:Hydrophobic': 1, 'UNL:TRP:VdWContact': 1}"
511,Boltz-1,7QPP_VDX,0.5,1.0625,"{'UNL:ARG:HBAcceptor': 1, 'UNL:ARG:VdWContact': 1, 'UNL:HIS:HBAcceptor': 2, 'UNL:HIS:HBDonor': 1, 'UNL:HIS:VdWContact': 2, 'UNL:ILE:VdWContact': 1, 'UNL:LEU:Hydrophobic': 1, 'UNL:SER:VdWContact': 3, 'UNL:TRP:Hydrophobic': 1, 'UNL:TRP:VdWContact': 1, 'UNL:TYR:HBAcceptor': 1, 'UNL:TYR:VdWContact': 1, 'UNL:VAL:VdWContact': 1}","{'UNL:ARG:HBAcceptor': 1, 'UNL:ARG:VdWContact': 1, 'UNL:CYS:VdWContact': 1, 'UNL:HIS:HBAcceptor': 1, 'UNL:HIS:HBDonor': 1, 'UNL:HIS:VdWContact': 2, 'UNL:ILE:Hydrophobic': 2, 'UNL:LEU:Hydrophobic': 6, 'UNL:LEU:VdWContact': 1, 'UNL:MET:Hydrophobic': 1, 'UNL:PHE:Hydrophobic': 1, 'UNL:SER:VdWContact': 3, 'UNL:TRP:Hydrophobic': 1, 'UNL:TRP:VdWContact': 1, 'UNL:TYR:Hydrophobic': 3, 'UNL:TYR:VdWContact': 2, 'UNL:VAL:Hydrophobic': 3, 'UNL:VAL:VdWContact': 1}"
512,Boltz-1,7SIU_9ID,0.0,0.2222222222222222,"{'UNL:ALA:VdWContact': 1, 'UNL:ASP:VdWContact': 1, 'UNL:CYS:HBAcceptor': 1, 'UNL:CYS:VdWContact': 1, 'UNL:GLU:HBDonor': 1, 'UNL:GLU:VdWContact': 1, 'UNL:GLY:VdWContact': 1, 'UNL:ILE:VdWContact': 1, 'UNL:LEU:VdWContact': 2, 'UNL:LYS:HBAcceptor': 1, 'UNL:LYS:VdWContact': 1, 'UNL:MET:Hydrophobic': 1, 'UNL:MET:VdWContact': 1, 'UNL:PHE:VdWContact': 1, 'UNL:TYR:Hydrophobic': 1, 'UNL:VAL:Hydrophobic': 1, 'UNL:VAL:VdWContact': 1}","{'UNL:ALA:HBDonor': 1, 'UNL:ALA:Hydrophobic': 2, 'UNL:ALA:VdWContact': 1, 'UNL:ASP:Hydrophobic': 1, 'UNL:CYS:HBAcceptor': 1, 'UNL:CYS:VdWContact': 1, 'UNL:GLU:HBDonor': 1, 'UNL:GLU:VdWContact': 1, 'UNL:LEU:Hydrophobic': 3, 'UNL:LYS:VdWContact': 1, 'UNL:MET:Hydrophobic': 1, 'UNL:PHE:Hydrophobic': 1, 'UNL:PHE:VdWContact': 1, 'UNL:TYR:Hydrophobic': 1, 'UNL:VAL:Hydrophobic': 2, 'UNL:VAL:VdWContact': 1}"
513,Boltz-1,7QHG_T3B,0.4,0.48,"{'UNL:ALA:VdWContact': 1, 'UNL:ASP:HBAcceptor': 1, 'UNL:ASP:Hydrophobic': 1, 'UNL:ASP:VdWContact': 1, 'UNL:GLY:VdWContact': 1, 'UNL:HIS:VdWContact': 1, 'UNL:ILE:HBAcceptor': 1, 'UNL:ILE:HBDonor': 1, 'UNL:ILE:VdWContact': 1, 'UNL:LEU:Hydrophobic': 3, 'UNL:LEU:VdWContact': 5, 'UNL:LYS:Hydrophobic': 1, 'UNL:LYS:VdWContact': 1, 'UNL:MET:VdWContact': 1, 'UNL:PHE:Hydrophobic': 1, 'UNL:PHE:VdWContact': 2, 'UNL:SER:VdWContact': 1, 'UNL:THR:VdWContact': 1, 'UNL:TYR:VdWContact': 1, 'UNL:VAL:Hydrophobic': 1, 'UNL:VAL:VdWContact': 2}","{'UNL:ARG:HBAcceptor': 1, 'UNL:ARG:Hydrophobic': 1, 'UNL:ARG:VdWContact': 1, 'UNL:ASP:HBAcceptor': 1, 'UNL:ASP:Hydrophobic': 1, 'UNL:ASP:VdWContact': 1, 'UNL:GLU:VdWContact': 1, 'UNL:GLY:VdWContact': 2, 'UNL:HIS:VdWContact': 1, 'UNL:ILE:HBAcceptor': 1, 'UNL:ILE:HBDonor': 1, 'UNL:ILE:Hydrophobic': 3, 'UNL:ILE:VdWContact': 2, 'UNL:LEU:Hydrophobic': 7, 'UNL:LEU:VdWContact': 4, 'UNL:LYS:Hydrophobic': 1, 'UNL:LYS:VdWContact': 1, 'UNL:MET:Hydrophobic': 1, 'UNL:MET:VdWContact': 1, 'UNL:PHE:Hydrophobic': 2, 'UNL:THR:HBDonor': 1, 'UNL:THR:Hydrophobic': 1, 'UNL:THR:VdWContact': 1, 'UNL:TYR:Hydrophobic': 1, 'UNL:VAL:Hydrophobic': 3, 'UNL:VAL:VdWContact': 2}"
514,AF3-Single-Seq,7UAW_MF6,1.2857142857142856,1.4545454545454546,"{'UNL:GLU:HBDonor': 1, 'UNL:GLU:VdWContact': 1}","{'UNL:ALA:VdWContact': 1, 'UNL:ARG:HBAcceptor': 4, 'UNL:ARG:HBDonor': 1, 'UNL:ARG:VdWContact': 4, 'UNL:ASN:HBAcceptor': 1, 'UNL:ASN:HBDonor': 1, 'UNL:ASN:VdWContact': 2, 'UNL:GLN:VdWContact': 1, 'UNL:GLY:HBAcceptor': 2, 'UNL:GLY:VdWContact': 2, 'UNL:HIS:HBAcceptor': 1, 'UNL:HIS:VdWContact': 1, 'UNL:PHE:Hydrophobic': 2, 'UNL:PHE:VdWContact': 2, 'UNL:PRO:VdWContact': 1, 'UNL:THR:VdWContact': 1}"
515,AF3-Single-Seq,7UYB_OK0,0.3333333333333333,0.29411764705882354,"{'UNL:HIS:HBDonor': 1, 'UNL:HIS:VdWContact': 2, 'UNL:LEU:VdWContact': 1, 'UNL:PRO:VdWContact': 1, 'UNL:SER:VdWContact': 1, 'UNL:TRP:Hydrophobic': 1, 'UNL:TYR:Hydrophobic': 1, 'UNL:TYR:VdWContact': 1, 'UNL:VAL:Hydrophobic': 2, 'UNL:VAL:VdWContact': 2}","{'UNL:ASN:HBAcceptor': 1, 'UNL:ASN:Hydrophobic': 1, 'UNL:ASN:VdWContact': 1, 'UNL:ASP:HBDonor': 1, 'UNL:ASP:VdWContact': 1, 'UNL:CYS:VdWContact': 1, 'UNL:HIS:Hydrophobic': 1, 'UNL:HIS:VdWContact': 3, 'UNL:PHE:Hydrophobic': 1, 'UNL:PHE:VdWContact': 1, 'UNL:SER:VdWContact': 2, 'UNL:TRP:Hydrophobic': 1, 'UNL:TRP:VdWContact': 1, 'UNL:TYR:Hydrophobic': 1}"
516,AF3-Single-Seq,7U0U_FK5,0.3333333333333333,0.6785714285714286,"{'UNL:ARG:VdWContact': 1, 'UNL:GLN:Hydrophobic': 1, 'UNL:GLN:VdWContact': 1, 'UNL:HIS:VdWContact': 1, 'UNL:ILE:VdWContact': 1, 'UNL:LEU:VdWContact': 2, 'UNL:MET:VdWContact': 1, 'UNL:PHE:Hydrophobic': 1, 'UNL:PHE:VdWContact': 5, 'UNL:SER:HBDonor': 1, 'UNL:SER:VdWContact': 1}","{'UNL:ASN:Hydrophobic': 1, 'UNL:ASP:VdWContact': 1, 'UNL:GLU-:Hydrophobic': 1, 'UNL:GLU-:VdWContact': 1, 'UNL:ILE:HBAcceptor': 1, 'UNL:ILE:Hydrophobic': 2, 'UNL:ILE:VdWContact': 1, 'UNL:LEU:Hydrophobic': 1, 'UNL:MET:Hydrophobic': 1, 'UNL:PHE-:Hydrophobic': 1, 'UNL:PHE-:VdWContact': 1, 'UNL:PHE:Hydrophobic': 3, 'UNL:PHE:VdWContact': 3, 'UNL:PRO-:Hydrophobic': 1, 'UNL:TRP-:HBAcceptor': 1, 'UNL:TRP-:Hydrophobic': 1, 'UNL:TRP-:VdWContact': 1, 'UNL:TRP:Hydrophobic': 1, 'UNL:TRP:VdWContact': 1, 'UNL:TYR:Hydrophobic': 2, 'UNL:TYR:VdWContact': 2, 'UNL:VAL:Hydrophobic': 3, 'UNL:VAL:VdWContact': 1}"
517,AF3-Single-Seq,8C3N_ADP,0.14285714285714285,0.44444444444444436,"{'UNL:ARG:VdWContact': 1, 'UNL:GLN:HBAcceptor': 1, 'UNL:GLN:VdWContact': 1, 'UNL:GLY:HBAcceptor': 2, 'UNL:GLY:VdWContact': 2, 'UNL:LYS:HBAcceptor': 1, 'UNL:LYS:HBDonor': 1, 'UNL:LYS:VdWContact': 1, 'UNL:SER:VdWContact': 1, 'UNL:THR:HBAcceptor': 1, 'UNL:THR:VdWContact': 1}","{'UNL:ARG:VdWContact': 2, 'UNL:GLN:HBAcceptor': 1, 'UNL:GLN:Hydrophobic': 1, 'UNL:GLN:VdWContact': 1, 'UNL:GLU:HBDonor': 1, 'UNL:GLU:VdWContact': 1, 'UNL:GLY:HBAcceptor': 2, 'UNL:GLY:VdWContact': 2, 'UNL:ILE:Hydrophobic': 1, 'UNL:LYS:HBAcceptor': 1, 'UNL:LYS:VdWContact': 1, 'UNL:SER:HBAcceptor': 1, 'UNL:SER:VdWContact': 1, 'UNL:THR:HBAcceptor': 1, 'UNL:THR:VdWContact': 1}"
518,AF3-Single-Seq,8A1H_DLZ,0.5,1.2666666666666668,"{'UNL:TRP:HBAcceptor': 1, 'UNL:TRP:HBDonor': 1, 'UNL:TRP:VdWContact': 1}","{'UNL:ALA:HBDonor': 1, 'UNL:ALA:VdWContact': 1, 'UNL:ASP:HBAcceptor': 1, 'UNL:ASP:HBDonor': 1, 'UNL:ASP:VdWContact': 2, 'UNL:GLN:HBAcceptor': 1, 'UNL:GLN:Hydrophobic': 1, 'UNL:GLN:VdWContact': 1, 'UNL:GLU:Hydrophobic': 1, 'UNL:GLU:VdWContact': 3, 'UNL:GLY:HBAcceptor': 1, 'UNL:GLY:VdWContact': 1, 'UNL:ILE:Hydrophobic': 1, 'UNL:LEU:HBAcceptor': 1, 'UNL:LEU:Hydrophobic': 2, 'UNL:LEU:VdWContact': 1, 'UNL:MET:Hydrophobic': 1, 'UNL:PHE:Hydrophobic': 2, 'UNL:PHE:VdWContact': 2, 'UNL:TYR:VdWContact': 1}"
519,AF3-Single-Seq,7XQZ_FPF,0.8,0.55,"{'UNL:ALA:VdWContact': 2, 'UNL:ASN:VdWContact': 1, 'UNL:GLY:HBAcceptor': 1, 'UNL:GLY:VdWContact': 1, 'UNL:MET:VdWContact': 1, 'UNL:PHE:VdWContact': 2, 'UNL:SER:VdWContact': 2, 'UNL:TYR:VdWContact': 1}","{'UNL:ALA:Hydrophobic': 1, 'UNL:ARG:HBAcceptor': 2, 'UNL:ARG:VdWContact': 2, 'UNL:GLN:HBAcceptor': 1, 'UNL:GLN:HBDonor': 1, 'UNL:GLN:VdWContact': 2, 'UNL:ILE:Hydrophobic': 1, 'UNL:ILE:VdWContact': 1, 'UNL:LYS:VdWContact': 1, 'UNL:MET:Hydrophobic': 1, 'UNL:PHE:Hydrophobic': 4, 'UNL:PHE:VdWContact': 1, 'UNL:PRO:VdWContact': 1, 'UNL:THR:Hydrophobic': 1, 'UNL:TRP:HBAcceptor': 1, 'UNL:TRP:Hydrophobic': 2, 'UNL:TRP:VdWContact': 1, 'UNL:TYR:Hydrophobic': 1, 'UNL:TYR:VdWContact': 1}"
520,AF3-Single-Seq,7TXK_LW8,0.3333333333333333,0.6923076923076922,"{'UNL:ASN:HBAcceptor': 1, 'UNL:ASN:Hydrophobic': 1, 'UNL:ASN:VdWContact': 4, 'UNL:GLU:VdWContact': 1, 'UNL:GLY:VdWContact': 1}","{'UNL:ARG:HBAcceptor': 1, 'UNL:ARG:VdWContact': 1, 'UNL:ASN:VdWContact': 1, 'UNL:GLU:HBDonor': 1, 'UNL:GLU:VdWContact': 1, 'UNL:ILE:Hydrophobic': 1, 'UNL:ILE:VdWContact': 1, 'UNL:LYS:Hydrophobic': 1, 'UNL:LYS:VdWContact': 1, 'UNL:THR:Hydrophobic': 1, 'UNL:THR:VdWContact': 1, 'UNL:TYR:Hydrophobic': 1, 'UNL:TYR:VdWContact': 2}"
521,AF3-Single-Seq,7QFM_AY3,0.3333333333333333,0.3846153846153846,"{'UNL:ARG:HBAcceptor': 1, 'UNL:ARG:VdWContact': 2, 'UNL:ILE:Hydrophobic': 1, 'UNL:ILE:VdWContact': 1, 'UNL:LEU:VdWContact': 1, 'UNL:LYS:VdWContact': 1, 'UNL:PHE:Hydrophobic': 1, 'UNL:PHE:VdWContact': 1, 'UNL:TRP:VdWContact': 1}","{'UNL:ALA:Hydrophobic': 1, 'UNL:ARG:VdWContact': 1, 'UNL:ASP:HBAcceptor': 1, 'UNL:ASP:Hydrophobic': 1, 'UNL:ASP:VdWContact': 2, 'UNL:ILE:Hydrophobic': 2, 'UNL:ILE:VdWContact': 1, 'UNL:LEU:Hydrophobic': 3, 'UNL:LEU:VdWContact': 1, 'UNL:LYS:HBDonor': 1, 'UNL:LYS:VdWContact': 1, 'UNL:VAL:Hydrophobic': 1}"
522,AF3-Single-Seq,7XBV_APC,0.2,0.31578947368421056,"{'UNL:ARG:VdWContact': 1, 'UNL:ASP:VdWContact': 1, 'UNL:GLN:HBAcceptor': 1, 'UNL:GLN:VdWContact': 1, 'UNL:GLU:HBDonor': 1, 'UNL:GLU:VdWContact': 1, 'UNL:GLY:HBAcceptor': 1, 'UNL:GLY:VdWContact': 1, 'UNL:LEU:VdWContact': 1, 'UNL:LYS:HBAcceptor': 1, 'UNL:LYS:VdWContact': 1, 'UNL:MET:Hydrophobic': 1, 'UNL:MET:VdWContact': 1, 'UNL:PRO:VdWContact': 1, 'UNL:SER:HBAcceptor': 1, 'UNL:SER:HBDonor': 1, 'UNL:SER:VdWContact': 1, 'UNL:THR:VdWContact': 1, 'UNL:TYR:HBDonor': 1, 'UNL:TYR:VdWContact': 1, 'UNL:VAL:VdWContact': 1}","{'UNL:ASP:HBDonor': 1, 'UNL:ASP:VdWContact': 1, 'UNL:GLY:HBAcceptor': 1, 'UNL:GLY:VdWContact': 2, 'UNL:ILE:HBDonor': 1, 'UNL:ILE:Hydrophobic': 1, 'UNL:ILE:VdWContact': 1, 'UNL:PHE:Hydrophobic': 2, 'UNL:PHE:VdWContact': 1, 'UNL:PRO:VdWContact': 1, 'UNL:SER:HBAcceptor': 1, 'UNL:SER:VdWContact': 1, 'UNL:THR:HBAcceptor': 1, 'UNL:THR:VdWContact': 2, 'UNL:TYR:Hydrophobic': 1, 'UNL:TYR:VdWContact': 1}"
523,AF3-Single-Seq,7V14_ORU,0.0,0.22727272727272724,"{'UNL:ALA:VdWContact': 1, 'UNL:ARG:Hydrophobic': 1, 'UNL:ARG:VdWContact': 1, 'UNL:ASN:Hydrophobic': 1, 'UNL:ASN:VdWContact': 1, 'UNL:CYS:Hydrophobic': 2, 'UNL:GLY:HBAcceptor': 1, 'UNL:GLY:VdWContact': 4, 'UNL:HIS:VdWContact': 1, 'UNL:ILE:VdWContact': 1, 'UNL:TRP:HBAcceptor': 1, 'UNL:TRP:Hydrophobic': 2, 'UNL:TRP:VdWContact': 3, 'UNL:VAL:VdWContact': 1}","{'UNL:ALA:Hydrophobic': 1, 'UNL:CYS:VdWContact': 2, 'UNL:GLY:HBAcceptor': 1, 'UNL:GLY:VdWContact': 3, 'UNL:ILE:Hydrophobic': 1, 'UNL:LYS:Hydrophobic': 1, 'UNL:LYS:VdWContact': 1, 'UNL:SER:HBAcceptor': 1, 'UNL:SER:VdWContact': 1, 'UNL:THR:Hydrophobic': 1, 'UNL:THR:VdWContact': 1, 'UNL:TYR:Hydrophobic': 1, 'UNL:TYR:VdWContact': 1}"
524,AF3-Single-Seq,7Q27_8KC,0.49999999999999994,0.2631578947368422,"{'UNL:ALA:HBAcceptor': 1, 'UNL:ALA:VdWContact': 1, 'UNL:GLN:Hydrophobic': 1, 'UNL:GLN:VdWContact': 2, 'UNL:GLU:VdWContact': 1, 'UNL:HIS:Hydrophobic': 1, 'UNL:HIS:VdWContact': 2, 'UNL:LYS:HBAcceptor': 1, 'UNL:LYS:Hydrophobic': 1, 'UNL:LYS:VdWContact': 1, 'UNL:PHE:Hydrophobic': 1, 'UNL:PHE:VdWContact': 1, 'UNL:SER:VdWContact': 3, 'UNL:TRP:Hydrophobic': 1, 'UNL:TRP:VdWContact': 2, 'UNL:TYR:Hydrophobic': 1, 'UNL:TYR:VdWContact': 2}","{'UNL:ALA:Hydrophobic': 1, 'UNL:ALA:VdWContact': 1, 'UNL:ASP:VdWContact': 1, 'UNL:GLN:HBAcceptor': 1, 'UNL:GLN:VdWContact': 1, 'UNL:GLU:VdWContact': 1, 'UNL:HIS:HBAcceptor': 1, 'UNL:HIS:HBDonor': 2, 'UNL:HIS:Hydrophobic': 1, 'UNL:HIS:VdWContact': 4, 'UNL:LYS:HBDonor': 1, 'UNL:LYS:VdWContact': 1, 'UNL:PHE:Hydrophobic': 3, 'UNL:PHE:VdWContact': 1, 'UNL:TYR:Hydrophobic': 1, 'UNL:TYR:VdWContact': 2, 'UNL:VAL:Hydrophobic': 3, 'UNL:VAL:VdWContact': 1}"
525,AF3-Single-Seq,8DHG_T78,0.0,0.7999999999999999,"{'UNL:ASN:Hydrophobic': 1, 'UNL:ASN:VdWContact': 2, 'UNL:GLU:VdWContact': 1, 'UNL:GLY:VdWContact': 1, 'UNL:LYS:HBAcceptor': 1, 'UNL:LYS:Hydrophobic': 1, 'UNL:LYS:VdWContact': 2, 'UNL:SER:VdWContact': 1, 'UNL:THR:VdWContact': 1, 'UNL:TYR:VdWContact': 1}","{'UNL:ALA:Hydrophobic': 2, 'UNL:ALA:VdWContact': 2, 'UNL:ARG:VdWContact': 1, 'UNL:GLN:HBAcceptor': 1, 'UNL:GLN:VdWContact': 1, 'UNL:HIS:Hydrophobic': 1, 'UNL:HIS:VdWContact': 1, 'UNL:LEU:Hydrophobic': 4, 'UNL:LEU:VdWContact': 4, 'UNL:MET:Hydrophobic': 2, 'UNL:MET:VdWContact': 1, 'UNL:PHE:Hydrophobic': 2, 'UNL:PRO:Hydrophobic': 1, 'UNL:PRO:VdWContact': 1, 'UNL:THR:Hydrophobic': 1, 'UNL:THR:VdWContact': 2, 'UNL:TYR:Hydrophobic': 2, 'UNL:TYR:VdWContact': 1, 'UNL:VAL:Hydrophobic': 2}"
526,AF3-Single-Seq,7THI_PGA,0.2222222222222222,0.6666666666666666,"{'UNL:ARG:VdWContact': 2, 'UNL:ASN:HBDonor': 1, 'UNL:ASN:VdWContact': 1, 'UNL:GLY:HBAcceptor': 2, 'UNL:GLY:VdWContact': 2, 'UNL:HIS:HBAcceptor': 2, 'UNL:HIS:HBDonor': 1, 'UNL:HIS:VdWContact': 3, 'UNL:LEU:VdWContact': 1, 'UNL:SER:HBAcceptor': 1, 'UNL:SER:VdWContact': 5}","{'UNL:ARG:HBAcceptor': 3, 'UNL:ARG:VdWContact': 3, 'UNL:ASN:HBAcceptor': 1, 'UNL:ASN:VdWContact': 1, 'UNL:CYS:HBAcceptor': 1, 'UNL:CYS:HBDonor': 1, 'UNL:CYS:VdWContact': 1, 'UNL:GLU:VdWContact': 1, 'UNL:SER:HBAcceptor': 1, 'UNL:SER:VdWContact': 1, 'UNL:TYR:VdWContact': 1}"
527,AF3-Single-Seq,7XPO_UPG,0.9999999999999999,0.5,"{'UNL:ARG:VdWContact': 1, 'UNL:ASP:VdWContact': 1, 'UNL:HIS:VdWContact': 1, 'UNL:ILE:VdWContact': 1, 'UNL:LYS:Hydrophobic': 1, 'UNL:TYR:HBAcceptor': 1, 'UNL:TYR:Hydrophobic': 1, 'UNL:TYR:VdWContact': 3}","{'UNL:ARG:HBAcceptor': 2, 'UNL:ARG:VdWContact': 2, 'UNL:ASN:HBAcceptor': 2, 'UNL:ASN:VdWContact': 2, 'UNL:ASP:HBDonor': 1, 'UNL:ASP:VdWContact': 1, 'UNL:LEU:HBAcceptor': 1, 'UNL:LEU:Hydrophobic': 2, 'UNL:LEU:VdWContact': 1, 'UNL:PHE:VdWContact': 1, 'UNL:SER:HBDonor': 1, 'UNL:SER:VdWContact': 1, 'UNL:THR:HBDonor': 1, 'UNL:THR:VdWContact': 2, 'UNL:TYR:VdWContact': 1, 'UNL:VAL:VdWContact': 1}"
528,AF3-Single-Seq,7TE8_P0T,0.3333333333333333,0.5238095238095237,"{'UNL:ALA:VdWContact': 2, 'UNL:ASN:HBAcceptor': 1, 'UNL:ASN:Hydrophobic': 1, 'UNL:ASN:VdWContact': 2, 'UNL:GLU:VdWContact': 2, 'UNL:GLY:VdWContact': 1, 'UNL:HIS:HBDonor': 1, 'UNL:HIS:Hydrophobic': 1, 'UNL:HIS:VdWContact': 1, 'UNL:MET:VdWContact': 1, 'UNL:PHE:VdWContact': 2}","{'UNL:ALA:Hydrophobic': 3, 'UNL:ALA:VdWContact': 1, 'UNL:ASP:HBDonor': 1, 'UNL:ASP:Hydrophobic': 1, 'UNL:ASP:VdWContact': 1, 'UNL:GLN:Hydrophobic': 1, 'UNL:GLU:Hydrophobic': 1, 'UNL:HIS:Hydrophobic': 1, 'UNL:HIS:VdWContact': 1, 'UNL:LYS:Hydrophobic': 1, 'UNL:LYS:VdWContact': 1, 'UNL:MET:Hydrophobic': 1, 'UNL:PHE:Hydrophobic': 4, 'UNL:PHE:VdWContact': 1, 'UNL:TRP:VdWContact': 1, 'UNL:TYR:Hydrophobic': 2, 'UNL:TYR:VdWContact': 1}"
529,AF3-Single-Seq,8EAB_VN2,0.25,0.44999999999999996,"{'UNL:ALA:VdWContact': 2, 'UNL:GLN:HBAcceptor': 1, 'UNL:GLN:Hydrophobic': 1, 'UNL:GLN:VdWContact': 2, 'UNL:GLU:Hydrophobic': 1, 'UNL:GLU:VdWContact': 1, 'UNL:ILE:Hydrophobic': 2, 'UNL:ILE:VdWContact': 2, 'UNL:SER:VdWContact': 1, 'UNL:THR:VdWContact': 1, 'UNL:TRP:HBDonor': 1, 'UNL:TRP:Hydrophobic': 1, 'UNL:TRP:VdWContact': 3, 'UNL:TYR:VdWContact': 6}","{'UNL:ILE:Hydrophobic': 4, 'UNL:ILE:VdWContact': 2, 'UNL:LEU:HBDonor': 1, 'UNL:LEU:Hydrophobic': 2, 'UNL:LEU:VdWContact': 2, 'UNL:LYS:HBAcceptor': 2, 'UNL:LYS:Hydrophobic': 2, 'UNL:LYS:VdWContact': 2, 'UNL:PHE:Hydrophobic': 2, 'UNL:PHE:VdWContact': 2, 'UNL:VAL:Hydrophobic': 2, 'UNL:VAL:VdWContact': 2}"
530,AF3-Single-Seq,7TH4_FFO,0.16666666666666663,0.39999999999999997,"{'UNL:ALA:VdWContact': 1, 'UNL:ARG:HBAcceptor': 1, 'UNL:ARG:VdWContact': 1, 'UNL:ASP:VdWContact': 1, 'UNL:CYS:HBAcceptor': 1, 'UNL:CYS:VdWContact': 1, 'UNL:GLN:HBAcceptor': 1, 'UNL:GLN:VdWContact': 1, 'UNL:GLU:VdWContact': 1, 'UNL:GLY:HBDonor': 1, 'UNL:GLY:VdWContact': 1, 'UNL:PHE:VdWContact': 1, 'UNL:THR:VdWContact': 1, 'UNL:TYR:VdWContact': 1, 'UNL:VAL:VdWContact': 1}","{'UNL:ARG:HBAcceptor': 1, 'UNL:ARG:VdWContact': 2, 'UNL:ASP:HBDonor': 1, 'UNL:ASP:VdWContact': 1, 'UNL:GLN:HBAcceptor': 2, 'UNL:GLN:HBDonor': 1, 'UNL:GLN:VdWContact': 2, 'UNL:LEU:Hydrophobic': 1, 'UNL:MET:Hydrophobic': 1, 'UNL:PHE:Hydrophobic': 2, 'UNL:TYR:VdWContact': 1, 'UNL:VAL:Hydrophobic': 1}"
531,AF3-Single-Seq,8D39_QDB,0.3333333333333333,0.38461538461538464,"{'UNL:ALA:VdWContact': 2, 'UNL:LEU:HBAcceptor': 1, 'UNL:LEU:Hydrophobic': 3, 'UNL:LEU:VdWContact': 3, 'UNL:PHE:VdWContact': 1, 'UNL:PRO:VdWContact': 1, 'UNL:SER:HBAcceptor': 1, 'UNL:SER:VdWContact': 1, 'UNL:TYR:Hydrophobic': 1}","{'UNL:ALA:Hydrophobic': 1, 'UNL:ARG:HBAcceptor': 1, 'UNL:ARG:VdWContact': 1, 'UNL:LEU:Hydrophobic': 1, 'UNL:LEU:VdWContact': 1, 'UNL:PHE:Hydrophobic': 3, 'UNL:PHE:VdWContact': 3, 'UNL:SER:VdWContact': 2, 'UNL:THR:Hydrophobic': 1, 'UNL:VAL:Hydrophobic': 3, 'UNL:VAL:VdWContact': 1}"
532,AF3-Single-Seq,7YZU_DO7,0.5714285714285715,0.2666666666666666,"{'UNL:ALA:VdWContact': 1, 'UNL:ARG:VdWContact': 1, 'UNL:GLN:Hydrophobic': 1, 'UNL:GLN:VdWContact': 1, 'UNL:GLU:VdWContact': 1, 'UNL:HIS:VdWContact': 1, 'UNL:LYS:HBAcceptor': 1, 'UNL:LYS:VdWContact': 1, 'UNL:THR:HBAcceptor': 2, 'UNL:THR:VdWContact': 2, 'UNL:TRP:Hydrophobic': 1, 'UNL:TRP:VdWContact': 1}","{'UNL:ARG:HBAcceptor': 1, 'UNL:ARG:VdWContact': 1, 'UNL:ASP:HBDonor': 1, 'UNL:ASP:VdWContact': 2, 'UNL:GLN:VdWContact': 1, 'UNL:GLU:Hydrophobic': 1, 'UNL:GLU:VdWContact': 1, 'UNL:GLY:HBAcceptor': 1, 'UNL:GLY:VdWContact': 3, 'UNL:HIS:VdWContact': 1, 'UNL:ILE:VdWContact': 1, 'UNL:SER:HBAcceptor': 1, 'UNL:SER:VdWContact': 1, 'UNL:THR:VdWContact': 1, 'UNL:TRP:HBAcceptor': 1, 'UNL:TRP:VdWContact': 2}"
533,AF3-Single-Seq,7TOM_5AD,0.5999999999999999,0.7647058823529411,"{'UNL:ALA:VdWContact': 1, 'UNL:GLN:HBAcceptor': 3, 'UNL:GLN:HBDonor': 1, 'UNL:GLN:VdWContact': 3, 'UNL:HIS:VdWContact': 1}","{'UNL:ALA:Hydrophobic': 1, 'UNL:ARG:VdWContact': 1, 'UNL:GLN:HBAcceptor': 2, 'UNL:GLN:Hydrophobic': 1, 'UNL:GLN:VdWContact': 2, 'UNL:ILE:Hydrophobic': 1, 'UNL:MET:Hydrophobic': 1, 'UNL:MET:VdWContact': 1, 'UNL:PHE:HBAcceptor': 1, 'UNL:PHE:Hydrophobic': 1, 'UNL:PHE:VdWContact': 1, 'UNL:SER:HBAcceptor': 1, 'UNL:SER:HBDonor': 1, 'UNL:SER:VdWContact': 1, 'UNL:THR:Hydrophobic': 1, 'UNL:THR:VdWContact': 1, 'UNL:TYR:Hydrophobic': 1, 'UNL:VAL:Hydrophobic': 1, 'UNL:VAL:VdWContact': 1}"
534,AF3-Single-Seq,7XI7_4RI,0.0,0.3076923076923076,"{'UNL:GLU:HBDonor': 1, 'UNL:GLU:VdWContact': 1, 'UNL:ILE:HBDonor': 1, 'UNL:ILE:Hydrophobic': 2, 'UNL:ILE:VdWContact': 3, 'UNL:LEU:Hydrophobic': 1, 'UNL:MET:Hydrophobic': 1, 'UNL:MET:VdWContact': 1, 'UNL:PHE:Hydrophobic': 2, 'UNL:PHE:VdWContact': 1, 'UNL:PRO:VdWContact': 1, 'UNL:TRP:Hydrophobic': 1, 'UNL:VAL:VdWContact': 1}","{'UNL:ALA:Hydrophobic': 1, 'UNL:GLU:HBDonor': 1, 'UNL:GLU:VdWContact': 1, 'UNL:ILE:HBDonor': 1, 'UNL:ILE:Hydrophobic': 2, 'UNL:ILE:VdWContact': 1, 'UNL:LEU:Hydrophobic': 1, 'UNL:PHE:Hydrophobic': 2, 'UNL:PHE:VdWContact': 1, 'UNL:THR:Hydrophobic': 1, 'UNL:VAL:VdWContact': 1}"
535,AF3-Single-Seq,7WPW_F15,0.5,0.4375,"{'UNL:ARG:HBAcceptor': 1, 'UNL:ARG:VdWContact': 1, 'UNL:ASP:Hydrophobic': 1, 'UNL:ASP:VdWContact': 1, 'UNL:MET:Hydrophobic': 1, 'UNL:PHE:VdWContact': 2, 'UNL:SER:VdWContact': 1, 'UNL:THR:VdWContact': 1, 'UNL:TYR:VdWContact': 2}","{'UNL:ALA:Hydrophobic': 2, 'UNL:ARG:HBAcceptor': 1, 'UNL:ARG:HBDonor': 1, 'UNL:ARG:VdWContact': 1, 'UNL:ASP:Hydrophobic': 1, 'UNL:LEU:Hydrophobic': 3, 'UNL:LYS:Hydrophobic': 1, 'UNL:MET:Hydrophobic': 1, 'UNL:PHE:Hydrophobic': 2, 'UNL:PRO:Hydrophobic': 1, 'UNL:THR:Hydrophobic': 2, 'UNL:TYR:Hydrophobic': 1, 'UNL:TYR:VdWContact': 1, 'UNL:VAL:Hydrophobic': 1}"
536,AF3-Single-Seq,7T3E_SLB,0.6666666666666666,0.25000000000000006,"{'UNL:ALA:VdWContact': 1, 'UNL:ARG:HBAcceptor': 2, 'UNL:ARG:VdWContact': 3, 'UNL:ASN:VdWContact': 1, 'UNL:ASP:VdWContact': 1, 'UNL:GLN:VdWContact': 1, 'UNL:GLU:HBDonor': 1, 'UNL:GLU:VdWContact': 2, 'UNL:GLY:VdWContact': 1, 'UNL:THR:VdWContact': 1, 'UNL:VAL:VdWContact': 1}","{'UNL:ARG:HBAcceptor': 2, 'UNL:ARG:HBDonor': 1, 'UNL:ARG:VdWContact': 3, 'UNL:ASN:HBAcceptor': 1, 'UNL:ASN:VdWContact': 1, 'UNL:ASP:HBDonor': 1, 'UNL:ASP:Hydrophobic': 1, 'UNL:ASP:VdWContact': 1, 'UNL:GLN:HBAcceptor': 1, 'UNL:GLN:VdWContact': 2, 'UNL:GLU:HBDonor': 1, 'UNL:GLU:VdWContact': 1, 'UNL:PHE:Hydrophobic': 2, 'UNL:PHE:VdWContact': 2}"
537,AF3-Single-Seq,7VQ9_ISY,0.19999999999999996,0.4666666666666666,"{'UNL:ARG:Hydrophobic': 1, 'UNL:ARG:VdWContact': 3, 'UNL:ASN:HBDonor': 1, 'UNL:ASN:VdWContact': 1, 'UNL:ASP:VdWContact': 1, 'UNL:GLY:VdWContact': 3, 'UNL:MET:Hydrophobic': 1, 'UNL:TRP:HBDonor': 1, 'UNL:TRP:VdWContact': 1}","{'UNL:ARG:HBAcceptor': 1, 'UNL:ARG:HBDonor': 1, 'UNL:ARG:VdWContact': 2, 'UNL:ASN:VdWContact': 1, 'UNL:ASP:Hydrophobic': 1, 'UNL:GLY:VdWContact': 1, 'UNL:ILE:Hydrophobic': 1, 'UNL:PHE:Hydrophobic': 1, 'UNL:PHE:VdWContact': 1, 'UNL:PRO:Hydrophobic': 1, 'UNL:PRO:VdWContact': 1, 'UNL:SER:HBAcceptor': 1, 'UNL:SER:VdWContact': 1, 'UNL:THR:Hydrophobic': 1}"
538,AF3-Single-Seq,8HFN_XGC,0.6666666666666667,0.6666666666666667,"{'UNL:ARG:VdWContact': 1, 'UNL:ASP:Hydrophobic': 1, 'UNL:ASP:VdWContact': 1, 'UNL:GLU:VdWContact': 1, 'UNL:HIS:HBDonor': 1, 'UNL:HIS:Hydrophobic': 1, 'UNL:HIS:VdWContact': 6, 'UNL:THR:VdWContact': 1}","{'UNL:ASN:HBDonor': 1, 'UNL:ASN:VdWContact': 1, 'UNL:CYS:Hydrophobic': 1, 'UNL:CYS:VdWContact': 2, 'UNL:GLY:VdWContact': 2, 'UNL:HIS:HBAcceptor': 1, 'UNL:HIS:VdWContact': 1, 'UNL:ILE:VdWContact': 1, 'UNL:LEU:Hydrophobic': 1, 'UNL:LYS:Hydrophobic': 1, 'UNL:LYS:VdWContact': 1, 'UNL:MET:HBAcceptor': 1, 'UNL:MET:VdWContact': 1, 'UNL:THR:HBAcceptor': 1, 'UNL:THR:HBDonor': 1, 'UNL:THR:Hydrophobic': 1, 'UNL:THR:VdWContact': 3, 'UNL:TRP:Hydrophobic': 1, 'UNL:TRP:VdWContact': 1, 'UNL:TYR:Hydrophobic': 1, 'UNL:TYR:VdWContact': 1}"
539,AF3-Single-Seq,7W06_ITN,1.2000000000000002,1.1428571428571428,"{'UNL:ARG:HBAcceptor': 1, 'UNL:ARG:VdWContact': 1}","{'UNL:ARG:HBAcceptor': 1, 'UNL:ARG:VdWContact': 1, 'UNL:ASN:HBAcceptor': 1, 'UNL:ASN:VdWContact': 1, 'UNL:ILE:Hydrophobic': 2, 'UNL:LEU:Hydrophobic': 1, 'UNL:PHE:Hydrophobic': 1, 'UNL:SER:HBAcceptor': 1, 'UNL:SER:VdWContact': 1, 'UNL:THR:HBAcceptor': 2, 'UNL:THR:HBDonor': 2, 'UNL:THR:VdWContact': 2}"
540,AF3-Single-Seq,7UAS_MBU,0.0,0.25,"{'UNL:ALA:VdWContact': 2, 'UNL:ASP:VdWContact': 2, 'UNL:CYS:HBAcceptor': 1, 'UNL:CYS:Hydrophobic': 1, 'UNL:CYS:VdWContact': 1, 'UNL:GLY:VdWContact': 1, 'UNL:ILE:Hydrophobic': 1, 'UNL:PHE:VdWContact': 3, 'UNL:PRO:VdWContact': 1, 'UNL:SER:VdWContact': 2, 'UNL:TYR:Hydrophobic': 1, 'UNL:TYR:VdWContact': 2}","{'UNL:ASP:Hydrophobic': 2, 'UNL:CYS:HBAcceptor': 1, 'UNL:CYS:Hydrophobic': 1, 'UNL:CYS:VdWContact': 1, 'UNL:GLY:VdWContact': 1, 'UNL:ILE:Hydrophobic': 1, 'UNL:ILE:VdWContact': 1, 'UNL:LYS:Hydrophobic': 1, 'UNL:PHE:Hydrophobic': 4, 'UNL:PHE:VdWContact': 2, 'UNL:PRO:Hydrophobic': 1, 'UNL:SER:VdWContact': 2, 'UNL:TYR:Hydrophobic': 2, 'UNL:TYR:VdWContact': 2}"
541,AF3-Single-Seq,8GFD_ZHR,0.3333333333333333,0.0,"{'UNL:ARG:HBAcceptor': 1, 'UNL:ARG:VdWContact': 2, 'UNL:ASN:Hydrophobic': 1, 'UNL:ASN:VdWContact': 1, 'UNL:GLY:VdWContact': 1, 'UNL:PHE:VdWContact': 1, 'UNL:SER:VdWContact': 1, 'UNL:TYR:Hydrophobic': 1, 'UNL:TYR:VdWContact': 2}","{'UNL:ALA:Hydrophobic': 1, 'UNL:ARG:Hydrophobic': 1, 'UNL:GLN:HBAcceptor': 1, 'UNL:GLN:VdWContact': 2, 'UNL:GLU:HBDonor': 1, 'UNL:GLU:VdWContact': 1, 'UNL:SER:VdWContact': 2, 'UNL:TRP:Hydrophobic': 1, 'UNL:TYR:Hydrophobic': 1, 'UNL:TYR:VdWContact': 1}"
542,AF3-Single-Seq,7UQ3_O2U,0.5,0.1875,"{'UNL:GLU:VdWContact': 1, 'UNL:GLY:VdWContact': 1, 'UNL:HIS:VdWContact': 1, 'UNL:LEU:VdWContact': 1, 'UNL:LYS:VdWContact': 1, 'UNL:PHE:Hydrophobic': 1, 'UNL:PHE:VdWContact': 3, 'UNL:SER:HBAcceptor': 1, 'UNL:SER:VdWContact': 1, 'UNL:TYR:VdWContact': 1, 'UNL:VAL:VdWContact': 1}","{'UNL:ASN:HBAcceptor': 1, 'UNL:ASN:VdWContact': 1, 'UNL:ASP:VdWContact': 1, 'UNL:HIS:HBAcceptor': 1, 'UNL:HIS:HBDonor': 1, 'UNL:HIS:VdWContact': 2, 'UNL:LEU:Hydrophobic': 1, 'UNL:LEU:VdWContact': 1, 'UNL:LYS:VdWContact': 1, 'UNL:SER:VdWContact': 2, 'UNL:TRP:Hydrophobic': 1, 'UNL:TRP:VdWContact': 1, 'UNL:TYR:VdWContact': 1, 'UNL:VAL:Hydrophobic': 1}"
543,AF3-Single-Seq,7XG5_PLP,0.49999999999999994,0.3846153846153846,"{'UNL:ARG:HBDonor': 1, 'UNL:ARG:VdWContact': 2, 'UNL:GLN:VdWContact': 2, 'UNL:LEU:VdWContact': 1, 'UNL:MET:VdWContact': 1, 'UNL:TRP:HBAcceptor': 1, 'UNL:TRP:Hydrophobic': 2, 'UNL:TRP:VdWContact': 2}","{'UNL:ARG:HBAcceptor': 1, 'UNL:ARG:VdWContact': 1, 'UNL:ASN:VdWContact': 1, 'UNL:GLU:VdWContact': 1, 'UNL:GLY:VdWContact': 2, 'UNL:LEU:Hydrophobic': 2, 'UNL:LEU:VdWContact': 1, 'UNL:LYS:VdWContact': 1, 'UNL:THR:HBAcceptor': 2, 'UNL:THR:VdWContact': 3, 'UNL:VAL:HBAcceptor': 1, 'UNL:VAL:HBDonor': 1, 'UNL:VAL:VdWContact': 1}"
544,AF3-Single-Seq,8G6P_API,0.75,0.625,"{'UNL:HIS:HBAcceptor': 1, 'UNL:HIS:Hydrophobic': 1, 'UNL:HIS:VdWContact': 2, 'UNL:LYS:HBAcceptor': 1, 'UNL:LYS:VdWContact': 1}","{'UNL:ARG:HBAcceptor': 2, 'UNL:ARG:HBDonor': 2, 'UNL:ARG:VdWContact': 2, 'UNL:ASN:HBAcceptor': 1, 'UNL:ASN:VdWContact': 1, 'UNL:ASP:HBDonor': 1, 'UNL:ASP:VdWContact': 1, 'UNL:GLU:HBDonor': 1, 'UNL:GLU:VdWContact': 1, 'UNL:GLY:HBDonor': 1, 'UNL:GLY:VdWContact': 2, 'UNL:HIS:Hydrophobic': 1, 'UNL:HIS:VdWContact': 1}"
545,AF3-Single-Seq,8DP2_UMA,0.5,0.4375,"{'UNL:ARG:VdWContact': 1, 'UNL:ASN:HBAcceptor': 1, 'UNL:ASN:HBDonor': 1, 'UNL:ASN:VdWContact': 2, 'UNL:ASP:VdWContact': 1, 'UNL:GLY:VdWContact': 3, 'UNL:LEU:VdWContact': 2, 'UNL:LYS:HBAcceptor': 1, 'UNL:LYS:VdWContact': 1, 'UNL:PHE:VdWContact': 1, 'UNL:SER:HBAcceptor': 1, 'UNL:SER:VdWContact': 2, 'UNL:THR:VdWContact': 1}","{'UNL:ARG:Hydrophobic': 1, 'UNL:ARG:VdWContact': 1, 'UNL:ASN:HBAcceptor': 1, 'UNL:ASN:HBDonor': 1, 'UNL:ASN:VdWContact': 1, 'UNL:GLN:VdWContact': 1, 'UNL:GLY:HBAcceptor': 1, 'UNL:GLY:VdWContact': 2, 'UNL:HIS:VdWContact': 1, 'UNL:LEU:Hydrophobic': 1, 'UNL:LYS:HBAcceptor': 1, 'UNL:LYS:VdWContact': 1, 'UNL:PHE:Hydrophobic': 1, 'UNL:PRO:VdWContact': 1, 'UNL:SER:HBAcceptor': 1, 'UNL:SER:HBDonor': 1, 'UNL:SER:VdWContact': 2, 'UNL:THR:HBAcceptor': 1, 'UNL:THR:HBDonor': 1, 'UNL:THR:Hydrophobic': 1, 'UNL:THR:VdWContact': 1}"
546,AF3-Single-Seq,7XFA_D9J,0.3333333333333333,0.42105263157894746,"{'UNL:ARG:VdWContact': 1, 'UNL:CYS:VdWContact': 1, 'UNL:GLU:VdWContact': 1, 'UNL:ILE:HBDonor': 1, 'UNL:ILE:VdWContact': 2, 'UNL:LEU:Hydrophobic': 2, 'UNL:LEU:VdWContact': 3, 'UNL:PHE:Hydrophobic': 1, 'UNL:PHE:VdWContact': 1, 'UNL:PRO:VdWContact': 1, 'UNL:TYR:Hydrophobic': 1, 'UNL:TYR:VdWContact': 1, 'UNL:VAL:Hydrophobic': 1, 'UNL:VAL:VdWContact': 1}","{'UNL:ALA:Hydrophobic': 1, 'UNL:ARG:HBAcceptor': 1, 'UNL:ARG:Hydrophobic': 1, 'UNL:ARG:VdWContact': 1, 'UNL:ASN:HBAcceptor': 1, 'UNL:ASN:VdWContact': 2, 'UNL:GLU:VdWContact': 1, 'UNL:GLY:VdWContact': 1, 'UNL:HIS:VdWContact': 1, 'UNL:TRP:Hydrophobic': 1}"
547,AF3-Single-Seq,8AEM_LVF,0.0,0.23076923076923073,"{'UNL:ILE:Hydrophobic': 1, 'UNL:ILE:VdWContact': 1, 'UNL:LYS:HBDonor': 1, 'UNL:LYS:VdWContact': 1, 'UNL:PHE:VdWContact': 1, 'UNL:SER:VdWContact': 1, 'UNL:TYR:Hydrophobic': 1, 'UNL:TYR:VdWContact': 2, 'UNL:VAL:Hydrophobic': 1, 'UNL:VAL:VdWContact': 2}","{'UNL:ILE:Hydrophobic': 2, 'UNL:ILE:VdWContact': 1, 'UNL:LEU:Hydrophobic': 3, 'UNL:MET:Hydrophobic': 2, 'UNL:PHE:Hydrophobic': 1, 'UNL:PRO:Hydrophobic': 1, 'UNL:TYR:Hydrophobic': 2, 'UNL:VAL:HBDonor': 1, 'UNL:VAL:Hydrophobic': 1, 'UNL:VAL:VdWContact': 1}"
548,AF3-Single-Seq,7W05_GMP,0.5714285714285715,0.6666666666666667,"{'UNL:ARG:HBAcceptor': 1, 'UNL:ARG:VdWContact': 1, 'UNL:ASP:HBDonor': 1, 'UNL:ASP:VdWContact': 1, 'UNL:PRO:VdWContact': 1, 'UNL:SER:VdWContact': 1, 'UNL:TYR:VdWContact': 1}","{'UNL:ASN:HBDonor': 1, 'UNL:ASN:VdWContact': 2, 'UNL:GLN:VdWContact': 1, 'UNL:GLU:HBDonor': 2, 'UNL:GLU:VdWContact': 2, 'UNL:HIS:HBAcceptor': 1, 'UNL:HIS:HBDonor': 1, 'UNL:HIS:Hydrophobic': 1, 'UNL:HIS:VdWContact': 2, 'UNL:PHE:Hydrophobic': 1, 'UNL:TYR:HBAcceptor': 1, 'UNL:TYR:Hydrophobic': 2, 'UNL:TYR:VdWContact': 2}"
549,AF3-Single-Seq,8AIE_M7L,0.8333333333333334,0.5454545454545455,"{'UNL:ARG:HBAcceptor': 1, 'UNL:ARG:HBDonor': 1, 'UNL:ARG:VdWContact': 2, 'UNL:HIS:VdWContact': 1, 'UNL:LYS:HBAcceptor': 1, 'UNL:LYS:VdWContact': 2, 'UNL:PHE:VdWContact': 1, 'UNL:SER:VdWContact': 1, 'UNL:THR:VdWContact': 2}","{'UNL:ARG:HBAcceptor': 2, 'UNL:ARG:VdWContact': 1, 'UNL:GLU:VdWContact': 1, 'UNL:HIS:VdWContact': 1, 'UNL:LEU:Hydrophobic': 1, 'UNL:LYS:VdWContact': 2, 'UNL:SER:VdWContact': 2, 'UNL:THR:HBAcceptor': 3, 'UNL:THR:HBDonor': 2, 'UNL:THR:VdWContact': 4, 'UNL:TYR:Hydrophobic': 1, 'UNL:TYR:VdWContact': 1, 'UNL:VAL:HBAcceptor': 1, 'UNL:VAL:VdWContact': 1}"
550,AF3-Single-Seq,7UMW_NAD,0.25,0.6000000000000001,"{'UNL:ALA:HBDonor': 1, 'UNL:ALA:VdWContact': 2, 'UNL:GLY:HBDonor': 1, 'UNL:GLY:VdWContact': 2, 'UNL:ILE:HBAcceptor': 1, 'UNL:ILE:HBDonor': 1, 'UNL:ILE:VdWContact': 1, 'UNL:LEU:Hydrophobic': 2, 'UNL:LEU:VdWContact': 4, 'UNL:SER:HBAcceptor': 1, 'UNL:SER:VdWContact': 2, 'UNL:TYR:Hydrophobic': 1, 'UNL:TYR:VdWContact': 1, 'UNL:VAL:VdWContact': 1}","{'UNL:ALA:Hydrophobic': 1, 'UNL:ALA:VdWContact': 2, 'UNL:ASP:HBDonor': 1, 'UNL:ASP:VdWContact': 1, 'UNL:CYS:VdWContact': 1, 'UNL:GLN:Hydrophobic': 1, 'UNL:GLN:VdWContact': 1, 'UNL:GLY:VdWContact': 2, 'UNL:ILE:HBAcceptor': 2, 'UNL:ILE:HBDonor': 2, 'UNL:ILE:Hydrophobic': 3, 'UNL:ILE:VdWContact': 3, 'UNL:LEU:Hydrophobic': 1, 'UNL:LYS:VdWContact': 1, 'UNL:PHE:Hydrophobic': 1, 'UNL:PRO:VdWContact': 1, 'UNL:SER:VdWContact': 3, 'UNL:THR:HBAcceptor': 1, 'UNL:THR:VdWContact': 1, 'UNL:TYR:Hydrophobic': 1, 'UNL:VAL:HBAcceptor': 1, 'UNL:VAL:Hydrophobic': 1, 'UNL:VAL:VdWContact': 1}"
551,AF3-Single-Seq,7U3J_L6U,0.8333333333333334,0.4,"{'UNL:GLN:Hydrophobic': 1, 'UNL:GLU:HBDonor': 1, 'UNL:GLU:Hydrophobic': 1, 'UNL:GLU:VdWContact': 1, 'UNL:ILE:Hydrophobic': 1, 'UNL:ILE:VdWContact': 1, 'UNL:LEU:Hydrophobic': 2, 'UNL:LEU:VdWContact': 2, 'UNL:PHE:VdWContact': 2, 'UNL:SER:VdWContact': 2, 'UNL:TRP:VdWContact': 1, 'UNL:TYR:Hydrophobic': 1, 'UNL:TYR:VdWContact': 2}","{'UNL:ALA:Hydrophobic': 1, 'UNL:ALA:VdWContact': 1, 'UNL:GLN:HBDonor': 1, 'UNL:GLN:Hydrophobic': 1, 'UNL:GLN:VdWContact': 2, 'UNL:GLU:HBDonor': 1, 'UNL:GLU:VdWContact': 1, 'UNL:GLY:HBDonor': 1, 'UNL:GLY:VdWContact': 1, 'UNL:ILE:Hydrophobic': 1, 'UNL:LEU:Hydrophobic': 3, 'UNL:LEU:VdWContact': 2, 'UNL:PHE:Hydrophobic': 1, 'UNL:PHE:VdWContact': 1, 'UNL:SER:HBAcceptor': 1, 'UNL:SER:HBDonor': 1, 'UNL:SER:VdWContact': 3, 'UNL:THR:Hydrophobic': 1, 'UNL:THR:VdWContact': 1, 'UNL:TRP:Hydrophobic': 1, 'UNL:TYR:HBAcceptor': 1, 'UNL:TYR:Hydrophobic': 1, 'UNL:TYR:VdWContact': 3}"
552,AF3-Single-Seq,7QGP_DJ8,0.3333333333333333,0.36000000000000004,"{'UNL:ALA:VdWContact': 1, 'UNL:GLN:VdWContact': 1, 'UNL:GLY:VdWContact': 1, 'UNL:ILE:Hydrophobic': 1, 'UNL:ILE:VdWContact': 1, 'UNL:LEU:VdWContact': 1, 'UNL:MET:Hydrophobic': 1, 'UNL:MET:VdWContact': 1, 'UNL:SER:VdWContact': 1, 'UNL:THR:VdWContact': 1, 'UNL:TRP:Hydrophobic': 2, 'UNL:TRP:VdWContact': 2, 'UNL:TYR:HBDonor': 1, 'UNL:TYR:VdWContact': 2}","{'UNL:ALA:Hydrophobic': 2, 'UNL:ALA:VdWContact': 1, 'UNL:ASP:HBAcceptor': 1, 'UNL:ASP:Hydrophobic': 1, 'UNL:ASP:VdWContact': 1, 'UNL:CYS:HBAcceptor': 1, 'UNL:CYS:Hydrophobic': 1, 'UNL:CYS:VdWContact': 1, 'UNL:GLU:Hydrophobic': 1, 'UNL:GLU:VdWContact': 2, 'UNL:ILE:Hydrophobic': 3, 'UNL:ILE:VdWContact': 2, 'UNL:LEU:Hydrophobic': 2, 'UNL:LEU:VdWContact': 1, 'UNL:LYS:Hydrophobic': 1, 'UNL:PHE:Hydrophobic': 2, 'UNL:TYR:VdWContact': 1, 'UNL:VAL:Hydrophobic': 2, 'UNL:VAL:VdWContact': 1}"
553,AF3-Single-Seq,7WQQ_5Z6,0.3333333333333333,0.6470588235294117,"{'UNL:ARG:VdWContact': 1, 'UNL:ASP:VdWContact': 1, 'UNL:HIS:VdWContact': 1, 'UNL:ILE:HBAcceptor': 1, 'UNL:ILE:Hydrophobic': 1, 'UNL:ILE:VdWContact': 2, 'UNL:LEU:Hydrophobic': 2, 'UNL:LEU:VdWContact': 5, 'UNL:LYS:HBAcceptor': 1, 'UNL:LYS:Hydrophobic': 1, 'UNL:LYS:VdWContact': 2}","{'UNL:ARG:Hydrophobic': 2, 'UNL:CYS:Hydrophobic': 1, 'UNL:GLY:VdWContact': 1, 'UNL:ILE:Hydrophobic': 3, 'UNL:ILE:VdWContact': 1, 'UNL:LEU:Hydrophobic': 6, 'UNL:LEU:VdWContact': 1, 'UNL:PHE:Hydrophobic': 4, 'UNL:PHE:VdWContact': 4, 'UNL:SER:HBAcceptor': 1, 'UNL:SER:VdWContact': 2, 'UNL:TRP:Hydrophobic': 1, 'UNL:VAL:Hydrophobic': 1}"
554,AF3-Single-Seq,7TUO_KL9,0.5,0.4000000000000001,"{'UNL:ASP:VdWContact': 1, 'UNL:GLN:HBAcceptor': 1, 'UNL:GLN:VdWContact': 2, 'UNL:GLU:Hydrophobic': 1, 'UNL:GLU:VdWContact': 1, 'UNL:MET:Hydrophobic': 1, 'UNL:MET:VdWContact': 2, 'UNL:PHE:Hydrophobic': 1, 'UNL:PHE:VdWContact': 3, 'UNL:THR:VdWContact': 1, 'UNL:TYR:VdWContact': 1}","{'UNL:ALA:Hydrophobic': 1, 'UNL:ALA:VdWContact': 1, 'UNL:GLN:HBAcceptor': 1, 'UNL:GLN:Hydrophobic': 1, 'UNL:GLN:VdWContact': 1, 'UNL:GLU:HBDonor': 1, 'UNL:GLU:Hydrophobic': 1, 'UNL:GLU:VdWContact': 1, 'UNL:HIS:Hydrophobic': 1, 'UNL:HIS:VdWContact': 1, 'UNL:LEU:Hydrophobic': 1, 'UNL:LEU:VdWContact': 1, 'UNL:PHE:Hydrophobic': 1, 'UNL:PHE:VdWContact': 1, 'UNL:THR:Hydrophobic': 2, 'UNL:TYR:Hydrophobic': 2, 'UNL:TYR:VdWContact': 1, 'UNL:VAL:Hydrophobic': 1}"
555,AF3-Single-Seq,7ZL5_IWE,0.3333333333333333,0.5333333333333333,"{'UNL:GLN:VdWContact': 1, 'UNL:HIS:HBDonor': 1, 'UNL:HIS:Hydrophobic': 2, 'UNL:HIS:VdWContact': 6, 'UNL:ILE:Hydrophobic': 1, 'UNL:ILE:VdWContact': 1, 'UNL:PRO:VdWContact': 1, 'UNL:SER:VdWContact': 2, 'UNL:VAL:Hydrophobic': 2, 'UNL:VAL:VdWContact': 2}","{'UNL:ALA:Hydrophobic': 1, 'UNL:ALA:VdWContact': 1, 'UNL:HIS:Hydrophobic': 1, 'UNL:HIS:VdWContact': 1, 'UNL:LEU:Hydrophobic': 3, 'UNL:LEU:VdWContact': 1, 'UNL:PHE:Hydrophobic': 1, 'UNL:THR:HBAcceptor': 1, 'UNL:THR:HBDonor': 1, 'UNL:THR:VdWContact': 1}"
556,AF3-Single-Seq,8F8E_XJI,0.0,0.4444444444444444,"{'UNL:ARG:HBDonor': 1, 'UNL:ARG:VdWContact': 1, 'UNL:LEU:VdWContact': 2, 'UNL:LYS:VdWContact': 1, 'UNL:PHE:VdWContact': 2, 'UNL:SER:HBDonor': 1, 'UNL:SER:VdWContact': 1, 'UNL:TYR:VdWContact': 2, 'UNL:VAL:Hydrophobic': 2, 'UNL:VAL:VdWContact': 1}","{'UNL:ALA:Hydrophobic': 1, 'UNL:ALA:VdWContact': 1, 'UNL:ARG:HBAcceptor': 1, 'UNL:ARG:Hydrophobic': 1, 'UNL:ARG:VdWContact': 2, 'UNL:ASP:HBDonor': 1, 'UNL:ASP:Hydrophobic': 1, 'UNL:ASP:VdWContact': 1, 'UNL:CYS:VdWContact': 1, 'UNL:HIS:VdWContact': 1, 'UNL:LEU:Hydrophobic': 2, 'UNL:LEU:VdWContact': 1, 'UNL:PHE:Hydrophobic': 1, 'UNL:PHE:VdWContact': 1, 'UNL:TYR:Hydrophobic': 1, 'UNL:VAL:Hydrophobic': 1}"
557,AF3-Single-Seq,7ZOC_T8E,0.0,0.19999999999999996,"{'UNL:ASN:HBAcceptor': 1, 'UNL:ASN:VdWContact': 1, 'UNL:GLN:Hydrophobic': 1, 'UNL:GLN:VdWContact': 1, 'UNL:HIS:VdWContact': 2, 'UNL:LEU:VdWContact': 1, 'UNL:PHE:Hydrophobic': 1, 'UNL:SER:VdWContact': 1, 'UNL:TYR:VdWContact': 2}","{'UNL:ASN:Hydrophobic': 1, 'UNL:GLN:Hydrophobic': 1, 'UNL:GLU:HBDonor': 1, 'UNL:GLU:VdWContact': 4, 'UNL:HIS:Hydrophobic': 1, 'UNL:MET:VdWContact': 1, 'UNL:TRP:Hydrophobic': 1, 'UNL:TRP:VdWContact': 1, 'UNL:TYR:Hydrophobic': 1, 'UNL:TYR:VdWContact': 2}"
558,AF3-Single-Seq,7WCF_ACP,0.4285714285714286,0.6111111111111112,"{'UNL:ARG:HBAcceptor': 1, 'UNL:ARG:VdWContact': 1, 'UNL:ASN:HBAcceptor': 1, 'UNL:ASN:VdWContact': 1, 'UNL:HIS:VdWContact': 1, 'UNL:ILE:VdWContact': 1, 'UNL:LEU:VdWContact': 1, 'UNL:PHE:VdWContact': 1, 'UNL:TRP:VdWContact': 1, 'UNL:TYR:VdWContact': 1}","{'UNL:ARG:Hydrophobic': 1, 'UNL:ARG:VdWContact': 1, 'UNL:ASP:VdWContact': 2, 'UNL:GLN:HBAcceptor': 1, 'UNL:GLN:Hydrophobic': 1, 'UNL:GLN:VdWContact': 2, 'UNL:GLY:VdWContact': 1, 'UNL:HIS:HBAcceptor': 1, 'UNL:HIS:VdWContact': 1, 'UNL:ILE:Hydrophobic': 1, 'UNL:ILE:VdWContact': 1, 'UNL:LYS:HBDonor': 1, 'UNL:LYS:VdWContact': 3, 'UNL:PHE:HBAcceptor': 1, 'UNL:PHE:Hydrophobic': 1, 'UNL:PHE:VdWContact': 1, 'UNL:TYR:Hydrophobic': 1, 'UNL:TYR:VdWContact': 1, 'UNL:VAL:HBAcceptor': 1, 'UNL:VAL:VdWContact': 1}"
559,AF3-Single-Seq,8AP0_PRP,0.22222222222222215,0.22222222222222232,"{'UNL:ALA:VdWContact': 1, 'UNL:ARG:HBAcceptor': 1, 'UNL:ARG:VdWContact': 1, 'UNL:GLY:HBAcceptor': 1, 'UNL:GLY:VdWContact': 2, 'UNL:LYS:HBAcceptor': 1, 'UNL:LYS:HBDonor': 1, 'UNL:LYS:VdWContact': 1, 'UNL:PHE:VdWContact': 1, 'UNL:SER:HBAcceptor': 1, 'UNL:SER:VdWContact': 2, 'UNL:THR:HBAcceptor': 2, 'UNL:THR:VdWContact': 2}","{'UNL:ARG:HBAcceptor': 1, 'UNL:ARG:HBDonor': 1, 'UNL:ARG:VdWContact': 1, 'UNL:GLY:HBAcceptor': 2, 'UNL:GLY:HBDonor': 1, 'UNL:GLY:VdWContact': 2, 'UNL:HIS:HBAcceptor': 1, 'UNL:HIS:VdWContact': 1, 'UNL:LYS:HBAcceptor': 1, 'UNL:LYS:VdWContact': 1, 'UNL:SER:HBAcceptor': 2, 'UNL:SER:VdWContact': 3, 'UNL:THR:VdWContact': 1, 'UNL:VAL:VdWContact': 1}"
560,AF3-Single-Seq,7UXS_OJC,0.5714285714285715,0.4375,"{'UNL:ALA:VdWContact': 1, 'UNL:ASN:VdWContact': 1, 'UNL:GLY:VdWContact': 3, 'UNL:ILE:VdWContact': 1, 'UNL:LEU:VdWContact': 1, 'UNL:PHE:VdWContact': 3, 'UNL:SER:HBAcceptor': 1, 'UNL:SER:HBDonor': 1, 'UNL:SER:VdWContact': 2, 'UNL:VAL:VdWContact': 1}","{'UNL:ALA:VdWContact': 1, 'UNL:ARG:HBAcceptor': 1, 'UNL:ARG:VdWContact': 1, 'UNL:GLN:HBAcceptor': 1, 'UNL:GLN:Hydrophobic': 1, 'UNL:GLN:VdWContact': 1, 'UNL:GLU:HBDonor': 1, 'UNL:GLU:VdWContact': 1, 'UNL:GLY:HBAcceptor': 2, 'UNL:GLY:VdWContact': 2, 'UNL:LEU:HBAcceptor': 1, 'UNL:LEU:Hydrophobic': 1, 'UNL:LEU:VdWContact': 1, 'UNL:LYS:VdWContact': 1, 'UNL:PHE:Hydrophobic': 2, 'UNL:PHE:VdWContact': 2, 'UNL:SER:VdWContact': 1, 'UNL:TRP:VdWContact': 1}"
561,AF3-Single-Seq,7X9K_8OG,0.875,0.23529411764705882,"{'UNL:ARG:HBAcceptor': 1, 'UNL:ARG:VdWContact': 1, 'UNL:GLU:VdWContact': 1, 'UNL:GLY:VdWContact': 1, 'UNL:ILE:VdWContact': 1, 'UNL:LYS:VdWContact': 1, 'UNL:MET:VdWContact': 1, 'UNL:THR:VdWContact': 1, 'UNL:VAL:VdWContact': 1}","{'UNL:ARG:HBAcceptor': 1, 'UNL:ARG:HBDonor': 1, 'UNL:ARG:VdWContact': 1, 'UNL:ASN:HBAcceptor': 1, 'UNL:ASN:HBDonor': 1, 'UNL:ASN:VdWContact': 1, 'UNL:GLU:Hydrophobic': 1, 'UNL:HIS:HBAcceptor': 1, 'UNL:HIS:HBDonor': 1, 'UNL:HIS:VdWContact': 1, 'UNL:ILE:Hydrophobic': 1, 'UNL:ILE:VdWContact': 1, 'UNL:LEU:Hydrophobic': 1, 'UNL:MET:Hydrophobic': 1, 'UNL:PHE:HBAcceptor': 1, 'UNL:PHE:HBDonor': 1, 'UNL:PHE:VdWContact': 2, 'UNL:PRO:Hydrophobic': 1, 'UNL:VAL:Hydrophobic': 1}"
562,AF3-Single-Seq,5SD5_HWI,0.5,0.3125,"{'UNL:ARG:HBDonor': 1, 'UNL:ARG:Hydrophobic': 1, 'UNL:ARG:VdWContact': 1, 'UNL:GLN:Hydrophobic': 1, 'UNL:GLU:HBDonor': 1, 'UNL:GLU:VdWContact': 1, 'UNL:GLY:VdWContact': 2, 'UNL:LEU:VdWContact': 1, 'UNL:PHE:VdWContact': 1, 'UNL:TRP:HBAcceptor': 1, 'UNL:TRP:Hydrophobic': 2, 'UNL:TRP:VdWContact': 4}","{'UNL:ALA:Hydrophobic': 1, 'UNL:ARG:HBAcceptor': 2, 'UNL:ARG:HBDonor': 1, 'UNL:ARG:VdWContact': 3, 'UNL:ASP:HBDonor': 1, 'UNL:ASP:VdWContact': 1, 'UNL:GLN:Hydrophobic': 1, 'UNL:ILE:HBDonor': 2, 'UNL:ILE:Hydrophobic': 3, 'UNL:ILE:VdWContact': 2, 'UNL:LEU:Hydrophobic': 2, 'UNL:PHE:Hydrophobic': 1, 'UNL:PHE:VdWContact': 1, 'UNL:THR:Hydrophobic': 1, 'UNL:TRP:VdWContact': 1}"
563,AF3-Single-Seq,8A2D_KXY,0.19999999999999996,0.23999999999999988,"{'UNL:ASN:VdWContact': 1, 'UNL:CYS:Hydrophobic': 1, 'UNL:CYS:VdWContact': 1, 'UNL:GLY:VdWContact': 1, 'UNL:ILE:VdWContact': 2, 'UNL:LEU:Hydrophobic': 1, 'UNL:LEU:VdWContact': 2, 'UNL:LYS:HBAcceptor': 1, 'UNL:LYS:HBDonor': 1, 'UNL:LYS:VdWContact': 1, 'UNL:MET:Hydrophobic': 1, 'UNL:MET:VdWContact': 1, 'UNL:THR:VdWContact': 2, 'UNL:TRP:VdWContact': 2, 'UNL:TYR:Hydrophobic': 1, 'UNL:TYR:VdWContact': 2}","{'UNL:ALA:Hydrophobic': 1, 'UNL:ALA:VdWContact': 1, 'UNL:ARG:HBAcceptor': 1, 'UNL:ARG:VdWContact': 1, 'UNL:ASP:HBDonor': 1, 'UNL:ASP:VdWContact': 1, 'UNL:CYS:Hydrophobic': 1, 'UNL:CYS:VdWContact': 1, 'UNL:GLU:VdWContact': 1, 'UNL:ILE:Hydrophobic': 1, 'UNL:LEU:Hydrophobic': 3, 'UNL:LYS:Hydrophobic': 1, 'UNL:MET:Hydrophobic': 1, 'UNL:MET:VdWContact': 1, 'UNL:PHE:HBAcceptor': 1, 'UNL:PHE:Hydrophobic': 2, 'UNL:PHE:VdWContact': 1, 'UNL:THR:Hydrophobic': 2, 'UNL:THR:VdWContact': 1, 'UNL:VAL:Hydrophobic': 3}"
564,AF3-Single-Seq,7SIU_9ID,0.5,0.38888888888888895,"{'UNL:LYS:Hydrophobic': 1, 'UNL:LYS:VdWContact': 2, 'UNL:SER:HBDonor': 1, 'UNL:SER:VdWContact': 1, 'UNL:TRP:Hydrophobic': 2, 'UNL:TRP:VdWContact': 4, 'UNL:TYR:Hydrophobic': 1, 'UNL:TYR:VdWContact': 1}","{'UNL:ALA:HBDonor': 1, 'UNL:ALA:Hydrophobic': 2, 'UNL:ALA:VdWContact': 1, 'UNL:ASP:Hydrophobic': 1, 'UNL:CYS:HBAcceptor': 1, 'UNL:CYS:VdWContact': 1, 'UNL:GLU:HBDonor': 1, 'UNL:GLU:VdWContact': 1, 'UNL:LEU:Hydrophobic': 3, 'UNL:LYS:VdWContact': 1, 'UNL:MET:Hydrophobic': 1, 'UNL:PHE:Hydrophobic': 1, 'UNL:PHE:VdWContact': 1, 'UNL:TYR:Hydrophobic': 1, 'UNL:VAL:Hydrophobic': 2, 'UNL:VAL:VdWContact': 1}"
565,AF3-Single-Seq,8HO0_3ZI,0.0,0.5,"{'UNL:ARG:HBAcceptor': 1, 'UNL:ARG:VdWContact': 1, 'UNL:GLY:VdWContact': 1, 'UNL:LEU:VdWContact': 2, 'UNL:MET:Hydrophobic': 1, 'UNL:MET:VdWContact': 1, 'UNL:PHE:VdWContact': 2, 'UNL:PRO:VdWContact': 1, 'UNL:SER:VdWContact': 1}","{'UNL:GLN:Hydrophobic': 1, 'UNL:GLN:VdWContact': 1, 'UNL:LEU:Hydrophobic': 3, 'UNL:LEU:VdWContact': 2, 'UNL:LYS:VdWContact': 1, 'UNL:PHE:Hydrophobic': 3, 'UNL:PHE:VdWContact': 2, 'UNL:SER:HBDonor': 1, 'UNL:SER:VdWContact': 2, 'UNL:THR:Hydrophobic': 1, 'UNL:VAL:Hydrophobic': 1, 'UNL:VAL:VdWContact': 1}"
566,AF3,8AAU_LH0,0.0,0.07692307692307693,"{'UNL:ALA:VdWContact': 2, 'UNL:GLY:VdWContact': 1, 'UNL:HIS:VdWContact': 1, 'UNL:ILE:HBAcceptor': 1, 'UNL:ILE:HBDonor': 1, 'UNL:ILE:VdWContact': 1, 'UNL:LEU:Hydrophobic': 1, 'UNL:LEU:VdWContact': 2, 'UNL:LYS:VdWContact': 1, 'UNL:THR:VdWContact': 1, 'UNL:TYR:VdWContact': 1, 'UNL:VAL:Hydrophobic': 1, 'UNL:VAL:VdWContact': 1}","{'UNL:ALA:VdWContact': 2, 'UNL:GLY:VdWContact': 1, 'UNL:ILE:HBAcceptor': 1, 'UNL:ILE:HBDonor': 1, 'UNL:ILE:Hydrophobic': 1, 'UNL:ILE:VdWContact': 1, 'UNL:LEU:Hydrophobic': 2, 'UNL:LEU:VdWContact': 1, 'UNL:THR:VdWContact': 1, 'UNL:TYR:Hydrophobic': 1, 'UNL:VAL:Hydrophobic': 1, 'UNL:VAL:VdWContact': 1}"
567,AF3,7UAW_MF6,0.42857142857142855,0.7,"{'UNL:ARG:HBAcceptor': 3, 'UNL:ARG:VdWContact': 3, 'UNL:ASN:HBAcceptor': 1, 'UNL:ASN:HBDonor': 1, 'UNL:ASN:VdWContact': 2, 'UNL:GLN:HBDonor': 1, 'UNL:GLN:VdWContact': 1, 'UNL:GLY:HBAcceptor': 1, 'UNL:GLY:VdWContact': 2, 'UNL:HIS:VdWContact': 1, 'UNL:THR:VdWContact': 1}","{'UNL:ALA:VdWContact': 1, 'UNL:ARG:HBAcceptor': 4, 'UNL:ARG:HBDonor': 1, 'UNL:ARG:VdWContact': 4, 'UNL:ASN:HBAcceptor': 1, 'UNL:ASN:HBDonor': 1, 'UNL:ASN:VdWContact': 2, 'UNL:GLN:VdWContact': 1, 'UNL:GLY:HBAcceptor': 2, 'UNL:GLY:VdWContact': 2, 'UNL:HIS:HBAcceptor': 1, 'UNL:HIS:VdWContact': 1, 'UNL:PHE:Hydrophobic': 2, 'UNL:PHE:VdWContact': 2, 'UNL:PRO:VdWContact': 1, 'UNL:THR:VdWContact': 1}"
568,AF3,7UYB_OK0,0.0,0.30769230769230776,"{'UNL:ASN:HBAcceptor': 1, 'UNL:ASN:Hydrophobic': 1, 'UNL:ASN:VdWContact': 1, 'UNL:ASP:HBDonor': 1, 'UNL:ASP:VdWContact': 1, 'UNL:CYS:VdWContact': 1, 'UNL:HIS:VdWContact': 3, 'UNL:PHE:Hydrophobic': 1, 'UNL:SER:VdWContact': 1, 'UNL:TRP:VdWContact': 1, 'UNL:TYR:VdWContact': 1}","{'UNL:ASN:HBAcceptor': 1, 'UNL:ASN:Hydrophobic': 1, 'UNL:ASN:VdWContact': 1, 'UNL:ASP:HBDonor': 1, 'UNL:ASP:VdWContact': 1, 'UNL:CYS:VdWContact': 1, 'UNL:HIS:Hydrophobic': 1, 'UNL:HIS:VdWContact': 3, 'UNL:PHE:Hydrophobic': 1, 'UNL:PHE:VdWContact': 1, 'UNL:SER:VdWContact': 2, 'UNL:TRP:Hydrophobic': 1, 'UNL:TRP:VdWContact': 1, 'UNL:TYR:Hydrophobic': 1}"
569,AF3,7U0U_FK5,0.0,0.782608695652174,"{'UNL:ARG:VdWContact': 1, 'UNL:ASP:VdWContact': 1, 'UNL:GLU:VdWContact': 1, 'UNL:ILE:HBAcceptor': 1, 'UNL:ILE:VdWContact': 1, 'UNL:MET:Hydrophobic': 1, 'UNL:PHE:Hydrophobic': 1, 'UNL:PHE:VdWContact': 5, 'UNL:TRP:HBAcceptor': 1, 'UNL:TRP:Hydrophobic': 1, 'UNL:TRP:VdWContact': 2, 'UNL:TYR:VdWContact': 1, 'UNL:VAL:VdWContact': 1}","{'UNL:ASN:Hydrophobic': 1, 'UNL:ASP:VdWContact': 1, 'UNL:GLU-:Hydrophobic': 1, 'UNL:GLU-:VdWContact': 1, 'UNL:ILE:HBAcceptor': 1, 'UNL:ILE:Hydrophobic': 2, 'UNL:ILE:VdWContact': 1, 'UNL:LEU:Hydrophobic': 1, 'UNL:MET:Hydrophobic': 1, 'UNL:PHE-:Hydrophobic': 1, 'UNL:PHE-:VdWContact': 1, 'UNL:PHE:Hydrophobic': 3, 'UNL:PHE:VdWContact': 3, 'UNL:PRO-:Hydrophobic': 1, 'UNL:TRP-:HBAcceptor': 1, 'UNL:TRP-:Hydrophobic': 1, 'UNL:TRP-:VdWContact': 1, 'UNL:TRP:Hydrophobic': 1, 'UNL:TRP:VdWContact': 1, 'UNL:TYR:Hydrophobic': 2, 'UNL:TYR:VdWContact': 2, 'UNL:VAL:Hydrophobic': 3, 'UNL:VAL:VdWContact': 1}"
570,AF3,8C3N_ADP,0.14285714285714285,0.5555555555555555,"{'UNL:GLN:HBAcceptor': 1, 'UNL:GLN:VdWContact': 1, 'UNL:GLU:VdWContact': 1, 'UNL:GLY:HBAcceptor': 2, 'UNL:GLY:VdWContact': 2, 'UNL:LYS:HBAcceptor': 1, 'UNL:LYS:VdWContact': 1, 'UNL:THR:HBAcceptor': 1, 'UNL:THR:HBDonor': 1, 'UNL:THR:VdWContact': 1}","{'UNL:ARG:VdWContact': 2, 'UNL:GLN:HBAcceptor': 1, 'UNL:GLN:Hydrophobic': 1, 'UNL:GLN:VdWContact': 1, 'UNL:GLU:HBDonor': 1, 'UNL:GLU:VdWContact': 1, 'UNL:GLY:HBAcceptor': 2, 'UNL:GLY:VdWContact': 2, 'UNL:ILE:Hydrophobic': 1, 'UNL:LYS:HBAcceptor': 1, 'UNL:LYS:VdWContact': 1, 'UNL:SER:HBAcceptor': 1, 'UNL:SER:VdWContact': 1, 'UNL:THR:HBAcceptor': 1, 'UNL:THR:VdWContact': 1}"
571,AF3,8A1H_DLZ,0.0,0.5333333333333333,"{'UNL:ALA:VdWContact': 1, 'UNL:ASP:HBAcceptor': 1, 'UNL:ASP:HBDonor': 1, 'UNL:ASP:VdWContact': 2, 'UNL:GLN:HBAcceptor': 1, 'UNL:GLN:HBDonor': 1, 'UNL:GLN:VdWContact': 1, 'UNL:GLU:VdWContact': 3, 'UNL:GLY:HBAcceptor': 1, 'UNL:GLY:VdWContact': 1, 'UNL:LEU:HBAcceptor': 1, 'UNL:LEU:VdWContact': 3, 'UNL:LIG:VdWContact': 1, 'UNL:PHE:VdWContact': 2}","{'UNL:ALA:HBDonor': 1, 'UNL:ALA:VdWContact': 1, 'UNL:ASP:HBAcceptor': 1, 'UNL:ASP:HBDonor': 1, 'UNL:ASP:VdWContact': 2, 'UNL:GLN:HBAcceptor': 1, 'UNL:GLN:Hydrophobic': 1, 'UNL:GLN:VdWContact': 1, 'UNL:GLU:Hydrophobic': 1, 'UNL:GLU:VdWContact': 3, 'UNL:GLY:HBAcceptor': 1, 'UNL:GLY:VdWContact': 1, 'UNL:ILE:Hydrophobic': 1, 'UNL:LEU:HBAcceptor': 1, 'UNL:LEU:Hydrophobic': 2, 'UNL:LEU:VdWContact': 1, 'UNL:MET:Hydrophobic': 1, 'UNL:PHE:Hydrophobic': 2, 'UNL:PHE:VdWContact': 2, 'UNL:TYR:VdWContact': 1}"
572,AF3,7XQZ_FPF,0.0,0.5294117647058822,"{'UNL:ALA:VdWContact': 1, 'UNL:ARG:HBAcceptor': 2, 'UNL:ARG:VdWContact': 2, 'UNL:GLN:HBAcceptor': 1, 'UNL:GLN:VdWContact': 2, 'UNL:LYS:HBAcceptor': 1, 'UNL:LYS:VdWContact': 1, 'UNL:MET:VdWContact': 1, 'UNL:PHE:Hydrophobic': 2, 'UNL:PHE:VdWContact': 2, 'UNL:TRP:HBAcceptor': 1, 'UNL:TRP:Hydrophobic': 1, 'UNL:TRP:VdWContact': 2}","{'UNL:ALA:Hydrophobic': 1, 'UNL:ARG:HBAcceptor': 2, 'UNL:ARG:VdWContact': 2, 'UNL:GLN:HBAcceptor': 1, 'UNL:GLN:HBDonor': 1, 'UNL:GLN:VdWContact': 2, 'UNL:ILE:Hydrophobic': 1, 'UNL:ILE:VdWContact': 1, 'UNL:LYS:VdWContact': 1, 'UNL:MET:Hydrophobic': 1, 'UNL:PHE:Hydrophobic': 4, 'UNL:PHE:VdWContact': 1, 'UNL:PRO:VdWContact': 1, 'UNL:THR:Hydrophobic': 1, 'UNL:TRP:HBAcceptor': 1, 'UNL:TRP:Hydrophobic': 2, 'UNL:TRP:VdWContact': 1, 'UNL:TYR:Hydrophobic': 1, 'UNL:TYR:VdWContact': 1}"
573,AF3,7TXK_LW8,0.3333333333333333,0.25000000000000006,"{'UNL:ARG:HBAcceptor': 1, 'UNL:ARG:VdWContact': 1, 'UNL:ASN:VdWContact': 1, 'UNL:GLU:HBDonor': 1, 'UNL:GLU:VdWContact': 1, 'UNL:ILE:Hydrophobic': 1, 'UNL:LYS:HBAcceptor': 1, 'UNL:LYS:Hydrophobic': 1, 'UNL:LYS:VdWContact': 1, 'UNL:PHE:VdWContact': 1, 'UNL:THR:VdWContact': 1, 'UNL:TYR:VdWContact': 3}","{'UNL:ARG:HBAcceptor': 1, 'UNL:ARG:VdWContact': 1, 'UNL:ASN:VdWContact': 1, 'UNL:GLU:HBDonor': 1, 'UNL:GLU:VdWContact': 1, 'UNL:ILE:Hydrophobic': 1, 'UNL:ILE:VdWContact': 1, 'UNL:LYS:Hydrophobic': 1, 'UNL:LYS:VdWContact': 1, 'UNL:THR:Hydrophobic': 1, 'UNL:THR:VdWContact': 1, 'UNL:TYR:Hydrophobic': 1, 'UNL:TYR:VdWContact': 2}"
574,AF3,7R59_I5F,0.5,0.25,"{'UNL:GLU:HBDonor': 1, 'UNL:GLU:Hydrophobic': 1, 'UNL:GLU:VdWContact': 1, 'UNL:GLY:HBAcceptor': 1, 'UNL:GLY:VdWContact': 1, 'UNL:LYS:Hydrophobic': 1, 'UNL:SER:VdWContact': 1, 'UNL:TYR:Hydrophobic': 2}","{'UNL:ALA:Hydrophobic': 1, 'UNL:GLU:Hydrophobic': 1, 'UNL:GLU:VdWContact': 1, 'UNL:GLY:HBAcceptor': 1, 'UNL:GLY:VdWContact': 1, 'UNL:LYS:Hydrophobic': 1, 'UNL:SER:VdWContact': 1, 'UNL:TYR:Hydrophobic': 2, 'UNL:TYR:VdWContact': 1}"
575,AF3,7QFM_AY3,0.0,0.41666666666666674,"{'UNL:ARG:VdWContact': 1, 'UNL:ASP:HBAcceptor': 1, 'UNL:ASP:Hydrophobic': 1, 'UNL:ASP:VdWContact': 1, 'UNL:ILE:Hydrophobic': 2, 'UNL:LYS:HBAcceptor': 1, 'UNL:LYS:VdWContact': 1, 'UNL:PHE:VdWContact': 1, 'UNL:VAL:VdWContact': 2}","{'UNL:ALA:Hydrophobic': 1, 'UNL:ARG:VdWContact': 1, 'UNL:ASP:HBAcceptor': 1, 'UNL:ASP:Hydrophobic': 1, 'UNL:ASP:VdWContact': 2, 'UNL:ILE:Hydrophobic': 2, 'UNL:ILE:VdWContact': 1, 'UNL:LEU:Hydrophobic': 3, 'UNL:LEU:VdWContact': 1, 'UNL:LYS:HBDonor': 1, 'UNL:LYS:VdWContact': 1, 'UNL:VAL:Hydrophobic': 1}"
576,AF3,7QTA_URI,0.5,0.5,"{'UNL:ALA:VdWContact': 1, 'UNL:ASN:HBAcceptor': 1, 'UNL:ASN:VdWContact': 1, 'UNL:ASP:VdWContact': 2, 'UNL:HIS:VdWContact': 2, 'UNL:LYS:HBAcceptor': 1, 'UNL:LYS:VdWContact': 1}","{'UNL:ALA:Hydrophobic': 1, 'UNL:ASN:HBAcceptor': 1, 'UNL:ASN:VdWContact': 1, 'UNL:ASP:VdWContact': 1, 'UNL:HIS:VdWContact': 1, 'UNL:LYS:VdWContact': 1, 'UNL:PHE:Hydrophobic': 1, 'UNL:PHE:VdWContact': 1}"
577,AF3,7XBV_APC,0.0,0.33333333333333337,"{'UNL:ARG:HBAcceptor': 1, 'UNL:ARG:VdWContact': 1, 'UNL:ASP:HBDonor': 1, 'UNL:ASP:VdWContact': 1, 'UNL:GLY:HBAcceptor': 1, 'UNL:GLY:VdWContact': 2, 'UNL:ILE:HBDonor': 1, 'UNL:ILE:VdWContact': 1, 'UNL:PRO:VdWContact': 1, 'UNL:SER:VdWContact': 1, 'UNL:THR:HBAcceptor': 1, 'UNL:THR:VdWContact': 2, 'UNL:TYR:VdWContact': 1}","{'UNL:ASP:HBDonor': 1, 'UNL:ASP:VdWContact': 1, 'UNL:GLY:HBAcceptor': 1, 'UNL:GLY:VdWContact': 2, 'UNL:ILE:HBDonor': 1, 'UNL:ILE:Hydrophobic': 1, 'UNL:ILE:VdWContact': 1, 'UNL:PHE:Hydrophobic': 2, 'UNL:PHE:VdWContact': 1, 'UNL:PRO:VdWContact': 1, 'UNL:SER:HBAcceptor': 1, 'UNL:SER:VdWContact': 1, 'UNL:THR:HBAcceptor': 1, 'UNL:THR:VdWContact': 2, 'UNL:TYR:Hydrophobic': 1, 'UNL:TYR:VdWContact': 1}"
578,AF3,7V14_ORU,0.0,0.21428571428571427,"{'UNL:ALA:VdWContact': 1, 'UNL:CYS:VdWContact': 2, 'UNL:GLY:HBAcceptor': 1, 'UNL:GLY:VdWContact': 3, 'UNL:HIS:VdWContact': 2, 'UNL:ILE:VdWContact': 1, 'UNL:LYS:Hydrophobic': 1, 'UNL:LYS:VdWContact': 1, 'UNL:SER:HBAcceptor': 1, 'UNL:SER:VdWContact': 1, 'UNL:THR:VdWContact': 1}","{'UNL:ALA:Hydrophobic': 1, 'UNL:CYS:VdWContact': 2, 'UNL:GLY:HBAcceptor': 1, 'UNL:GLY:VdWContact': 3, 'UNL:ILE:Hydrophobic': 1, 'UNL:LYS:Hydrophobic': 1, 'UNL:LYS:VdWContact': 1, 'UNL:SER:HBAcceptor': 1, 'UNL:SER:VdWContact': 1, 'UNL:THR:Hydrophobic': 1, 'UNL:THR:VdWContact': 1, 'UNL:TYR:Hydrophobic': 1, 'UNL:TYR:VdWContact': 1}"
579,AF3,7Q27_8KC,0.4,0.5,"{'UNL:ALA:VdWContact': 1, 'UNL:GLN:HBAcceptor': 1, 'UNL:GLN:VdWContact': 1, 'UNL:GLU:VdWContact': 2, 'UNL:HIS:HBAcceptor': 3, 'UNL:HIS:HBDonor': 2, 'UNL:HIS:Hydrophobic': 1, 'UNL:HIS:VdWContact': 4, 'UNL:LYS:HBAcceptor': 1, 'UNL:LYS:VdWContact': 1, 'UNL:TYR:Hydrophobic': 1, 'UNL:TYR:VdWContact': 2, 'UNL:VAL:Hydrophobic': 1, 'UNL:VAL:VdWContact': 1}","{'UNL:ALA:Hydrophobic': 1, 'UNL:ALA:VdWContact': 1, 'UNL:ASP:VdWContact': 1, 'UNL:GLN:HBAcceptor': 1, 'UNL:GLN:VdWContact': 1, 'UNL:GLU:VdWContact': 1, 'UNL:HIS:HBAcceptor': 1, 'UNL:HIS:HBDonor': 2, 'UNL:HIS:Hydrophobic': 1, 'UNL:HIS:VdWContact': 4, 'UNL:LYS:HBDonor': 1, 'UNL:LYS:VdWContact': 1, 'UNL:PHE:Hydrophobic': 3, 'UNL:PHE:VdWContact': 1, 'UNL:TYR:Hydrophobic': 1, 'UNL:TYR:VdWContact': 2, 'UNL:VAL:Hydrophobic': 3, 'UNL:VAL:VdWContact': 1}"
580,AF3,8DHG_T78,0.3333333333333333,1.0,"{'UNL:ALA:VdWContact': 2, 'UNL:ARG:HBAcceptor': 1, 'UNL:ARG:HBDonor': 1, 'UNL:ARG:VdWContact': 1, 'UNL:HIS:VdWContact': 1, 'UNL:LEU:Hydrophobic': 1, 'UNL:LEU:VdWContact': 5, 'UNL:MET:VdWContact': 1, 'UNL:PHE:Hydrophobic': 1, 'UNL:PRO:VdWContact': 2, 'UNL:THR:VdWContact': 1}","{'UNL:ALA:Hydrophobic': 2, 'UNL:ALA:VdWContact': 2, 'UNL:ARG:VdWContact': 1, 'UNL:GLN:HBAcceptor': 1, 'UNL:GLN:VdWContact': 1, 'UNL:HIS:Hydrophobic': 1, 'UNL:HIS:VdWContact': 1, 'UNL:LEU:Hydrophobic': 4, 'UNL:LEU:VdWContact': 4, 'UNL:MET:Hydrophobic': 2, 'UNL:MET:VdWContact': 1, 'UNL:PHE:Hydrophobic': 2, 'UNL:PRO:Hydrophobic': 1, 'UNL:PRO:VdWContact': 1, 'UNL:THR:Hydrophobic': 1, 'UNL:THR:VdWContact': 2, 'UNL:TYR:Hydrophobic': 2, 'UNL:TYR:VdWContact': 1, 'UNL:VAL:Hydrophobic': 2}"
581,AF3,7THI_PGA,0.16666666666666663,0.28571428571428575,"{'UNL:ARG:HBAcceptor': 2, 'UNL:ARG:VdWContact': 2, 'UNL:ASN:HBAcceptor': 1, 'UNL:ASN:VdWContact': 1, 'UNL:CYS:HBAcceptor': 1, 'UNL:CYS:VdWContact': 1, 'UNL:GLU:VdWContact': 1, 'UNL:PHE:VdWContact': 1, 'UNL:SER:HBAcceptor': 1, 'UNL:SER:VdWContact': 1, 'UNL:TYR:HBAcceptor': 1, 'UNL:TYR:VdWContact': 1}","{'UNL:ARG:HBAcceptor': 3, 'UNL:ARG:VdWContact': 3, 'UNL:ASN:HBAcceptor': 1, 'UNL:ASN:VdWContact': 1, 'UNL:CYS:HBAcceptor': 1, 'UNL:CYS:HBDonor': 1, 'UNL:CYS:VdWContact': 1, 'UNL:GLU:VdWContact': 1, 'UNL:SER:HBAcceptor': 1, 'UNL:SER:VdWContact': 1, 'UNL:TYR:VdWContact': 1}"
582,AF3,7XPO_UPG,0.0,0.09090909090909091,"{'UNL:ALA:VdWContact': 1, 'UNL:ARG:HBAcceptor': 2, 'UNL:ARG:VdWContact': 2, 'UNL:ASN:HBAcceptor': 2, 'UNL:ASN:VdWContact': 2, 'UNL:ASP:HBDonor': 1, 'UNL:ASP:VdWContact': 1, 'UNL:LEU:HBAcceptor': 1, 'UNL:LEU:Hydrophobic': 1, 'UNL:LEU:VdWContact': 1, 'UNL:PHE:VdWContact': 1, 'UNL:SER:VdWContact': 1, 'UNL:THR:HBDonor': 1, 'UNL:THR:VdWContact': 2, 'UNL:TYR:HBAcceptor': 1, 'UNL:TYR:VdWContact': 2, 'UNL:VAL:VdWContact': 1}","{'UNL:ARG:HBAcceptor': 2, 'UNL:ARG:VdWContact': 2, 'UNL:ASN:HBAcceptor': 2, 'UNL:ASN:VdWContact': 2, 'UNL:ASP:HBDonor': 1, 'UNL:ASP:VdWContact': 1, 'UNL:LEU:HBAcceptor': 1, 'UNL:LEU:Hydrophobic': 2, 'UNL:LEU:VdWContact': 1, 'UNL:PHE:VdWContact': 1, 'UNL:SER:HBDonor': 1, 'UNL:SER:VdWContact': 1, 'UNL:THR:HBDonor': 1, 'UNL:THR:VdWContact': 2, 'UNL:TYR:VdWContact': 1, 'UNL:VAL:VdWContact': 1}"
583,AF3,7QF4_RBF,0.25,0.5625,"{'UNL:ASN:HBAcceptor': 2, 'UNL:ASN:HBDonor': 1, 'UNL:ASN:VdWContact': 4, 'UNL:GLN:HBAcceptor': 2, 'UNL:GLN:VdWContact': 3, 'UNL:GLY:VdWContact': 1, 'UNL:ILE:VdWContact': 2, 'UNL:LEU:VdWContact': 1, 'UNL:PHE:VdWContact': 1, 'UNL:THR:VdWContact': 1, 'UNL:VAL:VdWContact': 1}","{'UNL:ARG:HBAcceptor': 1, 'UNL:ARG:VdWContact': 1, 'UNL:ASN:HBAcceptor': 2, 'UNL:ASN:HBDonor': 1, 'UNL:ASN:Hydrophobic': 1, 'UNL:ASN:VdWContact': 3, 'UNL:GLN:HBAcceptor': 2, 'UNL:GLN:Hydrophobic': 1, 'UNL:GLN:VdWContact': 2, 'UNL:GLY:VdWContact': 1, 'UNL:ILE:Hydrophobic': 1, 'UNL:ILE:VdWContact': 2, 'UNL:LEU:Hydrophobic': 4, 'UNL:PHE:Hydrophobic': 1, 'UNL:PHE:VdWContact': 1, 'UNL:THR:Hydrophobic': 1, 'UNL:THR:VdWContact': 1, 'UNL:VAL:Hydrophobic': 1, 'UNL:VAL:VdWContact': 2}"
584,AF3,8EAB_VN2,1.0,0.9333333333333333,"{'UNL:ASP:Hydrophobic': 1, 'UNL:ASP:VdWContact': 1, 'UNL:GLN:VdWContact': 1, 'UNL:HIS:VdWContact': 1, 'UNL:ILE:Hydrophobic': 1, 'UNL:ILE:VdWContact': 2, 'UNL:LEU:Hydrophobic': 2, 'UNL:LEU:VdWContact': 2, 'UNL:LYS:HBAcceptor': 1, 'UNL:LYS:Hydrophobic': 1, 'UNL:LYS:VdWContact': 1, 'UNL:PHE:Hydrophobic': 1, 'UNL:PHE:VdWContact': 1, 'UNL:TYR:VdWContact': 1, 'UNL:VAL:Hydrophobic': 1, 'UNL:VAL:VdWContact': 1}","{'UNL:ILE:Hydrophobic': 4, 'UNL:ILE:VdWContact': 2, 'UNL:LEU:HBDonor': 1, 'UNL:LEU:Hydrophobic': 2, 'UNL:LEU:VdWContact': 2, 'UNL:LYS:HBAcceptor': 2, 'UNL:LYS:Hydrophobic': 2, 'UNL:LYS:VdWContact': 2, 'UNL:PHE:Hydrophobic': 2, 'UNL:PHE:VdWContact': 2, 'UNL:VAL:Hydrophobic': 2, 'UNL:VAL:VdWContact': 2}"
585,AF3,7TH4_FFO,0.25,0.16666666666666663,"{'UNL:ASP:HBDonor': 1, 'UNL:ASP:VdWContact': 1, 'UNL:GLN:HBAcceptor': 2, 'UNL:GLN:HBDonor': 1, 'UNL:GLN:VdWContact': 2, 'UNL:GLU:VdWContact': 1, 'UNL:LEU:VdWContact': 1, 'UNL:PHE:Hydrophobic': 1, 'UNL:PHE:VdWContact': 1, 'UNL:THR:VdWContact': 1, 'UNL:TYR:VdWContact': 1}","{'UNL:ARG:HBAcceptor': 1, 'UNL:ARG:VdWContact': 2, 'UNL:ASP:HBDonor': 1, 'UNL:ASP:VdWContact': 1, 'UNL:GLN:HBAcceptor': 2, 'UNL:GLN:HBDonor': 1, 'UNL:GLN:VdWContact': 2, 'UNL:LEU:Hydrophobic': 1, 'UNL:MET:Hydrophobic': 1, 'UNL:PHE:Hydrophobic': 2, 'UNL:TYR:VdWContact': 1, 'UNL:VAL:Hydrophobic': 1}"
586,AF3,8D39_QDB,0.0,0.5454545454545455,"{'UNL:ALA:VdWContact': 1, 'UNL:ARG:HBAcceptor': 1, 'UNL:ARG:VdWContact': 1, 'UNL:LEU:Hydrophobic': 1, 'UNL:LEU:VdWContact': 1, 'UNL:PHE:Hydrophobic': 1, 'UNL:PHE:VdWContact': 2, 'UNL:SER:VdWContact': 2, 'UNL:VAL:Hydrophobic': 1, 'UNL:VAL:VdWContact': 1}","{'UNL:ALA:Hydrophobic': 1, 'UNL:ARG:HBAcceptor': 1, 'UNL:ARG:VdWContact': 1, 'UNL:LEU:Hydrophobic': 1, 'UNL:LEU:VdWContact': 1, 'UNL:PHE:Hydrophobic': 3, 'UNL:PHE:VdWContact': 3, 'UNL:SER:VdWContact': 2, 'UNL:THR:Hydrophobic': 1, 'UNL:VAL:Hydrophobic': 3, 'UNL:VAL:VdWContact': 1}"
587,AF3,7YZU_DO7,0.33333333333333326,0.0,"{'UNL:ARG:HBAcceptor': 1, 'UNL:ARG:VdWContact': 1, 'UNL:ASP:HBDonor': 1, 'UNL:ASP:VdWContact': 2, 'UNL:GLN:VdWContact': 1, 'UNL:GLU:Hydrophobic': 1, 'UNL:GLU:VdWContact': 1, 'UNL:GLY:HBAcceptor': 2, 'UNL:GLY:VdWContact': 3, 'UNL:HIS:VdWContact': 1, 'UNL:ILE:VdWContact': 1, 'UNL:SER:HBAcceptor': 1, 'UNL:SER:VdWContact': 1, 'UNL:THR:HBAcceptor': 1, 'UNL:THR:VdWContact': 1, 'UNL:TRP:HBAcceptor': 1, 'UNL:TRP:VdWContact': 2}","{'UNL:ARG:HBAcceptor': 1, 'UNL:ARG:VdWContact': 1, 'UNL:ASP:HBDonor': 1, 'UNL:ASP:VdWContact': 2, 'UNL:GLN:VdWContact': 1, 'UNL:GLU:Hydrophobic': 1, 'UNL:GLU:VdWContact': 1, 'UNL:GLY:HBAcceptor': 1, 'UNL:GLY:VdWContact': 3, 'UNL:HIS:VdWContact': 1, 'UNL:ILE:VdWContact': 1, 'UNL:SER:HBAcceptor': 1, 'UNL:SER:VdWContact': 1, 'UNL:THR:VdWContact': 1, 'UNL:TRP:HBAcceptor': 1, 'UNL:TRP:VdWContact': 2}"
588,AF3,7TOM_5AD,0.19999999999999996,0.4117647058823529,"{'UNL:ARG:VdWContact': 1, 'UNL:GLN:VdWContact': 2, 'UNL:ILE:HBDonor': 1, 'UNL:ILE:VdWContact': 1, 'UNL:PHE:HBAcceptor': 1, 'UNL:PHE:VdWContact': 1, 'UNL:PRO:VdWContact': 1, 'UNL:SER:HBAcceptor': 1, 'UNL:SER:HBDonor': 1, 'UNL:SER:VdWContact': 1, 'UNL:THR:VdWContact': 1, 'UNL:VAL:VdWContact': 1}","{'UNL:ALA:Hydrophobic': 1, 'UNL:ARG:VdWContact': 1, 'UNL:GLN:HBAcceptor': 2, 'UNL:GLN:Hydrophobic': 1, 'UNL:GLN:VdWContact': 2, 'UNL:ILE:Hydrophobic': 1, 'UNL:MET:Hydrophobic': 1, 'UNL:MET:VdWContact': 1, 'UNL:PHE:HBAcceptor': 1, 'UNL:PHE:Hydrophobic': 1, 'UNL:PHE:VdWContact': 1, 'UNL:SER:HBAcceptor': 1, 'UNL:SER:HBDonor': 1, 'UNL:SER:VdWContact': 1, 'UNL:THR:Hydrophobic': 1, 'UNL:THR:VdWContact': 1, 'UNL:TYR:Hydrophobic': 1, 'UNL:VAL:Hydrophobic': 1, 'UNL:VAL:VdWContact': 1}"
589,AF3,7VWF_K55,0.33333333333333337,0.6666666666666666,"{'UNL:ARG:Hydrophobic': 1, 'UNL:CYS:Hydrophobic': 1, 'UNL:CYS:VdWContact': 1, 'UNL:HIS:HBAcceptor': 2, 'UNL:HIS:VdWContact': 2, 'UNL:ILE:VdWContact': 1, 'UNL:LEU:Hydrophobic': 1, 'UNL:LEU:VdWContact': 2, 'UNL:LYS:Hydrophobic': 1, 'UNL:MET:Hydrophobic': 1, 'UNL:PHE:VdWContact': 2, 'UNL:THR:VdWContact': 1, 'UNL:TYR:HBDonor': 1, 'UNL:TYR:VdWContact': 1, 'UNL:VAL:Hydrophobic': 1, 'UNL:VAL:VdWContact': 1}","{'UNL:ARG:Hydrophobic': 1, 'UNL:CYS:Hydrophobic': 1, 'UNL:CYS:VdWContact': 1, 'UNL:GLN:Hydrophobic': 1, 'UNL:HIS:HBAcceptor': 1, 'UNL:HIS:VdWContact': 2, 'UNL:ILE:Hydrophobic': 2, 'UNL:ILE:VdWContact': 1, 'UNL:LEU:Hydrophobic': 4, 'UNL:LYS:Hydrophobic': 1, 'UNL:MET:Hydrophobic': 1, 'UNL:MET:VdWContact': 1, 'UNL:PHE:Hydrophobic': 3, 'UNL:PHE:VdWContact': 1, 'UNL:THR:HBDonor': 1, 'UNL:THR:Hydrophobic': 1, 'UNL:THR:VdWContact': 2, 'UNL:TRP:Hydrophobic': 1, 'UNL:TRP:VdWContact': 1, 'UNL:TYR:VdWContact': 1, 'UNL:VAL:Hydrophobic': 4, 'UNL:VAL:VdWContact': 1}"
590,AF3,7XI7_4RI,0.3333333333333333,0.3333333333333333,"{'UNL:GLU:HBDonor': 1, 'UNL:GLU:VdWContact': 1, 'UNL:ILE:HBDonor': 1, 'UNL:ILE:Hydrophobic': 1, 'UNL:ILE:VdWContact': 1, 'UNL:PHE:Hydrophobic': 2, 'UNL:PHE:VdWContact': 2, 'UNL:VAL:HBDonor': 1, 'UNL:VAL:VdWContact': 1}","{'UNL:ALA:Hydrophobic': 1, 'UNL:GLU:HBDonor': 1, 'UNL:GLU:VdWContact': 1, 'UNL:ILE:HBDonor': 1, 'UNL:ILE:Hydrophobic': 2, 'UNL:ILE:VdWContact': 1, 'UNL:LEU:Hydrophobic': 1, 'UNL:PHE:Hydrophobic': 2, 'UNL:PHE:VdWContact': 1, 'UNL:THR:Hydrophobic': 1, 'UNL:VAL:VdWContact': 1}"
591,AF3,7WPW_F15,0.5,0.7142857142857142,"{'UNL:ARG:HBAcceptor': 1, 'UNL:ARG:VdWContact': 1, 'UNL:ASP:Hydrophobic': 1, 'UNL:LYS:Hydrophobic': 1, 'UNL:LYS:VdWContact': 1, 'UNL:MET:Hydrophobic': 1, 'UNL:THR:VdWContact': 1, 'UNL:TYR:VdWContact': 1}","{'UNL:ALA:Hydrophobic': 2, 'UNL:ARG:HBAcceptor': 1, 'UNL:ARG:HBDonor': 1, 'UNL:ARG:VdWContact': 1, 'UNL:ASP:Hydrophobic': 1, 'UNL:LEU:Hydrophobic': 3, 'UNL:LYS:Hydrophobic': 1, 'UNL:MET:Hydrophobic': 1, 'UNL:PHE:Hydrophobic': 2, 'UNL:PRO:Hydrophobic': 1, 'UNL:THR:Hydrophobic': 2, 'UNL:TYR:Hydrophobic': 1, 'UNL:TYR:VdWContact': 1, 'UNL:VAL:Hydrophobic': 1}"
592,AF3,7T3E_SLB,0.5,0.6666666666666665,"{'UNL:ARG:HBAcceptor': 2, 'UNL:ARG:HBDonor': 1, 'UNL:ARG:VdWContact': 3, 'UNL:ASN:HBAcceptor': 2, 'UNL:ASN:VdWContact': 1, 'UNL:GLU:HBDonor': 1, 'UNL:GLU:VdWContact': 1, 'UNL:MET:VdWContact': 1, 'UNL:PHE:VdWContact': 1}","{'UNL:ARG:HBAcceptor': 2, 'UNL:ARG:HBDonor': 1, 'UNL:ARG:VdWContact': 3, 'UNL:ASN:HBAcceptor': 1, 'UNL:ASN:VdWContact': 1, 'UNL:ASP:HBDonor': 1, 'UNL:ASP:Hydrophobic': 1, 'UNL:ASP:VdWContact': 1, 'UNL:GLN:HBAcceptor': 1, 'UNL:GLN:VdWContact': 2, 'UNL:GLU:HBDonor': 1, 'UNL:GLU:VdWContact': 1, 'UNL:PHE:Hydrophobic': 2, 'UNL:PHE:VdWContact': 2}"
593,AF3,8CNH_V6U,0.5,0.7272727272727273,"{'UNL:ARG:Hydrophobic': 1, 'UNL:ARG:VdWContact': 1, 'UNL:LYS:Hydrophobic': 1, 'UNL:MET:VdWContact': 1, 'UNL:PHE:Hydrophobic': 2, 'UNL:PHE:VdWContact': 3, 'UNL:VAL:HBAcceptor': 1, 'UNL:VAL:HBDonor': 1, 'UNL:VAL:VdWContact': 2}","{'UNL:ARG:Hydrophobic': 1, 'UNL:ARG:VdWContact': 1, 'UNL:LEU:Hydrophobic': 2, 'UNL:LYS:Hydrophobic': 1, 'UNL:LYS:VdWContact': 1, 'UNL:MET:HBAcceptor': 1, 'UNL:MET:HBDonor': 1, 'UNL:MET:Hydrophobic': 1, 'UNL:MET:VdWContact': 1, 'UNL:PHE:Hydrophobic': 3, 'UNL:PHE:VdWContact': 3, 'UNL:VAL:HBAcceptor': 1, 'UNL:VAL:HBDonor': 1, 'UNL:VAL:Hydrophobic': 3, 'UNL:VAL:VdWContact': 2}"
594,AF3,7ZF0_DHR,0.0,0.375,"{'UNL:GLN:HBAcceptor': 1, 'UNL:GLN:VdWContact': 1, 'UNL:GLU:VdWContact': 1, 'UNL:HIS:VdWContact': 1, 'UNL:MET:VdWContact': 1, 'UNL:TYR:VdWContact': 1, 'UNL:VAL:Hydrophobic': 1}","{'UNL:GLN:HBAcceptor': 1, 'UNL:GLN:VdWContact': 1, 'UNL:HIS:VdWContact': 1, 'UNL:MET:Hydrophobic': 1, 'UNL:MET:VdWContact': 1, 'UNL:PHE:Hydrophobic': 2, 'UNL:VAL:Hydrophobic': 3}"
595,AF3,7Z1Q_NIO,0.0,0.5,"{'UNL:LEU:VdWContact': 1, 'UNL:LYS:HBAcceptor': 1, 'UNL:LYS:VdWContact': 1, 'UNL:TYR:VdWContact': 1, 'UNL:VAL:Hydrophobic': 1}","{'UNL:ALA:Hydrophobic': 1, 'UNL:LEU:Hydrophobic': 1, 'UNL:LYS:HBDonor': 1, 'UNL:LYS:VdWContact': 1, 'UNL:PHE:Hydrophobic': 1, 'UNL:TYR:Hydrophobic': 1, 'UNL:TYR:VdWContact': 1, 'UNL:VAL:Hydrophobic': 2}"
596,AF3,7VQ9_ISY,0.3333333333333333,0.15384615384615385,"{'UNL:ARG:HBAcceptor': 1, 'UNL:ARG:VdWContact': 2, 'UNL:ASN:VdWContact': 1, 'UNL:ASP:Hydrophobic': 1, 'UNL:ASP:VdWContact': 1, 'UNL:GLY:VdWContact': 1, 'UNL:ILE:VdWContact': 1, 'UNL:PHE:Hydrophobic': 1, 'UNL:PHE:VdWContact': 1, 'UNL:SER:HBAcceptor': 1, 'UNL:SER:VdWContact': 1}","{'UNL:ARG:HBAcceptor': 1, 'UNL:ARG:HBDonor': 1, 'UNL:ARG:VdWContact': 2, 'UNL:ASN:VdWContact': 1, 'UNL:ASP:Hydrophobic': 1, 'UNL:GLY:VdWContact': 1, 'UNL:ILE:Hydrophobic': 1, 'UNL:PHE:Hydrophobic': 1, 'UNL:PHE:VdWContact': 1, 'UNL:PRO:Hydrophobic': 1, 'UNL:PRO:VdWContact': 1, 'UNL:SER:HBAcceptor': 1, 'UNL:SER:VdWContact': 1, 'UNL:THR:Hydrophobic': 1}"
597,AF3,7TYP_KUR,0.0,0.36363636363636365,"{'UNL:ALA:VdWContact': 1, 'UNL:CYS:VdWContact': 1, 'UNL:GLN:VdWContact': 1, 'UNL:GLU:VdWContact': 1, 'UNL:ILE:VdWContact': 1, 'UNL:LEU:Hydrophobic': 2, 'UNL:LEU:VdWContact': 3, 'UNL:LYS:VdWContact': 1, 'UNL:MET:Hydrophobic': 1, 'UNL:MET:VdWContact': 1, 'UNL:PHE:Hydrophobic': 1, 'UNL:PHE:VdWContact': 4, 'UNL:SER:HBAcceptor': 1, 'UNL:SER:VdWContact': 1, 'UNL:TYR:Hydrophobic': 1, 'UNL:TYR:VdWContact': 1, 'UNL:VAL:VdWContact': 1}","{'UNL:ALA:Hydrophobic': 2, 'UNL:CYS:HBAcceptor': 1, 'UNL:CYS:Hydrophobic': 2, 'UNL:CYS:VdWContact': 1, 'UNL:GLU:Hydrophobic': 1, 'UNL:GLU:VdWContact': 1, 'UNL:ILE:Hydrophobic': 1, 'UNL:ILE:VdWContact': 1, 'UNL:LEU:Hydrophobic': 6, 'UNL:LYS:Hydrophobic': 1, 'UNL:LYS:VdWContact': 1, 'UNL:MET:Hydrophobic': 1, 'UNL:MET:VdWContact': 1, 'UNL:PHE:Hydrophobic': 4, 'UNL:PHE:VdWContact': 1, 'UNL:SER:VdWContact': 1, 'UNL:TYR:Hydrophobic': 1, 'UNL:TYR:VdWContact': 1, 'UNL:VAL:Hydrophobic': 2, 'UNL:VAL:VdWContact': 1}"
598,AF3,8HFN_XGC,0.33333333333333337,0.4117647058823529,"{'UNL:ASN:VdWContact': 1, 'UNL:CYS:Hydrophobic': 1, 'UNL:CYS:VdWContact': 2, 'UNL:GLY:VdWContact': 2, 'UNL:HIS:VdWContact': 2, 'UNL:ILE:HBAcceptor': 1, 'UNL:ILE:VdWContact': 1, 'UNL:MET:Hydrophobic': 1, 'UNL:THR:HBAcceptor': 1, 'UNL:THR:HBDonor': 1, 'UNL:THR:VdWContact': 3, 'UNL:TRP:VdWContact': 1, 'UNL:TYR:VdWContact': 1}","{'UNL:ASN:HBDonor': 1, 'UNL:ASN:VdWContact': 1, 'UNL:CYS:Hydrophobic': 1, 'UNL:CYS:VdWContact': 2, 'UNL:GLY:VdWContact': 2, 'UNL:HIS:HBAcceptor': 1, 'UNL:HIS:VdWContact': 1, 'UNL:ILE:VdWContact': 1, 'UNL:LEU:Hydrophobic': 1, 'UNL:LYS:Hydrophobic': 1, 'UNL:LYS:VdWContact': 1, 'UNL:MET:HBAcceptor': 1, 'UNL:MET:VdWContact': 1, 'UNL:THR:HBAcceptor': 1, 'UNL:THR:HBDonor': 1, 'UNL:THR:Hydrophobic': 1, 'UNL:THR:VdWContact': 3, 'UNL:TRP:Hydrophobic': 1, 'UNL:TRP:VdWContact': 1, 'UNL:TYR:Hydrophobic': 1, 'UNL:TYR:VdWContact': 1}"
599,AF3,7W06_ITN,0.5,0.375,"{'UNL:ARG:Hydrophobic': 1, 'UNL:ASN:VdWContact': 1, 'UNL:LEU:Hydrophobic': 1, 'UNL:SER:HBAcceptor': 1, 'UNL:SER:HBDonor': 1, 'UNL:SER:VdWContact': 1, 'UNL:THR:HBAcceptor': 1, 'UNL:THR:HBDonor': 1, 'UNL:THR:VdWContact': 2}","{'UNL:ARG:HBAcceptor': 1, 'UNL:ARG:VdWContact': 1, 'UNL:ASN:HBAcceptor': 1, 'UNL:ASN:VdWContact': 1, 'UNL:ILE:Hydrophobic': 2, 'UNL:LEU:Hydrophobic': 1, 'UNL:PHE:Hydrophobic': 1, 'UNL:SER:HBAcceptor': 1, 'UNL:SER:VdWContact': 1, 'UNL:THR:HBAcceptor': 2, 'UNL:THR:HBDonor': 2, 'UNL:THR:VdWContact': 2}"
600,AF3,7UAS_MBU,0.0,0.25,"{'UNL:ALA:VdWContact': 1, 'UNL:ASP:VdWContact': 2, 'UNL:CYS:HBAcceptor': 1, 'UNL:CYS:Hydrophobic': 1, 'UNL:CYS:VdWContact': 1, 'UNL:GLY:VdWContact': 1, 'UNL:ILE:Hydrophobic': 1, 'UNL:ILE:VdWContact': 1, 'UNL:PHE:VdWContact': 3, 'UNL:PRO:VdWContact': 1, 'UNL:SER:VdWContact': 2, 'UNL:TYR:Hydrophobic': 1, 'UNL:TYR:VdWContact': 2}","{'UNL:ASP:Hydrophobic': 2, 'UNL:CYS:HBAcceptor': 1, 'UNL:CYS:Hydrophobic': 1, 'UNL:CYS:VdWContact': 1, 'UNL:GLY:VdWContact': 1, 'UNL:ILE:Hydrophobic': 1, 'UNL:ILE:VdWContact': 1, 'UNL:LYS:Hydrophobic': 1, 'UNL:PHE:Hydrophobic': 4, 'UNL:PHE:VdWContact': 2, 'UNL:PRO:Hydrophobic': 1, 'UNL:SER:VdWContact': 2, 'UNL:TYR:Hydrophobic': 2, 'UNL:TYR:VdWContact': 2}"
601,AF3,8GFD_ZHR,0.3333333333333333,0.18181818181818177,"{'UNL:ALA:VdWContact': 1, 'UNL:ASN:VdWContact': 1, 'UNL:GLN:VdWContact': 1, 'UNL:GLU:VdWContact': 2, 'UNL:MET:Hydrophobic': 1, 'UNL:SER:HBDonor': 1, 'UNL:SER:VdWContact': 1, 'UNL:TYR:VdWContact': 1}","{'UNL:ALA:Hydrophobic': 1, 'UNL:ARG:Hydrophobic': 1, 'UNL:GLN:HBAcceptor': 1, 'UNL:GLN:VdWContact': 2, 'UNL:GLU:HBDonor': 1, 'UNL:GLU:VdWContact': 1, 'UNL:SER:VdWContact': 2, 'UNL:TRP:Hydrophobic': 1, 'UNL:TYR:Hydrophobic': 1, 'UNL:TYR:VdWContact': 1}"
602,AF3,7UQ3_O2U,0.4,0.0,"{'UNL:ASN:HBAcceptor': 1, 'UNL:ASN:VdWContact': 1, 'UNL:ASP:VdWContact': 1, 'UNL:HIS:HBAcceptor': 1, 'UNL:HIS:HBDonor': 1, 'UNL:HIS:VdWContact': 2, 'UNL:LEU:VdWContact': 1, 'UNL:LYS:HBAcceptor': 1, 'UNL:LYS:VdWContact': 1, 'UNL:SER:VdWContact': 2, 'UNL:TRP:HBAcceptor': 1, 'UNL:TRP:Hydrophobic': 1, 'UNL:TRP:VdWContact': 1, 'UNL:TYR:VdWContact': 1, 'UNL:VAL:Hydrophobic': 1, 'UNL:VAL:VdWContact': 1}","{'UNL:ASN:HBAcceptor': 1, 'UNL:ASN:VdWContact': 1, 'UNL:ASP:VdWContact': 1, 'UNL:HIS:HBAcceptor': 1, 'UNL:HIS:HBDonor': 1, 'UNL:HIS:VdWContact': 2, 'UNL:LEU:Hydrophobic': 1, 'UNL:LEU:VdWContact': 1, 'UNL:LYS:VdWContact': 1, 'UNL:SER:VdWContact': 2, 'UNL:TRP:Hydrophobic': 1, 'UNL:TRP:VdWContact': 1, 'UNL:TYR:VdWContact': 1, 'UNL:VAL:Hydrophobic': 1}"
603,AF3,7USH_82V,0.0,0.8181818181818181,"{'UNL:ASN:HBAcceptor': 1, 'UNL:ASN:VdWContact': 1, 'UNL:LEU:VdWContact': 1, 'UNL:PRO:VdWContact': 1, 'UNL:TRP:VdWContact': 1}","{'UNL:ASN:HBAcceptor': 1, 'UNL:ASN:VdWContact': 1, 'UNL:HIS:VdWContact': 1, 'UNL:LEU:Hydrophobic': 2, 'UNL:LEU:VdWContact': 1, 'UNL:PHE:Hydrophobic': 1, 'UNL:PRO:Hydrophobic': 1, 'UNL:PRO:VdWContact': 1, 'UNL:TRP:Hydrophobic': 1, 'UNL:TRP:VdWContact': 1, 'UNL:TYR:Hydrophobic': 1, 'UNL:VAL:Hydrophobic': 2}"
604,AF3,7XG5_PLP,0.0,0.22222222222222227,"{'UNL:ARG:HBAcceptor': 1, 'UNL:ARG:HBDonor': 1, 'UNL:ARG:VdWContact': 1, 'UNL:ASN:VdWContact': 1, 'UNL:GLU:VdWContact': 1, 'UNL:GLY:VdWContact': 2, 'UNL:LEU:VdWContact': 1, 'UNL:LYS:VdWContact': 1, 'UNL:THR:HBAcceptor': 2, 'UNL:THR:VdWContact': 3, 'UNL:VAL:HBAcceptor': 1, 'UNL:VAL:VdWContact': 1}","{'UNL:ARG:HBAcceptor': 1, 'UNL:ARG:VdWContact': 1, 'UNL:ASN:VdWContact': 1, 'UNL:GLU:VdWContact': 1, 'UNL:GLY:VdWContact': 2, 'UNL:LEU:Hydrophobic': 2, 'UNL:LEU:VdWContact': 1, 'UNL:LYS:VdWContact': 1, 'UNL:THR:HBAcceptor': 2, 'UNL:THR:VdWContact': 3, 'UNL:VAL:HBAcceptor': 1, 'UNL:VAL:HBDonor': 1, 'UNL:VAL:VdWContact': 1}"
605,AF3,8G6P_API,0.16666666666666666,0.0,"{'UNL:ARG:HBAcceptor': 2, 'UNL:ARG:HBDonor': 2, 'UNL:ARG:VdWContact': 2, 'UNL:ASN:HBAcceptor': 1, 'UNL:ASN:VdWContact': 1, 'UNL:ASP:HBDonor': 1, 'UNL:ASP:VdWContact': 1, 'UNL:GLU:VdWContact': 1, 'UNL:GLY:HBDonor': 1, 'UNL:GLY:VdWContact': 2, 'UNL:HIS:Hydrophobic': 1, 'UNL:TYR:VdWContact': 1}","{'UNL:ARG:HBAcceptor': 2, 'UNL:ARG:HBDonor': 2, 'UNL:ARG:VdWContact': 2, 'UNL:ASN:HBAcceptor': 1, 'UNL:ASN:VdWContact': 1, 'UNL:ASP:HBDonor': 1, 'UNL:ASP:VdWContact': 1, 'UNL:GLU:HBDonor': 1, 'UNL:GLU:VdWContact': 1, 'UNL:GLY:HBDonor': 1, 'UNL:GLY:VdWContact': 2, 'UNL:HIS:Hydrophobic': 1, 'UNL:HIS:VdWContact': 1}"
606,AF3,7ULC_56B,0.14285714285714285,0.6153846153846154,"{'UNL:ASN:VdWContact': 2, 'UNL:ASP:HBDonor': 1, 'UNL:ASP:VdWContact': 1, 'UNL:GLN:HBAcceptor': 1, 'UNL:GLN:VdWContact': 1, 'UNL:LYS:HBAcceptor': 1, 'UNL:LYS:VdWContact': 1, 'UNL:PHE:VdWContact': 1, 'UNL:TRP:HBAcceptor': 1, 'UNL:TRP:Hydrophobic': 1, 'UNL:TRP:VdWContact': 3, 'UNL:TYR:HBAcceptor': 1, 'UNL:TYR:Hydrophobic': 1, 'UNL:TYR:VdWContact': 2}","{'UNL:ASN:HBAcceptor': 1, 'UNL:ASN:HBDonor': 1, 'UNL:ASN:VdWContact': 2, 'UNL:ASP:HBDonor': 1, 'UNL:ASP:VdWContact': 2, 'UNL:GLN:HBAcceptor': 1, 'UNL:GLN:VdWContact': 1, 'UNL:ILE:Hydrophobic': 1, 'UNL:ILE:VdWContact': 1, 'UNL:LYS:VdWContact': 2, 'UNL:PHE:Hydrophobic': 1, 'UNL:PHE:VdWContact': 1, 'UNL:TRP:HBAcceptor': 1, 'UNL:TRP:Hydrophobic': 2, 'UNL:TRP:VdWContact': 2, 'UNL:TYR:HBAcceptor': 1, 'UNL:TYR:Hydrophobic': 1, 'UNL:TYR:VdWContact': 2, 'UNL:VAL:Hydrophobic': 1}"
607,AF3,7SFO_98L,0.5,0.7999999999999999,"{'UNL:ARG:HBAcceptor': 1, 'UNL:GLU:VdWContact': 1, 'UNL:HIS:Hydrophobic': 1, 'UNL:HIS:VdWContact': 1, 'UNL:LEU:Hydrophobic': 5, 'UNL:LEU:VdWContact': 3, 'UNL:MET:Hydrophobic': 1, 'UNL:MET:VdWContact': 1, 'UNL:TRP:VdWContact': 1}","{'UNL:ALA:Hydrophobic': 1, 'UNL:ARG:HBAcceptor': 1, 'UNL:ARG:VdWContact': 1, 'UNL:GLU:VdWContact': 1, 'UNL:GLY:VdWContact': 1, 'UNL:HIS:Hydrophobic': 1, 'UNL:HIS:VdWContact': 1, 'UNL:ILE:Hydrophobic': 1, 'UNL:LEU:HBDonor': 1, 'UNL:LEU:Hydrophobic': 7, 'UNL:LEU:VdWContact': 4, 'UNL:MET:Hydrophobic': 4, 'UNL:MET:VdWContact': 1, 'UNL:PHE:Hydrophobic': 1, 'UNL:THR:Hydrophobic': 1, 'UNL:TRP:Hydrophobic': 1}"
608,AF3,8DP2_UMA,0.1,0.19999999999999998,"{'UNL:ARG:HBAcceptor': 1, 'UNL:ARG:VdWContact': 1, 'UNL:ASN:HBAcceptor': 1, 'UNL:ASN:HBDonor': 1, 'UNL:ASN:VdWContact': 1, 'UNL:ASP:VdWContact': 1, 'UNL:GLY:HBAcceptor': 1, 'UNL:GLY:VdWContact': 2, 'UNL:HIS:HBAcceptor': 1, 'UNL:HIS:VdWContact': 1, 'UNL:LEU:Hydrophobic': 1, 'UNL:LYS:HBAcceptor': 1, 'UNL:LYS:VdWContact': 1, 'UNL:PHE:VdWContact': 1, 'UNL:PRO:VdWContact': 1, 'UNL:SER:HBAcceptor': 1, 'UNL:SER:VdWContact': 3, 'UNL:THR:HBAcceptor': 1, 'UNL:THR:HBDonor': 1, 'UNL:THR:VdWContact': 1}","{'UNL:ARG:Hydrophobic': 1, 'UNL:ARG:VdWContact': 1, 'UNL:ASN:HBAcceptor': 1, 'UNL:ASN:HBDonor': 1, 'UNL:ASN:VdWContact': 1, 'UNL:GLN:VdWContact': 1, 'UNL:GLY:HBAcceptor': 1, 'UNL:GLY:VdWContact': 2, 'UNL:HIS:VdWContact': 1, 'UNL:LEU:Hydrophobic': 1, 'UNL:LYS:HBAcceptor': 1, 'UNL:LYS:VdWContact': 1, 'UNL:PHE:Hydrophobic': 1, 'UNL:PRO:VdWContact': 1, 'UNL:SER:HBAcceptor': 1, 'UNL:SER:HBDonor': 1, 'UNL:SER:VdWContact': 2, 'UNL:THR:HBAcceptor': 1, 'UNL:THR:HBDonor': 1, 'UNL:THR:Hydrophobic': 1, 'UNL:THR:VdWContact': 1}"
609,AF3,7XFA_D9J,0.0,0.19999999999999998,"{'UNL:ALA:VdWContact': 1, 'UNL:ARG:HBAcceptor': 1, 'UNL:ARG:Hydrophobic': 1, 'UNL:ARG:VdWContact': 2, 'UNL:ASN:HBAcceptor': 1, 'UNL:ASN:VdWContact': 1, 'UNL:GLU:VdWContact': 1, 'UNL:GLY:VdWContact': 2, 'UNL:HIS:VdWContact': 1, 'UNL:TRP:Hydrophobic': 1, 'UNL:TRP:VdWContact': 1}","{'UNL:ALA:Hydrophobic': 1, 'UNL:ARG:HBAcceptor': 1, 'UNL:ARG:Hydrophobic': 1, 'UNL:ARG:VdWContact': 1, 'UNL:ASN:HBAcceptor': 1, 'UNL:ASN:VdWContact': 2, 'UNL:GLU:VdWContact': 1, 'UNL:GLY:VdWContact': 1, 'UNL:HIS:VdWContact': 1, 'UNL:TRP:Hydrophobic': 1}"
610,AF3,7ZHP_IQY,0.0,0.15000000000000002,"{'UNL:ASP:Hydrophobic': 1, 'UNL:ASP:VdWContact': 1, 'UNL:CYS:VdWContact': 1, 'UNL:GLN:HBAcceptor': 1, 'UNL:GLN:HBDonor': 1, 'UNL:GLN:VdWContact': 2, 'UNL:GLU:Hydrophobic': 1, 'UNL:GLU:VdWContact': 1, 'UNL:ILE:Hydrophobic': 1, 'UNL:ILE:VdWContact': 1, 'UNL:LEU:Hydrophobic': 1, 'UNL:LEU:VdWContact': 1, 'UNL:LYS:Hydrophobic': 1, 'UNL:LYS:VdWContact': 1, 'UNL:MET:Hydrophobic': 1, 'UNL:MET:VdWContact': 1, 'UNL:PHE:HBAcceptor': 1, 'UNL:PHE:Hydrophobic': 1, 'UNL:PHE:VdWContact': 1, 'UNL:VAL:VdWContact': 1}","{'UNL:ALA:Hydrophobic': 1, 'UNL:ASP:Hydrophobic': 1, 'UNL:ASP:VdWContact': 1, 'UNL:GLN:HBAcceptor': 1, 'UNL:GLN:HBDonor': 1, 'UNL:GLN:Hydrophobic': 1, 'UNL:GLN:VdWContact': 2, 'UNL:GLU:Hydrophobic': 1, 'UNL:GLU:VdWContact': 1, 'UNL:ILE:Hydrophobic': 2, 'UNL:ILE:VdWContact': 1, 'UNL:LEU:Hydrophobic': 3, 'UNL:LEU:VdWContact': 1, 'UNL:LYS:Hydrophobic': 1, 'UNL:MET:Hydrophobic': 1, 'UNL:MET:VdWContact': 1, 'UNL:PHE:HBAcceptor': 1, 'UNL:PHE:Hydrophobic': 1, 'UNL:PHE:VdWContact': 1, 'UNL:VAL:Hydrophobic': 1}"
611,AF3,7W05_GMP,0.0,0.5,"{'UNL:ASN:HBDonor': 1, 'UNL:ASN:VdWContact': 2, 'UNL:GLN:VdWContact': 1, 'UNL:GLU:HBDonor': 2, 'UNL:GLU:VdWContact': 2, 'UNL:HIS:HBAcceptor': 1, 'UNL:HIS:HBDonor': 1, 'UNL:HIS:VdWContact': 2, 'UNL:TYR:HBAcceptor': 1, 'UNL:TYR:VdWContact': 2}","{'UNL:ASN:HBDonor': 1, 'UNL:ASN:VdWContact': 2, 'UNL:GLN:VdWContact': 1, 'UNL:GLU:HBDonor': 2, 'UNL:GLU:VdWContact': 2, 'UNL:HIS:HBAcceptor': 1, 'UNL:HIS:HBDonor': 1, 'UNL:HIS:Hydrophobic': 1, 'UNL:HIS:VdWContact': 2, 'UNL:PHE:Hydrophobic': 1, 'UNL:TYR:HBAcceptor': 1, 'UNL:TYR:Hydrophobic': 2, 'UNL:TYR:VdWContact': 2}"
612,AF3,8AIE_M7L,0.33333333333333337,0.36363636363636354,"{'UNL:ARG:HBAcceptor': 1, 'UNL:ARG:HBDonor': 1, 'UNL:ARG:VdWContact': 3, 'UNL:GLY:VdWContact': 1, 'UNL:HIS:VdWContact': 1, 'UNL:LYS:HBAcceptor': 1, 'UNL:LYS:VdWContact': 2, 'UNL:SER:VdWContact': 1, 'UNL:THR:HBAcceptor': 3, 'UNL:THR:VdWContact': 4, 'UNL:TYR:VdWContact': 1}","{'UNL:ARG:HBAcceptor': 2, 'UNL:ARG:VdWContact': 1, 'UNL:GLU:VdWContact': 1, 'UNL:HIS:VdWContact': 1, 'UNL:LEU:Hydrophobic': 1, 'UNL:LYS:VdWContact': 2, 'UNL:SER:VdWContact': 2, 'UNL:THR:HBAcceptor': 3, 'UNL:THR:HBDonor': 2, 'UNL:THR:VdWContact': 4, 'UNL:TYR:Hydrophobic': 1, 'UNL:TYR:VdWContact': 1, 'UNL:VAL:HBAcceptor': 1, 'UNL:VAL:VdWContact': 1}"
613,AF3,7UMW_NAD,0.2857142857142857,0.3888888888888889,"{'UNL:ALA:VdWContact': 3, 'UNL:ASP:HBDonor': 1, 'UNL:ASP:VdWContact': 1, 'UNL:CYS:VdWContact': 1, 'UNL:GLN:HBAcceptor': 1, 'UNL:GLN:VdWContact': 1, 'UNL:GLY:VdWContact': 2, 'UNL:ILE:HBAcceptor': 2, 'UNL:ILE:HBDonor': 2, 'UNL:ILE:VdWContact': 3, 'UNL:LYS:HBAcceptor': 1, 'UNL:LYS:VdWContact': 1, 'UNL:PRO:VdWContact': 1, 'UNL:SER:VdWContact': 3, 'UNL:THR:HBAcceptor': 1, 'UNL:THR:VdWContact': 1, 'UNL:TYR:Hydrophobic': 1, 'UNL:VAL:HBAcceptor': 1, 'UNL:VAL:VdWContact': 1}","{'UNL:ALA:Hydrophobic': 1, 'UNL:ALA:VdWContact': 2, 'UNL:ASP:HBDonor': 1, 'UNL:ASP:VdWContact': 1, 'UNL:CYS:VdWContact': 1, 'UNL:GLN:Hydrophobic': 1, 'UNL:GLN:VdWContact': 1, 'UNL:GLY:VdWContact': 2, 'UNL:ILE:HBAcceptor': 2, 'UNL:ILE:HBDonor': 2, 'UNL:ILE:Hydrophobic': 3, 'UNL:ILE:VdWContact': 3, 'UNL:LEU:Hydrophobic': 1, 'UNL:LYS:VdWContact': 1, 'UNL:PHE:Hydrophobic': 1, 'UNL:PRO:VdWContact': 1, 'UNL:SER:VdWContact': 3, 'UNL:THR:HBAcceptor': 1, 'UNL:THR:VdWContact': 1, 'UNL:TYR:Hydrophobic': 1, 'UNL:VAL:HBAcceptor': 1, 'UNL:VAL:Hydrophobic': 1, 'UNL:VAL:VdWContact': 1}"
614,AF3,7U3J_L6U,0.4285714285714286,0.4444444444444444,"{'UNL:ALA:VdWContact': 1, 'UNL:GLN:HBAcceptor': 2, 'UNL:GLN:Hydrophobic': 1, 'UNL:GLN:VdWContact': 2, 'UNL:GLU:HBDonor': 1, 'UNL:GLU:VdWContact': 1, 'UNL:GLY:VdWContact': 1, 'UNL:ILE:VdWContact': 2, 'UNL:LEU:Hydrophobic': 1, 'UNL:LEU:VdWContact': 3, 'UNL:SER:HBAcceptor': 1, 'UNL:SER:HBDonor': 1, 'UNL:SER:VdWContact': 2, 'UNL:THR:VdWContact': 1, 'UNL:TYR:VdWContact': 2}","{'UNL:ALA:Hydrophobic': 1, 'UNL:ALA:VdWContact': 1, 'UNL:GLN:HBDonor': 1, 'UNL:GLN:Hydrophobic': 1, 'UNL:GLN:VdWContact': 2, 'UNL:GLU:HBDonor': 1, 'UNL:GLU:VdWContact': 1, 'UNL:GLY:HBDonor': 1, 'UNL:GLY:VdWContact': 1, 'UNL:ILE:Hydrophobic': 1, 'UNL:LEU:Hydrophobic': 3, 'UNL:LEU:VdWContact': 2, 'UNL:PHE:Hydrophobic': 1, 'UNL:PHE:VdWContact': 1, 'UNL:SER:HBAcceptor': 1, 'UNL:SER:HBDonor': 1, 'UNL:SER:VdWContact': 3, 'UNL:THR:Hydrophobic': 1, 'UNL:THR:VdWContact': 1, 'UNL:TRP:Hydrophobic': 1, 'UNL:TYR:HBAcceptor': 1, 'UNL:TYR:Hydrophobic': 1, 'UNL:TYR:VdWContact': 3}"
615,AF3,7QGP_DJ8,0.25,0.4736842105263159,"{'UNL:ASP:HBDonor': 1, 'UNL:ASP:VdWContact': 1, 'UNL:CYS:HBAcceptor': 1, 'UNL:CYS:VdWContact': 1, 'UNL:GLU:Hydrophobic': 1, 'UNL:GLU:VdWContact': 2, 'UNL:ILE:Hydrophobic': 1, 'UNL:ILE:VdWContact': 2, 'UNL:LEU:Hydrophobic': 2, 'UNL:LEU:VdWContact': 2, 'UNL:LYS:HBDonor': 1, 'UNL:LYS:Hydrophobic': 1, 'UNL:LYS:VdWContact': 1, 'UNL:PHE:VdWContact': 1, 'UNL:TYR:VdWContact': 1}","{'UNL:ALA:Hydrophobic': 2, 'UNL:ALA:VdWContact': 1, 'UNL:ASP:HBAcceptor': 1, 'UNL:ASP:Hydrophobic': 1, 'UNL:ASP:VdWContact': 1, 'UNL:CYS:HBAcceptor': 1, 'UNL:CYS:Hydrophobic': 1, 'UNL:CYS:VdWContact': 1, 'UNL:GLU:Hydrophobic': 1, 'UNL:GLU:VdWContact': 2, 'UNL:ILE:Hydrophobic': 3, 'UNL:ILE:VdWContact': 2, 'UNL:LEU:Hydrophobic': 2, 'UNL:LEU:VdWContact': 1, 'UNL:LYS:Hydrophobic': 1, 'UNL:PHE:Hydrophobic': 2, 'UNL:TYR:VdWContact': 1, 'UNL:VAL:Hydrophobic': 2, 'UNL:VAL:VdWContact': 1}"
616,AF3,7WQQ_5Z6,0.6666666666666666,0.923076923076923,"{'UNL:ARG:HBAcceptor': 1, 'UNL:ARG:Hydrophobic': 1, 'UNL:ARG:VdWContact': 2, 'UNL:CYS:Hydrophobic': 1, 'UNL:GLY:VdWContact': 1, 'UNL:ILE:Hydrophobic': 1, 'UNL:ILE:VdWContact': 1, 'UNL:LEU:Hydrophobic': 2, 'UNL:LEU:VdWContact': 1, 'UNL:PHE:VdWContact': 3, 'UNL:SER:HBAcceptor': 1, 'UNL:SER:HBDonor': 1, 'UNL:SER:VdWContact': 2}","{'UNL:ARG:Hydrophobic': 2, 'UNL:CYS:Hydrophobic': 1, 'UNL:GLY:VdWContact': 1, 'UNL:ILE:Hydrophobic': 3, 'UNL:ILE:VdWContact': 1, 'UNL:LEU:Hydrophobic': 6, 'UNL:LEU:VdWContact': 1, 'UNL:PHE:Hydrophobic': 4, 'UNL:PHE:VdWContact': 4, 'UNL:SER:HBAcceptor': 1, 'UNL:SER:VdWContact': 2, 'UNL:TRP:Hydrophobic': 1, 'UNL:VAL:Hydrophobic': 1}"
617,AF3,7WL4_JFU,0.0,0.26315789473684215,"{'UNL:ASN:HBAcceptor': 1, 'UNL:ASN:VdWContact': 1, 'UNL:ASP:VdWContact': 2, 'UNL:ILE:Hydrophobic': 1, 'UNL:ILE:VdWContact': 1, 'UNL:LEU:Hydrophobic': 1, 'UNL:LEU:VdWContact': 1, 'UNL:MET:Hydrophobic': 1, 'UNL:MET:VdWContact': 1, 'UNL:PHE:VdWContact': 1, 'UNL:TRP:VdWContact': 2, 'UNL:TYR:VdWContact': 1, 'UNL:VAL:VdWContact': 1}","{'UNL:ASN:HBAcceptor': 1, 'UNL:ASN:VdWContact': 1, 'UNL:ASP:Hydrophobic': 1, 'UNL:ASP:VdWContact': 1, 'UNL:ILE:Hydrophobic': 1, 'UNL:ILE:VdWContact': 1, 'UNL:LEU:Hydrophobic': 2, 'UNL:LEU:VdWContact': 2, 'UNL:MET:Hydrophobic': 2, 'UNL:MET:VdWContact': 1, 'UNL:PHE:Hydrophobic': 1, 'UNL:PHE:VdWContact': 1, 'UNL:PRO:Hydrophobic': 1, 'UNL:PRO:VdWContact': 1, 'UNL:TRP:Hydrophobic': 1, 'UNL:TYR:Hydrophobic': 1, 'UNL:VAL:Hydrophobic': 1}"
618,AF3,7Z2O_IAJ,0.0,0.6666666666666666,"{'UNL:GLY:HBAcceptor': 1, 'UNL:GLY:VdWContact': 1, 'UNL:SER:VdWContact': 1, 'UNL:TYR:Hydrophobic': 2, 'UNL:TYR:VdWContact': 3}","{'UNL:ALA:Hydrophobic': 1, 'UNL:ASN:Hydrophobic': 1, 'UNL:GLY:HBAcceptor': 1, 'UNL:GLY:VdWContact': 1, 'UNL:HIS:VdWContact': 1, 'UNL:LEU:VdWContact': 1, 'UNL:SER:VdWContact': 1, 'UNL:TYR:Hydrophobic': 3, 'UNL:TYR:VdWContact': 3, 'UNL:VAL:Hydrophobic': 1}"
619,AF3,8FLV_ZB9,0.0,0.38888888888888895,"{'UNL:ALA:VdWContact': 1, 'UNL:ASP:HBDonor': 1, 'UNL:ASP:VdWContact': 1, 'UNL:GLU:HBDonor': 1, 'UNL:GLU:VdWContact': 1, 'UNL:ILE:VdWContact': 1, 'UNL:LEU:VdWContact': 1, 'UNL:LYS:Hydrophobic': 1, 'UNL:MET:HBAcceptor': 1, 'UNL:MET:VdWContact': 2, 'UNL:PHE:Hydrophobic': 1, 'UNL:VAL:VdWContact': 1}","{'UNL:ALA:Hydrophobic': 1, 'UNL:ASP:HBDonor': 1, 'UNL:ASP:VdWContact': 1, 'UNL:CYS:Hydrophobic': 1, 'UNL:GLU:HBDonor': 1, 'UNL:GLU:VdWContact': 1, 'UNL:GLY:VdWContact': 1, 'UNL:ILE:Hydrophobic': 1, 'UNL:ILE:VdWContact': 1, 'UNL:LEU:Hydrophobic': 3, 'UNL:LYS:Hydrophobic': 1, 'UNL:LYS:VdWContact': 1, 'UNL:MET:HBAcceptor': 1, 'UNL:MET:Hydrophobic': 1, 'UNL:MET:VdWContact': 1, 'UNL:PHE:Hydrophobic': 1, 'UNL:TYR:Hydrophobic': 1, 'UNL:VAL:Hydrophobic': 1}"
620,AF3,7Z7F_IF3,0.25,0.5000000000000001,"{'UNL:ARG:VdWContact': 1, 'UNL:ASP:HBDonor': 1, 'UNL:ASP:VdWContact': 2, 'UNL:CYS:HBDonor': 1, 'UNL:CYS:VdWContact': 1, 'UNL:SER:VdWContact': 1, 'UNL:TRP:HBDonor': 1, 'UNL:TRP:VdWContact': 3, 'UNL:TYR:VdWContact': 1}","{'UNL:ASP:Hydrophobic': 1, 'UNL:ASP:VdWContact': 2, 'UNL:CYS:HBDonor': 1, 'UNL:CYS:VdWContact': 1, 'UNL:GLN:VdWContact': 1, 'UNL:LYS:VdWContact': 1, 'UNL:SER:VdWContact': 2, 'UNL:TRP:Hydrophobic': 2, 'UNL:TRP:VdWContact': 1, 'UNL:TYR:HBAcceptor': 1, 'UNL:TYR:VdWContact': 1}"
621,AF3,7ZL5_IWE,0.3333333333333333,0.4444444444444445,"{'UNL:ALA:VdWContact': 1, 'UNL:HIS:HBAcceptor': 1, 'UNL:HIS:VdWContact': 4, 'UNL:LEU:VdWContact': 1, 'UNL:THR:HBAcceptor': 1, 'UNL:THR:HBDonor': 1, 'UNL:THR:VdWContact': 1, 'UNL:VAL:VdWContact': 1}","{'UNL:ALA:Hydrophobic': 1, 'UNL:ALA:VdWContact': 1, 'UNL:HIS:Hydrophobic': 1, 'UNL:HIS:VdWContact': 1, 'UNL:LEU:Hydrophobic': 3, 'UNL:LEU:VdWContact': 1, 'UNL:PHE:Hydrophobic': 1, 'UNL:THR:HBAcceptor': 1, 'UNL:THR:HBDonor': 1, 'UNL:THR:VdWContact': 1}"
622,AF3,8F8E_XJI,0.0,0.19047619047619052,"{'UNL:ARG:HBAcceptor': 1, 'UNL:ARG:Hydrophobic': 2, 'UNL:ARG:VdWContact': 1, 'UNL:CYS:Hydrophobic': 1, 'UNL:CYS:VdWContact': 2, 'UNL:GLU:HBDonor': 1, 'UNL:GLU:VdWContact': 1, 'UNL:ILE:VdWContact': 1, 'UNL:MET:Hydrophobic': 1, 'UNL:MET:VdWContact': 1, 'UNL:THR:VdWContact': 1, 'UNL:TYR:VdWContact': 1}","{'UNL:ALA:Hydrophobic': 1, 'UNL:ALA:VdWContact': 1, 'UNL:ARG:HBAcceptor': 1, 'UNL:ARG:Hydrophobic': 1, 'UNL:ARG:VdWContact': 2, 'UNL:ASP:HBDonor': 1, 'UNL:ASP:Hydrophobic': 1, 'UNL:ASP:VdWContact': 1, 'UNL:CYS:VdWContact': 1, 'UNL:HIS:VdWContact': 1, 'UNL:LEU:Hydrophobic': 2, 'UNL:LEU:VdWContact': 1, 'UNL:PHE:Hydrophobic': 1, 'UNL:PHE:VdWContact': 1, 'UNL:TYR:Hydrophobic': 1, 'UNL:VAL:Hydrophobic': 1}"
623,AF3,7Q2B_M6H,0.0,0.07142857142857145,"{'UNL:CYS:VdWContact': 1, 'UNL:GLU:Hydrophobic': 1, 'UNL:GLU:VdWContact': 1, 'UNL:GLY:VdWContact': 1, 'UNL:ILE:VdWContact': 1, 'UNL:LEU:Hydrophobic': 1, 'UNL:LEU:VdWContact': 2, 'UNL:PHE:Hydrophobic': 1, 'UNL:PHE:VdWContact': 2, 'UNL:SER:HBDonor': 1, 'UNL:SER:VdWContact': 1}","{'UNL:GLU:HBDonor': 1, 'UNL:GLU:Hydrophobic': 2, 'UNL:GLU:VdWContact': 2, 'UNL:HIS:VdWContact': 1, 'UNL:ILE:Hydrophobic': 1, 'UNL:LEU:Hydrophobic': 1, 'UNL:PHE:Hydrophobic': 1, 'UNL:PHE:VdWContact': 1, 'UNL:TYR:VdWContact': 1, 'UNL:VAL:Hydrophobic': 1}"
624,AF3,7ZOC_T8E,0.5,0.15384615384615385,"{'UNL:GLU:HBDonor': 1, 'UNL:GLU:Hydrophobic': 1, 'UNL:GLU:VdWContact': 4, 'UNL:GLY:VdWContact': 1, 'UNL:HIS:Hydrophobic': 1, 'UNL:HIS:VdWContact': 1, 'UNL:MET:Hydrophobic': 1, 'UNL:MET:VdWContact': 1, 'UNL:TRP:Hydrophobic': 1, 'UNL:TRP:VdWContact': 1, 'UNL:TYR:HBAcceptor': 1, 'UNL:TYR:Hydrophobic': 1, 'UNL:TYR:VdWContact': 2}","{'UNL:ASN:Hydrophobic': 1, 'UNL:GLN:Hydrophobic': 1, 'UNL:GLU:HBDonor': 1, 'UNL:GLU:VdWContact': 4, 'UNL:HIS:Hydrophobic': 1, 'UNL:MET:VdWContact': 1, 'UNL:TRP:Hydrophobic': 1, 'UNL:TRP:VdWContact': 1, 'UNL:TYR:Hydrophobic': 1, 'UNL:TYR:VdWContact': 2}"
625,AF3,7WCF_ACP,0.125,0.22222222222222224,"{'UNL:ARG:VdWContact': 1, 'UNL:ASP:VdWContact': 3, 'UNL:GLN:VdWContact': 2, 'UNL:GLY:VdWContact': 1, 'UNL:HIS:HBAcceptor': 1, 'UNL:HIS:HBDonor': 1, 'UNL:HIS:VdWContact': 1, 'UNL:LEU:VdWContact': 1, 'UNL:LYS:HBAcceptor': 1, 'UNL:LYS:HBDonor': 1, 'UNL:LYS:VdWContact': 3, 'UNL:PHE:HBAcceptor': 1, 'UNL:PHE:VdWContact': 1, 'UNL:SER:HBDonor': 1, 'UNL:SER:VdWContact': 1, 'UNL:TYR:VdWContact': 1, 'UNL:VAL:Hydrophobic': 1, 'UNL:VAL:VdWContact': 1}","{'UNL:ARG:Hydrophobic': 1, 'UNL:ARG:VdWContact': 1, 'UNL:ASP:VdWContact': 2, 'UNL:GLN:HBAcceptor': 1, 'UNL:GLN:Hydrophobic': 1, 'UNL:GLN:VdWContact': 2, 'UNL:GLY:VdWContact': 1, 'UNL:HIS:HBAcceptor': 1, 'UNL:HIS:VdWContact': 1, 'UNL:ILE:Hydrophobic': 1, 'UNL:ILE:VdWContact': 1, 'UNL:LYS:HBDonor': 1, 'UNL:LYS:VdWContact': 3, 'UNL:PHE:HBAcceptor': 1, 'UNL:PHE:Hydrophobic': 1, 'UNL:PHE:VdWContact': 1, 'UNL:TYR:Hydrophobic': 1, 'UNL:TYR:VdWContact': 1, 'UNL:VAL:HBAcceptor': 1, 'UNL:VAL:VdWContact': 1}"
626,AF3,8AP0_PRP,0.125,0.125,"{'UNL:ARG:HBAcceptor': 1, 'UNL:ARG:HBDonor': 1, 'UNL:ARG:VdWContact': 1, 'UNL:GLU:VdWContact': 1, 'UNL:GLY:HBAcceptor': 2, 'UNL:GLY:HBDonor': 1, 'UNL:GLY:VdWContact': 2, 'UNL:HIS:HBAcceptor': 1, 'UNL:HIS:VdWContact': 1, 'UNL:LYS:HBAcceptor': 1, 'UNL:LYS:VdWContact': 1, 'UNL:SER:HBAcceptor': 2, 'UNL:SER:HBDonor': 1, 'UNL:SER:VdWContact': 3, 'UNL:THR:VdWContact': 1, 'UNL:VAL:VdWContact': 1}","{'UNL:ARG:HBAcceptor': 1, 'UNL:ARG:HBDonor': 1, 'UNL:ARG:VdWContact': 1, 'UNL:GLY:HBAcceptor': 2, 'UNL:GLY:HBDonor': 1, 'UNL:GLY:VdWContact': 2, 'UNL:HIS:HBAcceptor': 1, 'UNL:HIS:VdWContact': 1, 'UNL:LYS:HBAcceptor': 1, 'UNL:LYS:VdWContact': 1, 'UNL:SER:HBAcceptor': 2, 'UNL:SER:VdWContact': 3, 'UNL:THR:VdWContact': 1, 'UNL:VAL:VdWContact': 1}"
627,AF3,7UXS_OJC,0.33333333333333337,0.3571428571428572,"{'UNL:ALA:VdWContact': 1, 'UNL:ARG:HBAcceptor': 1, 'UNL:ARG:VdWContact': 1, 'UNL:GLN:VdWContact': 1, 'UNL:GLU:VdWContact': 1, 'UNL:GLY:HBAcceptor': 2, 'UNL:GLY:VdWContact': 1, 'UNL:LYS:HBAcceptor': 1, 'UNL:LYS:VdWContact': 2, 'UNL:PHE:VdWContact': 1, 'UNL:SER:VdWContact': 1, 'UNL:TRP:VdWContact': 1, 'UNL:VAL:VdWContact': 1}","{'UNL:ALA:VdWContact': 1, 'UNL:ARG:HBAcceptor': 1, 'UNL:ARG:VdWContact': 1, 'UNL:GLN:HBAcceptor': 1, 'UNL:GLN:Hydrophobic': 1, 'UNL:GLN:VdWContact': 1, 'UNL:GLU:HBDonor': 1, 'UNL:GLU:VdWContact': 1, 'UNL:GLY:HBAcceptor': 2, 'UNL:GLY:VdWContact': 2, 'UNL:LEU:HBAcceptor': 1, 'UNL:LEU:Hydrophobic': 1, 'UNL:LEU:VdWContact': 1, 'UNL:LYS:VdWContact': 1, 'UNL:PHE:Hydrophobic': 2, 'UNL:PHE:VdWContact': 2, 'UNL:SER:VdWContact': 1, 'UNL:TRP:VdWContact': 1}"
628,AF3,7X9K_8OG,0.125,0.46153846153846145,"{'UNL:ARG:HBAcceptor': 1, 'UNL:ARG:VdWContact': 1, 'UNL:ASN:HBAcceptor': 1, 'UNL:ASN:HBDonor': 1, 'UNL:ASN:VdWContact': 1, 'UNL:GLU:VdWContact': 1, 'UNL:HIS:HBAcceptor': 1, 'UNL:HIS:HBDonor': 1, 'UNL:HIS:VdWContact': 1, 'UNL:LYS:VdWContact': 1, 'UNL:PHE:HBAcceptor': 1, 'UNL:PHE:HBDonor': 1, 'UNL:PHE:VdWContact': 1}","{'UNL:ARG:HBAcceptor': 1, 'UNL:ARG:HBDonor': 1, 'UNL:ARG:VdWContact': 1, 'UNL:ASN:HBAcceptor': 1, 'UNL:ASN:HBDonor': 1, 'UNL:ASN:VdWContact': 1, 'UNL:GLU:Hydrophobic': 1, 'UNL:HIS:HBAcceptor': 1, 'UNL:HIS:HBDonor': 1, 'UNL:HIS:VdWContact': 1, 'UNL:ILE:Hydrophobic': 1, 'UNL:ILE:VdWContact': 1, 'UNL:LEU:Hydrophobic': 1, 'UNL:MET:Hydrophobic': 1, 'UNL:PHE:HBAcceptor': 1, 'UNL:PHE:HBDonor': 1, 'UNL:PHE:VdWContact': 2, 'UNL:PRO:Hydrophobic': 1, 'UNL:VAL:Hydrophobic': 1}"
629,AF3,8BOM_QU6,0.0,0.33333333333333337,"{'UNL:ALA:VdWContact': 1, 'UNL:ASP:HBAcceptor': 1, 'UNL:ASP:Hydrophobic': 1, 'UNL:ASP:VdWContact': 1, 'UNL:GLU:HBDonor': 1, 'UNL:GLU:Hydrophobic': 1, 'UNL:GLU:VdWContact': 2, 'UNL:ILE:Hydrophobic': 2, 'UNL:LYS:Hydrophobic': 1, 'UNL:MET:HBAcceptor': 1, 'UNL:MET:Hydrophobic': 1, 'UNL:MET:VdWContact': 2, 'UNL:PHE:Hydrophobic': 1, 'UNL:PHE:VdWContact': 1, 'UNL:SER:VdWContact': 1, 'UNL:THR:HBDonor': 1, 'UNL:THR:VdWContact': 1, 'UNL:TYR:VdWContact': 1, 'UNL:VAL:Hydrophobic': 1, 'UNL:VAL:VdWContact': 1}","{'UNL:ALA:Hydrophobic': 1, 'UNL:ALA:VdWContact': 1, 'UNL:ASP:HBAcceptor': 1, 'UNL:ASP:Hydrophobic': 1, 'UNL:ASP:VdWContact': 1, 'UNL:GLU:HBDonor': 1, 'UNL:GLU:Hydrophobic': 1, 'UNL:GLU:VdWContact': 2, 'UNL:ILE:Hydrophobic': 3, 'UNL:ILE:VdWContact': 2, 'UNL:LEU:Hydrophobic': 1, 'UNL:LYS:Hydrophobic': 1, 'UNL:MET:HBAcceptor': 1, 'UNL:MET:Hydrophobic': 1, 'UNL:MET:VdWContact': 1, 'UNL:PHE:Hydrophobic': 2, 'UNL:PHE:VdWContact': 1, 'UNL:SER:VdWContact': 1, 'UNL:THR:HBDonor': 1, 'UNL:THR:Hydrophobic': 1, 'UNL:THR:VdWContact': 1, 'UNL:TYR:Hydrophobic': 2, 'UNL:TYR:VdWContact': 1, 'UNL:VAL:Hydrophobic': 1}"
630,AF3,5SIS_JSM,0.0,0.47058823529411764,"{'UNL:GLN:HBAcceptor': 1, 'UNL:GLN:VdWContact': 1, 'UNL:GLU:Hydrophobic': 1, 'UNL:GLU:VdWContact': 1, 'UNL:GLY:VdWContact': 1, 'UNL:MET:Hydrophobic': 1, 'UNL:MET:VdWContact': 1, 'UNL:PHE:Hydrophobic': 1, 'UNL:PHE:VdWContact': 1, 'UNL:TYR:VdWContact': 1, 'UNL:VAL:VdWContact': 1}","{'UNL:GLN:HBAcceptor': 1, 'UNL:GLN:VdWContact': 1, 'UNL:GLU:Hydrophobic': 1, 'UNL:GLU:VdWContact': 1, 'UNL:GLY:VdWContact': 1, 'UNL:ILE:Hydrophobic': 1, 'UNL:ILE:VdWContact': 1, 'UNL:LEU:Hydrophobic': 1, 'UNL:LYS:Hydrophobic': 1, 'UNL:MET:Hydrophobic': 1, 'UNL:MET:VdWContact': 1, 'UNL:PHE:Hydrophobic': 2, 'UNL:PHE:VdWContact': 1, 'UNL:PRO:Hydrophobic': 1, 'UNL:TYR:Hydrophobic': 1, 'UNL:TYR:VdWContact': 1, 'UNL:VAL:Hydrophobic': 1, 'UNL:VAL:VdWContact': 1}"
631,AF3,5SD5_HWI,0.25,0.6666666666666667,"{'UNL:ARG:HBAcceptor': 1, 'UNL:ARG:HBDonor': 1, 'UNL:ARG:Hydrophobic': 1, 'UNL:ARG:VdWContact': 2, 'UNL:ASP:HBDonor': 1, 'UNL:ASP:VdWContact': 1, 'UNL:GLN:Hydrophobic': 1, 'UNL:ILE:HBDonor': 2, 'UNL:ILE:VdWContact': 2, 'UNL:PHE:VdWContact': 1, 'UNL:TRP:VdWContact': 1}","{'UNL:ALA:Hydrophobic': 1, 'UNL:ARG:HBAcceptor': 2, 'UNL:ARG:HBDonor': 1, 'UNL:ARG:VdWContact': 3, 'UNL:ASP:HBDonor': 1, 'UNL:ASP:VdWContact': 1, 'UNL:GLN:Hydrophobic': 1, 'UNL:ILE:HBDonor': 2, 'UNL:ILE:Hydrophobic': 3, 'UNL:ILE:VdWContact': 2, 'UNL:LEU:Hydrophobic': 2, 'UNL:PHE:Hydrophobic': 1, 'UNL:PHE:VdWContact': 1, 'UNL:THR:Hydrophobic': 1, 'UNL:TRP:VdWContact': 1}"
632,AF3,8A2D_KXY,0.19999999999999996,0.23809523809523803,"{'UNL:ALA:VdWContact': 1, 'UNL:ARG:VdWContact': 1, 'UNL:ASP:HBAcceptor': 1, 'UNL:ASP:VdWContact': 1, 'UNL:CYS:VdWContact': 1, 'UNL:GLU:VdWContact': 1, 'UNL:GLY:VdWContact': 1, 'UNL:LEU:Hydrophobic': 1, 'UNL:LEU:VdWContact': 2, 'UNL:LYS:HBAcceptor': 1, 'UNL:LYS:Hydrophobic': 1, 'UNL:LYS:VdWContact': 1, 'UNL:MET:VdWContact': 2, 'UNL:PHE:VdWContact': 1, 'UNL:THR:VdWContact': 2, 'UNL:VAL:Hydrophobic': 1, 'UNL:VAL:VdWContact': 1}","{'UNL:ALA:Hydrophobic': 1, 'UNL:ALA:VdWContact': 1, 'UNL:ARG:HBAcceptor': 1, 'UNL:ARG:VdWContact': 1, 'UNL:ASP:HBDonor': 1, 'UNL:ASP:VdWContact': 1, 'UNL:CYS:Hydrophobic': 1, 'UNL:CYS:VdWContact': 1, 'UNL:GLU:VdWContact': 1, 'UNL:ILE:Hydrophobic': 1, 'UNL:LEU:Hydrophobic': 3, 'UNL:LYS:Hydrophobic': 1, 'UNL:MET:Hydrophobic': 1, 'UNL:MET:VdWContact': 1, 'UNL:PHE:HBAcceptor': 1, 'UNL:PHE:Hydrophobic': 2, 'UNL:PHE:VdWContact': 1, 'UNL:THR:Hydrophobic': 2, 'UNL:THR:VdWContact': 1, 'UNL:VAL:Hydrophobic': 3}"
633,AF3,7QPP_VDX,0.0,1.0666666666666669,"{'UNL:ARG:HBAcceptor': 1, 'UNL:ARG:VdWContact': 1, 'UNL:CYS:VdWContact': 1, 'UNL:HIS:HBAcceptor': 1, 'UNL:HIS:HBDonor': 1, 'UNL:HIS:VdWContact': 2, 'UNL:SER:VdWContact': 3, 'UNL:TRP:Hydrophobic': 1, 'UNL:TRP:VdWContact': 1, 'UNL:TYR:VdWContact': 2, 'UNL:VAL:Hydrophobic': 1, 'UNL:VAL:VdWContact': 1}","{'UNL:ARG:HBAcceptor': 1, 'UNL:ARG:VdWContact': 1, 'UNL:CYS:VdWContact': 1, 'UNL:HIS:HBAcceptor': 1, 'UNL:HIS:HBDonor': 1, 'UNL:HIS:VdWContact': 2, 'UNL:ILE:Hydrophobic': 2, 'UNL:LEU:Hydrophobic': 6, 'UNL:LEU:VdWContact': 1, 'UNL:MET:Hydrophobic': 1, 'UNL:PHE:Hydrophobic': 1, 'UNL:SER:VdWContact': 3, 'UNL:TRP:Hydrophobic': 1, 'UNL:TRP:VdWContact': 1, 'UNL:TYR:Hydrophobic': 3, 'UNL:TYR:VdWContact': 2, 'UNL:VAL:Hydrophobic': 3, 'UNL:VAL:VdWContact': 1}"
634,AF3,8FAV_4Y5,0.25,0.36842105263157904,"{'UNL:ALA:HBAcceptor': 1, 'UNL:ALA:VdWContact': 2, 'UNL:GLN:HBAcceptor': 1, 'UNL:GLN:Hydrophobic': 2, 'UNL:GLN:VdWContact': 2, 'UNL:ILE:Hydrophobic': 1, 'UNL:ILE:VdWContact': 1, 'UNL:LEU:Hydrophobic': 3, 'UNL:LEU:VdWContact': 3, 'UNL:MET:Hydrophobic': 1, 'UNL:PHE:HBAcceptor': 1, 'UNL:PHE:VdWContact': 2, 'UNL:THR:VdWContact': 1, 'UNL:TRP:VdWContact': 1, 'UNL:TYR:Hydrophobic': 1, 'UNL:TYR:VdWContact': 1}","{'UNL:ALA:HBAcceptor': 1, 'UNL:ALA:HBDonor': 1, 'UNL:ALA:Hydrophobic': 2, 'UNL:ALA:VdWContact': 1, 'UNL:GLN:HBAcceptor': 1, 'UNL:GLN:Hydrophobic': 2, 'UNL:GLN:VdWContact': 3, 'UNL:ILE:Hydrophobic': 2, 'UNL:ILE:VdWContact': 1, 'UNL:LEU:Hydrophobic': 3, 'UNL:LEU:VdWContact': 4, 'UNL:LYS:VdWContact': 1, 'UNL:MET:Hydrophobic': 1, 'UNL:PHE:HBAcceptor': 1, 'UNL:PHE:Hydrophobic': 1, 'UNL:PHE:VdWContact': 1, 'UNL:THR:Hydrophobic': 1, 'UNL:THR:VdWContact': 1, 'UNL:TRP:Hydrophobic': 1, 'UNL:TYR:Hydrophobic': 1, 'UNL:TYR:VdWContact': 1, 'UNL:VAL:Hydrophobic': 1}"
635,AF3,7SIU_9ID,0.0,0.11764705882352941,"{'UNL:ALA:VdWContact': 1, 'UNL:ASP:HBAcceptor': 1, 'UNL:ASP:VdWContact': 1, 'UNL:CYS:HBAcceptor': 1, 'UNL:CYS:VdWContact': 1, 'UNL:GLU:HBDonor': 1, 'UNL:GLU:VdWContact': 1, 'UNL:GLY:VdWContact': 2, 'UNL:LEU:Hydrophobic': 1, 'UNL:LEU:VdWContact': 3, 'UNL:LYS:VdWContact': 1, 'UNL:MET:Hydrophobic': 1, 'UNL:MET:VdWContact': 1, 'UNL:PHE:VdWContact': 2, 'UNL:TYR:Hydrophobic': 1, 'UNL:VAL:Hydrophobic': 1, 'UNL:VAL:VdWContact': 2}","{'UNL:ALA:HBDonor': 1, 'UNL:ALA:Hydrophobic': 2, 'UNL:ALA:VdWContact': 1, 'UNL:ASP:Hydrophobic': 1, 'UNL:CYS:HBAcceptor': 1, 'UNL:CYS:VdWContact': 1, 'UNL:GLU:HBDonor': 1, 'UNL:GLU:VdWContact': 1, 'UNL:LEU:Hydrophobic': 3, 'UNL:LYS:VdWContact': 1, 'UNL:MET:Hydrophobic': 1, 'UNL:PHE:Hydrophobic': 1, 'UNL:PHE:VdWContact': 1, 'UNL:TYR:Hydrophobic': 1, 'UNL:VAL:Hydrophobic': 2, 'UNL:VAL:VdWContact': 1}"
636,AF3,7QHG_T3B,0.4,0.33333333333333315,"{'UNL:ALA:VdWContact': 1, 'UNL:ARG:Hydrophobic': 1, 'UNL:ARG:VdWContact': 1, 'UNL:ASP:HBAcceptor': 1, 'UNL:ASP:Hydrophobic': 1, 'UNL:ASP:VdWContact': 1, 'UNL:GLU:VdWContact': 1, 'UNL:GLY:VdWContact': 1, 'UNL:HIS:VdWContact': 1, 'UNL:ILE:HBAcceptor': 1, 'UNL:ILE:HBDonor': 1, 'UNL:ILE:VdWContact': 1, 'UNL:LEU:Hydrophobic': 4, 'UNL:LEU:VdWContact': 5, 'UNL:LYS:Hydrophobic': 1, 'UNL:LYS:VdWContact': 1, 'UNL:MET:VdWContact': 2, 'UNL:PHE:Hydrophobic': 1, 'UNL:PHE:VdWContact': 2, 'UNL:THR:VdWContact': 1, 'UNL:TYR:VdWContact': 1, 'UNL:VAL:Hydrophobic': 1, 'UNL:VAL:VdWContact': 2}","{'UNL:ARG:HBAcceptor': 1, 'UNL:ARG:Hydrophobic': 1, 'UNL:ARG:VdWContact': 1, 'UNL:ASP:HBAcceptor': 1, 'UNL:ASP:Hydrophobic': 1, 'UNL:ASP:VdWContact': 1, 'UNL:GLU:VdWContact': 1, 'UNL:GLY:VdWContact': 2, 'UNL:HIS:VdWContact': 1, 'UNL:ILE:HBAcceptor': 1, 'UNL:ILE:HBDonor': 1, 'UNL:ILE:Hydrophobic': 3, 'UNL:ILE:VdWContact': 2, 'UNL:LEU:Hydrophobic': 7, 'UNL:LEU:VdWContact': 4, 'UNL:LYS:Hydrophobic': 1, 'UNL:LYS:VdWContact': 1, 'UNL:MET:Hydrophobic': 1, 'UNL:MET:VdWContact': 1, 'UNL:PHE:Hydrophobic': 2, 'UNL:THR:HBDonor': 1, 'UNL:THR:Hydrophobic': 1, 'UNL:THR:VdWContact': 1, 'UNL:TYR:Hydrophobic': 1, 'UNL:VAL:Hydrophobic': 3, 'UNL:VAL:VdWContact': 2}"
637,AF3,8HO0_3ZI,0.0,0.9090909090909091,"{'UNL:GLN:VdWContact': 1, 'UNL:LEU:VdWContact': 2, 'UNL:LYS:VdWContact': 1, 'UNL:PHE:VdWContact': 1, 'UNL:SER:HBDonor': 1, 'UNL:SER:VdWContact': 2, 'UNL:VAL:Hydrophobic': 1}","{'UNL:GLN:Hydrophobic': 1, 'UNL:GLN:VdWContact': 1, 'UNL:LEU:Hydrophobic': 3, 'UNL:LEU:VdWContact': 2, 'UNL:LYS:VdWContact': 1, 'UNL:PHE:Hydrophobic': 3, 'UNL:PHE:VdWContact': 2, 'UNL:SER:HBDonor': 1, 'UNL:SER:VdWContact': 2, 'UNL:THR:Hydrophobic': 1, 'UNL:VAL:Hydrophobic': 1, 'UNL:VAL:VdWContact': 1}"
